47,1112413377297
79,1104075100947
143,3302830969617
527,1103823442737
2063,3302846698257
4111,1172526142257
16399,18695992709907
32783,1181116076817
524303,282578783376177
1048591,1112397648657
2097167,282578783384337
33554447,1104075232017
55,4504712040748800
151,4506902458341120
1047,13511902705555200
2071,4506902474069760
32791,4504780743448320
65559,4506902457292545
131095,13511971408254720
1048599,4504712025020160
2097175,4786178410755840
4194327,13793377665488640
8388631,4522295620083456
33554455,4504703702603520
103,1112681812737
295,300179576132352
4135,1181132854032
8231,18773318898432
16423,18704599421697
32807,1198312723200
131111,4504780760224512
262183,1181401289472
524327,282587390087952
1048615,1129594295040
4194343,4786187017458432
8388647,18704599422720
16777255,282587658523392
199,3303099405057
2119,3303115133697
16455,18696261145347
32839,1181384512257
262215,1173331448577
1048647,1112666084097
2097223,282579051819777
16777287,282579588682497
391,302369993724672
647,3302847746832
1159,4506902475117312
2183,7700894257920
4231,3371550446352
8327,20963736490752
16519,20895017014017
65671,7700877480705
131207,4506971177816832
262279,3371818881792
524423,284777807680272
4194439,4788377435050752
8388743,20895017015040
16777351,284778076115712
2311,302370009453312
8455,335424060986112
16647,335355341509377
33031,300248278831872
65799,302369992676097
524551,863120922841872
1048839,300179560403712
4194567,5366720550212352
8388871,335355341510400
16777479,863121191277312
33554695,300171237987072
1543,4504703484367632
4615,1172542919472
33287,1181132854032
66055,3302846698257
524807,282578800153392
1049095,1112414425872
2097671,282578800161552
33554951,1104092009232
33799,4504780760224512
66567,4506902474068737
132103,13511971425030912
1049607,4504712041796352
2098183,4786178427532032
4195335,13793377682264832
33555463,4504703719379712
6151,3371566174992
10247,20963752219392
18439,20895032742657
67591,7700893209345
133127,4506971193545472
264199,3371834610432
526343,284777823408912
4196359,4788377450779392
8390663,20895032743680
16779271,284778091844352
12295,18902151140112
69639,3371549397777
135175,4504909592466192
266247,1310233531152
528391,282647502852912
1052679,1181117125392
2101255,282647502861072
33558535,1172794708752
24583,53949084275457
73735,20963735442177
139271,4522501778510592
270343,18902419575552
1056775,18773303169792
2105351,300239688905472
8396807,53949084276480
33562631,18764980753152
49159,18773302121217
1064967,18704583693057
2113543,300170969428737
8404999,53880364799745
33570823,18696261276417
557063,282656092787472
1081351,1198296994560
4227079,4786255720157952
8421383,18773302122240
16809991,282656361222912
196615,4506971176768257
327687,3371817833217
589831,284777806631697
4259847,4788377434002177
8454151,20895015966465
16842759,284778075067137
393223,4504909860901632
1179655,4504780744495872
2228231,4786247130231552
4325383,13793446384964352
33685511,4504772422079232
1310727,1181385560832
2359303,282647771296512
17039367,282648308159232
1572871,282587374359312
4718599,5349128364167952
17301511,845529005232912
34078727,282579051942672
5242887,4786187001729792
9437191,18704583694080
17825799,282587642794752
10485767,300170969429760
20971527,5349128632603392
37748743,4786178679313152
41943047,18696261277440
59,4504712040679185
91,4504703702402835
155,4506902458271505
539,4504703450744625
1051,13511902705485585
2075,4506902474000145
4123,4504772153444145
16411,4522295620011795
32795,4504780743378705
131099,13511971408185105
524315,4786178410678065
1048603,4504712024950545
4194331,13793377665419025
8388635,4522295620013841
299,300179576062737
8235,18773318828817
32811,1198312653585
131115,4504780760154897
262187,1181401219857
1048619,1129594225425
2097195,282587390022417
4194347,4786187017388817
8388651,18704599353105
16777259,282587658453777
33554475,1112681808657
331,300171237786387
1099,4504703719179027
8267,18764980552467
16459,18696261075735
131147,4504772421878547
2097227,282579051746067
4194379,4786178679112467
8388683,18696261076755
395,302369993655057
1163,4506902475047697
2187,7700894188305
8331,20963736421137
131211,4506971177747217
262283,3371818812177
2097291,284777807614737
4194443,4788377434981137
8388747,20895016945425
16777355,284778076046097
33554571,3303099400977
779,300170986128177
2315,302370009383697
4363,300239688827697
8459,335424060916497
33035,300248278762257
1048843,300179560334097
2097419,863120922776337
4194571,5366720550142737
8388875,335355341440785
16777483,863121191207697
4619,1172542849905
8715,18764728894257
131595,4504772170220337
262667,1172811285297
524811,282578800083825
2097675,282578800087857
4194827,4786178427454257
8389131,18696009418545
16777739,282579068519217
33554955,1104091874097
5131,4504772170220337
17419,4522295636787987
33803,4504780760154897
132107,13511971424961297
525323,4786178427454257
1049611,4504712041726737
4195339,13793377682195217
10251,20963752149777
133131,4506971193475857
264203,3371834540817
2099211,284777823343377
4196363,4788377450709777
8390667,20895032674065
16779275,284778091774737
33556491,3303115129617
528395,282647502783345
2101259,282647502787377
4198411,4786247130153777
8392715,18764712118065
16781323,282647771218737
33558539,1172794573617
139275,4522501778440977
270347,18902419505937
532491,300239688827697
1056779,18773303100177
8396811,53949084206865
147467,4522364339487507
278539,18764980552467
2113547,300170969355027
4210699,4803770596721427
16793611,300171237786387
33570827,18696261141267
1081355,1198296924945
2129931,282656092721937
4227083,4786255720088337
8421387,18773302052625
16809995,282656361153297
33587211,1181384508177
393227,4504909860832017
655371,4786247130153777
1179659,4504780744426257
4325387,13793446384894737
786443,282647771218737
1310731,1181385491217
17039371,282648308089617
33816587,1173331444497
8912907,300170969351985
34078731,282579051807537
3145739,282587374293777
5242891,4786187001660177
9437195,18704583624465
17825803,282587642725137
34603019,1112666080017
6291467,5349128364102417
18874379,845529005167377
20971531,5349128632533777
50331659,282579588678417
115,4504712309114625
307,4803779203434240
4147,4504780760155920
8243,4522372946200320
16435,4522304226723585
32819,4504797940025088
262195,4504781028591360
524339,4786187017389840
1048627,4504729221596928
2097203,4786187017393920
16777267,4786187285825280
33554483,4504712309180160
211,4506902726706945
1107,13511902973921025
2131,4506902742435585
16467,4522295888447235
32851,4504781011814145
131155,13511971676620545
262227,4504772958750465
1048659,4504712293385985
4194387,13793377933854465
8388691,4522295888449281
16777299,4786179215984385
33554515,4504704239339265
403,4805969621026560
659,4506902475048720
2195,4511300521559808
4243,4506971177748240
8339,4524563363792640
16531,4524494644315905
65683,4511300504782593
262291,4506971446183680
524435,4788377434982160
2097299,4788377434986240
16777363,4788377703417600
33554579,4506902726772480
1299,13810969868240640
2323,4805969636755200
8467,4839023688288000
16659,4838954968811265
33043,4803847906133760
65811,4805969619977985
131347,13811038570940160
524563,5366720550143760
1048851,4803779187705600
2097427,5366720550147840
16777491,5366720818579200
4627,4504772170221360
33299,4504780760155920
66067,4506902474000145
131603,13511971424962320
524819,4786178427455280
1049107,4504712041727760
4194835,13793377682196240
8389139,4522295636791056
5139,13511971424962320
9235,13529563611006720
17427,13529494891529985
132115,31526369934444288
263187,13511971693397760
525331,13793377682196240
2098195,13793377682200320
4195347,31807776191678208
16778259,13793377950631680
33555475,13511902973986560
6163,4506971193476880
10259,4524563379521280
18451,4524494660044545
67603,4511300520511233
264211,4506971461912320
526355,4788377450710800
2099219,4788377450714880
16779283,4788377719146240
33556499,4506902742501120
12307,4522501778442000
69651,4506971176699665
266259,4504909860833040
528403,4786247130154800
1052691,4504780744427280
4198419,13793446384895760
8392723,4522364339490576
24595,4557548711577345
73747,4524563362744065
270355,4522502046877440
1056787,4522372930471680
4202515,13811038570940160
49171,4522372929423105
147475,13529563594229505
1064979,4522304210994945
4210707,13810969851463425
557075,4786255720089360
1081363,4504797924296448
2129939,4786255720093440
16810003,4786255988524800
33587219,4504781011879680
327699,4506971445135105
589843,4788377433933585
2162707,4788377433937665
16842771,4788377702369025
33619987,4506902725723905
655379,13793446384895760
2228243,13793446384899840
4325395,31807844894377728
16908307,13793446653331200
33685523,13511971676686080
1310739,4504781012862720
4456467,13793446653331200
8650771,4522364607926016
17039379,4786247935461120
33816595,4504772958816000
1572883,4786187001661200
2621459,5349128364103440
8912915,4803770596724496
17301523,5349128632534800
3145747,4786187001665280
17825811,4786187270096640
34603027,4504712293451520
10485779,4803770596728576
18874387,5349128632538880
37748755,13793377933920000
25165843,4803770865159936
41943059,4522295888514816
50331667,4786179216049920
355,300179844498177
4195,1181401219857
8291,18773587264257
32867,1198581089025
131171,4504781028590337
524387,282587658453777
1048675,1129862660865
2097251,282587658457857
4194403,4786187285824257
8388707,18704867788545
4387,300248295539472
33059,300265475408640
131363,4803847922909952
262435,300248563974912
1048867,300196756980480
33554723,300179844563712
20515,18773318828817
1052707,1198313702160
2101283,282656109499152
4198435,4786255736865552
8392739,18773318829840
16781347,282656377930512
33558563,1181401285392
532515,300248295539472
1056803,18790499746560
2105379,300248295543552
4202531,4803847922909952
16785443,300248563974912
33562659,18773587329792
49187,18790498697985
147491,4522372946199297
278563,18773587264257
540707,300179576062737
1064995,18721780269825
2113571,300179576066817
4210723,4803779203433217
16793635,300179844498177
33570851,18704867853057
557091,282673289364240
2129955,282673289368320
4227107,4786272916734720
8421411,18790498699008
16810019,282673557799680
33587235,1198581154560
655395,4786255736865552
1179683,4504797941072640
2228259,4786255736869632
8519715,4522372946200320
16908323,4786256005300992
33685539,4504781028655872
786467,282656377930512
1310755,1198582137600
2359331,282656377934592
4456483,4786256005300992
8650787,18773587265280
1572899,282604570936080
8912931,300179576063760
34078755,282587658519312
3145763,282604570940160
5242915,4786204198306560
9437219,18721780270848
17825827,282604839371520
34603043,1129862726400
10485795,300179576067840
35651619,282587658523392
12582947,4803779203434240
37748771,4786187285889792
25165859,300179844499200
41943075,18704867854080
451,302370262090497
707,3303116112657
1219,4506902743483137
2243,7701162623745
4291,3371818812177
8387,20964004856577
131267,4506971446182657
524483,284778076046097
2097347,284778076050177
4194499,4788377703416577
8388803,20895285380865
2371,302370277819137
8515,335424329351937
33091,300248547197697
262467,300240494134017
524611,863121191207697
1048899,300179828769537
2097475,863121191211777
4194627,5366720818578177
8388931,335355609876225
33554755,300171774722817
1603,4504703752733457
4675,1172811285297
16963,18696277852947
33347,1181401219857
262723,1173348156177
524867,282579068519217
1049155,1112682791697
16777795,282579605390097
33555011,1104628744977
17475,4522295905223427
33859,4504781028590337
132163,13511971693396737
263235,4504772975526657
1049667,4504712310162177
4195395,13793377950630657
16778307,4786179232760577
33555523,4504704256115457
6211,3371834540817
10307,20964020585217
133187,4506971461911297
526403,284778091774737
2099267,284778091778817
4196419,4788377719145217
8390723,20895301109505
12355,18902419505937
20547,18764980552467
135235,4504909860832017
528451,282647771218737
1052739,1181385491217
16781379,282648308089617
33558595,1173331444497
139331,4522502046876417
1056835,18773571535617
8396867,53949352642305
16785475,300240494134017
33562691,18765517488897
147523,4522364607922947
540739,300171237786387
2113603,300171237790467
4210755,4803770865156867
557123,282656361153297
1081411,1198565360385
2129987,282656361157377
4227139,4786255988523777
8421443,18773570488065
1179715,4504781012861697
4325443,13793446653330177
16908355,4786247935460097
33685571,4504772958814977
786499,282648308089617
2359363,282648308093697
4456515,4786247935460097
8650819,18765517424385
17039427,282649381831425
33816643,1174405186305
1572931,282587642725137
2621507,845529005167377
4718659,5349128632533777
34078787,282579588678417
3145795,282587642729217
5242947,4786187270095617
9437251,18704852059905
6291523,5349128632537857
35651651,282579588682497
37748803,4786179216048897
25165891,300171774658305
41943107,18696798013185
50331715,282580662420225
899,302370010432272
1411,4805969637802752
2435,306768056943360
4483,302438713131792
65923,306768040166145
131459,4806038340502272
262531,302438981567232
33554819,302370262156032
8835,20963753198352
17027,20895033721617
66179,7700894188305
131715,4506971194524432
262787,3371835589392
2097795,284777824391952
4194947,4788377451758352
8389251,20895033722640
16777859,284778092823312
33555075,3303116178192
5251,4506971194524432
9347,4524563380568832
17539,4524494661092097
66691,4511300521558785
263299,4506971462959872
525443,4788377451758352
2098307,4788377451762432
8389763,4524494661093120
16778371,4788377720193792
33555587,4506902743548672
6275,7769613665040
10371,25361799709440
18563,25293080232705
133251,4511369241035520
264323,7769882100480
526467,289175870898960
2099331,289175870903040
4196483,4792775498269440
8390787,25293080233728
16779395,289176139334400
33556611,7701162689280
20611,20963736421137
69763,7769596887825
2101379,284846527091472
4198531,4788446154457872
8392835,20963736422160
16781443,284846795522832
33558659,3371818877712
73859,25361782932225
532611,302438713131792
2105475,302438713135872
4202627,4806038340502272
16785539,302438981567232
33562755,20964004922112
147587,4524563363791617
278659,20964004856577
540803,302369993655057
2113667,302369993659137
4210819,4805969621025537
16793731,302370262090497
33570947,20895285445377
196739,4511369224258305
327811,7769865323265
589955,289175854121745
2162819,289175854125825
4259971,4792775481492225
8454275,25293063456513
16842883,289176122557185
33620099,7701145912065
655491,4788446154457872
2228355,4788446154461952
8519811,4524563363792640
16908419,4788446422893312
33685635,4506971446248192
786563,284846795522832
2359427,284846795526912
4456579,4788446422893312
8650883,20964004857600
8913027,302369993656080
34078851,284778076111632
10485891,302369993660160
35651715,284778076115712
12583043,4805969621026560
37748867,4788377703482112
25165955,302370262091520
41943171,20895285446400
1795,4803770647053072
4867,300239705604912
8963,335424077693712
17155,335355358216977
33539,300248295539472
66307,302370009383697
1049347,300179577111312
2097923,863120939553552
4195075,5366720566919952
8389379,335355358218000
16777987,863121207984912
9475,4839023705064192
17667,4838954985587457
34051,4803847922909952
66819,4805969636754177
132355,13811038587716352
525571,5366720566919952
1049859,4803779204481792
2098435,5366720566924032
8389891,4838954985588480
16778499,5366720835355392
6403,302438728860432
67843,306768055894785
133379,4806038356230912
264451,302438997295872
33556739,302370277884672
20739,335424060916497
69891,302438712083217
135427,4803976755151632
266499,300377396216592
1052931,300248279810832
2101507,863189642253072
4198659,5366789269619472
8392963,335424060917520
16781571,863189910684432
24835,405792805094145
8397059,405792805095168
33562883,335424329417472
147715,4839023688286977
278787,335424329351937
8405251,405724085618433
33571075,335355609940737
1081603,300265459680000
33587459,300248547263232
196867,4806038339453697
327939,302438980518657
33620227,302370261107457
393475,4803977023587072
655619,5366789269619472
1179907,4803847907181312
2228483,5366789269623552
8519939,4839023688288000
16908547,5366789538054912
786691,863189910684432
1310979,300248548246272
2359555,863189910688512
4456707,5366789538054912
8651011,335424329352960
33816835,300240494199552
2621699,1989020829618960
4718851,6492620456985360
17301763,1989021098050320
34078979,863121191273232
34603267,300179828835072
6291715,6492620456989440
18874627,1989021098054400
35651843,863121191277312
20971779,6492620725420800
37748995,5366720818643712
41943299,335355609941760
9731,4522364389819152
17923,4522295670342417
263683,4504772472210192
2098691,4786178461012752
8390147,4522295670343440
16778755,4786178729444112
33555971,4504703752798992
20995,18764728894257
528899,282647519560560
2101763,282647519564592
4198915,4786247146930992
8393219,18764728895280
16781827,282647787995952
33559043,1172811350832
25091,53949100983057
74243,20963752149777
139779,4522501795218192
270851,18902436283152
532995,300239705604912
1057283,18773319877392
8397315,53949100984080
49667,18773318828817
541187,300170986128177
1065475,18704600400657
8405507,53880381507345
1081859,1198313702160
2130435,282656109499152
4227587,4786255736865552
8421891,18773318829840
16810499,282656377930512
33587715,1181401285392
197123,4506971193475857
328195,3371834540817
2163203,284777823343377
4260355,4788377450709777
8454659,20895032674065
16843267,284778091774737
33620483,3303115129617
393731,4504909877609232
655875,4786247146930992
1180163,4504780761203472
4325891,13793446401671952
786947,282647787995952
1311235,1181402268432
17039875,282648324866832
33817091,1173348221712
8913411,300170986129200
34079235,282579068584752
3146243,282587391070992
5243395,4786187018437392
9437699,18704600401680
17826307,282587659502352
34603523,1112682857232
6291971,5349128380879632
18874883,845529021944592
20972035,5349128649310992
50332163,282579605455632
13315,4522501795218192
70659,4506971193475857
267267,4504909877609232
529411,4786247146930992
1053699,4504780761203472
4199427,13793446401671952
25603,4557548728353537
74755,4524563379520257
271363,4522502063653632
1057795,4522372947247872
4203523,13811038587716352
8397827,4557548728354560
50179,4522372946199297
148483,13529563611005697
1065987,4522304227771137
4211715,13810969868239617
8406019,4557480008877825
558083,4786255736865552
1082371,4504797941072640
2130947,4786255736869632
8422403,4522372946200320
16811011,4786256005300992
33588227,4504781028655872
328707,4506971461911297
590851,4788377450709777
2163715,4788377450713857
8455171,4524494660044545
16843779,4788377719145217
33620995,4506902742500097
656387,13793446401671952
2229251,13793446401676032
4326403,31807844911153920
8520707,13529563611006720
16909315,13793446670107392
33686531,13511971693462272
1311747,4504781029638912
4457475,13793446670107392
17040387,4786247952237312
33817603,4504772975592192
1573891,4786187018437392
2622467,5349128380879632
17302531,5349128649310992
3146755,4786187018441472
9438211,4522304227772160
17826819,4786187286872832
34604035,4504712310227712
18875395,5349128649315072
12583939,13810969868240640
37749763,13793377950696192
50332675,4786179232826112
22531,20963752149777
71683,7769612616465
2103299,284846542820112
4200451,4788446170186512
8394755,20963752150800
16783363,284846811251472
33560579,3371834606352
75779,25361798660865
534531,302438728860432
2107395,302438728864512
4204547,4806038356230912
16787459,302438997295872
33564675,20964020650752
149507,4524563379520257
280579,20964020585217
542723,302370009383697
2115587,302370009387777
4212739,4805969636754177
16795651,302370277819137
33572867,20895301174017
198659,4511369239986945
329731,7769881051905
591875,289175869850385
2164739,289175869854465
4261891,4792775497220865
8456195,25293079185153
16844803,289176138285825
33622019,7701161640705
657411,4788446170186512
2230275,4788446170190592
8521731,4524563379521280
16910339,4788446438621952
33687555,4506971461976832
788483,284846811251472
2361347,284846811255552
4458499,4788446438621952
8652803,20964020586240
8914947,302370009384720
34080771,284778091840272
10487811,302370009388800
35653635,284778091844352
12584963,4805969636755200
37750787,4788377719210752
25167875,302370277820160
41945091,20895301175040
143363,4522776656347920
274435,19177297412880
2109443,300377127785232
4206595,4803976755151632
16789507,300377396216592
33566723,18902419571472
151555,4522501778440977
282627,18902419505937
544771,300239688827697
1069059,18773303100177
8409091,53949084206865
2166787,284846526042897
4263939,4788446153409297
8458243,20963735373585
16846851,284846794474257
33624067,3371817829137
397315,4505184738738960
2232323,4786384569111312
8523779,4522501778442000
16912387,4786384837542672
33689603,4504909860897552
2363395,282785210176272
4460547,4786384837542672
8654851,18902419506960
8916995,300239688828720
34082819,282647771284272
3149827,282656093770512
5246979,4786255721136912
9441283,18773303101200
17829891,282656362201872
34607107,1181385556752
6295555,5349197083579152
18878467,845597724644112
20975619,5349197352010512
50335747,282648308155152
548867,335424060916497
2121731,335424060920577
4218883,4839023688286977
8413187,124317828384513
16801795,335424329351937
33579011,53949352706817
598019,302438712083217
2170883,302438712087297
4268035,4806038339453697
16850947,302438980518657
33628163,20964003873537
401411,4522776924783360
663555,4803976755151632
2236419,4803976755155712
16916483,4803977023587072
33693699,4522502046941952
794627,300377396216592
2367491,300377396220672
4464643,4803977023587072
1581059,300248279810832
2629635,863189642253072
4726787,5366789269619472
8921091,335424060917520
17309699,863189910684432
3153923,300248279814912
5251075,4803847907181312
17833987,300248548246272
34611203,18773571601152
6299651,5366789269623552
10493955,335424060921600
18882563,863189910688512
12591107,4839023688288000
20979715,5366789538054912
25174019,335424329352960
41951235,53949352707840
50339843,300240494199552
573443,300248278762257
1097731,18790482969345
2146307,300248278766337
4243459,4803847906132737
16826371,300248547197697
33603587,18773570552577
409603,4522502046876417
1196035,4522372930470657
4341763,13811038570939137
8536067,4557548711577345
1327107,18773571535617
8667139,53949352642305
17055747,300240494134017
33832963,18765517488897
1589251,300179560334097
2637827,863120922776337
4734979,5366720550142737
8929283,335355341440785
17317891,863121191207697
3162115,300179560338177
5259267,4803779187704577
17842179,300179828769537
34619395,18704852124417
6307843,5366720550146817
10502147,335355341444865
18890755,863121191211777
12599299,4838954968811265
20987907,5366720818578177
25182211,335355609876225
41959427,53880633231105
50348035,300171774722817
1605635,282673273635600
8945667,300248278763280
34111491,282656361218832
3178499,282673273639680
5275651,4786272901006080
9469955,18790482970368
17858563,282673542071040
34635779,1198565425920
10518531,300248278767360
35684355,282656361222912
12615683,4803847906133760
37781507,4786255988589312
25198595,300248547198720
41975811,18773570553600
720899,4788446153409297
2293763,4788446153413377
8585219,4524563362744065
16973827,4788446421844737
33751043,4506971445199617
851971,284846794474257
2424835,284846794478337
4521987,4788446421844737
8716291,20964003809025
8978435,302369992607505
34144259,284778075063057
10551299,302369992611585
35717123,284778075067137
12648451,4805969619977985
37814275,4788377702433537
25231363,302370261042945
42008579,20895284397825
917507,4786384837542672
2490371,4786384837546752
8781827,4522502046877440
1703939,4786255721136912
2752515,5349197083579152
17432579,5349197352010512
3276803,4786255721140992
9568259,4522372930471680
17956867,4786255989572352
34734083,4504781012927232
19005443,5349197352014592
12713987,13811038570940160
37879811,13793446653395712
50462723,4786247935525632
1835011,282656362201872
2883587,845597724644112
4980739,5349197352010512
34340867,282648308155152
3407875,282656362205952
5505027,4786255989572352
9699331,18773571536640
6553603,5349197352014592
35913731,282648308159232
38010883,4786247935525632
25427971,300240494135040
42205187,18765517489920
50593795,282649381896960
9961475,300179560335120
35127299,282587642790672
6815747,6475028270945040
11010051,863120922777360
19398659,1971428912010000
36175875,845529005232912
13107203,5366720550143760
21495811,6475028539376400
38273027,5349128632599312
25690115,863121191208720
11534339,300179560339200
36700163,282587642794752
13631491,4803779187705600
38797315,4786187270161152
26214403,300179828770560
42991619,18704852125440
14680067,5366720550147840
23068675,6475028539380480
39845891,5349128632603392
27262979,863121191212800
29360131,5366720818579200
58720259,300171774723840
93,4504699407504147
157,4506898163372817
541,4504699155845937
1053,13511898410586897
2077,4506898179101457
4125,4504767858545457
16413,4522291325113107
131101,13511967113286417
524317,4786174115779377
2097181,4786174115787537
4194333,13793373370520337
33554461,4504699407635217
557,1103856996657
2093,3302880252177
65581,3302846697747
205,3298804437267
589,1099796910387
2125,3298820165907
4173,1168499609907
65613,3298803388695
262221,1169036480787
524365,282574756843827
2097229,282574756851987
8388685,18691966178067
16777293,282575293714707
653,3298552779057
4237,3367255478577
16525,20890722046227
65677,7696582512915
524429,284773512712497
1048717,3302833066257
2097293,284773512720657
8388749,20890722046737
33554573,3298804568337
16653,335351046541587
65805,302365697708307
524557,863116627874097
2097421,863116627882257
8388877,335351046542097
1549,4504699189399857
16909,18691714519347
2097677,282574505193777
8389133,18691714519857
33554957,1099797041457
3085,4506898212655377
66573,4506898179100947
6157,3367271207217
18445,20890737774867
67597,7696598241555
526349,284773528441137
2099213,284773528449297
8390669,20890737775377
33556493,3298820296977
12301,18897856172337
20493,18760417218867
36877,1309965095217
135181,4504905297498417
266253,1305938563377
2101261,282643207893297
8392717,18760417219377
33558541,1168499740977
24589,53944789307667
73741,20959440474387
8396813,53944789308177
81933,20890720997655
540685,300166674452787
2113549,300166674460947
33570829,18691966308627
98317,3371549397267
196621,4506966881800467
327693,3367522865427
1114125,3302830969107
4259853,4788373139034387
16842765,284773780099347
33816589,1169036611857
4718605,5349124069200177
8912909,300166674453297
17301517,845524710265137
34078733,282574756974897
6291469,5349124069208337
10485773,300166674461457
18874381,845524710273297
35651597,282574756983057
41943053,18691966309137
50331661,282575293845777
181,4506902475117312
565,4504703484367632
32821,4504780760224512
65589,4506902474068737
131125,13511971425030912
1048629,4504712041796352
2097205,4786178427532032
4194357,13793377682264832
33554485,4504703719379712
213,4506898431808257
1109,13511898679022337
2133,4506898447536897
16469,4522291593548547
131157,13511967381721857
262229,4504768663851777
2097237,4786174384222977
4194389,13793373638955777
16777301,4786174921085697
405,4805965326127872
661,4506898180150032
2197,4511296226661120
4245,4506966882849552
8341,4524559068893952
16533,4524490349417217
32917,4506971177816832
65685,4511296209883905
262293,4506967151284992
524437,4788373140083472
8388757,4524490349418240
16777365,4788373408518912
1301,13810965573341952
2325,4805965341856512
8469,4839019393389312
16661,4838950673912577
65813,4805965325079297
131349,13811034276041472
524565,5366716255245072
8388885,4838950673913600
16777493,5366716523680512
33554709,4803766570390272
4629,4504767875322672
66069,4506898179101457
131605,13511967130063632
524821,4786174132556592
2097685,4786174132564752
4194837,13793373387297552
33554965,4504699424412432
5141,13511967130063632
9237,13529559316108032
17429,13529490596631297
33813,13511971425030912
132117,31526365639545600
263189,13511967398499072
525333,13793373387297552
1049621,13511902706602752
4195349,31807771896779520
8389653,13529490596632320
16778261,13793373655732992
6165,4506966898578192
10261,4524559084622592
18453,4524490365145857
34837,4506971193545472
67605,4511296225612545
264213,4506967167013632
526357,4788373155812112
1050645,4506902475117312
8390677,4524490365146880
16779285,4788373424247552
12309,4522497483543312
36885,4504909592466192
69653,4506966881800977
266261,4504905565934352
528405,4786242835256112
2101269,4786242835264272
4198421,13793442089997072
33558549,4504768127111952
24597,4557544416678657
40981,4522501778510592
73749,4524559067845377
270357,4522497751978752
2105365,4803835021308672
4202517,13811034276041472
8396821,4557544416679680
33562645,4522360313156352
147477,13529559299330817
2113557,4803766301831937
4210709,13810965556564737
8405013,4557475697202945
33570837,4522291593679617
98325,4506971176768257
294933,4504909860901632
1081365,4504780744495872
2129941,4786247130231552
4227093,13793446384964352
33587221,4504772422079232
327701,4506967150236417
589845,4788373139034897
1114133,4506902458340097
8454165,4524490348369665
16842773,4788373407470337
655381,13793442089997072
1179669,13511971409302272
4325397,31807840599479040
8519701,13529559299331840
16908309,13793442358432512
2359317,4786243103699712
4456469,13793442358432512
17039381,4786243640562432
17301525,5349124337636112
34078741,4786174384345872
3145749,4786178411803392
5242901,13793377666536192
34603029,4504703703651072
10485781,4803766301832960
12582933,13810965556565760
41943061,4522291593680640
2149,3303148687617
65637,3303115133187
33554533,1104628879617
677,3302881300752
1189,4506902508671232
2213,7700927811840
32933,3380157157632
2097317,284777824465152
8388773,20895033791232
33554597,3303116312832
2341,302370043007232
2097445,863120939626752
8388901,335355358286592
2597,3302947361040
4645,1172576473392
33317,1181166407952
66085,3302880252177
524837,282578833707312
1049125,1112447979792
2097701,282578833715472
8389157,18696043041552
33554981,1104125563152
3109,4506902574731520
33829,4504780793778432
66597,4506902507622657
132133,13511971458584832
1049637,4504712075350272
2098213,4786178461085952
4195365,13793377715818752
8389669,4522295670412032
33555493,4504703752933632
6181,3371599728912
10277,20963785773312
18469,20895066296577
67621,7700926763265
133157,4506971227099392
264229,3371868164352
526373,284777856962832
4196389,4788377484333312
16779301,284778125398272
36901,1318571806992
40997,18910757851392
8396837,53949101052672
81957,20895032742147
8405029,53880381575937
98341,3380156109057
163877,4504918199177472
294949,1318840242432
2129957,282656109572352
8421413,18773318898432
33587237,1181401420032
1114149,3311437680897
2162725,284777823416577
8454181,20895032742657
33620005,3303115264257
33816613,1173348356352
2621477,845528753582352
3145765,282587391144192
9437221,18704600470272
34603045,1112682991872
6291493,5349128380952832
10485797,300170986205952
18874405,845529022017792
35651621,282579068727552
41943077,18696278053632
50331685,282579605590272
16581,20890990481667
65733,7696850948355
262341,3368060784897
1048773,3303101501697
2097349,284773781156097
8388805,20890990482177
16777413,284774318018817
16709,335351314977027
65861,302365966143747
2097477,863116896317697
8388933,335351314977537
16777541,863117433180417
33554757,300167479890177
2629,3298853720337
66117,3298820165907
33555013,1100333912337
3141,4506898481090817
66629,4506898447536387
33555525,4504699961282817
18501,20891006210307
67653,7696866676995
264261,3368076513537
2099269,284773796884737
8390725,20891006210817
16779333,284774333747457
69701,3367522865427
266309,1306475434257
33558597,1169036611857
24645,53945057743107
73797,20959708909827
270405,18898661478657
8396869,53945057743617
33562693,18761222656257
81989,20890989433095
278597,18761222525187
2113605,300166942896387
16793669,300167479759107
98373,3371817832707
294981,1310770401537
33587269,1173331579137
196677,4506967150235907
589893,284773780099347
1114181,3303099404547
4259909,4788373407469827
393285,4504906102804737
33685573,4504768663982337
2359365,282644013199617
8650821,18761222525697
33816645,1170110353665
2621509,845524710273297
17301573,845525247136017
34078789,282575293845777
34603077,1104613150977
6291525,5349124337643777
10485829,300166942896897
20971589,5349124874506497
37748805,4786174921216257
25165893,300167479759617
50331717,282576367587585
8581,337618790322432
16773,337550070845697
524677,865315652178192
1048965,302369995821312
4194693,5368915279548672
16777605,865315920613632
33554821,302365967323392
1669,4506898213703952
2693,7696632844560
4741,3367272255792
524933,284773529489712
1049221,3302849843472
2097797,284773529497872
8389253,20890738823952
33555077,3298821345552
3205,4511296260215040
132229,13514166154367232
1049733,4506902477213952
2098309,4788373156868352
4195461,13795572411601152
8389765,4524490366194432
33555589,4506898448716032
67717,16492692312321
1050757,7700896354560
2099333,289171576008960
8390789,25288785335040
33556613,7696867856640
12421,21096880476432
36997,3508989399312
135301,4507104321802512
266373,3504962867472
528517,284842232189232
1052805,3371552542992
2101381,284842232197392
8392837,20959441523472
33558661,3367524045072
24709,56143813611777
41093,21101175443712
139397,4524696507846912
270469,21097148911872
1056901,20963738587392
2105477,302434418241792
33562757,20959710089472
82053,25288768557315
1065093,20895019110657
2113669,302365698765057
33570949,20890990612737
163973,4507108616769792
295045,3509257834752
2130053,284846527164672
8421509,20963736490752
33587333,3371819012352
1114245,7700879577345
2162821,289171559231745
8454277,25288768557825
33620101,7696851079425
393349,4507104590237952
1179781,4506971179913472
2228357,4788441859567872
4325509,13795641114300672
8519813,4524559068893952
33685637,4506967151415552
1310853,3371820978432
2359429,284842500632832
8650885,20959709958912
17039493,284843037495552
1572997,284777809776912
4718725,5351323093504272
8913029,302365698757392
17301637,847723734569232
34078853,284773781278992
5243013,4788377437147392
17825925,284778078212352
12583045,4805965326127872
20971653,5351323361939712
37748869,4788373408649472
25165957,302365967192832
2821,302365748039952
525061,863116644651312
2097925,863116644659472
8389381,335351063319312
3333,4805965375410432
2098437,5366716272029952
4195589,14373915526762752
8389893,4838950690689792
10501,337618806051072
18693,337550086574337
526597,865315667906832
4196613,5368915295277312
16779525,865315936342272
33556741,302365983052032
12549,335557204971792
528645,863185347350832
2101509,863185347358992
8392965,335419766018832
41221,335561499939072
73989,337618789273857
139525,4839156832342272
270597,335557473407232
532741,898369719439632
4202757,5401969346810112
8397061,405788510196480
16785669,898369987875072
33562885,335420034584832
540933,898300999962897
4210949,5401900627333377
8405253,405719790719745
16793861,898301268398337
33571077,335351315108097
2130181,863189642326272
8421637,335424060986112
590085,865315651129617
4260101,5368915278500097
16843013,865315919565057
33620229,302365966274817
2228485,5366784974729472
4325637,14373984229462272
8519941,4839019393389312
2359557,863185615794432
8651013,335420034454272
17039621,863186152657152
33816837,300236199366912
2621701,1989016534724880
34078981,863116896440592
3145989,863120923898112
9437445,335355342557952
6291717,6492616162095360
18874629,1989016803160320
37748997,5366716523811072
3589,4506898279764240
5637,4504767908876592
67077,4506898212655377
132613,13511967163617552
525829,4786174166110512
2098693,4786174166118672
4195845,13793373420851472
8390149,4522291375444752
33555973,4504699457966352
10757,20959490806032
18949,20890771329297
35333,3371599728912
68101,7696631795985
133637,4506966932132112
264709,3367573197072
1051141,3302881300752
4196869,4788373189366032
16779781,284773830430992
12805,18897872949552
37381,1309981872432
70149,3367271207217
135685,4504905314275632
266757,1305955340592
2101765,282643224670512
8393221,18760433996592
33559045,1168516518192
8397317,53944806085392
82437,20890737774867
8405509,53876086608657
590341,284773528441137
2163205,284773528449297
8454661,20890737775377
33620485,3298820296977
33817093,1169053389072
4719109,5349124085977392
8913413,300166691230512
17302021,845524727042352
34079237,282574773752112
6291973,5349124085985552
10486277,300166691238672
18874885,845524727050512
35652101,282574773760272
41943557,18691983086352
50332165,282575310622992
7173,4506966932132112
11269,4524559118176512
19461,4524490398699777
35845,4506971227099392
68613,4511296259166465
265221,4506967200567552
527365,4788373189366032
1051653,4506902508671232
16780293,4788373457801472
136197,13512104569016592
140293,13529696755060992
8397829,4557544433455872
82949,4524490365145347
8406021,4557475713979137
164869,13512108863983872
197637,13514166153318657
2163717,4788373155819777
4260869,13795572410552577
8455173,4524490365145857
33620997,4506898447667457
394245,13512104837452032
2229253,13793442106781952
8520709,13529559316108032
33686533,13511967398629632
33817605,4504768680759552
2622469,5349124085985552
4719621,14356323340718352
10486789,4803766318609152
18875397,5349124354420992
35652613,4786174401130752
12583941,13810965573341952
20972549,14356323609153792
37749765,13793373655863552
41944069,4522291610456832
50332677,4786174937993472
14341,21096896205072
38917,3509005127952
137221,4507104337531152
268293,3504978596112
530437,284842247917872
2103301,284842247926032
8394757,20959457252112
33560581,3367539773712
26629,56143829340417
43013,21101191172352
141317,4524696523575552
272389,21097164640512
2107397,302434433970432
33564677,20959725818112
83973,25288784285955
2115589,302365714493697
33572869,20891006341377
165893,4507108632498432
296965,3509273563392
1083397,3380157157632
2131973,284846542893312
8423429,20963752219392
33589253,3371834740992
2164741,289171574960385
8456197,25288784286465
33622021,7696866808065
395269,4507104605966592
2230277,4788441875296512
4327429,13795641130029312
8521733,4524559084622592
33687557,4506967167144192
2361349,284842516361472
8652805,20959725687552
17041413,284843053224192
4720645,5351323109232912
8914949,302365714486032
17303557,847723750297872
34080773,284773797007632
3147781,284777824465152
9439237,20895033791232
34605061,3303116312832
12584965,4805965341856512
20973573,5351323377668352
37750789,4788373424378112
25167877,302365982921472
28677,54082228261137
77829,21096879427857
536581,300372832882992
2109445,300372832891152
33566725,18898124738832
86021,20959440474387
8409093,53944789308177
102405,3508988350737
561157,282784941805872
1085445,1318556078352
2134021,282784941814032
8425477,18902151140112
33591301,1310233661712
200709,4507104320753937
331781,3504961818897
593925,284842231140657
2166789,284842231148817
8458245,20959440474897
33624069,3367522996497
659461,4786380274209072
2232325,4786380274217232
4329477,13793579528950032
8523781,4522497483543312
33689605,4504905566064912
790533,282780915274032
2363397,282780915282192
8654853,18898124608272
17043461,282781452144912
4722693,5349192788676912
8916997,300235393930032
17305605,845593429741872
34082821,282643476451632
6295557,5349192788685072
10489861,300235393938192
18878469,845593429750032
35655685,282643476459792
41947141,18760685785872
50335749,282644013322512
57349,54086523228417
155653,4557681855631617
286725,54082496696577
2121733,335419766026497
8413189,124313533485825
33579013,53945057874177
106501,21101174395137
1089541,18910742122752
2138117,300377127858432
33595397,18902419706112
204805,4524696506798337
335877,21097147863297
2170885,302434417193217
33628165,20959709040897
2236421,4803972460261632
4333573,13811171714994432
33693701,4522497752109312
2367493,300373101326592
17047557,300373638189312
2629637,863185347358992
8921093,335419766018832
9445381,53949085324032
6299653,5366784974729472
18882565,863185615794432
35659781,300235662504192
12591109,4839019393389312
25174021,335420034454272
50339845,300236199366912
114693,20963735441667
8437765,53949084275457
212997,4524559067844867
344069,20959708909827
606213,302365697708307
1130501,20895017013507
4276229,4805965325078787
16859141,302365966143747
8536069,4557544416678657
8667141,53945057743617
33832965,18761222656257
2637829,863116627882257
8929285,335351046542097
9453573,53880365847297
6307845,5366716255252737
18890757,863116896317697
35667973,300166943027457
12599301,4838950673912577
25182213,335351314977537
50348037,300167479890177
229381,4507108615721217
360453,3509256786177
1146885,3380140380417
2195461,284846526116097
8486917,20963735442177
33652741,3371817963777
1212421,4504918183448832
2260997,4786384569184512
4358149,13793583823917312
8552453,4522501778510592
33718277,4504909861032192
1343493,1318824513792
2392069,282785210249472
8683525,18902419575552
17072133,282785747112192
2654213,845597456281872
3178501,282656093843712
9469957,18773303169792
34635781,1181385691392
6324229,5349197083652352
10518533,300239688905472
18907141,845597724717312
35684357,282647771427072
41975813,18764980753152
50364421,282648308289792
458757,4507104589189377
2293765,4788441858519297
4390917,13795641113252097
8585221,4524559067845377
33751045,4506967150366977
2424837,284842499584257
8716293,20959708910337
17104901,284843036446977
4784133,5351323092455697
8978437,302365697708817
17367045,847723733520657
34144261,284773780230417
3211269,284777807687937
9502725,20895017014017
34668549,3303099535617
12648453,4805965325079297
21037061,5351323360891137
37814277,4788373407600897
25231365,302365966144257
2490373,4786380542652672
4587525,13793579797385472
8781829,4522497751978752
17170437,4786381079515392
2752517,5349192788685072
4849669,14356392043417872
10616837,4803835021308672
19005445,5349193057120512
35782661,4786243103830272
12713989,13811034276041472
21102597,14356392311853312
37879813,13793442358563072
42074117,4522360313156352
50462725,4786243640692992
2883589,845593429750032
17563653,845593966612752
34340869,282644013322512
34865157,1173332627712
6553605,5349193057120512
10747909,300235662373632
21233669,5349193593983232
38010885,4786243640692992
25427973,300236199236352
50593797,282645087064320
3670021,845528737853712
6815749,6475023976050960
19398661,1971424617115920
13107205,5366716255245072
38273029,5349124337766672
25690117,863116896310032
42467333,300166943019792
7340037,5349128365224192
11534341,300170970477312
19922949,845529006289152
36700165,282579052998912
42991621,18696262324992
51380229,282579589861632
23068677,6475024244486400
29360133,5366716523680512
46137349,4803766570390272
121,4504703719179027
185,4506902475047697
4153,4504772170220337
16441,4522295636787987
32825,4504780760154897
131129,13511971424961297
524345,4786178427454257
1048633,4504712041726737
4194361,13793377682195217
345,4803766570189587
8281,4522360312955667
16473,4522291593478935
32857,4504772421878547
1048665,4504703703450387
2097241,4786174384149267
8388697,4522291593479955
409,4805965326058257
2201,4511296226591505
8345,4524559068824337
32921,4506971177747217
262297,4506967151215377
2097305,4788373140017937
8388761,4524490349348625
16777369,4788373408449297
33554585,4506898431804177
793,4803766318531377
1305,13810965573272337
2329,4805965341786897
4377,4803835021230897
8473,4839019393319697
131353,13811034275971857
2097433,5366716255179537
8388889,4838950673843985
16777497,5366716523610897
4633,4504767875253105
8729,4522360061297457
33305,4504772170220337
262681,4504768143688497
524825,4786174132487025
1049113,4504703451792177
2097689,4786174132491057
8389145,4522291341821745
16777753,4786174400922417
33554969,4504699424277297
9241,13529559316038417
33817,13511971424961297
132121,31526365639475985
263193,13511967398429457
1049625,13511902706533137
2098201,13793373387232017
4195353,31807771896709905
8389657,13529490596562705
16778265,13793373655663377
33555481,13511898679018257
10265,4524559084552977
34841,4506971193475857
264217,4506967166944017
1050649,4506902475047697
2099225,4788373155746577
8390681,4524490365077265
16779289,4788373424177937
33556505,4506898447532817
528409,4786242835186545
1052697,4504772154491697
2101273,4786242835190577
8392729,4522360044521265
16781337,4786243103621937
33558553,4504768126976817
40985,4522501778440977
270361,4522497751909137
532505,4803835021230897
4202521,13811034275971857
8396825,4557544416610065
49177,4522364339487507
278553,4522360312955667
1064985,4522295621059347
2113561,4803766301758227
16793625,4803766570189587
33570841,4522291593544467
294937,4504909860832017
557081,4786247130153777
1081369,4504780744426257
4227097,13793446384894737
1179673,13511971409232657
2228249,13793442089931537
4325401,31807840599409425
8519705,13529559299262225
16908313,13793442358362897
33685529,13511967381717777
786457,4786243103621937
4456473,13793442358362897
17039385,4786243640492817
33816601,4504768663847697
1572889,4786178411725617
8912921,4803766301755185
34078745,4786174384210737
5242905,13793377666466577
18874393,5349124337570577
12582937,13810965556496145
37748761,13793373638951697
50331673,4786174921081617
233,3303116112147
1129,4504703752732947
4201,1172811284787
32873,1181401219347
65641,3303115063575
262249,1173348155667
524393,282579068518707
1048681,1112682791187
8388713,18696277852947
16777321,282579605389587
33554537,1104628744467
1193,4506902508601617
2217,7700927742225
4265,3371567153457
16553,20895033721107
32937,3380157088017
65705,7700894187795
524457,284777824387377
8388777,20895033721617
809,300171019682097
2345,302370042937617
16681,335355358216467
65833,302370009383187
524585,863120939548977
8388905,335355358216977
1577,4504703551406385
4649,1172576403825
8745,18764762448177
131625,4504772203774257
262697,1172844839217
524841,282578833637745
2097705,282578833641777
4194857,4786178461008177
16777769,282579102073137
33554985,1104125428017
3113,4506902574661905
5161,4504772203774257
17449,4522295670341907
33833,4504780793708817
132137,13511971458515217
525353,4786178461008177
1049641,4504712075280657
4195369,13793377715749137
8389673,4522295670342417
10281,20963785703697
133161,4506971227029777
264233,3371868094737
2099241,284777856897297
4196393,4788377484263697
16779305,284778125328657
33556521,3303148683537
12329,18902167847217
20521,18764728893747
135209,4504909609173297
266281,1310250238257
1052713,1181133832497
8392745,18764728894257
24617,53949100982547
41001,18910757781777
73769,20963752149267
8396841,53949100983057
49193,18773318828307
81961,20895032672535
540713,300170986127667
1065001,18704600400147
163881,4504918199107857
294953,1318840172817
557097,282656109494577
8421417,18773318828817
196649,4506971193475347
327721,3371834540307
2162729,284777823342867
4259881,4788377450709267
16842793,284778091774227
33620009,3303115129107
1572905,282587391066417
2621481,845528753508657
4718633,5349128380875057
8912937,300170986128177
17301545,845529021940017
9437225,18704600400657
457,302365967122707
1225,4506898448515347
2249,7696867655955
8393,20959709888787
16585,20890990412055
32969,3371818811667
65737,7696850878743
131273,4506967151214867
2097353,284773781082387
4194505,4788373408448787
841,300166959595827
2377,302365982851347
4425,300235662295347
8521,335420034384147
16713,335351314907415
65865,302365966074135
262473,300236199166227
2097481,863116896243987
4194633,5366716523610387
33554761,300167479755027
4681,1168516317555
8777,18760702361907
16969,18691982885175
33353,1172811284787
131657,4504768143687987
524873,282574773551475
1049161,1104092856627
2097737,282574773555507
4194889,4786174400921907
5193,4504768143687987
66633,4506898447466775
132169,13511967398428947
263241,4504768680558867
525385,4786174400921907
4195401,13793373655662867
8389705,4522291610256147
16778313,4786174937792787
33555529,4504699961147667
10313,20959725617427
18505,20891006140695
34889,3371834540307
67657,7696866607383
133193,4506967166943507
1050697,3303116112147
2099273,284773796811027
4196425,4788373424177427
20553,18760685584695
528457,282643476250995
1052745,1172795556147
2101321,282643476255027
4198473,4786243103621427
24649,53945057673495
41033,18902419505427
73801,20959708840215
139337,4522497751908627
532553,300235662295347
16785481,300236199166227
33562697,18761222521107
278601,18761222455575
540745,300166942818615
16793673,300167479689495
33570889,18692503044375
98377,3371817763095
163913,4504909860831507
557129,282647771218227
1081417,1181385490707
8421449,18764980552467
16810057,282648308089107
33587273,1173331443987
196681,4506967150166295
1114185,3303099334935
2162761,284773780033815
4259913,4788373407400215
655433,4786243103621427
4325449,13793442358362387
8519753,4522360312955667
16908361,4786243640492307
33685577,4504768663847187
1310793,1173332427027
2359369,282644013125907
4456521,4786243640492307
17039433,282645086863635
33816649,1170110218515
1572937,282579052790067
9437257,18696262124307
17825865,282579589660947
34603081,1104613015827
6291529,5349124337570067
10485833,300166942823187
35651657,282575293714707
12582985,4803766570189587
37748809,4786174921081107
50331721,282576367452435
905,302365715464497
4489,302434418164017
8585,337618790252817
65929,306763745198355
1048969,302369995751697
2097545,865315652112657
4194697,5368915279479057
16777609,865315920544017
4745,3367272186225
8841,20959458230577
33417,3371567153457
131721,4506966899556657
262793,3367540621617
524937,284773529420145
2097801,284773529424177
4194953,4788373156790577
16777865,284773797855537
33555081,3298821210417
3209,4511296260145425
5257,4506966899556657
17545,4524490366124307
66697,4511296226590995
132233,13514166154297617
525449,4788373156790577
1049737,4506902477144337
4195465,13795572411531537
8389769,4524490366124817
6281,7765318697265
18569,25288785264915
526473,289171575931185
1050761,7700896284945
8390793,25288785265425
528521,284842232119665
2101385,284842232123697
4198537,4788441859490097
16781449,284842500555057
33558665,3367523909937
41097,21101175374097
73865,25357487964435
139401,4524696507777297
270473,21097148842257
532617,302434418164017
1056905,20963738517777
49289,20963736420627
82057,25288768487703
147593,4524559068823827
278665,20959709888787
2113673,302365698691347
4210825,4805965326057747
16793737,302365967122707
33570953,20890990477587
98441,7769596887315
163977,4507108616700177
295049,3509257765137
557193,284846527086897
8421513,20963736421137
196745,4511364929290515
327817,7765570355475
2162825,289171559158035
4259977,4792771186524435
16842889,289171827589395
33620105,7696850944275
393353,4507104590168337
655497,4788441859490097
1179785,4506971179843857
4325513,13795641114231057
8519817,4524559068824337
786569,284842500555057
1310857,3371820908817
8650889,20959709889297
17039497,284843037425937
33816713,3368060780817
34078857,284773781143857
3145865,284777809711377
5243017,4788377437077777
17825929,284778078142737
34603145,3303101497617
6291593,5351323093438737
10485897,302365698691857
18874505,847723734503697
12583049,4805965326058257
20971657,5351323361870097
25165961,302365967123217
41943177,20890990478097
50331785,284774318014737
1801,4803766352085297
8969,335419782725937
525065,863116644581745
2097929,863116644585777
4195081,5366716271952177
16777993,863116913017137
3337,4805965375340817
17673,4838950690619667
66825,4805965341786387
525577,5366716271952177
4195593,14373915526693137
8389897,4838950690620177
6409,302434433892657
10505,337618805981457
67849,306763760926995
2099465,865315667841297
4196617,5368915295207697
16779529,865315936272657
37129,300377127780657
135433,4803972460183857
266505,300373101248817
528649,863185347281265
2101513,863185347285297
4198665,5366784974651697
16781577,863185615716657
24841,405788510126355
41225,335561499869457
139529,4839156832272657
270601,335557473337617
2105609,898369719374097
4202761,5401969346740497
8397065,405788510126865
16785673,898369987805457
49417,335424060915987
147721,4839019393319187
278793,335420034384147
1065225,335355342487827
33571081,335351314972947
98569,302438712082707
557321,863189642248497
8421641,335424060916497
196873,4806034044485907
327945,302434685550867
1114377,302369993654547
33620233,302365966139667
655625,5366784974651697
4325641,14373984229392657
8519945,4839019393319697
786697,863185615716657
8651017,335420034384657
17039625,863186152587537
1573129,863120923820337
2621705,1989016534651185
4718857,6492616162017585
17301769,1989016803082545
34078985,863116896305457
9437449,335355342488337
41943305,335351314973457
50331913,863117433176337
5641,4504767908807025
9737,4522360094851377
34313,4504772203774257
263689,4504768177242417
525833,4786174166040945
1050121,4504703485346097
2098697,4786174166044977
16778761,4786174434476337
33555977,4504699457831217
12809,18897872879985
21001,18760433926515
37385,1309981802865
135689,4504905314206065
266761,1305955271025
528905,282643224592881
8393225,18760433927025
41481,18902167847217
139785,4522497500250417
270857,18898141315377
49673,18764728893747
147977,4522360061296947
279049,18760702361907
541193,300166691160435
1065481,18696010465587
2114057,300166691164467
4211209,4803766318530867
16794121,300166959595827
33571337,18691982950707
164361,4504909609173297
295433,1310250238257
1081865,1181133832497
8421897,18764728894257
393737,4504905582641457
4325897,13793442106704177
8520201,4522360061297457
8651273,18760702362417
17039881,282644029899057
33817097,1169053253937
2621961,845524458541425
4719113,5349124085907825
8913417,300166691160945
17302025,845524726972785
9437705,18696010466097
6291977,5349124085911857
10486281,300166691164977
18874889,845524726976817
12583433,4803766318531377
20972041,5349124354343217
25166345,300166959596337
41943561,18691982951217
50332169,282575310487857
11273,4524559118106897
35849,4506971227029777
265225,4506967200497937
1051657,4506902508601617
2100233,4788373189300497
16780297,4788373457731857
33557513,4506898481086737
13321,4522497500250417
21513,4522360061296947
37897,4504909609173297
267273,4504905582641457
4199433,13793442106704177
8393737,4522360061297457
25609,4557544433385747
74761,4524559084552467
140297,13529696754991377
8397833,4557544433386257
82953,4524490365075735
148489,13529559316037907
541705,4803766318530867
4211721,13810965573271827
99337,4506971193475347
164873,13512108863914257
328713,4506967166943507
1115145,4506902475047187
2163721,4788373155746067
16843785,4788373424177427
33621001,4506898447532307
394249,13512104837382417
656393,13793442106704177
8520713,13529559316038417
2622473,5349124085911857
8913929,4803766318531377
17302537,5349124354343217
6292489,14356323340652817
12583945,13810965573272337
20972553,14356323609084177
530441,284842247848305
1054729,3371567153457
2103305,284842247852337
4200457,4788441875218737
16783369,284842516283697
33560585,3367539638577
43017,21101191102737
75785,25357503693075
141321,4524696523505937
272393,21097164570897
534537,302434433892657
51209,20963752149267
83977,25288784216343
149513,4524559084552467
280585,20959725617427
1067017,20895033721107
2115593,302365714419987
4212745,4805965341786387
16795657,302365982851347
33572873,20891006206227
100361,7769612615955
165897,4507108632428817
296969,3509273493777
559113,284846542815537
1083401,3380157088017
8423433,20963752149777
198665,4511364945019155
329737,7765586084115
1116169,7700894187795
2164745,289171574886675
4261897,4792771202253075
16844809,289171843318035
33622025,7696866672915
395273,4507104605896977
657417,4788441875218737
4327433,13795641129959697
8521737,4524559084552977
788489,284842516283697
8652809,20959725617937
17041417,284843053154577
33818633,3368076509457
1574921,284777824387377
34080777,284773796872497
9439241,20895033721617
6293513,5351323109167377
10487817,302365714420497
18876425,847723750232337
12584969,4805965341786897
20973577,5351323377598737
25167881,302365982851857
41945097,20891006206737
50333705,284774333743377
45065,19177028976945
143369,4522772361380145
274441,19173002445105
536585,300372832813425
1060873,18902152118577
2109449,300372832817457
4206601,4803972460183857
16789513,300373101248817
33566729,18898124603697
544777,300235393859955
1069065,18764713165107
2117641,300235393863987
4214793,4803835021230387
16797705,300235662295347
33574921,18760685650227
167945,4505184470303025
299017,1585111367985
561161,282784941736305
2134025,282784941740337
4231177,4786384569106737
16814089,282785210171697
33591305,1310233526577
397321,4505180443771185
659465,4786380274139505
1183753,4504909593444657
2232329,4786380274143537
16912393,4786380542574897
33689609,4504905565929777
790537,282780915204465
1314825,1310234509617
2363401,282780915208497
4460553,4786380542574897
2625545,845593161240945
4722697,5349192788607345
8917001,300235393860465
17305609,845593429672305
9441289,18764713165617
6295561,5349192788611377
10489865,300235393864497
18878473,845593429676337
12587017,4803835021230897
20975625,5349193057042737
25169929,300235662295857
41947145,18760685650737
50335753,282644013187377
1073161,53949085253907
2121737,335419765952787
4218889,4839019393319187
16801801,335420034384147
33579017,53945057739027
565257,300377127780657
1089545,18910742053137
1122313,20963736420627
2170889,302434417119507
4268041,4806034044485907
16850953,302434685550867
33628169,20959708905747
663561,4803972460183857
4333577,13811171714924817
794633,300373101248817
17047561,300373638119697
33824777,18898661474577
2629641,863185347285297
4726793,5366784974651697
17309705,863185615716657
9445385,53949085254417
10493961,335419765953297
12591113,4839019393319697
25174025,335420034384657
41951241,53945057739537
114697,20963735372055
180233,4522501778440467
311305,18902419505427
573449,300239688827187
1097737,18773303099667
213001,4524559067775255
344073,20959708840215
1130505,20895016943895
2179081,302365697642775
4276233,4805965325009175
16859145,302365966074135
33636361,20890989429015
409609,4522497751908627
671753,4803835021230387
4341769,13811034275971347
802825,300235662295347
17055753,300236199166227
33832969,18761222521107
1589257,300170970399027
34095113,300166942884147
6307849,5366716255179027
18890761,863116896243987
20987913,5366716523610387
50348041,300167479755027
2195465,284846526042387
4292617,4788446153408787
16875529,284846794473747
33652745,3371817828627
688137,4786384569106737
1212425,4504918183379217
4358153,13793583823847697
8552457,4522501778440977
819209,282785210171697
1343497,1318824444177
8683529,18902419505937
17072137,282785747042577
33849353,1310770397457
1605641,282656093765937
2654217,845597456208177
4751369,5349197083574577
8945673,300239688827697
17334281,845597724639537
9469961,18773303100177
1245193,4506971177746707
2293769,4788441858445587
16973833,4788442126876947
33751049,4506967150231827
1376265,3371818811667
2424841,284842499510547
4521993,4788442126876947
3211273,284777807614227
5308425,4788377434980627
17891337,284778076045587
34668553,3303099400467
35717129,284773780099347
37814281,4788373407465747
917513,4786380542574897
4587529,13793579797315857
8781833,4522497751909137
17170441,4786381079445777
33947657,4504906102800657
2752521,5349192788611377
9043977,4803835021230897
17432585,5349193057042737
6422537,14356392043352337
12713993,13811034275971857
21102601,14356392311783697
2883593,845593429676337
4980745,5349193057042737
9175049,300235662295857
34340873,282644013187377
19136521,845593966547217
21233673,5349193593913617
25427977,300236199166737
42205193,18761222521617
3670025,845528737780017
5767177,5349128365146417
9961481,300170970399537
18350089,845529006211377
6815753,6475023975977265
19398665,1971424617042225
36175881,845524710265137
21495817,6475024244408625
38273033,5349124337631537
42467337,300166942884657
14680073,5366716255179537
27262985,863116896244497
52428809,845525247136017
29360137,5366716523610897
54525961,5349124874502417
58720265,300167479755537
241,4506902743483137
625,4504703752733457
16497,4522295905223427
32881,4504781028590337
131185,13511971693396737
262257,4504772975526657
1048689,4504712310162177
4194417,13793377950630657
16777329,4786179232760577
33554545,4504704256115457
433,4805969637802752
4273,4506971194524432
8369,4524563380568832
16561,4524494661092097
65713,4511300521558785
262321,4506971462959872
524465,4788377451758352
2097329,4788377451762432
8388785,4524494661093120
16777393,4788377720193792
33554609,4506902743548672
817,4803770647053072
8497,4839023705064192
16689,4838954985587457
33073,4803847922909952
65841,4805969636754177
131377,13811038587716352
524593,5366720566919952
1048881,4803779204481792
2097457,5366720566924032
8388913,4838954985588480
16777521,5366720835355392
8753,4522364389819152
16945,4522295670342417
262705,4504772472210192
2097713,4786178461012752
8389169,4522295670343440
16777777,4786178729444112
33554993,4504703752798992
12337,4522501795218192
69681,4506971193475857
266289,4504909877609232
528433,4786247146930992
1052721,4504780761203472
4198449,13793446401671952
24625,4557548728353537
73777,4524563379520257
270385,4522502063653632
1056817,4522372947247872
4202545,13811038587716352
8396849,4557548728354560
49201,4522372946199297
147505,13529563611005697
1065009,4522304227771137
4210737,13810969868239617
8405041,4557480008877825
557105,4786255736865552
1081393,4504797941072640
2129969,4786255736869632
8421425,4522372946200320
16810033,4786256005300992
33587249,4504781028655872
327729,4506971461911297
589873,4788377450709777
2162737,4788377450713857
8454193,4524494660044545
16842801,4788377719145217
33620017,4506902742500097
655409,13793446401671952
2228273,13793446401676032
4325425,31807844911153920
8519729,13529563611006720
16908337,13793446670107392
33685553,13511971693462272
1310769,4504781029638912
4456497,13793446670107392
17039409,4786247952237312
33816625,4504772975592192
1572913,4786187018437392
2621489,5349128380879632
17301553,5349128649310992
3145777,4786187018441472
9437233,4522304227772160
17825841,4786187286872832
34603057,4504712310227712
18874417,5349128649315072
12582961,13810969868240640
37748785,13793377950696192
50331697,4786179232826112
465,4805965594493697
721,4506898448515857
2257,4511296495026945
4305,4506967151215377
8401,4524559337259777
32977,4506971446182657
524497,4788373408449297
2097361,4788373408453377
8388817,4524490617784065
1361,13810965841707777
2385,4805965610222337
8529,4839019661755137
131409,13811034544407297
262481,4803835826537217
524625,5366716523610897
2097489,5366716523614977
8388945,4838950942279425
33554769,4803767107126017
4689,4504768143688497
16977,4522291610256147
131665,13511967398429457
262737,4504768680559377
524881,4786174400922417
4194897,13793373655663377
16777809,4786174937793297
33555025,4504699961148177
5201,13511967398429457
9297,13529559584473857
33873,13511971693396737
132177,31526365907911425
525393,13793373655663377
1049681,13511902974968577
2098257,13793373655667457
4195409,31807772165145345
8389713,13529490864998145
6225,4506967166944017
10321,4524559352988417
34897,4506971461911297
526417,4788373424177937
1050705,4506902743483137
2099281,4788373424182017
8390737,4524490633512705
12369,4522497751909137
20561,4522360312955667
36945,4504909860832017
528465,4786243103621937
4198481,13793442358362897
16781393,4786243640492817
33558609,4504768663847697
41041,4522502046876417
4202577,13811034544407297
8396881,4557544685045505
16785489,4803835826537217
33562705,4522360849892097
49233,4522364607922947
540753,4803766570189587
1065041,4522295889494787
2113617,4803766570193667
1081425,4504781012861697
4227153,13793446653330177
16810065,4786247935460097
33587281,4504772958814977
655441,13793442358362897
1179729,13511971677668097
2228305,13793442358366977
4325457,31807840867844865
8519761,13529559567697665
786513,4786243640492817
1310801,4504772959798017
2359377,4786243640496897
8650833,4522360849827585
17039441,4786244714234625
33816657,4504769737589505
2621521,5349124337570577
34078801,4786174921081617
5242961,13793377934902017
17825873,4786179217031937
34603089,4504704240386817
35651665,4786174921085697
12582993,13810965824931585
25165905,4803767107061505
41943121,4522292130416385
50331729,4786175994823425
913,4805965342835472
2449,4810363389346560
4497,4806034045534992
33169,4806038340502272
65937,4810363372569345
262545,4806034313970432
33554833,4805965594559232
8849,4524559085601552
17041,4524490366124817
33425,4506971194524432
66193,4511296226591505
262801,4506967167992592
2097809,4788373156795152
8389265,4524490366125840
16777873,4788373425226512
33555089,4506898448581392
6289,4511364946068240
10385,4528957132112640
18577,4528888412635905
34961,4511369241035520
264337,4511365214503680
526481,4792771203302160
2099345,4792771203306240
8390801,4528888412636928
16779409,4792771471737600
33556625,4511296495092480
20625,4524559068824337
69777,4511364929291025
2101393,4788441859494672
8392849,4524559068825360
16781457,4788442127926032
33558673,4506967151280912
73873,4528957115335425
532625,4806034045534992
2105489,4806034045539072
16785553,4806034313970432
33562769,4524559337325312
49297,4524563363791617
278673,4524559337259777
540817,4805965326058257
2113681,4805965326062337
16793745,4805965594493697
33570961,4524490617848577
98449,4511369224258305
557201,4788446154457872
2130065,4788446154461952
8421521,4524563363792640
16810129,4788446422893312
33587345,4506971446248192
327825,4511365197726465
589969,4792771186524945
2162833,4792771186529025
8454289,4528888395859713
16842897,4792771454960385
33620113,4511296478315265
786577,4788442127926032
2359441,4788442127930112
8650897,4524559337260800
8913041,4805965326059280
34078865,4788373408514832
10485905,4805965326063360
35651729,4788373408518912
25165969,4805965594494720
41943185,4524490617849600
4881,4803835038008112
8977,4839019410096912
17169,4838950690620177
66321,4805965341786897
131857,13811034292749072
2097937,5366716271956752
8389393,4838950690621200
16778001,5366716540388112
5393,13811034292749072
34065,13811038587716352
132369,31825432802231040
263441,13811034561184512
1049873,13810969869288192
33555729,13810965841773312
6417,4806034061263632
35089,4806038356230912
67857,4810363388297985
264465,4806034329699072
1050897,4805969637802752
33556753,4805965610287872
20753,4839019393319697
37137,4803976755151632
69905,4806034044486417
266513,4803972728619792
2101521,5366784974656272
8392977,4839019393320720
16781585,5366785243087632
24849,4909388137497345
1057041,4839023689335552
8397073,4909388137498368
33562897,4839019661820672
49425,4839023688286977
278801,4839019661755137
1065233,4838954969858817
8405265,4909319418021633
33571089,4838950942343937
98577,4806038339453697
295185,4803977023587072
557329,5366789269619472
1081617,4803847907181312
2130193,5366789269623552
8421649,4839023688288000
16810257,5366789538054912
327953,4806034312921857
1114385,4805969621025537
33620241,4805965593510657
1179921,13811038571987712
33685777,13811034544472832
786705,5366785243087632
2359569,5366785243091712
8651025,4839019661756160
33816849,4803835826602752
1573137,5366720551191312
2621713,6492616162022160
17301777,6492616430453520
34078993,5366716523676432
3146001,5366720551195392
9437457,4838954969859840
17826065,5366720819626752
18874641,6492616430457600
35651857,5366716523680512
41943313,4838950942344960
21009,4522360061297457
528913,4786242851963760
1053201,4504772171268912
2101777,4786242851967792
8393233,4522360061298480
16781841,4786243120399152
33559057,4504768143754032
25105,4557544433386257
41489,4522501795218192
74257,4524559084552977
270865,4522497768686352
533009,4803835038008112
4203025,13811034292749072
8397329,4557544433387280
147985,13529559316038417
541201,4803766318531377
4211217,13810965573272337
8405521,4557475713910545
98833,4506971193475857
295441,4504909877609232
557585,4786247146930992
1081873,4504780761203472
4227601,13793446401671952
328209,4506967166944017
1114641,4506902475047697
2163217,4788373155746577
8454673,4524490365077265
16843281,4788373424177937
33620497,4506898447532817
1180177,13511971426009872
2228753,13793442106708752
4325905,31807840616186640
8520209,13529559316039440
16908817,13793442375140112
33686033,13511967398494992
786961,4786243120399152
4456977,13793442375140112
17039889,4786243657270032
33817105,4504768680624912
1573393,4786178428502832
8913425,4803766318532400
34079249,4786174400987952
5243409,13793377683243792
18874897,5349124354347792
12583441,13810965573273360
37749265,13793373655728912
50332177,4786174937858832
21521,13529559316038417
1053713,13511971426009872
2102289,13793442106708752
4199441,31807840616186640
8393745,13529559316039440
16782353,13793442375140112
33559569,13511967398494992
533521,13811034292749072
1057809,13529563612054272
2106385,13811034292753152
4203537,31825432802231040
16786449,13811034561184512
33563665,13529559584539392
50193,13529563611005697
148497,31543957825520385
279569,13529559584473857
541713,13810965573272337
1066001,13529494892577537
2114577,13810965573276417
4211729,31825364082754305
16794641,13810965841707777
33571857,13529490865062657
558097,13793446401671952
2130961,13793446401676032
4228113,31807844911153920
8422417,13529563611006720
16811025,13793446670107392
33588241,13511971693462272
656401,31807840616186640
1180689,31526369935491840
2229265,31807840616190720
8520721,31543957825521408
16909329,31807840884622080
33686545,31526365907976960
787473,13793442375140112
1311761,13511971694445312
2360337,13793442375144192
4457489,31807840884622080
8651793,13529559584474880
1573905,13793377683243792
8913937,13810965573273360
34079761,13793373655728912
3146769,13793377683247872
5243921,31807776192725760
9438225,13529494892578560
17826833,13793377951679232
34604049,13511902975034112
10486801,13810965573277440
35652625,13793373655732992
12583953,31825364082755328
37749777,31807772165210880
25166865,13810965841708800
41944081,13529490865063680
22545,4524559084552977
71697,4511364945019665
1054737,4506971194524432
2103313,4788441875223312
8394769,4524559084554000
16783377,4788442143654672
33560593,4506967167009552
75793,4528957131064065
534545,4806034061263632
1058833,4524563380568832
2107409,4806034061267712
16787473,4806034329699072
33564689,4524559353053952
51217,4524563379520257
280593,4524559352988417
542737,4805965341786897
1067025,4524494661092097
2115601,4805965341790977
16795665,4805965610222337
33572881,4524490633577217
100369,4511369239986945
559121,4788446170186512
2131985,4788446170190592
8423441,4524563379521280
16812049,4788446438621952
33589265,4506971461976832
329745,4511365213455105
591889,4792771202253585
1116177,4511300521558785
2164753,4792771202257665
8456209,4528888411588353
16844817,4792771470689025
33622033,4511296494043905
788497,4788442143654672
1312785,4506971462959872
2361361,4788442143658752
8652817,4524559352989440
1574929,4788377451758352
8914961,4805965341787920
34080785,4788373424243472
3147793,4788377451762432
9439249,4524494661093120
17827857,4788377720193792
34605073,4506902743548672
10487825,4805965341792000
35653649,4788373424247552
25167889,4805965610223360
41945105,4524490633578240
45073,4522776656347920
274449,4522772629816080
1060881,4522501779489552
2109457,4803972460188432
16789521,4803972728619792
33566737,4522497751974672
53265,4522501778440977
282641,4522497751909137
544785,4803835021230897
4214801,13811034275971857
8409105,4557544416610065
299025,4505184738738960
2134033,4786384569111312
8425489,4522501778442000
16814097,4786384837542672
33591313,4504909860897552
1118225,4506971177747217
2166801,4788441858446097
8458257,4524559067776785
16846865,4788442126877457
33624081,4506967150232337
1314833,4504909861880592
2363409,4786380542579472
8654865,4522497751910160
1576977,4786247131202352
8917009,4803835021231920
34082833,4786243103687472
5246993,13793446385943312
18878481,5349193057047312
12587025,13811034275972880
37752849,13793442358428432
50335761,4786243640558352
548881,4839019393319697
1073169,4557548712624897
2121745,4839019393323777
8413201,4627913160787713
16801809,4839019661755137
33579025,4557544685110017
303121,4522776924783360
565265,4803976755151632
2138129,4803976755155712
16818193,4803977023587072
33595409,4522502046941952
598033,4806034044486417
1122321,4524563363791617
2170897,4806034044490497
16850961,4806034312921857
33628177,4524559336276737
794641,4803972728619792
1318929,4522502047924992
2367505,4803972728623872
2629649,5366784974656272
8921105,4839019393320720
17309713,5366785243087632
5251089,13811038571987712
9445393,4557548712625920
10493969,4839019393324800
18882577,5366785243091712
37756945,13811034544472832
25174033,4839019661756160
41951249,4557544685111040
50339857,4803835826602752
311313,4522502046876417
1097745,4522372930470657
4243473,13811038570939137
8437777,4557548711577345
671761,13811034275971857
1196049,13529563595277057
2244625,13811034275975937
4341777,31825432785453825
16924689,13811034544407297
33701905,13529559567762177
4472849,13811034544407297
8667153,4557544685045505
17055761,4803835826537217
33832977,4522360849892097
2637841,5366716255179537
8929297,4838950673843985
17317905,5366716523610897
5259281,13810969852510977
9453585,4557479993149185
10502161,4838950673848065
18890769,5366716523614977
37765137,13810965824996097
25182225,4838950942279425
41959441,4557475965634305
50348049,4803767107126017
622609,4788446153409297
2195473,4788446153413377
8486929,4524563362744065
16875537,4788446421844737
33652753,4506971445199617
819217,4786384837542672
2392081,4786384837546752
8683537,4522502046877440
1605649,4786255721136912
2654225,5349197083579152
17334289,5349197352010512
3178513,4786255721140992
9469969,4522372930471680
17858577,4786255989572352
34635793,4504781012927232
18907153,5349197352014592
12615697,13811038570940160
37781521,13793446653395712
50364433,4786247935525632
851985,4788442126877457
1376273,4506971446182657
2424849,4788442126881537
8716305,4524559336212225
1638417,4788377434981137
8978449,4805965325010705
34144273,4788373407466257
3211281,4788377434985217
9502737,4524494644315905
17891345,4788377703416577
34668561,4506902726771457
10551313,4805965325014785
35717137,4788373407470337
25231377,4805965593446145
42008593,4524490616801025
1703953,13793446385943312
9043985,13811034275972880
34209809,13793442358428432
3276817,13793446385947392
5373969,31807844895425280
9568273,13529563595278080
17956881,13793446654378752
34734097,13511971677733632
10616849,13811034275976960
35782673,13793442358432512
12714001,31825432785454848
37879825,31807840867910400
25296913,13811034544408320
42074129,13529559567763200
2883601,5349193057047312
34340881,4786243640558352
5505041,13793446654378752
18087953,4786247936508672
34865169,4504772959863552
35913745,4786243640562432
12845073,13811034544408320
25427985,4803835826538240
42205201,4522360849893120
50593809,4786244714300160
3670033,5349128365150992
18350097,5349128633582352
11010065,5366716255180560
19398673,6475024244413200
36175889,5349124337636112
25690129,5366716523611920
19922961,5349128633586432
13631505,13810969852512000
38797329,13793377934967552
51380241,4786179217097472
27262993,5366716523616000
46137361,13810965824997120
58720273,4803767107127040
737,3303149666577
1249,4506902777037057
2273,7701196177665
16609,20895302156547
32993,3380425523457
65761,7701162623235
262369,3372372459777
8388833,20895302157057
16777441,284778629693697
33554657,3303653048577
2401,302370311373057
16737,335355626651907
65889,302370277818627
8388961,335355626652417
16777569,863121744855297
2657,3303215726865
4705,1172844839217
16993,18696311406867
33377,1181434773777
262753,1173381710097
524897,282579102073137
1049185,1112716345617
8389217,18696311407377
16777825,282579638944017
33555041,1104662298897
3169,4506902843097345
17505,4522295938777347
33889,4504781062144257
132193,13511971726950657
263265,4504773009080577
1049697,4504712343716097
4195425,13793377984184577
8389729,4522295938777857
16778337,4786179266314497
33555553,4504704289669377
6241,3371868094737
10337,20964054139137
133217,4506971495465217
526433,284778125328657
2099297,284778125332737
4196449,4788377752699137
36961,1318840172817
69729,3371834540307
266337,1310787109137
24673,53949369417987
41057,18911026217217
73825,20964020584707
270433,18902973153537
8396897,53949369418497
49249,18773587263747
82017,20895301107975
278625,18765534200067
1065057,18704868835587
16793697,300171791433987
33570913,18696814788867
163937,4504918467543297
8421473,18773587264257
16810081,282656914800897
33587297,1181938155777
196705,4506971461910787
589921,284778091774227
2162785,284778091778307
4259937,4788377719144707
393313,4504910414479617
1310817,1181939138817
8650849,18765534200577
17301601,845529558810897
9437281,18704868836097
17825889,282588196372737
34603105,1113219727617
18874465,845529558814977
20971617,5349129186181377
25165921,300171791434497
41943137,18696814789377
929,302370043986192
1441,4805969671356672
2465,306768090497280
8609,337623101997312
16801,337554382520577
33185,302447319843072
524705,865319963853072
2097569,865319963857152
4194721,5368919591223552
16777633,865320232288512
1697,4506902575710480
2721,7700994851088
8865,20963786752272
17057,20895067275537
66209,7700927742225
131745,4506971228078352
262817,3371869143312
2097825,284777857945872
4194977,4788377485312272
16777889,284778126377232
33555105,3303149732112
3233,4511300622221568
5281,4506971228078352
9377,4524563414122752
17569,4524494694646017
66721,4511300555112705
263329,4506971496513792
525473,4788377485312272
2098337,4788377485316352
16778401,4788377753747712
33555617,4506902777102592
6305,7769647218960
10401,25361833263360
18593,25293113786625
133281,4511369274589440
264353,7769915654400
526497,289175904452880
2099361,289175904456960
4196513,4792775531823360
16779425,289176172888320
33556641,7701196243200
12449,21101192151312
135329,4507108633477392
266401,3509274542352
528545,284846543864112
8392865,20963753198352
24737,56148125286657
139425,4524700819521792
270497,21101460586752
49313,20972343132417
82081,25293080232195
98465,7778203599105
557217,284855133798672
2130081,284855133802752
4227233,4788454761169152
16810145,284855402234112
33587361,3380425588992
8454305,25293080232705
393377,4507108901912832
4325537,13795645425975552
8519841,4524563380568832
8650913,20964021633792
17039521,284847349170432
33816737,3372372525312
2621601,847727777812752
4718753,5351327405179152
8913057,302370010432272
17301665,847728046244112
6291617,5351327405183232
10485921,302370010436352
18874529,847728046248192
12583073,4805969637802752
20971681,5351327673614592
25165985,302370278867712
41943201,20895302222592
50331809,284778629759232
2849,302370110046480
4897,300239739158832
8993,335424111247632
17185,335355391770897
33569,300248329093392
66337,302370042937617
1049377,300179610665232
2097953,863120973107472
4195105,5366720600473872
16778017,863121241538832
3361,4805969737416960
9505,4839023738618112
17697,4838955019141377
34081,4803847956463872
66849,4805969670308097
132385,13811038621270272
525601,5366720600473872
1049889,4803779238035712
2098465,5366720600477952
16778529,5366720868909312
6433,302438762414352
67873,306768089448705
133409,4806038389784832
264481,302439030849792
33556769,302370311438592
12577,335561516646672
37153,300385734492432
528673,863189659025712
8392993,335424077693712
74017,337623100948737
139553,4839161144017152
270625,335561785082112
532769,898374031114512
1057057,335432668676352
2105633,898374031118592
4202785,5401973658484992
8397089,405792821871360
16785697,898374299549952
49441,335432667627777
540961,898305311637777
1065249,335363949199617
2113825,898305311641857
4210977,5401904939008257
8405281,405724102394625
16793889,898305580073217
98593,302447318794497
164129,4803985361862912
295201,300386002927872
557345,863198248960272
2130209,863198248964352
4227361,5366797876330752
16810273,863198517395712
590113,865319962804497
1114401,302378600366337
2162977,865319962808577
4260129,5368919590174977
16843041,865320231239937
4325665,14373988541137152
8519969,4839023705064192
8651041,335424346129152
17039649,863190464332032
1573153,863129530532112
3146017,863129530536192
5243169,5366729157902592
17826081,863129798967552
41943329,335355626717952
50331937,863121744920832
5665,4504772270883120
34337,4504780860817680
67105,4506902574661905
132641,13511971525624080
525857,4786178528117040
1050145,4504712142389520
4195873,13793377782858000
8390177,4522295737451280
10785,20963852812560
18977,20895133335825
68129,7700993802513
133665,4506971294138640
264737,3371935203600
2099745,284777924006160
4196897,4788377551372560
16779809,284778192437520
33557025,3303215792400
21025,18764762448177
528929,282647553114480
2101793,282647553118512
4198945,4786247180484912
16781857,282647821549872
33559073,1172844904752
25121,53949134536977
74273,20963785703697
139809,4522501828772112
270881,18902469837072
533025,300239739158832
1057313,18773353431312
49697,18773352382737
541217,300171019682097
1065505,18704633954577
1081889,1198347256080
2130465,282656143053072
4227617,4786255770419472
16810529,282656411484432
33587745,1181434839312
197153,4506971227029777
328225,3371868094737
2163233,284777856897297
4260385,4788377484263697
16843297,284778125328657
33620513,3303148683537
393761,4504909911163152
655905,4786247180484912
1180193,4504780794757392
4325921,13793446435225872
8520225,4522364389819152
786977,282647821549872
1311265,1181435822352
8651297,18765030884112
17039905,282648358420752
33817121,1173381775632
34079265,282579102138672
3146273,282587424624912
5243425,4786187051991312
17826337,282587693056272
34603553,1112716411152
6292001,5349128414433552
10486305,300171019686672
18874913,845529055498512
12583457,4803770647053072
20972065,5349128682864912
25166369,300171288118032
41943585,18696311472912
50332193,282579639009552
7201,4506971294138640
11297,4524563480183040
19489,4524494760706305
68641,4511300621172993
265249,4506971562574080
527393,4788377551372560
2100257,4788377551376640
16780321,4788377819808000
33557537,4506902843162880
13345,4522501828772112
70689,4506971227029777
267297,4504909911163152
529441,4786247180484912
1053729,4504780794757392
4199457,13793446435225872
8393761,4522364389819152
25633,4557548761907457
74785,4524563413074177
271393,4522502097207552
1057825,4522372980801792
4203553,13811038621270272
50209,4522372979753217
148513,13529563644559617
1066017,4522304261325057
4211745,13810969901793537
558113,4786255770419472
1082401,4504797974626560
2130977,4786255770423552
16811041,4786256038854912
33588257,4504781062209792
328737,4506971495465217
590881,4788377484263697
2163745,4788377484267777
16843809,4788377752699137
33621025,4506902776054017
656417,13793446435225872
2229281,13793446435229952
4326433,31807844944707840
16909345,13793446703661312
33686561,13511971727016192
1311777,4504781063192832
4457505,13793446703661312
8651809,4522364658254592
17040417,4786247985791232
33817633,4504773009146112
1573921,4786187051991312
2622497,5349128414433552
8913953,4803770647053072
17302561,5349128682864912
3146785,4786187051995392
17826849,4786187320426752
34604065,4504712343781632
10486817,4803770647057152
18875425,5349128682868992
37749793,13793377984250112
25166881,4803770915488512
41944097,4522295938843392
50332705,4786179266380032
22561,20963785703697
71713,7769646170385
2103329,284846576374032
4200481,4788446203740432
16783393,284846844805392
33560609,3371868160272
75809,25361832214785
534561,302438762414352
2107425,302438762418432
4204577,4806038389784832
16787489,302439030849792
33564705,20964054204672
149537,4524563413074177
280609,20964054139137
542753,302370042937617
2115617,302370042941697
4212769,4805969670308097
16795681,302370311373057
33572897,20895334727937
198689,4511369273540865
329761,7769914605825
591905,289175903404305
2164769,289175903408385
4261921,4792775530774785
16844833,289176171839745
33622049,7701195194625
657441,4788446203740432
2230305,4788446203744512
16910369,4788446472175872
33687585,4506971495530752
788513,284846844805392
2361377,284846844809472
4458529,4788446472175872
34080801,284778125394192
35653665,284778125398272
37750817,4788377752764672
28705,54086539936017
45089,19185635688720
77857,21101191102737
536609,300377144557872
1060897,18910758830352
53281,18910757781777
86049,20963752149267
8409121,53949100983057
167969,4505193077014800
299041,1593718079760
1085473,1335752655120
2134049,282793548452112
4231201,4786393175818512
16814113,282793816883472
33591329,1318840238352
200737,4507108632428817
331809,3509273493777
593953,284846542815537
1118241,3380157088017
8458273,20963752149777
659489,4786384585883952
1183777,4504918200156432
4329505,13793583840624912
8523809,4522501795218192
790561,282785226948912
1314849,1318841221392
8654881,18902436283152
17043489,282785763819792
33820705,1310787174672
1576993,282656110543152
2625569,845597472985392
4722721,5349197100351792
8917025,300239705604912
17305633,845597741416752
9441313,18773319877392
155681,4557686167306497
286753,54086808371457
1073185,53957691965697
8413217,124317845160705
172065,4522785263059200
303137,19185904124160
565281,300385734492432
1089569,18927938699520
2138145,300385734496512
4235297,4803985361862912
16818209,300386002927872
33595425,18911026282752
204833,4524700818473217
335905,21101459538177
1122337,20972343132417
1187873,4522510386200832
4333601,13811176026669312
1318945,18911027265792
17047585,300377949864192
33824801,18902973219072
8921121,335424077693712
10493985,335424077697792
12591137,4839023705064192
25174049,335424346129152
41951265,53949369484032
180257,4522510385152257
311329,18911026217217
213025,4524563379519747
344097,20964020584707
606241,302370009383187
2179105,302370009387267
4276257,4805969636753667
16859169,302370277818627
33636385,20895301173507
8536097,4557548728353537
8667169,53949369418497
8929313,335355358216977
10502177,335355358221057
12599329,4838954985587457
25182241,335355626652417
41959457,53880650007297
622625,284855132750097
1146913,3397336957185
2195489,284855132754177
4292641,4788454760120577
16875553,284855401185537
33652769,3380424540417
426017,4505193345450240
688161,4786393175818512
1212449,4504935380025600
2261025,4786393175822592
16941089,4786393444253952
33718305,4504918467608832
819233,282793816883472
1343521,1336021090560
2392097,282793816887552
4489249,4786393444253952
2654241,845606062919952
4751393,5349205690286352
8945697,300248295539472
17334305,845606331351312
9469985,18790499746560
6324257,5349205690290432
10518561,300248295543552
18907169,845606331355392
12615713,4803847922909952
21004321,5349205958721792
25198625,300248563974912
41975841,18773587329792
50364449,282656914866432
458785,4507108900864257
1245217,4506979784458497
4390945,13795645424926977
8585249,4524563379520257
1376289,3380425523457
8716321,20964020585217
17104929,284847348121857
33882145,3372371476737
1638433,284786414321937
2687009,847727776764177
4784161,5351327404130577
8978465,302370009383697
17367073,847728045195537
3211297,284786414326017
5308449,4788386041692417
17891361,284786682757377
34668577,3311706112257
6357025,5351327404134657
10551329,302370009387777
18939937,847728045199617
12648481,4805969636754177
21037089,5351327672566017
25231393,302370277819137
42008609,20895301174017
50397217,284778628710657
1441825,4504918468591872
4587553,13793584109060352
8781857,4522502063653632
17170465,4786385391190272
33947681,4504910414545152
4849697,14356396355092752
5373985,13793454992654592
9568289,4522372947247872
6422561,14356396355096832
12714017,13811038587716352
21102625,14356396623528192
17563681,845598278287632
9699361,18773588312832
18087969,282656915849472
34865185,1181939204352
19136545,845598278291712
21233697,5349197905658112
25428001,300240510911232
42205217,18765534266112
3670049,845537344491792
5767201,5349136971858192
9961505,300179577111312
18350113,845537612923152
11010081,863120939553552
13107233,5366720566919952
25690145,863121207984912
50855969,845529558876432
7340065,5349136971862272
11534369,300179577115392
19922977,845537612927232
13631521,4803779204481792
22020129,5349137240293632
26214433,300179845546752
42991649,18704868901632
51380257,282588196438272
14680097,5366720566924032
27263009,863121207988992
52428833,845529558880512
29360161,5366720835355392
54525985,5349129186246912
58720289,300171791500032
8641,337619058688257
65985,306764013633795
262593,302435223470337
524737,865315920544017
1049025,302370264187137
2097601,865315920548097
4194753,5368915547914497
33554881,302366504059137
1729,4506898482069777
2753,7696901210385
4801,3367540621617
17089,20891007189267
66241,7696867655955
262849,3368077492497
524993,284773797855537
1049281,3303118209297
8389313,20891007189777
16777921,284774334726417
33555137,3299358081297
3265,4511296528580865
17601,4524490634559747
66753,4511296495026435
132289,13514166422733057
263361,4506967704862977
1049793,4506902745579777
4195521,13795572679966977
8389825,4524490634560257
16778433,4788373962096897
33555649,4506898985451777
18625,25289053700355
264385,7766124003585
1050817,7701164720385
8390849,25289053700865
16779457,289172381237505
33556673,7697404592385
12481,21097148842257
20673,20959709888787
37057,3509257765137
69825,7765570355475
135361,4507104590168337
528577,284842500555057
1052865,3371820908817
8392897,20959709889297
16781505,284843037425937
33558721,3368060780817
41153,21101443809537
73921,25357756399875
139457,4524696776212737
1056961,20964006953217
16785601,302435223470337
33562817,20960246825217
49345,20964004856067
82113,25289036923143
147649,4524559337259267
540865,302365967122707
2113729,302365967126787
4210881,4805965594493187
98497,7769865322755
164033,4507108885135617
8421569,20964004856577
16810177,284847332393217
33587393,3372355748097
196801,4511365197725955
590017,289171827589395
2162881,289171827593475
4260033,4792771454959875
1179841,4506971448279297
4325569,13795641382666497
8519873,4524559337259777
16908481,4788442664796417
33685697,4506967688151297
786625,284843037425937
2359489,284843037430017
4456641,4788442664796417
17039553,284844111167745
33816769,3369134522625
1573057,284778078142737
2621633,847723734503697
4718785,5351323361870097
8913089,302365967123217
34078913,284774318014737
3145921,284778078146817
5243073,4788377705513217
6291649,5351323361874177
10485953,302365967127297
35651777,284774318018817
12583105,4805965594493697
37748929,4788373945385217
50331841,284775391756545
2881,302366016405777
17217,335351331684627
66369,302365982851347
525121,863116913017137
8389441,335351331685137
16778049,863117449888017
3393,4805965643776257
17729,4838950959055107
66881,4805965610221827
4195649,14373915795128577
8389953,4838950959055617
16778561,5366717077258497
10561,337619074416897
67905,306764029362435
264513,302435239198977
526657,865315936272657
2099521,865315936276737
4196673,5368915563643137
33556801,302366519787777
12609,335557473337617
20801,335420034384147
69953,302434685550867
266561,300373638119697
528705,863185615716657
8393025,335420034384657
16781633,863186152587537
24897,405788778561795
41281,335561768304897
139585,4839157100708097
532801,898369987805457
2105665,898369987809537
4202817,5401969615175937
8397121,405788778562305
33562945,335420571320577
49473,335424329351427
147777,4839019661754627
1065281,335355610923267
98625,302438980518147
295233,300377933086977
8421697,335424329351937
16810305,863190447554817
196929,4806034312921347
1114433,302370262089987
393537,4803973265490177
4325697,14373984497828097
8520001,4839019661755137
16908609,5366785779958017
786753,863186152587537
2359617,863186152591617
4456769,5366785779958017
17039681,863187226329345
17301825,1989017339953425
34079041,863117433176337
9437505,335355610923777
17826113,863121729126657
18874689,1989017339957505
35651905,863117433180417
20971841,6492616967323905
37749057,5366717060546817
50331969,863118506918145
3649,4506898548130065
5697,4504768177242417
17985,4522291643810067
132673,13511967431983377
263745,4504768714113297
525889,4786174434476337
4195905,13793373689217297
8390209,4522291643810577
16778817,4786174971347217
33556033,4504699994702097
10817,20959759171857
35393,3371868094737
133697,4506967200497937
1051201,3303149666577
2099777,284773830365457
4196929,4788373457731857
12865,18898141315377
21057,18760702361907
37441,1310250238257
135745,4504905582641457
8393281,18760702362417
16781889,282644029899057
33559105,1169053253937
25153,53945074450707
74305,20959725617427
270913,18898678186257
8397377,53945074451217
82497,20891006140695
279105,18761239232787
541249,300166959595827
16794177,300167496466707
33571393,18692519821587
98881,3371834540307
295489,1310787109137
197185,4506967166943507
1114689,3303116112147
2163265,284773796811027
4260417,4788373424177427
393793,4504906119512337
787009,282644029899057
8651329,18761239233297
2622017,845524726976817
4719169,5349124354343217
8913473,300166959596337
34079297,282575310487857
18874945,845525263847697
20972097,5349124891214097
25166401,300167496467217
41943617,18692519822097
7233,4506967200497937
11329,4524559386542337
35905,4506971495465217
527425,4788373457731857
1051713,4506902777037057
2100289,4788373457735937
70721,4506967166943507
136257,13512104837382417
267329,4504906119512337
25665,4557544701821187
74817,4524559352987907
140353,13529697023426817
271425,4522498305556737
8397889,4557544701821697
83009,4524490633511175
148545,13529559584473347
279617,4522360866603267
4211777,13810965841707267
16794689,4803767123837187
33571905,4522292147192067
99393,4506971461910787
164929,13512109132349697
296001,4504910414479617
590913,4788373424177427
1115201,4506902743482627
2163777,4788373424181507
8520769,13529559584473857
16909377,13793442912010497
33686593,13511967935365377
4457537,13793442912010497
8651841,4522360866603777
4719681,14356323609084177
17302593,5349124891214097
6292545,14356323609088257
18875457,5349124891218177
12584001,13810965841707777
37749825,13793374192599297
25166913,4803767123837697
41944129,4522292147192577
14401,21097164570897
22593,20959725617427
38977,3509273493777
71745,7765586084115
137281,4507104605896977
530497,284842516283697
8394817,20959725617937
16783425,284843053154577
33560641,3368076509457
43073,21101459538177
75841,25357772128515
141377,4524696791941377
16787521,302435239198977
33564737,20960262553857
51265,20964020584707
84033,25289052651783
149569,4524559352987907
542785,302365982851347
1067073,20895302156547
2115649,302365982855427
4212801,4805965610221827
100417,7769881051395
165953,4507108900864257
1083457,3380425523457
8423489,20964020585217
16812097,284847348121857
33589313,3372371476737
198721,4511365213454595
591937,289171843318035
1116225,7701162623235
2164801,289171843322115
4261953,4792771470688515
4327489,13795641398395137
8521793,4524559352988417
16910401,4788442680525057
33687617,4506967703879937
788545,284843053154577
1312833,3372372459777
2361409,284843053158657
4458561,4788442680525057
17041473,284844126896385
33818689,3369150251265
2623553,847723750232337
4720705,5351323377598737
8915009,302365982851857
34080833,284774333743377
9439297,20895302157057
17827905,284778629693697
34605121,3303653048577
6293569,5351323377602817
10487873,302365982855937
35653697,284774333747457
12585025,4805965610222337
37750849,4788373961113857
50333761,284775407485185
274497,19173539315985
536641,300373101248817
16789569,300373638119697
33566785,18898661474577
53313,18902419505427
86081,20959708840215
151617,4522497751908627
544833,300235662295347
16797761,300236199166227
33574977,18761222521107
299073,1585648238865
561217,282785210171697
1085505,1318824444177
8425537,18902419505937
16814145,282785747042577
33591361,1310770397457
1118273,3371818811667
2166849,284842499510547
4264001,4788442126876947
397377,4505180980642065
659521,4786380542574897
4329537,13793579797315857
8523841,4522497751909137
16912449,4786381079445777
33689665,4504906102800657
1314881,1310771380497
2363457,282781452079377
4460609,4786381079445777
17043521,282782525817105
33820737,1307549171985
2625601,845593429676337
4722753,5349193057042737
8917057,300235662295857
34082881,282644013187377
18878529,845593966547217
20975681,5349193593913617
25169985,300236199166737
41947201,18761222521617
548929,335420034384147
1073217,53949353689347
2121793,335420034388227
4218945,4839019661754627
303169,19177834283265
1089601,18911010488577
16818241,300377933086977
33595457,18902956441857
598081,302434685550867
1122369,20964004856067
2170945,302434685554947
4268097,4806034312921347
401473,4522773166686465
4333633,13811171983360257
16916545,4803973265490177
33693761,4522498288845057
794689,300373638119697
1318977,18902957424897
2367553,300373638123777
4464705,4803973265490177
17047617,300374711861505
33824833,18899735216385
8921153,335420034384657
17309761,863186152587537
9445441,53949353689857
10494017,335420034388737
18882625,863186152591617
12591169,4839019661755137
20979777,5366785779958017
114753,20964003807495
180289,4522502046875907
1097793,18773571535107
16826433,300240494133507
33603649,18765517488387
213057,4524559336210695
606273,302365966074135
1130561,20895285379335
2179137,302365966078215
4276289,4805965593444615
4341825,13811034544406787
16924737,4803835826536707
33701953,4522360849891587
802881,300236199166227
1327169,18765518471427
2375745,300236199170307
4472897,4803835826536707
17055809,300237272908035
33833025,18762296262915
2637889,863116896243987
4735041,5366716523610387
34095169,300167479755027
17842241,300171775705347
34619457,18696799060227
6307905,5366716523614467
35668033,300167479759107
37765185,4803767107125507
50348097,300168553496835
622657,284846794473747
2195521,284846794477827
4292673,4788446421844227
426049,4505185275609345
1212481,4504918451814657
4358209,13793584092283137
8552513,4522502046876417
16941121,4786385374413057
33718337,4504910397767937
819265,282785747042577
2392129,282785747046657
4489281,4786385374413057
17072193,282786820784385
33849409,1311844139265
17334337,845598261510417
9470017,18773571535617
17858625,282656899072257
34635841,1181922427137
18907201,845598261514497
21004353,5349197888880897
25198657,300240494134017
41975873,18765517488897
720961,4788442126876947
1245249,4506971446182147
2293825,4788442126881027
1638465,284778076045587
3211329,284778076049667
5308481,4788377703416067
917569,4786381079445777
1441857,4504910398750977
2490433,4786381079449857
17170497,4786382153187585
33947713,4504907176542465
4849729,14356392311783697
17432641,5349193593913617
6422593,14356392311787777
19005505,5349193593917697
12714049,13811034544407297
37879873,13793442895298817
25296961,4803835826537217
42074177,4522360849892097
2883649,845593966547217
4980801,5349193593913617
9175105,300236199166737
17563713,845595040284945
9699393,18765518471937
6553665,5349193593917697
10747969,300236199170817
19136577,845595040289025
12845121,4803835826537217
21233729,5349194667655425
25428033,300237272908545
42205249,18762296263425
50593857,282647234412801
18350145,845529543082257
11010113,863116896244497
19398721,1971425153913105
36175937,845525247136017
13107265,5366716523610897
21495873,6475024781279505
38273089,5349124874502417
42467393,300167479755537
50856001,845526320873745
19923009,845529543086337
22020161,5349129170452737
26214465,300171775705857
42991681,18696799060737
14680129,5366716523614977
23068737,6475024781283585
39845953,5349124874506497
44040257,300167479759617
52428865,845526320877825
46137409,4803767107126017
54526017,5349125948244225
58720321,300168553497345
1921,4805965376389392
2945,306763795530000
4993,302434434941232
9089,337618807030032
17281,337550087553297
1049473,302370012528912
2098049,865315668889872
4195201,5368915296256272
16778113,865315937321232
3457,4810363422900480
9601,4841218434400512
17793,4841149714923777
132481,13813233317052672
525697,5368915296256272
1049985,4805969639899392
2098561,5368915296260352
16778625,5368915564691712
10625,342016853541120
18817,341948134064385
67969,315559854997761
526721,869713715396880
1051009,306768059040000
2099585,869713715400960
4196737,5373313342767360
16779649,869713983832320
20865,337618790252817
37249,302576152084752
135553,4806171484487952
266625,302572125552912
1053057,302438715228432
2101633,865384371589392
4198785,5368983998955792
16781697,865384640020752
24961,407987534430465
74113,342016836763905
33563009,337619058753792
49537,337623085220097
147841,4841218417623297
278913,337619058688257
33571201,337550339277057
164225,4806175779455232
295297,302576420520192
557441,865388666552592
2130305,865388666556672
4227457,5368988293923072
16810369,865388934988032
590209,869713698619665
1114497,306768042262785
2163073,869713698623745
4260225,5373313325990145
16843137,869713967055105
393601,4806171752923392
655745,5368983998955792
1180033,4806038342598912
2228609,5368983998959872
16908673,5368984267391232
786817,865384640020752
1311105,302438983663872
2359681,865384640024832
4456833,5368984267391232
33816961,302435223535872
2621825,1991215558955280
4718977,6494815186321680
17301889,1991215827386640
34079105,865315920609552
34603393,302370264252672
6291841,6494815186325760
18874753,1991215827390720
35651969,865315920613632
20971905,6494815454757120
37749121,5368915547980032
3713,4511296327254288
9857,4524559119155472
18049,4524490399678737
34433,4506971228078352
67201,4511296260145425
263809,4506967201546512
2098817,4788373190349072
16778881,4788373458780432
33556097,4506898482135312
10881,25357538296080
19073,25288818819345
35457,7769647218960
133761,4511364979622160
264833,7765620687120
2099841,289171609489680
4196993,4792771236856080
16779905,289171877921040
33557121,7696901275920
21121,20959458230577
70273,7765318697265
529025,284842248896880
2101889,284842248900912
4199041,4788441876267312
16781953,284842517332272
33559169,3367540687152
25217,56143830319377
41601,21101192151312
139905,4524696524554512
270977,21097165619472
533121,302434434941232
1057409,20963755294992
82561,25288785264915
541313,302365715464497
1065601,20895035818257
164481,4507108633477392
295553,3509274542352
557697,284846543864112
8422017,20963753198352
590465,289171575931185
1114753,7700896284945
8454785,25288785265425
393857,4507104606945552
656001,4788441876267312
1180289,4506971196621072
4326017,13795641131008272
8520321,4524559085601552
787073,284842517332272
1311361,3371837686032
8651393,20959726666512
17040001,284843054203152
33817217,3368077558032
34079361,284773797921072
3146369,284777826488592
5243521,4788377453854992
17826433,284778094919952
34603649,3303118274832
6292097,5351323110215952
10486401,302365715469072
18875009,847723751280912
12583553,4805965342835472
20972161,5351323378647312
25166465,302365983900432
41943681,20891007255312
50332289,284774334791952
7297,4511364979622160
11393,4528957165666560
19585,4528888446189825
35969,4511369274589440
265345,4511365248057600
527489,4792771236856080
2100353,4792771236860160
16780417,4792771505291520
33557633,4511296528646400
13441,4524696524554512
38017,4507108633477392
267393,4507104606945552
529537,4788441876267312
1053825,4506971196621072
4199553,13795641131008272
8393857,4524559085601552
25729,4559743457689857
42113,4524700819521792
271489,4524696792989952
1057921,4524563382665472
4203649,13813233317052672
83073,4528888412635395
148609,13531758340342017
1066113,4524494663188737
4211841,13813164597575937
296065,4507108901912832
4228225,13795645425975552
8422529,4524563380568832
197761,13518564200808705
1115265,4511300523655425
4260993,13799970458042625
8455297,4528888412635905
656513,13795641131008272
2229377,13795641131012352
4326529,31810039640490240
16909441,13795641399443712
33686657,13514166422798592
1311873,4506971465056512
4457601,13795641399443712
8651905,4524559354036992
17040513,4788442681573632
33817729,4506967704928512
1574017,4788377453854992
2622593,5351323110215952
8914049,4805965342835472
17302657,5351323378647312
3146881,4788377453859072
17826945,4788377722290432
34604161,4506902745645312
10486913,4805965342839552
18875521,5351323378651392
37749889,13795572680032512
25166977,4805965611270912
41944193,4524490634625792
50332801,4788373962162432
14465,25494943695120
39041,7907052618000
71809,16561411719441
137345,4511502385021200
268417,7903026086160
530561,289240295407920
1054849,7769615761680
8394881,25357504742160
26753,60541876830465
43137,25499238662400
75905,34153597763841
141441,4529094571065600
272513,25495212130560
1058945,25361801806080
1067137,25293082329345
100481,16565706686721
166017,4511506679988480
297089,7907321053440
8423553,25361799709440
198785,4520161039089921
329857,16561680154881
592001,297967668953361
2164865,297967668957441
4262017,4801567296323841
16844929,297967937388801
33622145,16492960743681
395393,4511502653456640
1181825,4511369243132160
4327553,13800039177519360
8521857,4528957132112640
1312897,7769884197120
8652929,25357773177600
17041537,289241100714240
33818753,7766124069120
1575041,289175872995600
2623617,852121529356560
4720769,5355721156722960
8915073,306763761976080
17303681,852121797787920
3147905,289175872999680
5245057,4792775500366080
17827969,289176141431040
34605185,7701164785920
6293633,5355721156727040
10487937,306763761980160
18876545,852121797792000
12585089,4810363389346560
20973697,5355721425158400
25168001,306764030411520
41945217,25289053766400
50333825,289172381303040
45185,21376053281040
77953,25494926917905
143489,4524971385684240
274561,21372026749200
2109569,302571857121552
4206721,4806171484487952
16789633,302572125552912
33566849,21097148907792
53377,21101175374097
86145,25357487964435
151681,4524696507777297
282753,21097148842257
544897,302434418164017
1069185,20963738517777
102529,7907035840785
168065,4507383494607120
299137,3784135672080
2134145,284983966044432
4231297,4788583593410832
16814209,284984234475792
33591425,3509257830672
200833,4511502368243985
331905,7903009308945
594049,289240278630705
1118337,7769598984465
8458369,25357487964945
397441,4507379468075280
2232449,4788579298447632
16912513,4788579566878992
33689729,4507104590233872
2363521,284979939512592
4460673,4788579566878992
34082945,284842500620592
3149953,284846529188112
5247105,4788446156554512
17830017,284846797619472
34607233,3371820974352
6295681,5351391812915472
10489985,302434418168592
18878593,847792453980432
12587137,4806034045534992
20975745,5351392081346832
25170049,302434686599952
41947265,20959709954832
50335873,284843037491472
548993,337618790252817
2121857,337618790256897
4219009,4841218417623297
16801921,337619058688257
33579137,56144082043137
106625,25499221885185
172161,4524975680651520
303233,21376321716480
565377,302576152084752
2138241,302576152088832
4235393,4806175779455232
16818305,302576420520192
33595521,21101443875072
204929,4529094554288385
336001,25495195353345
1122433,25361785028865
401537,4524971654119680
663681,4806171484487952
2236545,4806171484492032
16916609,4806171752923392
33693825,4524696776278272
794753,302572125552912
2367617,302572125556992
4464769,4806171752923392
1581185,302438715228432
2629761,865384371589392
4726913,5368983998955792
17309825,865384640020752
3154049,302438715232512
5251201,4806038342598912
17834113,302438983663872
34611329,20964007018752
6299777,5368983998959872
18882689,865384640024832
20979841,5368984267391232
50339969,302435223535872
114817,25361782931715
180353,4524700802744577
311425,21101443809537
213121,4528957115334915
344193,25357756399875
606337,306763745198355
2179201,306763745202435
4276353,4810363372568835
16859265,306764013633795
33636481,25289036988675
409729,4524696776212737
1196161,4524563365888257
4341889,13813233300275457
1327233,20964006953217
17055873,302435223470337
33833089,20960246825217
1589377,302369995751697
2637953,865315652112657
4735105,5368915279479057
17318017,865315920544017
3162241,302369995755777
5259393,4805969623122177
17842305,302370264187137
34619521,20895287542017
6307969,5368915279483137
18890881,865315920548097
20988033,5368915547914497
50348161,302366504059137
229505,4511506663211265
360577,7907304276225
8487041,25361782932225
426113,4507383763042560
688257,4788583593410832
2261121,4788583593414912
16941185,4788583861846272
33718401,4507108885201152
819329,284984234475792
2392193,284984234479872
4489345,4788583861846272
2654337,847796480512272
4751489,5351396107878672
8945793,302438713131792
17334401,847796748943632
6324353,5351396107882752
10518657,302438713135872
18907265,847796748947712
12615809,4806038340502272
21004417,5351396376314112
25198721,302438981567232
41975937,20964004922112
50364545,284847332458752
458881,4511502636679425
1245313,4511369226354945
4391041,13800039160742145
8585345,4528957115335425
1376385,7769867419905
8716417,25357756400385
17105025,289241083937025
33882241,7766107291905
1638529,289175856218385
2687105,852121512579345
4784257,5355721139945745
8978561,306763745198865
17367169,852121781010705
3211393,289175856222465
5308545,4792775483588865
17891457,289176124653825
34668673,7701148008705
6357121,5355721139949825
10551425,306763745202945
18940033,852121781014785
12648577,4810363372569345
21037185,5355721408381185
25231489,306764013634305
42008705,25289036989185
50397313,289172364525825
917633,4788579566878992
2490497,4788579566883072
1704065,4788446156554512
2752641,5351391812915472
9044097,4806034045534992
17432705,5351392081346832
3276929,4788446156558592
17956993,4788446424989952
34734209,4506971448344832
10616961,4806034045539072
19005569,5351392081350912
37879937,13795641382732032
25297025,4806034313970432
42074241,4524559337325312
50462849,4788442664861952
1835137,284846797619472
2883713,847792453980432
4980865,5351392081346832
9175169,302434686599952
34340993,284843037491472
3408001,284846797623552
5505153,4788446424989952
6553729,5351392081350912
10748033,302434686604032
35913857,284843037495552
12845185,4806034313970432
38011009,4788442664861952
50593921,284844111233280
35127425,284778078208272
6815873,6477223000281360
19398785,1973623641346320
36176001,847723734569232
21495937,6477223268712720
38273153,5351323361935632
42467457,302365967188752
36700289,284778078212352
38797441,4788377705578752
23068801,6477223268716800
39846017,5351323361939712
44040321,302365967192832
46137473,4805965594559232
3841,4805965442449680
5889,4803835071562032
9985,4839019443650832
18177,4838950724174097
67329,4805965375340817
132865,13811034326302992
2098945,5366716305510672
16779009,5366716573942032
35585,302438762414352
68353,306763794481425
133889,4806034094817552
264961,302434735882512
1051393,302370043986192
33557249,302366016471312
21249,335419782725937
37633,300377144557872
70401,302434433892657
135937,4803972476961072
267009,300373118026032
529153,863185364058480
2102017,863185364062512
4199169,5366784991428912
16782081,863185632493872
41729,335561516646672
74497,337618805981457
140033,4839156849049872
271105,335557490114832
2106113,898369736151312
4203265,5401969363517712
8397569,405788526904080
16786177,898370004582672
2114305,898301016674577
4211457,5401900644040977
8405761,405719807427345
16794369,898301285105937
557825,863189659025712
8422145,335424077693712
2163457,865315667841297
4260609,5368915295207697
16843521,865315936272657
656129,5366784991428912
4326145,14373984246169872
8520449,4839019410096912
787201,863185632493872
8651521,335420051161872
17040129,863186169364752
1573633,863120940597552
2622209,1989016551428400
4719361,6492616178794800
17302273,1989016819859760
34079489,863116913082672
9437953,335355359265552
41943809,335351331750672
50332417,863117449953552
7425,4806034094817552
36097,4806038389784832
68865,4810363421851905
265473,4806034363252992
1051905,4805969671356672
33557761,4805965643841792
13569,4839156849049872
136449,13811171731702032
529665,5366784991428912
4199681,14373984246169872
8393985,4839019410096912
42241,4839161144017152
75009,4841218433351937
271617,4839157117485312
533761,5401969363517712
2106625,5401969363521792
8398081,4909388154274560
16786689,5401969631953152
148737,13846218664837377
541953,5401900644040977
2114817,5401900644045057
8406273,4909319434797825
16794881,5401900912476417
165121,13811176026669312
4228353,14373988541137152
8422657,4839023705064192
197889,13813233316004097
591105,5368915295207697
2163969,5368915295211777
16844033,5368915563643137
394497,13811172000137472
656641,14373984246169872
2229505,14373984246173952
4326657,32388382755651840
16909569,14373984514605312
4457729,14373984514605312
8652033,4839019678532352
17040641,5366785796735232
4719873,15499815433535760
5244161,14373919822708992
9438465,4838954986636032
6292737,15499815433539840
20972801,15499815701971200
37750017,14373915795194112
41944321,4838950959121152
50332929,5366717077324032
22785,337618805981457
39169,302576167813392
137473,4806171500216592
268545,302572141281552
2103553,865384387318032
4200705,5368984014684432
16783617,865384655749392
26881,407987550159105
76033,342016852492545
1059073,337623101997312
33564929,337619074482432
51457,337623100948737
149761,4841218433351937
280833,337619074416897
1067265,337554382520577
33573121,337550355005697
166145,4806175795183872
297217,302576436248832
559361,865388682281232
1083649,302447319843072
2132225,865388682285312
4229377,5368988309651712
16812289,865388950716672
592129,869713714348305
2164993,869713714352385
4262145,5373313341718785
16845057,869713982783745
395521,4806171768652032
657665,5368984014684432
2230529,5368984014688512
16910593,5368984283119872
788737,865384655749392
2361601,865384655753472
4458753,5368984283119872
33818881,302435239264512
1575169,865319963853072
2623745,1991215574683920
4720897,6494815202050320
17303809,1991215843115280
34081025,865315936338192
3148033,865319963857152
5245185,5368919591223552
17828097,865320232288512
6293761,6494815202054400
18876673,1991215843119360
35653889,865315936342272
20973825,6494815470485760
37751041,5368915563708672
28929,405925949079825
45313,335836377776400
143617,4839431710179600
274689,335832351244560
1061121,335561500918032
33566977,335557473403152
53505,335561499869457
151809,4839156832272657
282881,335557473337617
2117889,898369719374097
4215041,5401969346740497
8409345,405788510126865
16797953,898369987805457
102657,302576151036177
1085697,300385718763792
2134273,863327081206032
4231425,5366926708572432
16814337,863327349637392
200961,4806171483439377
332033,302572124504337
2167041,865384370540817
4264193,5368983997907217
16847105,865384638972177
2232577,5366922413609232
16912641,5366922682040592
2363649,863323054674192
4460801,5366922682040592
33820929,300373638185232
1577217,863189643297072
2625793,1989085254127920
4722945,6492684881494320
17305857,1989085522559280
34083073,863185615782192
9441537,335424061965072
41947393,335420034450192
50336001,863186152653072
57601,405930244047105
155905,4909525576450305
286977,405926217515265
549121,968738463547665
2121985,968738463551745
4219137,5472338090918145
16802049,968738731983105
172289,4839436005146880
303361,335836646211840
33595649,335561768370432
1122561,337623085220097
33628417,337619057705217
401665,4839431978615040
1188097,4839161128288512
33693953,4839157100773632
1319169,335561769353472
1581313,898374015385872
2629889,2024269626216720
4727041,6527869253583120
17309953,2024269894648080
34087169,898369987870992
3154177,898374015389952
5251329,5401973642756352
9445633,405792806142720
17834241,898374283821312
6299905,6527869253587200
18882817,2024269894652160
35660033,898369987875072
20979969,6527869522018560
37757185,5401969615241472
41951489,405788778627840
180481,4839161127239937
311553,335561768304897
573697,898374014337297
1097985,335432651899137
2146561,898374014341377
4243713,5401973641707777
8438017,405792805094145
16826625,898374282772737
409857,4839157100708097
672001,5401969346740497
2244865,5401969346744577
8536321,4909388137497345
16924929,5401969615175937
803073,898369987805457
2375937,898369987809537
4473089,5401969615175937
8667393,405788778562305
33833217,335420571320577
1589505,898305295909137
2638081,2024200906739985
4735233,6527800534106385
17318145,2024201175171345
34095361,898301268394257
3162369,898305295913217
5259521,5401904923279617
9453825,405724086665985
17842433,898305564344577
6308097,6527800534110465
18891009,2024201175175425
35668225,898301268398337
20988161,6527800802541825
37765377,5401900895764737
41959681,405720059151105
229633,4806175778406657
360705,302576419471617
622849,865388665504017
1147137,302447303065857
2195713,865388665508097
4292865,5368988292874497
16875777,865388933939457
688385,5366926708572432
1212673,4803985346134272
2261249,5366926708576512
16941313,5366926977007872
819457,863327349637392
1343745,300385987199232
2392321,863327349641472
4489473,5366926977007872
33849601,300377933152512
1605889,863198233231632
3178753,863198233235712
5275905,5366797860602112
17858817,863198501667072
41976065,335424329417472
50364673,863190447620352
459009,4806171751874817
721153,5368983997907217
2294017,5368983997911297
16974081,5368984266342657
852225,865384638972177
2425089,865384638976257
4522241,5368984266342657
33882369,302435222487297
1638657,865319947075857
2687233,1991215557906705
4784385,6494815185273105
17367297,1991215826338065
34144513,865315919560977
3211521,865319947079937
5308673,5368919574446337
17891585,865320215511297
6357249,6494815185277185
18940161,1991215826342145
35717377,865315919565057
21037313,6494815453708545
37814529,5368915546931457
917761,5366922682040592
2490625,5366922682044672
33947905,4803973265555712
4849921,15499884136235280
5374209,14373988525408512
9568513,4839023689335552
6422785,15499884136239360
21102849,15499884404670720
37880065,14373984497893632
42074369,4839019661820672
50462977,5366785780023552
17563905,1989086059430160
34341121,863186152653072
9699585,335424330400512
18088193,863190448603392
19136769,1989086059434240
35913985,863186152657152
21233921,6492685686800640
38011137,5366785780023552
50594049,863187226394880
6816001,8744415975706896
19398913,4240816616771856
21496065,8744416244138256
50856193,1989017340018960
42991873,335355610989312
51380481,863121729192192
23068929,8744416244142336
52429057,1989017340023040
54526209,6492616967389440
11777,4524559185215760
19969,4524490465739025
36353,4506971294138640
69121,4511296326205713
265729,4506967267606800
1052161,4506902575710480
2100737,4788373256409360
16780801,4788373524840720
33558017,4506898548195600
22017,4522360094851377
529921,4786242885517680
1054209,4504772204822832
2102785,4786242885521712
16782849,4786243153953072
33560065,4504768177307952
26113,4557544466940177
42497,4522501828772112
75265,4524559118106897
271873,4522497802240272
534017,4803835071562032
4204033,13811034326302992
148993,13529559349592337
542209,4803766352085297
4212225,13810965606826257
99841,4506971227029777
296449,4504909911163152
558593,4786247180484912
1082881,4504780794757392
4228609,13793446435225872
8422913,4522364389819152
329217,4506967200497937
1115649,4506902508601617
2164225,4788373189300497
16844289,4788373457731857
33621505,4506898481086737
1181185,13511971459563792
2229761,13793442140262672
4326913,31807840649740560
16909825,13793442408694032
33687041,13511967432048912
787969,4786243153953072
4457985,13793442408694032
8652289,4522360363287312
17040897,4786243690823952
33818113,4504768714178832
1574401,4786178462056752
34080257,4786174434541872
5244417,13793377716797712
9438721,4522295671390992
10487297,4803766352089872
18875905,5349124387901712
37750273,13793373689282832
25167361,4803766620521232
41944577,4522291643876112
50333185,4786174971412752
76289,25357537247505
1059329,20963786752272
2107905,302434467451152
4205057,4806034094817552
16787969,302434735882512
33565185,20959759237392
51713,20963785703697
150017,4524559118106897
281089,20959759171857
1067521,20895067275537
2116097,302365747974417
4213249,4805965375340817
16796161,302366016405777
33573377,20891039760657
100865,7769646170385
2132481,284846576374032
4229633,4788446203740432
16812545,284846844805392
33589761,3371868160272
199169,4511364978573585
330241,7765619638545
1116673,7700927742225
2165249,289171608441105
4262401,4792771235807505
16845313,289171876872465
33622529,7696900227345
1182209,4506971228078352
2230785,4788441908777232
16910849,4788442177208592
33688065,4506967200563472
1313281,3371869143312
2361857,284842549842192
4459009,4788442177208592
3148289,284777857945872
5245441,4788377485312272
17828353,284778126377232
34605569,3303149732112
35654145,284773830430992
37751297,4788373457797392
45569,19177045754160
143873,4522772378157360
274945,19173019222320
537089,300372849590640
1061377,18902168895792
2109953,300372849594672
4207105,4803972476961072
16790017,300373118026032
33567233,18898141380912
53761,18902167847217
152065,4522497500250417
283137,18898141315377
168449,4505184487080240
299521,1585128145200
561665,282784958513520
2134529,282784958517552
4231681,4786384585883952
16814593,282785226948912
33591809,1310250303792
594433,284842247848305
1118721,3371567153457
2167297,284842247852337
4264449,4788441875218737
16847361,284842516283697
33624577,3367539638577
397825,4505180460548400
659969,4786380290916720
1184257,4504909610221872
2232833,4786380290920752
16912897,4786380559352112
33690113,4504905582706992
791041,282780931981680
1315329,1310251286832
2363905,282780931985712
4461057,4786380559352112
2626049,845593178018160
4723201,5349192805384560
8917505,300235410637680
17306113,845593446449520
9441793,18764729942832
6296065,5349192805388592
10490369,300235410641712
18878977,845593446453552
12587521,4803835038008112
20976129,5349193073819952
25170433,300235679073072
41947649,18760702427952
50336257,282644029964592
57857,54086539936017
156161,4557681872339217
287233,54082513404177
549377,335419782725937
8413697,124313550193425
107009,21101191102737
565761,300377144557872
1090049,18910758830352
205313,4524696523505937
336385,21097164570897
598529,302434433892657
664065,4803972476961072
4334081,13811171731702032
795137,300373118026032
17048065,300373654896912
33825281,18898678251792
2630145,863185364062512
4727297,5366784991428912
17310209,863185632493872
9445889,53949102031632
10494465,335419782730512
12591617,4839019410096912
25174529,335420051161872
41951745,53945074516752
115201,20963752149267
8438273,53949100983057
213505,4524559084552467
344577,20959725617427
1131009,20895033721107
2179585,302365714419987
4276737,4805965341786387
16859649,302365982851347
33636865,20891006206227
8536577,4557544433386257
8667649,53945074451217
2638337,863116644585777
4735489,5366716271952177
17318401,863116913017137
9454081,53880382554897
10502657,335351063253777
12599809,4838950690620177
25182721,335351331685137
41959937,53876355040017
229889,4507108632428817
360961,3509273493777
623105,284846542815537
1147393,3380157088017
8487425,20963752149777
688641,4786384585883952
1212929,4504918200156432
4358657,13793583840624912
8552961,4522501795218192
819713,282785226948912
1344001,1318841221392
8684033,18902436283152
17072641,282785763819792
33849857,1310787174672
1606145,282656110543152
2654721,845597472985392
4751873,5349197100351792
8946177,300239705604912
17334785,845597741416752
9470465,18773319877392
459265,4507104605896977
721409,4788441875218737
4391425,13795641129959697
8585729,4524559084552977
852481,284842516283697
8716801,20959725617937
17105409,284843053154577
33882625,3368076509457
1638913,284777824387377
34144769,284773796872497
9503233,20895033721617
6357505,5351323109167377
10551809,302365714420497
18940417,847723750232337
12648961,4805965341786897
21037569,5351323377598737
25231873,302365982851857
42009089,20891006206737
50397697,284774333743377
918017,4786380559352112
4588033,13793579814093072
8782337,4522497768686352
17170945,4786381096222992
33948161,4504906119577872
2753025,5349192805388592
9044481,4803835038008112
17433089,5349193073819952
6423041,14356392060129552
12714497,13811034292749072
21103105,14356392328560912
2884097,845593446453552
4981249,5349193073819952
9175553,300235679073072
34341377,282644029964592
19137025,845593983324432
21234177,5349193610690832
25428481,300236215943952
42205697,18761239298832
3670529,845528754557232
5767681,5349128381923632
9961985,300170987176752
18350593,845529022988592
6816257,6475023992754480
19399169,1971424633819440
36176385,845524727042352
21496321,6475024261185840
38273537,5349124354408752
42467841,300166959661872
14680577,5366716271956752
27263489,863116913021712
52429313,845525263913232
29360641,5366716540388112
54526465,5349124891279632
58720769,300167496532752
23553,4524559118106897
72705,4511364978573585
1055745,4506971228078352
2104321,4788441908777232
16784385,4788442177208592
33561601,4506967200563472
76801,4528957164617985
535553,4806034094817552
1059841,4524563414122752
2108417,4806034094821632
16788481,4806034363252992
33565697,4524559386607872
52225,4524563413074177
281601,4524559386542337
543745,4805965375340817
1068033,4524494694646017
2116609,4805965375344897
16796673,4805965643776257
33573889,4524490667131137
101377,4511369273540865
560129,4788446203740432
2132993,4788446203744512
16813057,4788446472175872
33590273,4506971495530752
330753,4511365247009025
592897,4792771235807505
1117185,4511300555112705
2165761,4792771235811585
16845825,4792771504242945
33623041,4511296527597825
789505,4788442177208592
1313793,4506971496513792
2362369,4788442177212672
1575937,4788377485312272
34081793,4788373457797392
3148801,4788377485316352
17828865,4788377753747712
34606081,4506902777102592
35654657,4788373457801472
29697,4557681872339217
78849,4524696523505937
144385,13529971632898320
537601,4803972476961072
4207617,13811171731702032
87041,4524559084552467
152577,13529696754991377
8410113,4557544433386257
103425,4507108632428817
168961,13512383741821200
562177,4786384585883952
1086465,4504918200156432
4232193,13793583840624912
8426497,4522501795218192
332801,4507104605896977
594945,4788441875218737
4264961,13795641129959697
8459265,4524559084552977
398337,13512379715289360
1184769,13512108864962832
2233345,13793579545661712
4330497,31807978055139600
16913409,13793579814093072
33690625,13512104837447952
791553,4786380559352112
4461569,13793579814093072
8655873,4522497768686352
17044481,4786381096222992
33821697,4504906119577872
2626561,5349192805388592
8918017,4803835038008112
17306625,5349193073819952
6296577,14356392060129552
12588033,13811034292749072
20976641,14356392328560912
58369,4557686167306497
287745,4557682140774657
4219905,13846218664837377
8414209,4627913177563905
107521,4524700818473217
173057,13529975927865600
1090561,4522510386200832
4236289,13811176026669312
336897,4524696791941377
4269057,13813233316004097
402433,13529971901333760
664577,13811171731702032
1188865,13529701051007232
2237441,13811171731706112
4334593,31825570241184000
16917505,13811172000137472
33694721,13529697023492352
4465665,13811172000137472
17048577,4803973282267392
33825793,4522498305622272
4727809,14373984246169872
8922113,4839019410096912
9446401,4557548729402112
6300673,14373984246173952
10494977,4839019410100992
20980737,14373984514605312
25175041,4839019678532352
41952257,4557544701887232
115713,4524563379519747
181249,13529701049958657
8438785,4557548728353537
345089,4524559352987907
607233,4805965341786387
1131521,4524494661091587
2180097,4805965341790467
16860161,4805965610221827
33637377,4524490633576707
410625,13529697023426817
8668161,4557544701821697
4736001,14373915526693137
8930305,4838950690620177
9454593,4557480009925377
6308865,14373915526697217
10503169,4838950690624257
20988929,14373915795128577
25183233,4838950959055617
41960449,4557475982410497
361473,4507108900864257
1147905,4506979784458497
4293633,13795645424926977
8487937,4524563379520257
427009,13512384010256640
689153,13793583840624912
2262017,13793583840628992
4359169,31807982350106880
16942081,13793584109060352
33719297,13512109132415232
1344513,4504918468591872
4490241,13793584109060352
8684545,4522502063653632
17073153,4786385391190272
33850369,4504910414545152
4752385,14356396355092752
5276673,13793454992654592
9470977,4522372947247872
6325249,14356396355096832
12616705,13811038587716352
21005313,14356396623528192
721921,13795641129959697
1246209,13514170449264897
2294785,13795641129963777
4391937,31810039639441665
16974849,13795641398395137
33752065,13514166421750017
4523009,13795641398395137
8717313,4524559352988417
17105921,4788442680525057
33883137,4506967703879937
2688001,5351323109167377
8979457,4805965341786897
17368065,5351323377598737
5309441,13795576706498817
9503745,4524494661092097
10552321,4805965341790977
18940929,5351323377602817
37815297,13795572678983937
25232385,4805965610222337
42009601,4524490633577217
50398209,4788373961113857
918529,13793579814093072
1442817,13512109133398272
2491393,13793579814097152
4588545,31807978323575040
2753537,14356392060129552
4850689,32370790569607440
9044993,13811034292749072
17433601,14356392328560912
9569281,13529563612054272
6423553,32370790569611520
10617857,13811034292753152
19006465,14356392328564992
12715009,31825432802231040
21103617,32370790838042880
25297921,13811034561184512
42075137,13529559584539392
50463745,13793442912076032
4981761,14356392328560912
17564673,5349193610690832
6554625,14356392328564992
19137537,5349193610694912
12846081,13811034561184512
38011905,13793442912076032
25428993,4803835843314432
42206209,4522360866669312
5768193,14356327636664592
6816769,15482223247495440
11011073,5366716271956752
21496833,15482223515926800
38274049,14356323609149712
25691137,5366716540388112
50856961,5349124891279632
7341057,14356327636668672
13632513,13810969869288192
22021121,14356327905100032
23069697,15482223515930880
39846913,14356323609153792
27264001,5366716540392192
52429825,5349124891283712
46138369,13810965841773312
58721281,4803767123903232
47105,21376069009680
79873,25494942646545
145409,4524971401412880
276481,21372042477840
1062913,21101192151312
2111489,302571872850192
4208641,4806171500216592
16791553,302572141281552
33568769,21097164636432
55297,21101191102737
88065,25357503693075
153601,4524696523505937
284673,21097164570897
546817,302434433892657
104449,7907051569425
169985,4507383510335760
301057,3784151400720
2136065,284983981773072
4233217,4788583609139472
16816129,284984250204432
33593345,3509273559312
202753,4511502383972625
333825,7903025037585
595969,289240294359345
8460289,25357503693585
399361,4507379483803920
1185793,4507108633477392
2234369,4788579314176272
16914433,4788579582607632
33691649,4507104605962512
1316865,3509274542352
2365441,284979955241232
4462593,4788579582607632
1579009,284846543864112
34084865,284842516349232
9443329,20963753198352
6297601,5351391828644112
10491905,302434433897232
18880513,847792469709072
12589057,4806034061263632
20977665,5351392097075472
25171969,302434702328592
41949185,20959725683472
50337793,284843053220112
550913,337618805981457
1075201,56148125286657
2123777,337618805985537
4220929,4841218433351937
16803841,337619074416897
33581057,56144097771777
108545,25499237613825
174081,4524975696380160
305153,21376337445120
567297,302576167813392
2140161,302576167817472
4237313,4806175795183872
16820225,302576436248832
33597441,21101459603712
206849,4529094570017025
337921,25495211081985
403457,4524971669848320
665601,4806171500216592
1189889,4524700819521792
2238465,4806171500220672
16918529,4806171768652032
33695745,4524696792006912
796673,302572141281552
1320961,21101460586752
2369537,302572141285632
4466689,4806171768652032
2631681,865384387318032
4728833,5368984014684432
17311745,865384655749392
6301697,5368984014688512
18884609,865384655753472
20981761,5368984283119872
50341889,302435239264512
116737,25361798660355
182273,4524700818473217
313345,21101459538177
1099777,20972343132417
215041,4528957131063555
346113,25357772128515
608257,306763760926995
1132545,25293080232195
2181121,306763760931075
4278273,4810363388297475
16861185,306764029362435
33638401,25289052717315
411649,4524696791941377
4343809,13813233316004097
17057793,302435239198977
33835009,20960262553857
2639873,865315667841297
4737025,5368915295207697
17319937,865315936272657
6309889,5368915295211777
18892801,865315936276737
20989953,5368915563643137
50350081,302366519787777
231425,4511506678939905
362497,7907320004865
1148929,7778203599105
8488961,25361798660865
428033,4507383778771200
690177,4788583609139472
2263041,4788583609143552
16943105,4788583877574912
33720321,4507108900929792
821249,284984250204432
2394113,284984250208512
4491265,4788583877574912
1607681,284855133798672
2656257,847796496240912
4753409,5351396123607312
8947713,302438728860432
17336321,847796764672272
3180545,284855133802752
5277697,4788454761169152
17860609,284855402234112
34637825,3380425588992
6326273,5351396123611392
10520577,302438728864512
18909185,847796764676352
12617729,4806038356230912
21006337,5351396392042752
25200641,302438997295872
41977857,20964020650752
50366465,284847348187392
460801,4511502652408065
4392961,13800039176470785
8587265,4528957131064065
8718337,25357772129025
17106945,289241099665665
33884161,7766123020545
2689025,852121528307985
4786177,5355721155674385
8980481,306763760927505
17369089,852121796739345
9504769,25293080232705
6359041,5355721155678465
10553345,306763760931585
18941953,852121796743425
12650497,4810363388297985
21039105,5355721424109825
25233409,306764029362945
42010625,25289052717825
50399233,289172380254465
919553,4788579582607632
1443841,4507108901912832
2492417,4788579582611712
2754561,5351391828644112
9046017,4806034061263632
17434625,5351392097075472
5376001,13795645425975552
9570305,4524563380568832
10618881,4806034061267712
19007489,5351392097079552
37881857,13795641398460672
25298945,4806034329699072
42076161,4524559353053952
50464769,4788442680590592
2885633,847792469709072
4982785,5351392097075472
9177089,302434702328592
34342913,284843053220112
9701377,20964021633792
18089985,284847349170432
34867201,3372372525312
6555649,5351392097079552
10749953,302434702332672
35915777,284843053224192
12847105,4806034329699072
38012929,4788442680590592
50595841,284844126961920
3672065,847727777812752
5769217,5351327405179152
9963521,302370010432272
18352129,847728046244112
6817793,6477223016010000
19400705,1973623657074960
36177921,847723750297872
21497857,6477223284441360
38275073,5351323377664272
42469377,302365982917392
7342081,5351327405183232
11536385,302370010436352
19924993,847728046248192
13633537,4805969637802752
22022145,5351327673614592
26216449,302370278867712
42993665,20895302222592
51382273,284778629759232
23070721,6477223284445440
39847937,5351323377668352
44042241,302365982921472
46139393,4805965610287872
61441,54361401065745
159745,4557956733468945
290817,54357374533905
1077249,54086524207377
2125825,335557204906257
4222977,4839156832272657
16805889,335557473337617
33583105,54082496692497
110593,21376052232465
176129,4523326412161296
307201,19727053226256
569345,300652005687600
1093633,19185619960080
208897,4524971384635665
339969,21372025700625
1126401,21101175374097
2174977,302571856072977
4272129,4806171483439377
16855041,302572124504337
33632257,21097147859217
405505,4523322385629456
667649,4804247338090800
4337665,13811446592831760
798721,300647979155760
17051649,300648516026640
33828865,19173539381520
1585153,300377128829232
34091009,300373101314352
6303745,5366922413609232
18886657,863323054674192
20983809,5366922682040592
50343937,300373638185232
577537,300377127780657
1101825,18910742053137
1134593,20963736420627
2183169,302434417119507
4280321,4806034044485907
16863233,302434685550867
33640449,20959708905747
675841,4803972460183857
4345857,13811171714924817
806913,300373101248817
17059841,300373638119697
33837057,18898661474577
2641921,863185347285297
4739073,5366784974651697
17321985,863185615716657
9457665,53949085254417
10506241,335419765953297
12603393,4839019393319697
25186305,335420034384657
41963521,53945057739537
233473,4507383493558545
364545,3784134623505
2199553,284983964995857
4296705,4788583592362257
16879617,284984233427217
33656833,3509256782097
430081,4505734494552336
692225,4786659447013680
1216513,4505193061286160
4362241,13793858701754640
8556545,4522776656347920
823297,283060088078640
1347585,1593702351120
8687617,19177297412880
17076225,283060624949520
33853441,1585648304400
34115585,282785210237232
3182593,282793532723472
5279745,4786393160089872
17862657,282793801154832
34639873,1318824509712
6328321,5349334522532112
10522625,300377127785232
18911233,845735163597072
12619777,4803976755151632
21008385,5349334790963472
25202689,300377396216592
41979905,18902419571472
50368513,282785747108112
462849,4507379467026705
1249281,4507108616700177
2297857,4788579297399057
16977921,4788579565830417
33755137,4507104589185297
1380353,3509257765137
2428929,284979938464017
4526081,4788579565830417
1642497,284846527086897
34148353,284842499572017
9506817,20963736421137
6361089,5351391811866897
10555393,302434417120017
18944001,847792452931857
12652545,4806034044486417
21041153,5351392080298257
25235457,302434685551377
42012673,20959708906257
50401281,284843036442897
921601,4786655420481840
4591617,13793854675222800
8785921,4522772629816080
17174529,4786655957352720
33951745,4505180980707600
1708033,4786384570155312
34213889,4786380542640432
5378049,13793583824896272
9572353,4522501779489552
10620929,4803972460188432
19009537,5349330496000272
37883905,13793579797381392
25300993,4803972728619792
42078209,4522497751974672
50466817,4786381079511312
1839105,282785211220272
9703425,18902420554512
18092033,282785748091152
34869249,1310771446032
6557697,5349330496000272
10752001,300373101253392
35917825,282781452144912
12849153,4803972728619792
38014977,4786381079511312
50597889,282782525882640
3674113,845597457256752
5771265,5349197084623152
9965569,300239689876272
18354177,845597725688112
6819841,6475092695454000
19402753,1971493336518960
36179969,845593429741872
21499905,6475092963885360
38277121,5349193057108272
42471425,300235662361392
14684161,5366784974656272
27267073,863185615721232
52432897,845593966612752
29364225,5366785243087632
54530049,5349193593979152
58724353,300236199232272
188417,4557961028436225
319489,54361669501185
581633,335561499869457
2154497,335561499873537
4251649,4839161127239937
16834561,335561768304897
33611777,54086791659777
417793,4557957001904385
679937,4839156832272657
1204225,4557686151577857
2252801,4839156832276737
16932865,4839157100708097
33710081,4557682124062977
811009,335557473337617
1335297,54086792642817
2383873,335557473341697
4481025,4839157100708097
2646017,898369719374097
4743169,5401969346740497
8937473,405788510126865
17326081,898369987805457
9461761,124317829432065
6316033,5401969346744577
10510337,405788510130945
18898945,898369987809537
12607489,4909388137497345
20996097,5401969615175937
25190401,405788778562305
41967617,124313801917185
50356225,335420571320577
237569,4524975679602945
368641,21376320667905
630785,302576151036177
2203649,302576151040257
4300801,4806175778406657
16883713,302576419471617
33660929,21101442826497
434177,4523326680596736
1220609,4522785247330560
4366337,13811450887799040
1351681,19185888395520
17080321,300652810993920
33857537,19177834348800
1613825,300385718763792
2662401,863327081206032
4759553,5366926708572432
17342465,863327349637392
3186689,300385718767872
5283841,4803985346134272
17866753,300385987199232
34643969,18911010554112
6332417,5366926708576512
18915329,863327349641472
21012481,5366926977007872
50372609,300377933152512
466945,4524971653071105
729089,4806171483439377
1253377,4524700802744577
2301953,4806171483443457
16982017,4806171751874817
33759233,4524696775229697
860161,302572124504337
1384449,21101443809537
2433025,302572124508417
4530177,4806171751874817
2695169,865384370540817
4792321,5368983997907217
17375233,865384638972177
6365185,5368983997911297
18948097,865384638976257
21045249,5368984266342657
50405377,302435222487297
4595713,13811446861267200
17178625,4804248143397120
33955841,4522773166752000
2760705,5366922413609232
17440769,5366922682040592
5382145,13811176010940672
19013633,5366922682044672
37888001,13811171983425792
50470913,4803973265555712
2891777,863323054674192
4988929,5366922682040592
34349057,300373638185232
18096129,300377934135552
34873345,18902957490432
6561793,5366922682044672
35921921,300373638189312
38019073,4803973265555712
50601985,300374711927040
9969665,335424061965072
42475521,335420034450192
50864129,863186152653072
11542529,335424061969152
13639681,4839023689335552
26222593,335424330400512
42999809,53949353755392
44048385,335420034454272
52436993,863186152657152
46145537,4839019661820672
54534145,5366785780023552
638977,302438712082707
2211841,302438712086787
4308993,4806038339453187
16891905,302438980518147
33669121,20964003873027
1228801,4522510369423617
4374529,13811176009892097
1359873,18911010488577
17088513,300377933086977
33865729,18902956441857
8962049,335424060916497
10534913,335424060920577
12632065,4839023688286977
25214977,335424329351937
41992193,53949352706817
737281,4806034044485907
1261569,4524563363791107
2310145,4806034044489987
16990209,4806034312921347
33767425,4524559336276227
868353,302434685550867
1392641,20964004856067
2441217,302434685554947
4538369,4806034312921347
1654785,302369993654547
34160641,302365966139667
3227649,302369993658627
5324801,4805969621025027
17907713,302370262089987
34684929,20895285444867
35733505,302365966143747
37830657,4805965593510147
4603905,13811171983360257
17186817,4803973265490177
33964033,4522498288845057
4866049,14373984229392657
9060353,4839019393319697
9584641,4557548712624897
6438913,14373984229396737
10633217,4839019393323777
21118977,14373984497828097
25313281,4839019661755137
42090497,4557544685110017
9191425,335420034384657
17580033,863186152587537
9715713,53949353689857
10764289,335420034388737
19152897,863186152591617
12861441,4839019661755137
21250049,5366785779958017
9977857,335355342488337
42483713,335351314973457
50872321,863117433176337
11550721,335355342492417
13647873,4838954969858817
26230785,335355610923777
43008001,53880634278657
44056577,335351314977537
52445185,863117433180417
46153729,4838950942343937
54542337,5366717060546817
491521,4507383761993985
753665,4788583592362257
2326529,4788583592366337
17006593,4788583860797697
33783809,4507108884152577
884737,284984233427217
2457601,284984233431297
4554753,4788583860797697
1671169,284855117021457
2719745,847796479463697
4816897,5351396106830097
9011201,302438712083217
17399809,847796747895057
3244033,284855117025537
5341185,4788454744391937
17924097,284855385456897
34701313,3380408811777
6389761,5351396106834177
10584065,302438712087297
18972673,847796747899137
12681217,4806038339453697
21069825,5351396375265537
25264129,302438980518657
42041345,20964003873537
50429953,284847331410177
1474561,4505193329721600
4620289,13793858970190080
8814593,4522776924783360
17203201,4786660252320000
33980417,4505185275674880
1736705,4786393160089872
2785281,5349334522532112
9076737,4803976755151632
17465345,5349334790963472
3309569,4786393160093952
17989633,4786393428525312
34766849,4504918451880192
10649601,4803976755155712
19038209,5349334790967552
37912577,13793584092348672
25329665,4803977023587072
42106881,4522502046941952
50495489,4786385374478592
1867777,282793801154832
2916353,845735163597072
5013505,5349334790963472
9207809,300377396216592
34373633,282785747108112
3440641,282793801158912
5537793,4786393428525312
6586369,5349334790967552
10780673,300377396220672
35946497,282785747112192
12877825,4803977023587072
38043649,4786385374478592
50626561,282786820849920
3702785,845606047191312
5799937,5349205674557712
9994241,300248279810832
18382849,845606315622672
11042817,863189642253072
13139969,5366789269619472
25722881,863189910684432
50888705,845598261575952
7372801,5349205674561792
11567105,300248279814912
19955713,845606315626752
13664257,4803847907181312
22052865,5349205942993152
26247169,300248548246272
43024385,18773571601152
51412993,282656899137792
14712833,5366789269623552
27295745,863189910688512
52461569,845598261580032
29392897,5366789538054912
54558721,5349197888946432
58753025,300240494199552
983041,4788579565830417
1507329,4507108885135617
2555905,4788579565834497
2818049,5351391811866897
9109505,4806034044486417
17498113,5351392080298257
5439489,13795645409198337
9633793,4524563363791617
10682369,4806034044490497
19070977,5351392080302337
37945345,13795641381683457
25362433,4806034312921857
42139649,4524559336276737
50528257,4788442663813377
2949121,847792452931857
5046273,5351392080298257
9240577,302434685551377
34406401,284843036442897
9764865,20964004856577
18153473,284847332393217
34930689,3372355748097
6619137,5351392080302337
10813441,302434685555457
35979265,284843036446977
12910593,4806034312921857
38076417,4788442663813377
50659329,284844110184705
3735553,847727761035537
5832705,5351327388401937
10027009,302369993655057
18415617,847728029466897
6881281,6477222999232785
19464193,1973623640297745
36241409,847723733520657
21561345,6477223267664145
38338561,5351323360887057
42532865,302365966140177
7405569,5351327388406017
11599873,302369993659137
19988481,847728029470977
13697025,4805969621025537
22085633,5351327656837377
26279937,302370262090497
43057153,20895285445377
51445761,284778612982017
23134209,6477223267668225
39911425,5351323360891137
44105729,302365966144257
46202881,4805965593510657
3014657,5349330496000272
9306113,4803972728619792
34471937,4786381079511312
5636097,13793584093331712
9830401,4522502047924992
18219009,4786385375461632
34996225,4504910398816512
10878977,4803972728623872
36044801,4786381079515392
50724865,4786382153253120
5898241,14356396339364112
6946817,15482291950194960
11141121,5366784974656272
21626881,15482292218626320
38404097,14356392311849232
25821185,5366785243087632
50987009,5349193593979152
7471105,14356396339368192
13762561,13811038571987712
22151169,14356396607799552
23199745,15482292218630400
39976961,14356392311853312
27394049,5366785243091712
52559873,5349193593983232
46268417,13811034544472832
58851329,4803835826602752
18612225,845598262558992
11272193,863185615721232
19660801,1971493873389840
36438017,845593966612752
13369345,5366785243087632
21757953,6475093500756240
38535169,5349193593979152
42729473,300236199232272
51118081,845595040350480
20185089,845598262563072
22282241,5349197889929472
26476545,300240495182592
43253761,18765518537472
14942209,5366785243091712
23330817,6475093500760320
40108033,5349193593983232
44302337,300236199236352
52690945,845595040354560
46399489,4803835826602752
54788097,5349194667720960
58982401,300237272974080
12058625,863120923824912
14155777,5366720551191312
26738689,863121192256272
51904513,845529543147792
15204353,6492616162022160
23592961,8726824058097936
27787265,1989016803087120
44564481,863116896310032
52953089,1971425153978640
29884417,6492616430453520
46661633,5366716523676432
55050241,6475024781345040
15728641,5366720551195392
28311553,863121192260352
53477377,845529543151872
30408705,5366720819626752
55574529,5349129170518272
59768833,300171775771392
31457281,6492616430457600
48234497,5366716523680512
56623105,6475024781349120
62,4503612529120017
94,4503604190843667
542,4503603939185457
1054,13510803193926417
4126,4503672641884977
16414,4521196108452627
32798,4503681231819537
65566,4504703434035987
131102,13510871896625937
524318,4785078899118897
1048606,4503612513391377
2097182,4785078899127057
4194334,13792278153859857
33554462,4503604190974737
110,13170184467
1070,4503612562673937
2094,1112446931217
4142,81621225777
16430,17605087793427
65582,1112413376787
524334,281487878459697
2097198,281487878467857
8388654,17605087793937
33554478,13170315537
590,4580249907
4174,73282949427
32846,81872883987
262222,73819820307
524366,281479540183347
1048654,13154455827
2097230,281479540191507
8388686,17596749517587
16777294,281480077054227
65678,3302830969107
1048718,1112399745297
16654,334255829881107
524558,862021411213617
2097422,862021411221777
8388878,334255829881617
1550,4503603972739377
2574,1103856996657
16910,17596497858867
33294,81621225777
66062,1103823442227
1049102,12902797617
2097678,281479288533297
8389134,17596497859377
33554958,4580380977
67598,3302846697747
12302,17802639511857
20494,17665200558387
69646,1172526141747
135182,4503810080837937
266254,210721902897
1052686,81605497137
2101262,281547991232817
8392718,17665200558897
33558542,73283080497
24590,52849572647187
40974,17811229446417
8396814,52849572647697
49166,17673790492947
540686,299071457792307
1064974,17605072064787
2113550,299071457800467
33570830,17596749648147
98318,1181116076307
163854,4503818670772497
294926,219311837457
557070,281556581159217
2129934,281556581167377
8421390,17673790493457
33587214,81873015057
589838,282578783375667
1114126,1112397648147
2162702,282578783383827
8454158,18695992709907
33619982,1104075231507
33816590,73819951377
1572878,281487862731057
4718606,5348028852539697
8912910,299071457792817
17301518,844429493604657
34078734,281479540314417
3145742,281487862739217
9437198,17605072065297
34603022,13154586897
6291470,5348028852547857
10485774,299071457800977
18874382,844429493612817
35651598,281479540322577
41943054,17596749648657
50331662,281480077185297
118,4503612797555457
182,4504712041796352
310,4802679691875072
4150,4503681248596752
8246,4521273434641152
16438,4521204715164417
32822,4503698428465920
65590,4504712040747777
262198,4503681517032192
524342,4785087505830672
1048630,4503629710037760
8388662,4521204715165440
16777270,4785087774266112
1110,13510803462361857
16470,4521196376888067
32854,4503681500254977
65622,4504703702471427
131158,13510872165061377
262230,4503673447191297
1048662,4503612781826817
2097238,4785079167562497
4194390,13792278422295297
16777302,4785079704425217
1174,13511902706602752
2198,4506902475117312
32918,4504780744495872
65686,4506902458340097
131222,13511971409302272
2097302,4786178411803392
4194454,13793377666536192
33554582,4504703703651072
1302,13809870356681472
8470,4837924176728832
16662,4837855457252097
33046,4802748394574592
131350,13809939059380992
524566,5365621038584592
1048854,4802679676146432
8388886,4837855457253120
16777494,5365621307020032
33554710,4802671353729792
2582,4504703484367632
4630,4503672658662192
33302,4503681248596752
131606,13510871913403152
524822,4785078915896112
1049110,4503612530168592
2097686,4785078915904272
4194838,13792278170637072
33554966,4503604207751952
5142,13510871913403152
9238,13528464099447552
17430,13528395379970817
66582,13511902705554177
132118,31525270422885120
263190,13510872181838592
525334,13792278170637072
4195350,31806676680119040
8389654,13528395379971840
16778262,13792278439072512
34838,4504780760224512
67606,4506902474068737
133142,13511971425030912
1050646,4504712041796352
2099222,4786178427532032
4196374,13793377682264832
33556502,4504703719379712
12310,4521402266882832
266262,4503810349273872
528406,4785147618595632
1052694,4503681232868112
2101270,4785147618603792
4198422,13792346873336592
33558550,4503672910451472
24598,4556449200018177
270358,4521402535318272
1056790,4521273418912512
2105366,4802739804648192
4202518,13809939059380992
8396822,4556449200019200
33562646,4521265096495872
49174,4521273417863937
81942,4522295620080387
147478,13528464082670337
1064982,4521204699435777
2113558,4802671085171457
4210710,13809870339904257
8405014,4556380480542465
33570838,4521196377019137
98326,4504780743447297
557078,4785156208530192
1081366,4503698412737280
8421398,4521273417864960
16810006,4785156476965632
196630,13511971408253697
1114134,4504712025019137
2162710,4786178410754817
4259862,13793377665487617
33619990,4504703702602497
655382,13792346873336592
4325398,31806745382818560
8519702,13528464082671360
16908310,13792347141772032
1310742,4503681501303552
2359318,4785147887039232
4456470,13792347141772032
17039382,4785148423901952
1572886,4785087490102032
17301526,5348029120975632
34078742,4785079167685392
9437206,4521204699436800
17825814,4785087758537472
10485782,4802671085172480
12582934,13809870339905280
41943062,4521196377020160
614,13203738897
1126,4503612831109377
2150,1112715366657
16486,17605356228867
65638,1112681812227
262246,82426532097
2097254,281488146903297
8388710,17605356229377
16777318,281488683766017
678,1112447979792
1190,4504712075350272
65702,3311437680897
1048742,1129596391680
2097318,282587391144192
8388774,18704600470272
33554598,1112682991872
806,299080098058512
1318,4802679725428992
2342,300179609686272
8486,334333156069632
16678,334264436592897
524582,862030017925392
4194598,5365629645295872
16777510,862030286360832
33554726,299080333070592
1574,4503612629782800
2598,1112514040080
8742,17673840824592
16934,17605121347857
33318,98834649360
66086,1112446931217
131622,4503681282150672
262694,81923215632
1049126,30116221200
4194854,4785087539384592
16777766,281488180449552
3110,4504712141410560
5158,4503681282150672
9254,4521273468195072
17446,4521204748718337
33830,4503698462019840
66598,4504712074301697
263206,4503681550586112
525350,4785087539384592
1049638,4503629743591680
16778278,4785087807820032
6182,1181166407952
10278,18773352452352
18470,18704632975617
34854,1198346277120
133158,4504780793778432
264230,1181434843392
526374,282587423641872
1050662,1129627848960
4196390,4786187051012352
16779302,282587692077312
12326,17811246223632
36902,236240048400
135206,4503818687549712
266278,219328614672
528422,281556597936432
2101286,281556597944592
8392742,17673807270672
33558566,81889792272
24614,52858179358977
40998,17828426092800
139302,4521410873594112
270374,17811514659072
2105382,299148783988992
33562662,17674075836672
81958,18704599421187
2113574,299080064512257
33570854,17605356359937
163878,4503835867418880
294950,236508483840
1081382,133161881856
2129958,281573777813760
8421414,17690987139840
33587238,99069661440
2162726,282587390095617
8454182,18704599421697
33620006,1112681943297
393254,4503818955985152
2228262,4785156225315072
4325414,13792355480047872
8519718,4521273434641152
33685542,4503681517162752
2359334,281556866380032
8650790,17674075706112
17039398,281557403242752
4718630,5348037459251472
8912934,299080064504592
17301542,844438100316432
34078758,281488147026192
3145766,281505059385600
9437222,17622268711680
34603046,30351233280
12582950,4802679691875072
20971558,5348037727686912
37748774,4785087774396672
25165862,299080332940032
65734,3303099404547
1048774,1112668180737
33554630,1104613150977
16710,334256098316547
2097478,862021679657217
8388934,334256098317057
16777542,862022216519937
33554758,299072263229697
33555014,5117251857
33555526,4503604744622337
67654,3303115133187
33556550,1104628879617
36934,219311837457
266310,211258773777
33558598,73819951377
24646,52849841082627
41030,17811497881857
270406,17803444818177
8396870,52849841083137
33562694,17666005995777
49222,17674058928387
278598,17666005864707
1065030,17605340500227
2113606,299071726235907
16793670,299072263098627
98374,1181384511747
163910,4503818939207937
2129990,281556849602817
8421446,17674058928897
16810054,281557386465537
327750,1173331448067
1114182,1112666083587
2162758,282579051819267
8454214,18696261145347
16842822,282579588681987
393286,4503810886144257
33685574,4503673447321857
1310790,82410803457
2359366,281548796539137
8650822,17666005865217
33816646,74893693185
2621510,844429493612817
17301574,844430030475537
34078790,281480077185297
3145798,281488131174657
9437254,17605340500737
17825862,281488668037377
6291526,5348029120983297
10485830,299071726236417
20971590,5348029657846017
37748806,4785079704555777
25165894,299072263099137
50331718,281481150927105
1048966,300179562500352
2097542,863120923898112
8388998,335355342557952
2694,3302881300752
1049222,1112416522512
3206,4506902508671232
1049734,4504712043892992
34950,3380157157632
2099334,284777824465152
8390790,20895033791232
33556614,3303116312832
36998,1318556078352
1052806,1181119222032
41094,18910742122752
1056902,18773305266432
8396934,53949085324032
82054,20895017013507
1065094,18704585789697
8405126,53880365847297
98438,3380140380417
163974,4504918183448832
295046,1318824513792
1081478,1198299091200
2130054,282656093843712
8421510,18773303169792
33587334,1181385691392
2162822,284777807687937
8454278,20895017014017
33620102,3303099535617
1179782,4504780746592512
1310854,1181387657472
33816710,1173332627712
1572998,282587376455952
2621574,845528737853712
5243014,4786187003826432
17825926,282587644891392
6291590,5349128365224192
10485894,300170970477312
18874502,845529006289152
35651718,282579052998912
41943174,18696262324992
50331782,282579589861632
525062,862021427990832
2097926,862021427998992
8389382,334255846658832
2098438,5365621055369472
4195590,14372820310102272
8389894,4837855474029312
2099462,863120939626752
8390918,335355358286592
12550,334461988311312
37126,299286206157072
528646,862090130690352
2101510,862090130698512
8392966,334324549358352
139526,4838061615681792
270598,334462256746752
532742,897274502779152
1057030,334333140340992
4202758,5400874130149632
8397062,404693293536000
16785670,897274771214592
33562886,334324817924352
49414,334333139292417
82182,335355341508867
540934,897205783302417
1065222,334264420864257
4210950,5400805410672897
8405254,404624574059265
16793862,897206051737857
33571078,334256098447617
164102,4802885833527552
295174,299286474592512
557318,862098720624912
4227334,5365698347995392
16810246,862098989060352
33587462,299149035770112
2162950,863120922849537
8454406,335355341509377
2228486,5365689758068992
4325638,14372889012801792
8519942,4837924176728832
2359558,862090399133952
8651014,334324817793792
17039622,862090935996672
33816838,299140982706432
1573126,862030002196752
2621702,1987921318064400
34078982,862021679780112
5243142,5365629629567232
17826054,862030270632192
34603270,299080317341952
6291718,6491520945434880
18874630,1987921586499840
37748998,5365621307150592
5638,4503672692216112
34310,4503681282150672
132614,13510871946957072
525830,4785078949450032
1050118,4503612563722512
2098694,4785078949458192
4195846,13792278204190992
8390150,4521196158784272
33555974,4503604241305872
6662,1172576473392
35334,1181166407952
68102,3302880252177
526854,282578833707312
1051142,1112447979792
2099718,282578833715472
8391174,18696043041552
33556998,1104125563152
12806,17802656289072
135686,4503810097615152
266758,210738680112
1053190,81622274352
2101766,281548008010032
8393222,17665217336112
33559046,73299857712
41478,17811246223632
8397318,52849589424912
8405510,52780869948177
164358,4503818687549712
295430,219328614672
557574,281556597936432
2130438,281556597944592
8421894,17673807270672
33587718,81889792272
33817094,73836728592
1573382,281487879508272
4719110,5348028869316912
8913414,299071474570032
17302022,844429510381872
34079238,281479557091632
3146246,281487879516432
9437702,17605088842512
34603526,13171364112
6291974,5348028869325072
10486278,299071474578192
18874886,844429510390032
35652102,281479557099792
41943558,17596766425872
50332166,281480093962512
35846,4504780793778432
68614,4506902507622657
134150,13511971458584832
1051654,4504712075350272
2100230,4786178461085952
4197382,13793377715818752
8391686,4522295670412032
33557510,4504703752933632
37894,4503818687549712
136198,13511009352356112
41990,4521410873594112
140294,13528601538400512
8397830,4556449216795392
8406022,4556380497318657
295942,4503818955985152
2130950,4785156225315072
4228102,13792355480047872
8422406,4521273434641152
33588230,4503681517162752
394246,13511009620791552
1180678,13510880504385792
2229254,13792346890121472
8520710,13528464099447552
33686534,13510872181969152
33817606,4503673464099072
2622470,5348028869325072
4719622,14355228124057872
3146758,4785087506886912
5243910,13792286761619712
9438214,4521204716212992
34604038,4503612798734592
10486790,4802671101948672
18875398,5348029137760512
35652614,4785079184470272
12583942,13809870356681472
20972550,14355228392493312
37749766,13792278439203072
41944070,4521196393796352
50332678,4785079721332992
38918,1318571806992
43014,18910757851392
8398854,53949101052672
83974,20895032742147
8407046,53880381575937
100358,3380156109057
165894,4504918199177472
296966,1318840242432
2131974,282656109572352
8423430,18773318898432
33589254,1181401420032
1116166,3311437680897
2164742,284777823416577
8456198,20895032742657
33622022,3303115264257
33818630,1173348356352
2623494,845528753582352
3147782,282587391144192
9439238,18704600470272
34605062,1112682991872
6293510,5349128380952832
10487814,300170986205952
18876422,845529022017792
35653638,282579068727552
41945094,18696278053632
50333702,282579605590272
28678,52987011600657
45062,18086107353360
536582,299277616222512
1060870,17811230494992
2109446,299277616230672
33566726,17802908078352
53254,17811229446417
8409094,52849572647697
102406,1318555029777
167942,4504093548679440
299014,494189744400
1085446,236224319760
4231174,4785293647483152
16814086,281694288548112
659462,4785285057548592
1183750,4503818671821072
2232326,4785285057556752
4329478,13792484312289552
8523782,4521402266882832
33689606,4503810349404432
790534,281685698613552
1314822,219312886032
2363398,281685698621712
8654854,17802907947792
17043462,281686235484432
1576966,281556582207792
4722694,5348097572016432
8916998,299140177269552
17305606,844498213081392
34082822,281548259791152
3149830,281556582215952
9441286,17673791542032
34607110,81874063632
6295558,5348097572024592
10489862,299140177277712
18878470,844498213089552
35655686,281548259799312
41947142,17665469125392
50335750,281548796662032
90118,53949084274947
155654,4556586638971137
286726,52987280036097
1073158,52858163630337
2121734,334324549366017
8413190,123218316825345
33579014,52849841213697
106502,18910741074177
172038,4521685734723840
303110,18086375788800
565254,299286206157072
1089542,17828410364160
4235270,4802885833527552
16818182,299286474592512
8462342,53949084275457
1187846,4521410857865472
2236422,4802877243601152
4333574,13810076498333952
33693702,4521402535448832
1318918,17811498930432
2367494,299277884666112
17047558,299278421528832
2629638,862090130698512
8921094,334324549358352
3153926,299148768260352
34611206,17674060108032
6299654,5365689758068992
18882566,862090399133952
35659782,299140445843712
12591110,4837924176728832
25174022,334324817793792
50339846,299140982706432
114694,18773302120707
180230,4521410856816897
311302,17811497881857
2146310,299148767211777
33603590,17674059059457
1130502,18704583692547
2179078,300170969428227
33636358,18696261275907
8536070,4556449200018177
8667142,52849841083137
33832966,17666005995777
2637830,862021411221777
8929286,334255829881617
3162118,299080048783617
34619398,17605340631297
6307846,5365621038592257
18890758,862021679657217
35667974,299071726366977
12599302,4837855457252097
25182214,334256098317057
50348038,299072263229697
229382,4504918182400257
360454,1318823465217
2195462,282656092795137
8486918,18773302121217
33652742,1181384642817
425990,4504093817114880
688134,4785293647483152
1212422,4503835851690240
16941062,4785293915918592
819206,281694288548112
1343494,236492755200
4489222,4785293915918592
4751366,5348106161950992
8945670,299148767204112
17334278,844506803015952
34111494,281556849725712
3178502,281573762085120
9469958,17690971411200
34635782,99053932800
12615686,4802748394574592
21004294,5348106430386432
37781510,4785156477096192
25198598,299149035639552
33882118,1173331579137
2686982,845528736805137
3211270,282587374366977
9502726,18704583693057
34668550,1112666214657
6356998,5349128364175617
10551302,300170969428737
18939910,845529005240577
35717126,282579051950337
42008582,18696261276417
50397190,282579588813057
1441798,4503818940256512
2490374,4785285325992192
4587526,13792484580724992
8781830,4521402535318272
17170438,4785285862854912
2752518,5348097572024592
4849670,14355296826757392
3276806,4785156209586432
5373958,13792355464319232
9568262,4521273418912512
34734086,4503681501434112
10616838,4802739804648192
19005446,5348097840460032
35782662,4785147887169792
12713990,13809939059380992
21102598,14355297095192832
37879814,13792347141902592
42074118,4521265096495872
50462726,4785148424032512
2883590,844498213089552
17563654,844498749952272
34340870,281548796662032
3407878,281556850651392
9699334,17674059977472
18087942,281557387514112
6553606,5348097840460032
10747910,299140445713152
21233670,5348098377322752
38010886,4785148424032512
25427974,299140982575872
50593798,281549870403840
5767174,5348037443522832
9961478,299080048775952
18350086,844438084587792
35127302,281488131297552
6815750,6473928759390480
19398662,1970329400455440
13107206,5365621038584592
38273030,5348029121106192
25690118,862021679649552
42467334,299071726359312
13631494,4802679676146432
22020102,5348037711958272
38797318,4785087758668032
26214406,299080317211392
23068678,6473929027825920
29360134,5365621307020032
46137350,4802671353729792
186,4504712041726737
314,4802679691805457
8250,4521273434571537
32826,4503698428396305
262202,4503681516962577
1048634,4503629709968145
2097210,4785087505765137
8388666,4521204715095825
16777274,4785087774196497
33554490,4503612797551377
218,4504703703450387
346,4802671353529107
2138,4504703719179027
8282,4521265096295187
16474,4521196376818455
65626,4504703702401815
2097242,4785079167488787
8388698,4521196376819475
666,4504703451792177
1178,13511902706533137
2202,4506902475047697
4250,4504772154491697
16538,4522295621059347
32922,4504780744426257
131226,13511971409232657
524442,4786178411725617
4194458,13793377666466577
794,4802671101870897
1306,13809870356611857
4378,4802739804570417
8474,4837924176659217
33050,4802748394504977
65818,4803770596721427
131354,13809939059311377
1048858,4802679676076817
2097434,5365621038519057
8388890,4837855457183505
16777498,5365621306950417
4634,4503672658592625
8730,4521264844636977
262682,4503672927028017
524826,4785078915826545
2097690,4785078915830577
8389146,4521196125161265
16777754,4785079184261937
33554970,4503604207616817
9242,13528464099377937
132122,31525270422815505
263194,13510872181768977
2098202,13792278170571537
4195354,31806676680049425
8389658,13528395379902225
16778266,13792278439002897
33555482,13510803462357777
6170,4504772170220337
18458,4522295636787987
34842,4504780760154897
133146,13511971424961297
526362,4786178427454257
1050650,4504712041726737
4196378,13793377682195217
528410,4785147618526065
2101274,4785147618530097
8392730,4521264827860785
16781338,4785147886961457
33558554,4503672910316337
73754,4522364339487507
270362,4521402535248657
532506,4802739804570417
1056794,4521273418842897
4202522,13809939059311377
8396826,4556449199949585
81946,4522295620010775
278554,4521265096295187
2113562,4802671085097747
16793626,4802671353529107
33570842,4521196376883987
1081370,4503698412667665
2129946,4785156208464657
8421402,4521273417795345
16810010,4785156476896017
33587226,4503681500250897
327706,4504772421878547
2162714,4786178410681107
8454170,4522295620011795
16842778,4786178679112467
33619994,4504703702467347
2228250,13792346873271057
4325402,31806745382748945
8519706,13528464082601745
16908314,13792347141702417
33685530,13510872165057297
786458,4785147886961457
1310746,4503681501233937
4456474,13792347141702417
17039386,4785148423832337
33816602,4503673447187217
8912922,4802671085094705
34078746,4785079167550257
3145754,4785087490036497
9437210,4521204699367185
17825818,4785087758467857
34603034,4503612781822737
18874394,5348029120910097
12582938,13809870339835665
37748762,13792278422291217
50331674,4785079704421137
234,1112682791187
362,299080332869907
8298,17674075635987
16490,17605356159255
32874,99069460755
65642,1112681742615
131178,4503681516962067
1048682,30351032595
2097258,281488146829587
4194410,4785087774195987
1194,4504712075280657
4266,1181133832497
16554,18704600400147
524458,282587391066417
1048746,1129596322065
8388778,18704600400657
1322,4802679725359377
2346,300179609616657
4394,299148783911217
8490,334333156000017
65834,300179576062227
2097450,862030017859857
4194602,5365629645226257
16777514,862030286291217
3114,4504712141340945
9258,4521273468125457
33834,4503698461950225
263210,4503681550516497
1049642,4503629743522065
2098218,4785087539319057
16778282,4785087807750417
33555498,4503612831105297
10282,18773352382737
34858,1198346207505
133162,4504780793708817
264234,1181434773777
1050666,1129627779345
2099242,282587423576337
4196394,4786187050942737
16779306,282587692007697
33556522,1112715362577
528426,281556597866865
1052714,98802073905
2101290,281556597870897
4198442,4785156225237297
16781354,281556866302257
33558570,81889657137
41002,17828426023185
73770,18773318828307
139306,4521410873524497
270378,17811514589457
532522,299148783911217
49194,17690987069715
81962,18704599351575
147498,4521273434571027
278570,17674075635987
1065002,17622268641555
2113578,299080064438547
4210730,4802679691804947
16793642,299080332869907
33570858,17605356224787
98346,1198312653075
163882,4503835867349265
294954,236508414225
557098,281573777735985
1081386,133161812241
8421418,17690987070225
196650,4504780760154387
327722,1181401219347
1114154,1129594224915
2162730,282587390021907
4259882,4786187017388307
16842794,282587658453267
33620010,1112681808147
393258,4503818955915537
655402,4785156225237297
4325418,13792355479978257
8519722,4521273434571537
786474,281556866302257
8650794,17674075636497
17039402,281557403173137
33816618,82426528017
1572906,281505059307825
34078762,281488146891057
9437226,17622268642065
6291498,5348037459185937
10485802,299080064439057
18874410,844438100250897
12582954,4802679691805457
20971562,5348037727617297
25165866,299080332870417
41943082,17605356225297
50331690,281488683761937
714,1104092856627
2250,3303116112147
4298,1172795556147
32970,1181385490707
65738,3303099334935
262346,1173332427027
524490,282579052790067
8388810,18696262124307
16777418,282579589660947
33554634,1104613015827
842,299071742935347
4426,299140445634867
8522,334324817723667
16714,334256098246935
33098,299149035569427
262474,299140982505747
1048906,299080317141267
2097482,862021679583507
4194634,5365621306949907
33554762,299072263094547
4682,73299657075
8778,17665485701427
16970,17596766224695
66122,1104091808055
131658,4503672927027507
524874,281479556890995
2097738,281479556895027
4194890,4785079184261427
3146,4504703752732947
5194,4503672927027507
33866,4503681516962067
132170,13510872181768467
263242,4503673463898387
525386,4785079184261427
1049674,4503612798533907
4195402,13792278439002387
8389706,4521196393595667
16778314,4785079721132307
33555530,4503604744487187
6218,1172811284787
34890,1181401219347
67658,3303115063575
264266,1173348155667
526410,282579068518707
1050698,1112682791187
8390730,18696277852947
16779338,282579605389587
33556554,1104628744467
20554,17665468924215
69706,1172794507575
528458,281548259590515
2101322,281548259594547
4198474,4785147886960947
24650,52849841013015
139338,4521402535248147
532554,299140445634867
1056842,17674059907347
16785482,299140982505747
33562698,17666005860627
49226,17674058858775
81994,18696261075231
278602,17666005795095
540746,299071726158135
1065034,17605340430615
16793674,299072263029015
33570890,17597286383895
98378,1181384442135
1081418,99053732115
2129994,281556849529107
4227146,4785156476895507
327754,1173331378455
589898,282579051741495
1114186,1112666013975
8454218,18696261075735
16842826,282579588612375
33620042,1104611967255
655434,4785147886960947
1179722,4503681501233427
4325450,13792347141701907
8519754,4521265096295187
16908362,4785148423831827
33685578,4503673447186707
2359370,281548796465427
4456522,4785148423831827
17039434,281549870203155
33816650,74893558035
3145802,281488131100947
5242954,4785087758467347
6291530,5348029120909587
10485834,299071726162707
35651658,281480077054227
12582986,4802671353529107
37748810,4785079704420627
50331722,281481150791955
16778,335355342487827
65930,302369993654547
524682,863120923820337
1048970,300179562430737
8389002,335355342488337
1674,4504703485346097
17034,18696010465587
33418,1181133832497
8389258,18696010466097
3210,4506902508601617
66698,4506902475047187
1049738,4504712043823377
6282,3371567153457
18570,20895033721107
34954,3380157088017
67722,7700894187795
526474,284777824387377
8390794,20895033721617
12426,18902152118577
20618,18764713165107
135306,4504909593444657
266378,1310234509617
8392842,18764713165617
24714,53949085253907
41098,18910742053137
73866,20963736420627
1056906,18773305196817
8396938,53949085254417
49290,18773303099667
82058,20895016943895
540810,300170970399027
163978,4504918183379217
295050,1318824444177
557194,282656093765937
1081482,1198299021585
8421514,18773303100177
196746,4506971177746707
327818,3371818811667
2162826,284777807614227
4259978,4788377434980627
16842890,284778076045587
33620106,3303099400467
1179786,4504780746522897
1310858,1181387587857
2621578,845528737780017
4718730,5349128365146417
8913034,300170970399537
17301642,845529006211377
3145866,282587376390417
5243018,4786187003756817
17825930,282587644821777
34603146,1112668176657
1802,4802671135424817
2826,300171019682097
8970,334324566065457
33546,299148783911217
66314,300170986127667
525066,862021427921265
1049354,299080065483057
2097930,862021427925297
4195082,5365621055291697
16777994,862021696356657
17674,4837855473959187
525578,5365621055291697
4195594,14372820310032657
8389898,4837855473959697
18698,335355358216467
67850,302370009383187
526602,863120939548977
8390922,335355358216977
69898,300239688827187
135434,4802877243523377
266506,299277884588337
528650,862090130620785
1052938,299148768182577
2101514,862090130624817
4198666,5365689757991217
16781578,862090399056177
24842,404693293465875
73994,335424060915987
139530,4838061615612177
270602,334462256677137
1057034,334333140271377
2105610,897274502713617
4202762,5400874130080017
8397066,404693293466385
16785674,897274771144977
82186,335355341439255
147722,4837924176658707
278794,334324817723667
33571082,334256098312467
98570,300248278761747
164106,4802885833457937
295178,299286474522897
2130186,862098720559377
4227338,5365698347925777
16810250,862098988990737
1114378,300179560333587
2162954,863120922775827
4260106,5366720550142227
16843018,863121191207187
655626,5365689757991217
4325642,14372889012732177
8519946,4837924176659217
786698,862090399056177
8651018,334324817724177
17039626,862090935927057
2621706,1987921317990705
4718858,6491520945357105
17301770,1987921586422065
34078986,862021679644977
3145994,862030002131217
5243146,5365629629497617
17826058,862030270562577
41943306,334256098312977
50331914,862022216515857
3594,4504703551406385
5642,4503672692146545
9738,4521264878190897
263690,4503672960581937
525834,4785078949380465
2098698,4785078949384497
16778762,4785079217815857
33555978,4503604241170737
6666,1172576403825
10762,18764762448177
133642,4504772203774257
264714,1172844839217
526858,282578833637745
2099722,282578833641777
4196874,4786178461008177
16779786,282579102073137
33557002,1104125428017
12810,17802656219505
21002,17665217266035
70154,1172542849395
135690,4503810097545585
266762,210738610545
528906,281548007932401
1053194,81622204785
8393226,17665217266545
74250,18764728893747
139786,4521402283589937
270858,17802924654897
1057290,17673808249137
82442,18696009417015
147978,4521264844636467
279050,17665485701427
541194,299071474499955
2114058,299071474503987
4211210,4802671101870387
16794122,299071742935347
33571338,17596766290227
557578,281556597866865
1081866,98802073905
2130442,281556597870897
4227594,4785156225237297
16810506,281556866302257
33587722,81889657137
197130,4504772170219827
328202,1172811284787
590346,282578800083315
2163210,282578800087347
4260362,4786178427453747
16843274,282579068518707
33620490,1104091873587
393738,4503810365980977
1180170,4503681249575217
4325898,13792346890043697
8520202,4521264844636977
1311242,81890640177
8651274,17665485701937
17039882,281548813238577
33817098,73836593457
1573386,281487879438705
2621962,844429241880945
4719114,5348028869247345
8913418,299071474500465
17302026,844429510312305
3146250,281487879442737
5243402,4785087506809137
17826314,281488147874097
34603530,13171228977
6291978,5348028869251377
10486282,299071474504497
18874890,844429510316337
12583434,4802671101870897
20972042,5348029137682737
25166346,299071742935857
41943562,17596766290737
50332170,281480093827377
7178,4504772203774257
19466,4522295670341907
35850,4504780793708817
134154,13511971458515217
527370,4786178461008177
1051658,4504712075280657
4197386,13793377715749137
8391690,4522295670342417
13322,4521402283589937
21514,4521264844636467
70666,4504772170219827
267274,4503810365980977
1053706,4503681249575217
4199434,13792346890043697
8393738,4521264844636977
25610,4556449216725267
41994,4521410873524497
140298,13528601538330897
8397834,4556449216725777
50186,4521273434571027
148490,13528464099377427
541706,4802671101870387
1065994,4521204716142867
4211722,13809870356611347
99338,4504780760154387
295946,4503818955915537
558090,4785156225237297
4228106,13792355479978257
8422410,4521273434571537
197642,13511971424960787
590858,4786178427453747
1115146,4504712041726227
4260874,13793377682194707
8455178,4522295636787987
394250,13511009620721937
656394,13792346890043697
1180682,13510880504316177
8520714,13528464099377937
1573898,4785087506809137
2622474,5348028869251377
8913930,4802671101870897
17302538,5348029137682737
5243914,13792286761550097
9438218,4521204716143377
6292490,14355228123992337
12583946,13809870356611857
20972554,14355228392423697
14346,18902167847217
22538,18764728893747
137226,4504909609173297
268298,1310250238257
1054730,1181133832497
8394762,18764728894257
26634,53949100982547
43018,18910757781777
75786,20963752149267
8398858,53949100983057
51210,18773318828307
83978,20895032672535
542730,300170986127667
1067018,18704600400147
165898,4504918199107857
296970,1318840172817
559114,282656109494577
8423434,18773318828817
198666,4506971193475347
329738,3371834540307
2164746,284777823342867
4261898,4788377450709267
16844810,284778091774227
33622026,3303115129107
1574922,282587391066417
2623498,845528753508657
4720650,5349128380875057
8914954,300170986128177
17303562,845529021940017
9439242,18704600400657
143370,4521677144719665
274442,18077785784625
536586,299277616152945
2109450,299277616156977
4206602,4802877243523377
16789514,299277884588337
33566730,17802907943217
86026,18764712116535
544778,299140177199475
2117642,299140177203507
4214794,4802739804569907
16797706,299140445634867
33574922,17665468989747
593930,282647502782835
2166794,282647502786867
4263946,4786247130153267
16846858,282647771218227
33624074,1172794573107
397322,4504085227110705
659466,4785285057479025
2232330,4785285057483057
16912394,4785285325914417
33689610,4503810349269297
790538,281685698543985
2363402,281685698548017
4460554,4785285325914417
1576970,281556582138225
2625546,844497944580465
4722698,5348097571946865
8917002,299140177199985
17305610,844498213011825
3149834,281556582142257
5246986,4785156209508657
17829898,281556850573617
34607114,81873928497
6295562,5348097571950897
10489866,299140177204017
18878474,844498213015857
12587018,4802739804570417
20975626,5348097840382257
25169930,299140445635377
41947146,17665468990257
50335754,281548796526897
90122,53949084205335
2121738,334324549292307
4218890,4837924176658707
16801802,334324817723667
33579018,52849841078547
172042,4521685734654225
303114,18086375719185
1089546,17828410294545
2138122,299286206091537
4235274,4802885833457937
16818186,299286474522897
33595402,17811497877777
204810,4522501778440467
335882,18902419505427
598026,300239688827187
1122314,18773303099667
663562,4802877243523377
1187850,4521410857795857
4333578,13810076498264337
794634,299277884588337
1318922,17811498860817
17047562,299278421459217
33824778,17803444814097
1581066,299148768182577
2629642,862090130624817
4726794,5365689757991217
17309706,862090399056177
10493962,334324549292817
12591114,4837924176659217
25174026,334324817724177
41951242,52849841079057
114698,18773302051095
1097738,17690971341075
2146314,299148767138067
4243466,4802748394504467
16826378,299149035569427
33603594,17674058924307
606218,300170969350455
1130506,18704583622935
409610,4521402535248147
671754,4802739804569907
1196042,4521273418842387
4341770,13809939059310867
802826,299140445634867
1327114,17674059907347
17055754,299140982505747
33832970,17666005860627
34095114,299071726223667
3162122,299080048709907
5259274,4802679676076307
17842186,299080317141267
34619402,17605340496147
6307850,5365621038518547
18890762,862021679583507
20987914,5365621306949907
50348042,299072263094547
1146890,1198296924435
2195466,282656092721427
4292618,4786255720087827
16875530,282656361152787
33652746,1181384507667
425994,4504093817045265
1212426,4503835851620625
2261002,4785293647417617
16941066,4785293915848977
33718282,4503818939203857
1343498,236492685585
2392074,281694288482577
4489226,4785293915848977
1605642,281573762007345
34111498,281556849590577
9469962,17690971341585
6324234,5348106161885457
10518538,299148767138577
18907146,844506802950417
12615690,4802748394504977
21004298,5348106430316817
25198602,299149035569937
41975818,17674058924817
50364426,281557386461457
458762,4504909860831507
720906,4786247130153267
1245194,4504780744425747
4390922,13793446384894227
8585226,4522364339487507
851978,282647771218227
1376266,1181385490707
8716298,18764980552467
17104906,282648308089107
33882122,1173331443987
34144266,282579051807027
3211274,282587374293267
5308426,4786187001659667
17891338,282587642724627
34668554,1112666079507
6357002,5349128364101907
10551306,300170969355027
18939914,845529005166867
12648458,4803770596721427
21037066,5349128632533267
25231370,300171237786387
42008586,18696261141267
50397194,282579588677907
917514,4785285325914417
1441802,4503818940186897
4587530,13792484580655377
8781834,4521402535248657
17170442,4785285862785297
33947658,4503810886140177
1703946,4785156209508657
2752522,5348097571950897
9043978,4802739804570417
17432586,5348097840382257
5373962,13792355464249617
9568266,4521273418842897
6422538,14355296826691857
12713994,13809939059311377
21102602,14355297095123217
1835018,281556850573617
2883594,844498213015857
4980746,5348097840382257
9175050,299140445635377
34340874,281548796526897
9699338,17674059907857
18087946,281557387444497
34865162,82410799377
19136522,844498749886737
21233674,5348098377253137
25427978,299140982506257
42205194,17666005861137
35127306,281488131162417
6815754,6473928759316785
19398666,1970329400381745
36175882,844429493604657
21495818,6473929027748145
38273034,5348029120971057
42467338,299071726224177
7340042,5348037443457297
11534346,299080048710417
19922954,844438084522257
13631498,4802679676076817
22020106,5348037711888657
26214410,299080317141777
42991626,17605340496657
51380234,281488668033297
14680074,5365621038519057
27262986,862021679584017
52428810,844430030475537
29360138,5365621306950417
54525962,5348029657841937
58720266,299072263095057
242,4504712310162177
370,4802679960240897
4210,4503681516962577
8306,4521273703006977
32882,4503698696831745
524402,4785087774196497
1048690,4503629978403585
2097266,4785087774200577
8388722,4521204983531265
434,4803779204481792
4274,4504780761203472
8370,4522372947247872
16562,4522304227771137
32946,4504797941072640
262322,4504781029638912
524466,4786187018437392
2097330,4786187018441472
8388786,4522304227772160
16777394,4786187286872832
33554610,4504712310227712
4402,4802748411282192
33074,4802765591151360
65842,4803779203433217
262450,4802748679717632
1048882,4802696872723200
33554738,4802679960306432
20530,4521273434571537
69682,4504780760154897
1052722,4503698429444880
2101298,4785156225241872
8392754,4521273434572560
16781362,4785156493673232
33558578,4503681517028112
73778,4522372946199297
532530,4802748411282192
1056818,4521290615489280
2105394,4802748411286272
16785458,4802748679717632
33562674,4521273703072512
49202,4521290614440705
278578,4521273703006977
540722,4802679691805457
1065010,4521221896012545
2113586,4802679691809537
16793650,4802679960240897
33570866,4521204983595777
98354,4504797940024065
557106,4785173405106960
2129970,4785173405111040
8421426,4521290614441728
16810034,4785173673542400
33587250,4503698696897280
327730,4504781028590337
589874,4786187017388817
1114162,4504729221595905
2162738,4786187017392897
8454194,4522304226723585
16842802,4786187285824257
33620018,4504712309179137
786482,4785156493673232
1310770,4503698697880320
2359346,4785156493677312
8650802,4521273703008000
1572914,4785104686678800
8912946,4802679691806480
34078770,4785087774262032
3145778,4785104686682880
9437234,4521221896013568
17825842,4785104955114240
34603058,4503629978469120
10485810,4802679691810560
35651634,4785087774266112
25165874,4802679960241920
41943090,4521204983596800
1234,13511902974968577
2258,4506902743483137
16594,4522295889494787
32978,4504781012861697
131282,13511971677668097
262354,4504772959798017
4194514,13793377934902017
16777426,4786179217031937
33554642,4504704240386817
1362,13809870625047297
8530,4837924445094657
33106,4802748662940417
65874,4803770865156867
131410,13809939327746817
262482,4802740609876737
524626,5365621306950417
1048914,4802679944512257
2097490,5365621306954497
8388946,4837855725618945
33554770,4802671890465537
2642,4504703752733457
4690,4503672927028017
16978,4521196393595667
33362,4503681516962577
66130,4504703719179027
131666,13510872181768977
262738,4503673463898897
524882,4785079184261937
1049170,4503612798534417
4194898,13792278439002897
16777810,4785079721132817
33555026,4503604744487697
5202,13510872181768977
9298,13528464367813377
132178,31525270691250945
525394,13792278439002897
2098258,13792278439006977
4195410,31806676948484865
8389714,13528395648337665
18514,4522295905223427
34898,4504781028590337
133202,13511971693396737
264274,4504772975526657
1050706,4504712310162177
4196434,13793377950630657
16779346,4786179232760577
33556562,4504704256115457
12370,4521402535248657
20562,4521265096295187
69714,4504772421878547
528466,4785147886961457
1052754,4503681501233937
4198482,13792347141702417
16781394,4785148423832337
33558610,4503673447187217
73810,4522364607922947
1056850,4521273687278337
4202578,13809939327746817
8396882,4556449468385025
16785490,4802740609876737
33562706,4521265633231617
82002,4522295888446215
540754,4802671353529107
2113618,4802671353533187
557138,4785156476896017
1081426,4503698681103105
2130002,4785156476900097
8421458,4521273686230785
589906,4786178679112467
2162770,4786178679116547
8454226,4522295888447235
655442,13792347141702417
2228306,13792347141706497
4325458,31806745651184385
8519762,13528464351037185
786514,4785148423832337
2359378,4785148423836417
8650834,4521265633167105
17039442,4785149497574145
33816658,4503674520929025
1572946,4785087758467857
2621522,5348029120910097
34078802,4785079704421137
3145810,4785087758471937
9437266,4521204967802625
35651666,4785079704425217
12582994,13809870608271105
25165906,4802671890401025
41943122,4521196913755905
50331730,4785080778162945
1426,13810969869288192
2450,4805969637802752
8594,4839023689335552
16786,4838954969858817
33170,4803847907181312
65938,4805969621025537
131474,13811038571987712
524690,5366720551191312
2097554,5366720551195392
8389010,4838954969859840
16777618,5366720819626752
4754,4504772171268912
33426,4504780761203472
66194,4506902475047697
131730,13511971426009872
524946,4786178428502832
4194962,13793377683243792
5266,13511971426009872
9362,13529563612054272
17554,13529494892577537
132242,31526369935491840
263314,13511971694445312
525458,13793377683243792
2098322,13793377683247872
4195474,31807776192725760
8389778,13529494892578560
16778386,13793377951679232
33555602,13511902975034112
6290,4506971194524432
10386,4524563380568832
18578,4524494661092097
67730,4511300521558785
264338,4506971462959872
526482,4788377451758352
2099346,4788377451762432
8390802,4524494661093120
16779410,4788377720193792
33556626,4506902743548672
12434,4522501779489552
69778,4506971177747217
266386,4504909861880592
528530,4786247131202352
4198546,13793446385943312
24722,4557548712624897
73874,4524563363791617
270482,4522502047924992
4202642,13811038571987712
8396946,4557548712625920
49298,4522372930470657
147602,13529563595277057
4210834,13810969852510977
8405138,4557479993149185
557202,4786255721136912
2130066,4786255721140992
8421522,4522372930471680
16810130,4786255989572352
33587346,4504781012927232
327826,4506971446182657
589970,4788377434981137
2162834,4788377434985217
8454290,4524494644315905
16842898,4788377703416577
33620114,4506902726771457
655506,13793446385943312
2228370,13793446385947392
4325522,31807844895425280
8519826,13529563595278080
16908434,13793446654378752
33685650,13511971677733632
4456594,13793446654378752
17039506,4786247936508672
33816722,4504772959863552
2621586,5349128365150992
17301650,5349128633582352
18874514,5349128633586432
12583058,13810969852512000
37748882,13793377934967552
50331794,4786179217097472
2834,4803770647053072
4882,4802739821347632
8978,4837924193436432
17170,4837855473959697
33554,4802748411282192
131858,13809939076088592
1049362,4802679692854032
2097938,5365621055296272
8389394,4837855473960720
16778002,5365621323727632
5394,13809939076088592
66834,13810969868239617
132370,31824337585570560
263442,13809939344524032
33555730,13809870625112832
10514,4839023705064192
18706,4838954985587457
35090,4803847922909952
67858,4805969636754177
133394,13811038587716352
526610,5366720566919952
1050898,4803779204481792
2099474,5366720566924032
8390930,4838954985588480
16779538,5366720835355392
20754,4837924176659217
266514,4802877511959312
1052946,4802748395553552
2101522,5365689757995792
8392978,4837924176660240
16781586,5365690026427152
24850,4908292920836865
74002,4839023688286977
8397074,4908292920837888
33562898,4837924445160192
278802,4837924445094657
8405266,4908224201361153
33571090,4837855725683457
98578,4803847906132737
1081618,4802765575422720
33587474,4802748663005952
196882,13811038570939137
590098,5366720550142737
1114386,4803779187704577
2162962,5366720550146817
8454418,4838954968811265
16843026,5366720818578177
33685778,13809939327812352
786706,5365690026427152
1310994,4802748663988992
2359570,5365690026431232
8651026,4837924445095680
33816850,4802740609942272
2621714,6491520945361680
17301778,6491521213793040
34078994,5365621307015952
34603282,4802679944577792
18874642,6491521213797120
35651858,5365621307020032
41943314,4837855725684480
10770,4522364389819152
18962,4522295670342417
264722,4504772472210192
2099730,4786178461012752
8391186,4522295670343440
16779794,4786178729444112
33557010,4504703752798992
21010,4521264844636977
70162,4504772170220337
528914,4785147635303280
2101778,4785147635307312
8393234,4521264844638000
16781842,4785147903738672
33559058,4503672927093552
25106,4556449216725777
270866,4521402552025872
533010,4802739821347632
1057298,4521273435620112
4203026,13809939076088592
8397330,4556449216726800
49682,4521273434571537
82450,4522295636787987
147986,13528464099377937
541202,4802671101870897
1065490,4521204716143377
4211218,13809870356611857
8405522,4556380497250065
98834,4504780760154897
1081874,4503698429444880
2130450,4785156225241872
8421906,4521273434572560
16810514,4785156493673232
33587730,4503681517028112
197138,13511971424961297
590354,4786178427454257
1114642,4504712041726737
4260370,13793377682195217
2228754,13792346890048272
4325906,31806745399526160
8520210,13528464099378960
16908818,13792347158479632
33686034,13510872181834512
786962,4785147903738672
1311250,4503681518011152
4456978,13792347158479632
17039890,4785148440609552
33817106,4503673463964432
8913426,4802671101871920
34079250,4785079184327472
3146258,4785087506813712
9437714,4521204716144400
17826322,4785087775245072
34603538,4503612798599952
18874898,5348029137687312
12583442,13809870356612880
37749266,13792278439068432
50332178,4785079721198352
21522,13528464099377937
70674,13511971424961297
2102290,13792346890048272
4199442,31806745399526160
8393746,13528464099378960
16782354,13792347158479632
33559570,13510872181834512
74770,13529563611005697
533522,13809939076088592
2106386,13809939076092672
4203538,31824337585570560
16786450,13809939344524032
33563666,13528464367878912
148498,31542862608859905
279570,13528464367813377
541714,13809870356611857
2114578,13809870356615937
4211730,31824268866093825
16794642,13809870625047297
33571858,13528395648402177
197650,31526369934443265
328722,13511971693396737
590866,13793377682195217
2163730,13793377682199297
4260882,31807776191677185
8455186,13529494891529985
16843794,13793377950630657
33621010,13511902973985537
656402,31806745399526160
2229266,31806745399530240
8520722,31542862608860928
16909330,31806745667961600
33686546,31525270691316480
787474,13792347158479632
2360338,13792347158483712
4457490,31806745667961600
8651794,13528464367814400
8913938,13809870356612880
34079762,13792278439068432
10486802,13809870356616960
35652626,13792278439072512
12583954,31824268866094848
37749778,31806676948550400
25166866,13809870625048320
41944082,13528395648403200
14354,4522501795218192
71698,4506971193475857
268306,4504909877609232
530450,4786247146930992
1054738,4504780761203472
4200466,13793446401671952
26642,4557548728353537
75794,4524563379520257
272402,4522502063653632
1058834,4522372947247872
4204562,13811038587716352
8398866,4557548728354560
51218,4522372946199297
149522,13529563611005697
1067026,4522304227771137
4212754,13810969868239617
8407058,4557480008877825
559122,4786255736865552
1083410,4504797941072640
2131986,4786255736869632
8423442,4522372946200320
16812050,4786256005300992
33589266,4504781028655872
329746,4506971461911297
591890,4788377450709777
2164754,4788377450713857
8456210,4524494660044545
16844818,4788377719145217
33622034,4506902742500097
657426,13793446401671952
2230290,13793446401676032
4327442,31807844911153920
8521746,13529563611006720
16910354,13793446670107392
33687570,13511971693462272
1312786,4504781029638912
4458514,13793446670107392
17041426,4786247952237312
33818642,4504772975592192
1574930,4786187018437392
2623506,5349128380879632
17303570,5349128649310992
3147794,4786187018441472
9439250,4522304227772160
17827858,4786187286872832
34605074,4504712310227712
18876434,5349128649315072
12584978,13810969868240640
37750802,13793377950696192
50333714,4786179232826112
77842,4522501778440977
274450,4521677413155600
2109458,4802877243527952
16789522,4802877511959312
33566738,4521402535314192
86034,4522364339487507
282642,4521402535248657
544786,4802739804570417
1069074,4521273418842897
4214802,13809939059311377
8409106,4556449199949585
331794,4504909860832017
593938,4786247130153777
1118226,4504780744426257
4263954,13793446384894737
2363410,4785285325918992
8654866,4521402535249680
8917010,4802739804571440
34082834,4785147887026992
3149842,4785156209513232
9441298,4521273418843920
17829906,4785156477944592
34607122,4503681501299472
18878482,5348097840386832
12587026,13809939059312400
37752850,13792347141767952
50335762,4785148423897872
548882,4837924176659217
2121746,4837924176663297
8413202,4626817944127233
16801810,4837924445094657
33579026,4556449468449537
335890,4522502046876417
1122322,4522372930470657
4268050,13811038570939137
8462354,4557548711577345
794642,4802877511959312
2367506,4802877511963392
1581074,4802748395553552
2629650,5365689757995792
8921106,4837924176660240
17309714,5365690026427152
3153938,4802748395557632
17834002,4802748663988992
34611218,4521273687343872
10493970,4837924176664320
18882578,5365690026431232
37756946,13809939327812352
25174034,4837924445095680
41951250,4556449468450560
50339858,4802740609942272
573458,4802748394504977
1097746,4521290598712065
2146322,4802748394509057
16826386,4802748662940417
33603602,4521273686295297
344082,4522364607922947
606226,4803770596721427
2179090,4803770596725507
16859154,4803770865156867
33636370,4522295888511747
671762,13809939059311377
2244626,13809939059315457
4341778,31824337568793345
16924690,13809939327746817
33701906,13528464351101697
1327122,4521273687278337
4472850,13809939327746817
8667154,4556449468385025
17055762,4802740609876737
33832978,4521265633231617
1589266,4802679676076817
2637842,5365621038519057
8929298,4837855457183505
17317906,5365621306950417
3162130,4802679676080897
17842194,4802679944512257
34619410,4521204967867137
10502162,4837855457187585
18890770,5365621306954497
37765138,13809870608335617
25182226,4837855725618945
41959442,4556380748973825
50348050,4802671890465537
622610,4786255720088337
1146898,4504797924295425
2195474,4786255720092417
8486930,4522372929423105
16875538,4786255988523777
33652754,4504781011878657
1605650,4785173389378320
8945682,4802748394506000
34111506,4785156476961552
3178514,4785173389382400
9469970,4521290598713088
17858578,4785173657813760
34635794,4503698681168640
10518546,4802748394510080
35684370,4785156476965632
25198610,4802748662941440
41975826,4521273686296320
720914,13793446384894737
2293778,13793446384898817
4390930,31807844894376705
8585234,13529563594229505
16973842,13793446653330177
33751058,13511971676685057
1376274,4504781012861697
4522002,13793446653330177
17104914,4786247935460097
33882130,4504772958814977
1638418,4786187001660177
2686994,5349128364102417
17367058,5349128632533777
3211282,4786187001664257
9502738,4522304210994945
17891346,4786187270095617
34668562,4504712293450497
18939922,5349128632537857
12648466,13810969851463425
37814290,13793377933918977
50397202,4786179216048897
9043986,13809939059312400
34209810,13792347141767952
10616850,13809939059316480
35782674,13792347141772032
12714002,31824337568794368
37879826,31806745651249920
25296914,13809939327747840
42074130,13528464351102720
1835026,4785156477944592
2883602,5348097840386832
34340882,4785148423897872
3407890,4785156477948672
9699346,4521273687279360
35913746,4785148423901952
12845074,13809939327747840
25427986,4802740609877760
42205202,4521265633232640
50593810,4785149497639680
9961490,4802679676077840
35127314,4785087758533392
11010066,5365621038520080
19398674,6473929027752720
36175890,5348029120975632
25690130,5365621306951440
11534354,4802679676081920
36700178,4785087758537472
26214418,4802679944513280
42991634,4521204967868160
27262994,5365621306955520
46137362,13809870608336640
58720274,4802671890466560
738,1112716345617
1250,4504712343716097
16610,18704868835587
262370,1181939138817
1048802,1129864757505
8388834,18704868836097
16777442,282588196372737
33554658,1113219727617
866,299080366424337
1378,4802679993794817
2402,300179878052097
8546,334333424435457
65890,300179844497667
262498,299149589217537
524642,862030286291217
2097506,862030286295297
4194658,5365629913661697
33554786,299080869806337
1634,4503612898148625
2658,1112782405905
8802,17674109190417
33378,99103015185
131682,4503681550516497
1049186,30384587025
2097762,281488180384017
4194914,4785087807750417
3170,4504712409776385
5218,4503681550516497
9314,4521273736560897
33890,4503698730385665
525410,4785087807750417
1049698,4503630011957505
2098274,4785087807754497
6242,1181434773777
10338,18773620818177
34914,1198614642945
133218,4504781062144257
526434,282587692007697
1050722,1129896214785
2099298,282587692011777
4196450,4786187319378177
12386,17811514589457
20578,17674075635987
36962,236508414225
69730,1181401219347
135266,4503818955915537
528482,281556866302257
8392802,17674075636497
16781410,281557403173137
33558626,82426528017
41058,17828694458625
73826,18773587263747
139362,4521411141959937
16785506,299149589217537
33562722,17674612572417
49250,17691255505155
82018,18704867787015
147554,4521273703006467
540770,299080332869907
1065058,17622537076995
2113634,299080332873987
4210786,4802679960240387
98402,1198581088515
163938,4503836135784705
1081442,133430247681
8421474,17691255505665
16810082,281574583042305
33587298,99606397185
196706,4504781028589827
589922,282587658453267
1114210,1129862660355
2162786,282587658457347
4259938,4786187285823747
4325474,13792355748413697
8519778,4521273703006977
16908386,4785157030543617
33685602,4503682053898497
786530,281557403173137
1310818,99607380225
2359394,281557403177217
4456546,4785157030543617
17039458,281558476914945
33816674,83500269825
2621538,844438100250897
4718690,5348037727617297
8912994,299080332870417
34078818,281488683761937
9437282,17622537077505
17825890,281505864614145
34603106,30887969025
6291554,5348037727621377
10485858,299080332874497
35651682,281488683766017
12583010,4802679960240897
37748834,4785088311132417
50331746,281489757503745
930,300179610665232
1442,4803779238035712
8610,335432668676352
16802,335363949199617
65954,302378600366337
524706,863129530532112
1048994,300196759077120
2097570,863129530536192
4194722,5366729157902592
16777634,863129798967552
1698,4504712142389520
8866,18773353431312
17058,18704633954577
33442,1198347256080
131746,4504780794757392
262818,1181435822352
2097826,282587424624912
4194978,4786187051991312
16777890,282587693056272
33555106,1112716411152
5282,4504780794757392
9378,4522372980801792
17570,4522304261325057
33954,4504797974626560
263330,4504781063192832
525474,4786187051991312
2098338,4786187051995392
16778402,4786187320426752
33555618,4504712343781632
12450,18910758830352
37026,1335752655120
69794,3380157088017
135330,4504918200156432
266402,1318841221392
528546,282656110543152
1052834,1198315798800
8392866,18773319877392
24738,53957691965697
41122,18927938699520
73890,20972343132417
139426,4522510386200832
270498,18911027265792
1056930,18790501843200
1065122,18721782366465
98466,3397336957185
164002,4504935380025600
295074,1336021090560
8421538,18790499746560
196770,4506979784458497
327842,3380425523457
589986,284786414321937
2162850,284786414326017
4260002,4788386041692417
16842914,284786682757377
33620130,3311706112257
393378,4504918468591872
1179810,4504797943169280
4325538,13793454992654592
8519842,4522372947247872
1310882,1198584234240
8650914,18773588312832
17039522,282656915849472
33816738,1181939204352
1573026,282604573032720
2621602,845537344491792
4718754,5349136971858192
8913058,300179577111312
17301666,845537612923152
3145890,282604573036800
5243042,4786204200403200
17825954,282604841468160
34603170,1129864823040
6291618,5349136971862272
10485922,300179577115392
18874530,845537612927232
12583074,4803779204481792
20971682,5349137240293632
25165986,300179845546752
41943202,18704868901632
50331810,282588196438272
1826,4802679792468240
2850,300179676725520
33570,299165997334800
66338,300179609616657
131874,4802748444836112
262946,299149085901072
1049378,299097278906640
33555234,299080366489872
3362,4803779304096000
5410,4802748444836112
34082,4802765624705280
66850,4803779236987137
263458,4802748713271552
1049890,4802696906277120
33555746,4802679993860352
6434,300248329093392
35106,300265508962560
133410,4803847956463872
264482,300248597528832
1050914,300196790534400
33556770,300179878117632
20770,334333156000017
37154,299303402733840
135458,4802885850235152
266530,299286491300112
2101538,862098737336592
4198690,5365698364702992
16781602,862099005767952
24866,404701900177665
74018,335432667627777
1057058,334350336917760
33562914,334333424500992
49442,334350335869185
147746,4837932783370497
278818,334333424435457
1065250,334281617441025
33571106,334264705024257
164130,4802903030104320
295202,299303671169280
557346,862115917201680
1081634,299200324567296
2130210,862115917205760
4227362,5365715544572160
16810274,862116185637120
590114,863129529483537
2162978,863129529487617
4260130,5366729156854017
16843042,863129797918977
393506,4802886118670592
655650,5365698364702992
2228514,5365698364707072
16908578,5365698633138432
786722,862099005767952
2359586,862099005772032
4456738,5365698633138432
33816866,299149589283072
1573154,862047198773520
2621730,1987929924702480
4718882,6491529552068880
17301794,1987930193133840
34079010,862030286356752
3146018,862047198777600
5243170,5365646826144000
17826082,862047467208960
6291746,6491529552072960
18874658,1987930193137920
35651874,862030286360832
20971810,6491529820504320
37749026,5365629913727232
9762,4521273535234320
17954,4521204815757585
34338,4503698529059088
67106,4504712141340945
263714,4503681617625360
1050146,4503629810630928
2098722,4785087606427920
16778786,4785087874859280
33556002,4503612898214160
10786,18773419491600
18978,18704700014865
35362,1198413316368
133666,4504780860817680
264738,1181501882640
1051170,1129694888208
2099746,282587490685200
4196898,4786187118051600
16779810,282587759116560
33557026,1112782471440
74274,18773352382737
1057314,17691021672720
2105890,299148817469712
4203042,4802748444836112
16785954,299149085901072
33563170,17674109255952
49698,17691020624145
148002,4521273468125457
279074,17674109190417
1065506,17622302195985
2114082,299080097992977
4211234,4802679725359377
16794146,299080366424337
33571362,17605389779217
98850,1198346207505
2130466,281573811294480
4227618,4785173438660880
16810530,281574079725840
33587746,99103080720
197154,4504780793708817
328226,1181434773777
1114658,1129627779345
2163234,282587423576337
4260386,4786187050942737
16843298,282587692007697
33620514,1112715362577
1180194,4503698462998800
2228770,4785156258795792
16908834,4785156527227152
33686050,4503681550582032
1311266,99104063760
2359842,281556899860752
4456994,4785156527227152
3146274,281505092866320
5243426,4785104720232720
17826338,281505361297680
34603554,30384652560
35652130,281488180449552
37749282,4785087807815952
7202,4504780860817680
11298,4522373046862080
19490,4522304327385345
35874,4504798040686848
265250,4504781129253120
527394,4786187118051600
1051682,4504729322258688
2100258,4786187118055680
16780322,4786187386487040
33557538,4504712409841920
21538,4521273468125457
70690,4504780793708817
1053730,4503698462998800
2102306,4785156258795792
16782370,4785156527227152
33559586,4503681550582032
74786,4522372979753217
533538,4802748444836112
1057826,4521290649043200
2106402,4802748444840192
16786466,4802748713271552
33563682,4521273736626432
50210,4521290647994625
279586,4521273736560897
541730,4802679725359377
1066018,4521221929566465
2114594,4802679725363457
16794658,4802679993794817
33571874,4521205017149697
99362,4504797973577985
558114,4785173438660880
2130978,4785173438664960
16811042,4785173707096320
33588258,4503698730451200
328738,4504781062144257
590882,4786187050942737
1115170,4504729255149825
2163746,4786187050946817
16843810,4786187319378177
33621026,4504712342733057
787490,4785156527227152
1311778,4503698731434240
2360354,4785156527231232
1573922,4785104720232720
34079778,4785087807815952
3146786,4785104720236800
17826850,4785104988668160
34604066,4503630012023040
35652642,4785087807820032
22562,18773352382737
1054754,1198347256080
2103330,282656143053072
4200482,4786255770419472
16783394,282656411484432
33560610,1181434839312
534562,300248329093392
1058850,18790533300480
2107426,300248329097472
4204578,4803847956463872
16787490,300248597528832
33564706,18773620883712
51234,18790532251905
149538,4522372979753217
280610,18773620818177
542754,300179609616657
1067042,18721813823745
2115618,300179609620737
4212770,4803779236987137
16795682,300179878052097
33572898,18704901406977
559138,282673322918160
2132002,282673322922240
4229154,4786272950288640
16812066,282673591353600
33589282,1198614708480
657442,4786255770419472
1181730,4504797974626560
2230306,4786255770423552
16910370,4786256038854912
33687586,4504781062209792
788514,282656411484432
1312802,1198615691520
2361378,282656411488512
4458530,4786256038854912
1574946,282604604490000
34080802,282587692073232
3147810,282604604494080
5244962,4786204231860480
17827874,282604872925440
34605090,1129896280320
35653666,282587692077312
37750818,4786187319443712
45090,18103303930128
77858,18910757781777
143394,4521685751431440
274466,18086392496400
1060898,17828427071760
2109474,299286222868752
4206626,4802885850235152
16789538,299286491300112
33566754,17811514654992
53282,17828426023185
86050,18773318828307
151586,4521410873524497
282658,17811514589457
544802,299148783911217
102434,1335751606545
167970,4504110745256208
299042,511386321168
2134050,281711216693520
4231202,4785310844059920
16814114,281711485124880
33591330,236508479760
200738,4504918199107857
331810,1318840172817
593954,282656109494577
8458274,18773318828817
397346,4504093833822480
1183778,4503835868397840
2232354,4785293664194832
16912418,4785293932626192
33689634,4503818955981072
1314850,236509462800
2363426,281694305259792
4460578,4785293932626192
1576994,281573778784560
34082850,281556866367792
9441314,17690988118800
6295586,5348106178662672
10489890,299148783915792
18878498,844506819727632
12587042,4802748411282192
20975650,5348106447094032
25169954,299149052347152
41947170,17674075702032
50335778,281557403238672
548898,334333156000017
1073186,52875360207105
2121762,334333156004097
4218914,4837932783370497
16801826,334333424435457
33579042,52858447790337
106530,18927937650945
172066,4521702931300608
303138,18103572365568
565282,299303402733840
2138146,299303402737920
4235298,4802903030104320
16818210,299303671169280
33595426,17828694524160
204834,4522510385152257
335906,18911026217217
401442,4521686019866880
663586,4802885850235152
1187874,4521428054442240
2236450,4802885850239232
16916514,4802886118670592
33693730,4521411142025472
794658,299286491300112
1318946,17828695507200
2367522,299286491304192
4464674,4802886118670592
2629666,862098737336592
4726818,5365698364702992
17309730,862099005767952
6299682,5365698364707072
18882594,862099005772032
20979746,5365698633138432
50339874,299149589283072
114722,18790498697475
180258,4521428053393665
311330,17828694458625
1097762,17725347856641
213026,4522372946198787
344098,18773587263747
606242,300179576062227
1130530,18721780269315
2179106,300179576066307
4276258,4803779203432707
16859170,300179844497667
33636386,18704867852547
409634,4521411141959937
4341794,13809947666022657
17055778,299149589217537
33832994,17674612572417
2637858,862030017859857
4735010,5365629645226257
17317922,862030286291217
6307874,5365629645230337
18890786,862030286295297
20987938,5365629913661697
50348066,299080869806337
229410,4504935378977025
360482,1336020041985
1146914,1232673440001
8486946,18790498697985
426018,4504111013691648
688162,4785310844059920
2261026,4785310844064000
16941090,4785311112495360
33718306,4503836135850240
819234,281711485124880
2392098,281711485128960
4489250,4785311112495360
1605666,281608138522896
2654242,844523731161360
4751394,5348123358527760
8945698,299165963780880
17334306,844523999592720
3178530,281608138526976
5275682,4785207765893376
17858594,281608406958336
34635810,133430313216
6324258,5348123358531840
10518562,299165963784960
18907170,844523999596800
12615714,4802765591151360
21004322,5348123626963200
25198626,299166232216320
41975842,17691255571200
50364450,281574583107840
458786,4504918467543297
4390946,13793454991606017
8585250,4522372946199297
8716322,18773587264257
17104930,282656914800897
33882146,1181938155777
2687010,845537343443217
4784162,5349136970809617
8978466,300179576062737
17367074,845537611874577
9502754,18721780269825
6357026,5349136970813697
10551330,300179576066817
18939938,845537611878657
12648482,4803779203433217
21037090,5349137239245057
25231394,300179844498177
42008610,18704867853057
50397218,282588195389697
917538,4785293932626192
1441826,4503836136833280
2490402,4785293932630272
2752546,5348106178662672
9044002,4802748411282192
17432610,5348106447094032
5373986,13792372660896000
9568290,4521290615489280
10616866,4802748411286272
19005474,5348106447098112
37879842,13792355748479232
25296930,4802748679717632
42074146,4521273703072512
50462754,4785157030609152
2883618,844506819727632
4980770,5348106447094032
9175074,299149052347152
34340898,281557403238672
9699362,17691256554240
18087970,281574584090880
34865186,99607445760
6553634,5348106447098112
10747938,299149052351232
35913762,281557403242752
12845090,4802748679717632
38010914,4785157030609152
50593826,281558476980480
3670050,844455012733200
5767202,5348054640099600
9961506,299097245352720
18350114,844455281164560
6815778,6473937366028560
19398690,1970338007093520
36175906,844438100316432
21495842,6473937634459920
38273058,5348037727682832
42467362,299080332935952
7340066,5348054640103680
11534370,299097245356800
19922978,844455281168640
13631522,4802696872723200
22020130,5348054908535040
26214434,299097513788160
42991650,17622537143040
51380258,281505864679680
23068706,6473937634464000
39845922,5348037727686912
44040226,299080332940032
46137378,4802679960306432
16834,335355610923267
65986,302370262089987
1049026,300179830866177
8389058,335355610923777
16777666,863121729126657
2754,3303149666577
66242,3303116112147
1049282,1112684888337
3266,4506902777037057
66754,4506902743482627
1049794,4504712312258817
18626,20895302156547
35010,3380425523457
67778,7701162623235
264386,3372372459777
8390850,20895302157057
16779458,284778629693697
33556674,3303653048577
37058,1318824444177
69826,3371818811667
266434,1310771380497
1052866,1181387587857
24770,53949353689347
41154,18911010488577
73922,20964004856067
270530,18902957424897
1056962,18773573632257
8396994,53949353689857
49346,18773571535107
82114,20895285379335
278722,18765518471427
16793794,300171775705347
33571010,18696799060227
164034,4504918451814657
1081538,1198567457025
8421570,18773571535617
16810178,282656899072257
33587394,1181922427137
196802,4506971446182147
590018,284778076045587
2162882,284778076049667
4260034,4788377703416067
393410,4504910398750977
1179842,4504781014958337
8650946,18765518471937
1573058,282587644821777
17301698,845529543082257
3145922,282587644825857
5243074,4786187272192257
18874562,845529543086337
20971714,5349129170452737
25166018,300171775705857
41943234,18696799060737
17218,334256115024147
525122,862021696356657
8389442,334256115024657
16778050,862022233227537
17730,4837855742394627
4195650,14372820578468097
8389954,4837855742395137
16778562,5365621860598017
18754,335355626651907
67906,302370277818627
8390978,335355626652417
16779586,863121744855297
12610,334462256677137
20802,334324817723667
37186,299286474522897
266562,299278421459217
528706,862090399056177
8393026,334324817724177
16781634,862090935927057
24898,404693561901315
74050,335424329351427
139586,4838061884047617
532802,897274771144977
1057090,334333408706817
2105666,897274771149057
4202818,5400874398515457
8397122,404693561901825
33562946,334325354660097
82242,335355609874695
147778,4837924445094147
98626,300248547197187
164162,4802886101893377
557378,862098988990737
2130242,862098988994817
4227394,5365698616361217
33587522,299149572505857
328002,300240494133507
590146,863121191207187
1114434,300179828769027
2163010,863121191211267
4260162,5366720818577667
33620290,300171774722307
393538,4802878048829697
4325698,14372889281167617
8520002,4837924445094657
16908610,5365690563297537
786754,862090935927057
1311042,299149573488897
2359618,862090935931137
4456770,5365690563297537
17039682,862092009668865
1573186,862030270562577
17301826,1987922123292945
34079042,862022216515857
3146050,862030270566657
5243202,5365629897933057
34603330,299080854077697
18874690,1987922123297025
35651906,862022216519937
20971842,6491521750663425
37749058,5365621843886337
50331970,862023290257665
5698,4503672960581937
17986,4521196427149587
34370,4503681550516497
67138,4504703752732947
132674,13510872215322897
263746,4503673497452817
525890,4785079217815857
1050178,4503612832088337
4195906,13792278472556817
8390210,4521196427150097
16778818,4785079754686737
33556034,4503604778041617
6722,1172844839217
19010,18696311406867
35394,1181434773777
264770,1173381710097
526914,282579102073137
1051202,1112716345617
8391234,18696311407377
16779842,282579638944017
33557058,1104662298897
12866,17802924654897
21058,17665485701427
70210,1172811284787
135746,4503810365980977
1053250,81890640177
8393282,17665485701937
16781890,281548813238577
33559106,73836593457
25154,52849857790227
41538,17811514589457
270914,17803461525777
8397378,52849857790737
49730,17674075635987
279106,17666022572307
541250,299071742935347
1065538,17605357207827
16794178,299072279806227
33571394,17597303161107
98882,1181401219347
164418,4503818955915537
557634,281556866302257
8421954,17674075636497
16810562,281557403173137
33587778,82426528017
328258,1173348155667
590402,282579068518707
1114690,1112682791187
8454722,18696277852947
16843330,282579605389587
33620546,1104628744467
393794,4503810902851857
787010,281548813238577
1311298,82427511057
8651330,17666022572817
1573442,281488147874097
2622018,844429510316337
4719170,5348029137682737
8913474,299071742935857
34079298,281480093827377
9437762,17605357208337
17826370,281488684744977
34603586,13708099857
18874946,844430047187217
20972098,5348029674553617
25166402,299072279806737
41943618,17597303161617
19522,4522295938777347
35906,4504781062144257
134210,13511971726950657
265282,4504773009080577
1051714,4504712343716097
4197442,13793377984184577
8391746,4522295938777857
16780354,4786179266314497
33557570,4504704289669377
37954,4503818955915537
136258,13511009620721937
267330,4503810902851857
25666,4556449485160707
42050,4521411141959937
140354,13528601806766337
271426,4521403088896257
8397890,4556449485161217
50242,4521273703006467
148546,13528464367812867
279618,4521265649942787
1066050,4521204984578307
4211778,13809870625046787
16794690,4802671907176707
33571906,4521196930531587
99394,4504781028589827
4228162,13792355748413697
8422466,4521273703006977
16811074,4785157030543617
33588290,4503682053898497
197698,13511971693396227
328770,4504772975526147
1115202,4504712310161667
4260930,13793377950630147
8455234,4522295905223427
16843842,4786179232760067
33621058,4504704256114947
1180738,13510880772751617
8520770,13528464367813377
16909378,13792347695350017
33686594,13510872718704897
1311810,4503682054881537
4457538,13792347695350017
8651842,4521265649943297
4719682,14355228392423697
17302594,5348029674553617
5243970,13792287029985537
9438274,4521204984578817
17826882,4785088312115457
34604098,4503613335470337
6292546,14355228392427777
18875458,5348029674557697
12584002,13809870625047297
37749826,13792278975938817
25166914,4802671907177217
41944130,4521196930532097
38978,1318840172817
71746,3371834540307
268354,1310787109137
26690,53949369417987
43074,18911026217217
75842,20964020584707
272450,18902973153537
8398914,53949369418497
51266,18773587263747
84034,20895301107975
280642,18765534200067
1067074,18704868835587
16795714,300171791433987
33572930,18696814788867
165954,4504918467543297
8423490,18773587264257
16812098,282656914800897
33589314,1181938155777
198722,4506971461910787
591938,284778091774227
2164802,284778091778307
4261954,4788377719144707
395330,4504910414479617
1312834,1181939138817
8652866,18765534200577
17303618,845529558810897
9439298,18704868836097
17827906,282588196372737
34605122,1113219727617
18876482,845529558814977
20973634,5349129186181377
25167938,300171791434497
41945154,18696814789377
45122,18086375719185
77890,18902419505427
274498,18078322655505
536642,299277884588337
1060930,17811498860817
16789570,299278421459217
33566786,17803444814097
151618,4521402535248147
544834,299140445634867
1069122,17674059907347
16797762,299140982505747
33574978,17666005860627
168002,4504093817045265
1085506,236492685585
2134082,281694288482577
4231234,4785293915848977
200770,4504909860831507
593986,282647771218227
1118274,1181385490707
8458306,18764980552467
16846914,282648308089107
33624130,1173331443987
397378,4504085763981585
659522,4785285325914417
1183810,4503818940186897
4329538,13792484580655377
8523842,4521402535248657
16912450,4785285862785297
33689666,4503810886140177
2363458,281686235418897
4460610,4785285862785297
17043522,281687309156625
33820738,212332511505
1577026,281556850573617
2625602,844498213015857
4722754,5348097840382257
8917058,299140445635377
34082882,281548796526897
9441346,17674059907857
17829954,281557387444497
34607170,82410799377
18878530,844498749886737
20975682,5348098377253137
25169986,299140982506257
41947202,17666005861137
90178,53949352640775
548930,334324817723667
2121794,334324817727747
4218946,4837924445094147
172098,4521686003089665
565314,299286474522897
1089602,17828678729985
2138178,299286474526977
4235330,4802886101893377
204866,4522502046875907
1122370,18773571535107
16851010,300240494133507
33628226,18765517488387
401474,4521677950025985
1187906,4521411126231297
4333634,13810076766699777
16916546,4802878048829697
33693762,4521403072184577
794690,299278421459217
2367554,299278421463297
4464706,4802878048829697
17047618,299279495201025
33824834,17804518555905
8921154,334324817724177
17309762,862090935927057
17834050,299149573488897
34611266,17674596843777
10494018,334324817728257
18882626,862090935931137
12591170,4837924445094657
20979778,5365690563297537
114754,18773570486535
573506,299149035569427
1097794,17691239776515
2146370,299149035573507
4243522,4802748662939907
344130,18765517422855
1130562,18704852058375
16859202,300171774656775
33636418,18696798011655
1196098,4521273687277827
4341826,13809939327746307
16924738,4802740609876227
33701954,4521265633231107
802882,299140982505747
2375746,299140982509827
4472898,4802740609876227
17055810,299142056247555
33833026,17667079602435
1589314,299080317141267
2637890,862021679583507
4735042,5365621306949907
34095170,299072263094547
3162178,299080317145347
5259330,4802679944511747
6307906,5365621306953987
35668034,299072263098627
37765186,4802671890465027
50348098,299073336836355
622658,282656361152787
1146946,1198565359875
2195522,282656361156867
4292674,4786255988523267
688194,4785293915848977
1212482,4503836120056065
2261058,4785293915853057
2654274,844506802950417
4751426,5348106430316817
8945730,299149035569937
34111554,281557386461457
9470018,17691239777025
17858626,281574567313665
34635842,99590668545
6324290,5348106430320897
10518594,299149035574017
35684418,281557386465537
12615746,4802748662940417
37781570,4785157013831937
50364482,281558460203265
1245250,4504781012861187
4390978,13793446653329667
8585282,4522364607922947
16973890,4786247935459587
33751106,4504772958814467
852034,282648308089107
2424898,282648308093187
4522050,4786247935459587
17104962,282649381830915
33882178,1174405185795
1638466,282587642724627
2687042,845529005166867
4784194,5349128632533267
8978498,300171237786387
34144322,282579588677907
3211330,282587642728707
5308482,4786187270095107
6357058,5349128632537347
10551362,300171237790467
35717186,282579588681987
12648514,4803770865156867
37814338,4786179216048387
50397250,282580662419715
917570,4785285862785297
2490434,4785285862789377
17170498,4785286936527105
33947714,4503811959881985
4849730,14355297095123217
17432642,5348098377253137
5374018,13792355732685057
9568322,4521273687278337
17956930,4785157014814977
34734146,4503682038169857
6422594,14355297095127297
19005506,5348098377257217
12714050,13809939327746817
37879874,13792347678638337
25296962,4802740609876737
42074178,4521265633231617
1835074,281557387444497
2883650,844498749886737
4980802,5348098377253137
9175106,299140982506257
17563714,844499823624465
3407938,281557387448577
5505090,4785157014814977
18088002,281558461186305
34865218,83484541185
6553666,5348098377257217
10747970,299140982510337
19136578,844499823628545
12845122,4802740609876737
21233730,5348099450994945
25428034,299142056248065
42205250,17667079602945
50593858,281552017752321
3670082,844438084522257
5767234,5348037711888657
9961538,299080317141777
35127362,281488668033297
11010114,862021679584017
19398722,1970329937252625
36175938,844430030475537
13107266,5365621306950417
21495874,6473929564619025
38273090,5348029657841937
42467394,299072263095057
50856002,844431104213265
7340098,5348037711892737
11534402,299080317145857
36700226,281488668037377
13631554,4802679944512257
38797378,4785088295403777
51380290,281489741775105
14680130,5365621306954497
23068738,6473929564623105
39845954,5348029657846017
44040258,299072263099137
52428866,844431104217345
46137410,4802671890465537
54526018,5348030731583745
58720322,299073336836865
2946,302370043986192
525186,863120940597552
1049474,300179579207952
8389506,335355359265552
3458,4805969671356672
1049986,4803779206578432
4195714,14373919822708992
8390018,4838954986636032
10626,337623101997312
18818,337554382520577
35202,302447319843072
526722,865319963853072
2099586,865319963857152
4196738,5368919591223552
16779650,865320232288512
12674,335561500918032
37250,300385718763792
528770,863189643297072
1053058,300248281907472
8393090,335424061965072
74114,337623085220097
139650,4839161128288512
270722,335561769353472
532866,898374015385872
2105730,898374015389952
4202882,5401973642756352
8397186,405792806142720
16785794,898374283821312
49538,335432651899137
541058,898305295909137
2113922,898305295913217
4211074,5401904923279617
8405378,405724086665985
16793986,898305564344577
98690,302447303065857
164226,4803985346134272
295298,300385987199232
557442,863198233231632
1081730,300265461776640
2130306,863198233235712
4227458,5366797860602112
16810370,863198501667072
590210,865319947075857
2163074,865319947079937
4260226,5368919574446337
16843138,865320215511297
1180034,4803847909277952
4325762,14373988525408512
8520066,4839023689335552
1311106,300248550342912
8651138,335424330400512
17039746,863190448603392
34603394,300179830931712
41943426,335355610989312
50332034,863121729192192
3714,4506902575710480
5762,4504772204822832
34434,4504780794757392
67202,4506902508601617
132738,13511971459563792
525954,4786178462056752
4195970,13793377716797712
8390274,4522295671390992
10882,20963786752272
19074,20895067275537
68226,7700927742225
133762,4506971228078352
264834,3371869143312
2099842,284777857945872
4196994,4788377485312272
16779906,284778126377232
33557122,3303149732112
12930,18902168895792
70274,3371567153457
135810,4504909610221872
266882,1310251286832
8393346,18764729942832
41602,18910758830352
1057410,18773321974032
8397442,53949102031632
82562,20895033721107
1065602,18704602497297
8405634,53880382554897
98946,3380157088017
164482,4504918200156432
295554,1318841221392
557698,282656110543152
1081986,1198315798800
8422018,18773319877392
590466,284777824387377
8454786,20895033721617
1180290,4504780763300112
1311362,1181404365072
2622082,845528754557232
4719234,5349128381923632
8913538,300170987176752
17302146,845529022988592
3146370,282587393167632
5243522,4786187020534032
17826434,282587661598992
34603650,1112684953872
7298,4506971228078352
11394,4524563414122752
19586,4524494694646017
68738,4511300555112705
265346,4506971496513792
527490,4788377485312272
2100354,4788377485316352
16780418,4788377753747712
33557634,4506902777102592
38018,4504918200156432
136322,13512108864962832
1053826,4504780763300112
42114,4522510386200832
140418,13529701051007232
1057922,4522372949344512
8397954,4557548729402112
83074,4524494661091587
1066114,4522304229867777
8406146,4557480009925377
99458,4506979784458497
296066,4504918468591872
1082498,4504797943169280
4228226,13793454992654592
8422530,4522372947247872
197762,13514170449264897
4260994,13795576706498817
8455298,4524494661092097
394370,13512109133398272
8520834,13529563612054272
1311874,4504781031735552
1574018,4786187020534032
4719746,14356327636664592
3146882,4786187020538112
17826946,4786187288969472
34604162,4504712312324352
6292610,14356327636668672
12584066,13810969869288192
20972674,14356327905100032
14466,21101192151312
137346,4507108633477392
268418,3509274542352
530562,284846543864112
8394882,20963753198352
26754,56148125286657
141442,4524700819521792
272514,21101460586752
51330,20972343132417
84098,25293080232195
100482,7778203599105
559234,284855133798672
2132098,284855133802752
4229250,4788454761169152
16812162,284855402234112
33589378,3380425588992
8456322,25293080232705
395394,4507108901912832
4327554,13795645425975552
8521858,4524563380568832
8652930,20964021633792
17041538,284847349170432
33818754,3372372525312
2623618,847727777812752
4720770,5351327405179152
8915074,302370010432272
17303682,847728046244112
6293634,5351327405183232
10487938,302370010436352
18876546,847728046248192
12585090,4805969637802752
20973698,5351327673614592
25168002,302370278867712
41945218,20895302222592
50333826,284778629759232
28802,54086524207377
45186,19185619960080
77954,21101175374097
536706,300377128829232
53378,18910742053137
86146,20963736420627
1069186,18773305196817
8409218,53949085254417
168066,4505193061286160
299138,1593702351120
2134146,282793532723472
4231298,4786393160089872
16814210,282793801154832
33591426,1318824509712
200834,4507108616700177
331906,3509257765137
594050,284846527086897
8458370,20963736421137
659586,4786384570155312
4329602,13793583824896272
8523906,4522501779489552
790658,282785211220272
8654978,18902420554512
17043586,282785748091152
33820802,1310771446032
2625666,845597457256752
4722818,5349197084623152
8917122,300239689876272
17305730,845597725688112
3149954,282656095867152
5247106,4786255723233552
17830018,282656364298512
34607234,1181387653392
155778,4557686151577857
286850,54086792642817
8413314,124317829432065
172162,4522785247330560
303234,19185888395520
565378,300385718763792
2138242,300385718767872
4235394,4803985346134272
16818306,300385987199232
33595522,18911010554112
204930,4524700802744577
336002,21101443809537
4333698,13811176010940672
17047682,300377934135552
33824898,18902957490432
1581186,300248281907472
8921218,335424061965072
3154050,300248281911552
5251202,4803847909277952
17834114,300248550342912
34611330,18773573697792
10494082,335424061969152
12591234,4839023689335552
25174146,335424330400512
41951362,53949353755392
180354,4522510369423617
311426,18911010488577
1097858,18790485065985
213122,4524563363791107
344194,20964004856067
606338,302369993654547
2179202,302369993658627
4276354,4805969621025027
16859266,302370262089987
33636482,20895285444867
1196162,4522372932567297
8536194,4557548712624897
1327234,18773573632257
8667266,53949353689857
1589378,300179562430737
8929410,335355342488337
3162242,300179562434817
5259394,4803779189801217
17842306,300179830866177
34619522,18704854221057
10502274,335355342492417
12599426,4838954969858817
25182338,335355610923777
41959554,53880634278657
622722,284855117021457
2195586,284855117025537
4292738,4788454744391937
16875650,284855385456897
33652866,3380408811777
426114,4505193329721600
688258,4786393160089872
2261122,4786393160093952
16941186,4786393428525312
33718402,4504918451880192
819330,282793801154832
2392194,282793801158912
4489346,4786393428525312
1605762,282673275732240
2654338,845606047191312
4751490,5349205674557712
8945794,300248279810832
17334402,845606315622672
3178626,282673275736320
5275778,4786272903102720
17858690,282673544167680
34635906,1198567522560
6324354,5349205674561792
10518658,300248279814912
18907266,845606315626752
12615810,4803847907181312
21004418,5349205942993152
25198722,300248548246272
41975938,18773571601152
50364546,282656899137792
458882,4507108885135617
4391042,13795645409198337
8585346,4524563363791617
8716418,20964004856577
17105026,284847332393217
33882242,3372355748097
2687106,847727761035537
4784258,5351327388401937
8978562,302369993655057
17367170,847728029466897
6357122,5351327388406017
10551426,302369993659137
18940034,847728029470977
12648578,4805969621025537
21037186,5351327656837377
25231490,302370262090497
42008706,20895285445377
50397314,284778612982017
4587650,13793584093331712
8781954,4522502047924992
17170562,4786385375461632
33947778,4504910398816512
1704066,4786255723233552
4849794,14356396339364112
3276930,4786255723237632
17956994,4786255991668992
34734210,4504781015023872
6422658,14356396339368192
12714114,13811038571987712
21102722,14356396607799552
1835138,282656364298512
17563778,845598262558992
3408002,282656364302592
5505154,4786255991668992
19136642,845598262563072
21233794,5349197889929472
25428098,300240495182592
42205314,18765518537472
35127426,282587644887312
11010178,863120923824912
13107330,5366720551191312
25690242,863121192256272
50856066,845529543147792
36700290,282587644891392
38797442,4786187272257792
14680194,5366720551195392
27263106,863121192260352
52428930,845529543151872
29360258,5366720819626752
54526082,5349129170518272
58720386,300171775771392
5890,4802739854901552
9986,4837924226990352
18178,4837855507513617
34562,4802748444836112
132866,13809939109642512
1050370,4802679726407952
2098946,5365621088850192
16779010,5365621357281552
6914,300239739158832
11010,335424111247632
19202,335355391770897
35586,300248329093392
68354,302370042937617
1051394,300179610665232
2099970,863120973107472
4197122,5366720600473872
16780034,863121241538832
21250,334324566065457
135938,4802877260300592
267010,299277901365552
529154,862090147398000
1053442,299148784959792
2102018,862090147402032
4199170,5365689774768432
16782082,862090415833392
140034,4838061632389392
271106,334462273454352
1057538,334333157048592
2106114,897274519490832
4203266,5400874146857232
8397570,404693310243600
16786178,897274787922192
49922,334333156000017
82690,335355358216467
1065730,334264437571857
2114306,897205800014097
4211458,5400805427380497
8405762,404624590766865
16794370,897206068445457
164610,4802885850235152
295682,299286491300112
2130690,862098737336592
4227842,5365698364702992
16810754,862099005767952
590594,863120939548977
8454914,335355358216977
656130,5365689774768432
4326146,14372889029509392
8520450,4837924193436432
787202,862090415833392
8651522,334324834501392
17040130,862090952704272
2622210,1987921334767920
4719362,6491520962134320
17302274,1987921603199280
34079490,862021696422192
3146498,862030018908432
5243650,5365629646274832
17826562,862030287339792
41943810,334256115090192
50332418,862022233293072
11522,4839023738618112
19714,4838955019141377
36098,4803847956463872
68866,4805969670308097
134402,13811038621270272
527618,5366720600473872
1051906,4803779238035712
2100482,5366720600477952
16780546,5366720868909312
13570,4838061632389392
38146,4802885850235152
136450,13810076515041552
529666,5365689774768432
4199682,14372889029509392
8393986,4837924193436432
271618,4838061900824832
533762,5400874146857232
1058050,4837932784419072
2106626,5400874146861312
8398082,4908292937614080
16786690,5400874415292672
50434,4837932783370497
83202,4838954985586947
148738,13845123448176897
541954,5400805427380497
1066242,4837864064942337
2114818,5400805427384577
8406274,4908224218137345
16794882,5400805695815937
296194,4802886118670592
558338,5365698364702992
2131202,5365698364707072
16811266,5365698633138432
4261122,14373919821660417
8455426,4838954985587457
394498,13810076783476992
656642,14372889029509392
1180930,13809947667071232
2229506,14372889029513472
4326658,32387287538991360
16909570,14372889297944832
4457730,14372889297944832
8652034,4837924461871872
17040642,5365690580074752
1574146,5365629646274832
4719874,15498720216875280
3147010,5365629646278912
17827074,5365629914710272
6292738,15498720216879360
20972802,15498720485310720
37750018,14372820578533632
41944322,4837855742460672
50332930,5365621860663552
14594,335561516646672
39170,300385734492432
530690,863189659025712
8395010,335424077693712
76034,337623100948737
141570,4839161144017152
272642,335561785082112
534786,898374031114512
1059074,335432668676352
2107650,898374031118592
4204802,5401973658484992
8399106,405792821871360
16787714,898374299549952
51458,335432667627777
542978,898305311637777
1067266,335363949199617
2115842,898305311641857
4212994,5401904939008257
8407298,405724102394625
16795906,898305580073217
100610,302447318794497
166146,4803985361862912
297218,300386002927872
559362,863198248960272
2132226,863198248964352
4229378,5366797876330752
16812290,863198517395712
592130,865319962804497
1116418,302378600366337
2164994,865319962808577
4262146,5368919590174977
16845058,865320231239937
4327682,14373988541137152
8521986,4839023705064192
8653058,335424346129152
17041666,863190464332032
1575170,863129530532112
3148034,863129530536192
5245186,5366729157902592
17828098,863129798967552
41945346,335355626717952
50333954,863121744920832
28930,404830732419345
78082,335561499869457
143618,4838336493519120
274690,334737134584080
33566978,334462256742672
86274,335424060915987
151810,4838061615612177
282882,334462256677137
1069314,334333140271377
2117890,897274502713617
4215042,5400874130080017
8409346,404693293466385
16797954,897274771144977
102658,300385717715217
168194,4803160711364880
299266,299561352429840
1085698,299303387005200
33591554,299286474588432
594178,863189642248497
8458498,335424060916497
1184002,4802885834506512
2232578,5365827196948752
16912642,5365827465380112
1315074,299286475571472
2363650,862227838013712
4460802,5365827465380112
33820930,299278421524752
2625794,1987990037467440
4722946,6491589664833840
17305858,1987990305898800
34083074,862090399121712
3150082,862098721607952
5247234,5365698348974352
17830146,862098990039312
41947394,334324817789712
50336002,862090935992592
90370,405792805093635
155906,4908430359789825
286978,404831000854785
549122,967643246887185
1073410,404701884449025
2121986,967643246891265
4219138,5471242874257665
16802050,967643515322625
205058,4839161127239937
336130,335561768304897
598274,898374014337297
1122562,335432651899137
2171138,898374014341377
4268290,5401973641707777
8462594,405792805094145
16851202,898374282772737
401666,4838336761954560
33693954,4838061884113152
2629890,2023174409556240
4727042,6526774036922640
17309954,2023174677987600
34087170,897274771210512
34611458,334333408772352
6299906,6526774036926720
18882818,2023174677991680
35660034,897274771214592
20979970,6526774305358080
37757186,5400874398580992
41951490,404693561967360
1097986,334350320140545
33603842,334333407723777
213250,4839023688286467
344322,335424329351427
33636610,335355609940227
409858,4838061884047617
672002,5400874130080017
1196290,4837932767641857
2244866,5400874130084097
8536322,4908292920836865
16924930,5400874398515457
803074,897274771144977
1327362,334333408706817
2375938,897274771149057
4473090,5400874398515457
8667394,404693561901825
33833218,334325354660097
2638082,2023105690079505
4735234,6526705317445905
17318146,2023105958510865
34095362,897206051733777
34619650,334264689295617
6308098,6526705317449985
18891010,2023105958514945
35668226,897206051737857
20988162,6526705585881345
37765378,5400805679104257
41959682,404624842490625
229634,4803985345085697
360706,300385986150657
622850,863198232183057
2195714,863198232187137
4292866,5366797859553537
16875778,863198500618497
426242,4803160979800320
1212674,4802903014375680
33718530,4802886101958912
1343746,299303655440640
1605890,862115901473040
2654466,1987998627402000
4751618,6491598254768400
17334530,1987998895833360
34111746,862098989056272
3178754,862115901477120
5275906,5365715528843520
17858818,862116169908480
6324482,6491598254772480
18907394,1987998895837440
35684610,862098989060352
21004546,6491598523203840
37781762,5365698616426752
4391170,14373988524359937
8585474,4839023688286977
8716546,335424329351937
17105154,863190447554817
1638658,863129513754897
3211522,863129513758977
5308674,5366729141125377
17891586,863129782190337
42008834,335355609940737
50397442,863121728143617
917762,5365827465380112
1442050,4802886102941952
2490626,5365827465384192
33947906,4802878048895232
1704194,5365698348974352
4849922,15498788919574800
3277058,5365698348978432
17957122,5365698617409792
6422786,15498788919578880
21102850,15498789188010240
37880066,14372889281233152
42074370,4837924445160192
50462978,5365690563363072
1835266,862098990039312
17563906,1987990842769680
34341122,862090935992592
3408130,862098990043392
5505282,5365698617409792
34865410,299149573554432
19136770,1987990842773760
35913986,862090935996672
21233922,6491590470140160
38011138,5365690563363072
50594050,862092009734400
3670274,1987929908973840
5767426,6491529536340240
18350338,1987930177405200
35127554,862030270628112
6816002,8743320759046416
19398914,4239721400111376
21496066,8743321027477776
50856194,1987922123358480
7340290,6491529536344320
19923202,1987930177409280
36700418,862030270632192
22020354,6491529804775680
38797570,5365629897998592
23068930,8743321027481856
52429058,1987922123362560
54526210,6491521750728960
7682,4504772270883120
36354,4504780860817680
69122,4506902574661905
134658,13511971525624080
527874,4786178528117040
1052162,4504712142389520
4197890,13793377782858000
8392194,4522295737451280
22018,4521264878190897
71170,4504772203774257
529922,4785147668857200
2102786,4785147668861232
16782850,4785147937292592
33560066,4503672960647472
26114,4556449250279697
271874,4521402585579792
534018,4802739854901552
1058306,4521273469174032
4204034,13809939109642512
50690,4521273468125457
83458,4522295670341907
148994,13528464132931857
542210,4802671135424817
1066498,4521204749697297
4212226,13809870390165777
99842,4504780793708817
1082882,4503698462998800
2131458,4785156258795792
16811522,4785156527227152
33588738,4503681550582032
198146,13511971458515217
591362,4786178461008177
1115650,4504712075280657
4261378,13793377715749137
8455682,4522295670342417
2229762,13792346923602192
4326914,31806745433080080
16909826,13792347192033552
33687042,13510872215388432
787970,4785147937292592
1312258,4503681551565072
4457986,13792347192033552
8652290,4521265146626832
17040898,4785148474163472
33818114,4503673497518352
34080258,4785079217881392
3147266,4785087540367632
17827330,4785087808798992
34604546,4503612832153872
10487298,4802671135429392
18875906,5348029171241232
37750274,13792278472622352
25167362,4802671403860752
41944578,4521196427215632
50333186,4785079754752272
23042,18764762448177
530946,282647553114480
2103810,282647553118512
4200962,4786247180484912
16783874,282647821549872
33561090,1172844904752
27138,53949134536977
76290,20963785703697
141826,4522501828772112
272898,18902469837072
535042,300239739158832
1059330,18773353431312
51714,18773352382737
543234,300171019682097
1067522,18704633954577
1083906,1198347256080
2132482,282656143053072
4229634,4786255770419472
16812546,282656411484432
33589762,1181434839312
199170,4506971227029777
330242,3371868094737
2165250,284777856897297
4262402,4788377484263697
16845314,284778125328657
33622530,3303148683537
395778,4504909911163152
657922,4786247180484912
1182210,4504780794757392
4327938,13793446435225872
8522242,4522364389819152
788994,282647821549872
1313282,1181435822352
8653314,18765030884112
17041922,282648358420752
33819138,1173381775632
34081282,282579102138672
3148290,282587424624912
5245442,4786187051991312
17828354,282587693056272
34605570,1112716411152
6294018,5349128414433552
10488322,300171019686672
18876930,845529055498512
12585474,4803770647053072
20974082,5349128682864912
25168386,300171288118032
41945602,18696311472912
50334210,282579639009552
78338,18902167847217
143874,4521677161496880
274946,18077802561840
537090,299277632930160
2109954,299277632934192
4207106,4802877260300592
16790018,299277901365552
33567234,17802924720432
86530,18764728893747
152066,4521402283589937
283138,17802924654897
1069570,17673808249137
201218,4504909609173297
332290,1310250238257
1118722,1181133832497
8458754,18764728894257
397826,4504085243887920
659970,4785285074256240
2232834,4785285074260272
16912898,4785285342691632
33690114,4503810366046512
791042,281685715321200
2363906,281685715325232
4461058,4785285342691632
1577474,281556598915440
2626050,844497961357680
4723202,5348097588724080
8917506,299140193977200
17306114,844498229789040
3150338,281556598919472
5247490,4785156226285872
17830402,281556867350832
34607618,81890705712
6296066,5348097588728112
10490370,299140193981232
18878978,844498229793072
12587522,4802739821347632
20976130,5348097857159472
25170434,299140462412592
41947650,17665485767472
50336258,281548813304112
90626,53949100982547
156162,4556586655678737
287234,52987296743697
549378,334324566065457
1073666,52858180337937
8413698,123218333532945
107010,18910757781777
172546,4521685751431440
303618,18086392496400
1090050,17828427071760
2138626,299286222868752
4235778,4802885850235152
16818690,299286491300112
33595906,17811514654992
8462850,53949100983057
664066,4802877260300592
1188354,4521410874573072
4334082,13810076515041552
795138,299277901365552
1319426,17811515638032
17048066,299278438236432
33825282,17803461591312
1581570,299148784959792
2630146,862090147402032
4727298,5365689774768432
17310210,862090415833392
10494466,334324566070032
12591618,4837924193436432
25174530,334324834501392
41951746,52849857856272
115202,18773318828307
180738,4521410873524497
311810,17811514589457
573954,299148783911217
606722,300170986127667
1131010,18704600400147
8536578,4556449216725777
8667650,52849857790737
1589762,299080065483057
2638338,862021427925297
4735490,5365621055291697
17318402,862021696356657
10502658,334255846593297
12599810,4837855473959697
25182722,334256115024657
41959938,52781138379537
229890,4504918199107857
360962,1318840172817
623106,282656109494577
8487426,18773318828817
426498,4504093833822480
1212930,4503835868397840
2261506,4785293664194832
16941570,4785293932626192
33718786,4503818955981072
1344002,236509462800
2392578,281694305259792
4489730,4785293932626192
1606146,281573778784560
34112002,281556866367792
9470466,17690988118800
6324738,5348106178662672
10519042,299148783915792
18907650,844506819727632
12616194,4802748411282192
21004802,5348106447094032
25199106,299149052347152
41976322,17674075702032
50364930,281557403238672
1638914,282587391066417
2687490,845528753508657
4784642,5349128380875057
8978946,300170986128177
17367554,845529021940017
9503234,18704600400657
918018,4785285342691632
1442306,4503818956964112
4588034,13792484597432592
8782338,4521402552025872
17170946,4785285879562512
33948162,4503810902917392
1704450,4785156226285872
2753026,5348097588728112
9044482,4802739821347632
17433090,5348097857159472
5374466,13792355481026832
9568770,4521273435620112
6423042,14355296843469072
12714498,13809939076088592
21103106,14355297111900432
1835522,281556867350832
2884098,844498229793072
4981250,5348097857159472
9175554,299140462412592
34341378,281548813304112
9699842,17674076685072
18088450,281557404221712
34865666,82427576592
19137026,844498766663952
21234178,5348098394030352
25428482,299140999283472
42205698,17666022638352
35127810,281488147939632
6816258,6473928776094000
19399170,1970329417158960
36176386,844429510381872
21496322,6473929044525360
38273538,5348029137748272
42467842,299071743001392
7340546,5348037460234512
11534850,299080065487632
19923458,844438101299472
13632002,4802679692854032
22020610,5348037728665872
26214914,299080333918992
42992130,17605357273872
51380738,281488684810512
14680578,5365621055296272
27263490,862021696361232
52429314,844430047252752
29360642,5365621323727632
54526466,5348029674619152
58720770,299072279872272
15362,4522501828772112
72706,4506971227029777
269314,4504909911163152
531458,4786247180484912
1055746,4504780794757392
4201474,13793446435225872
8395778,4522364389819152
27650,4557548761907457
76802,4524563413074177
273410,4522502097207552
1059842,4522372980801792
4205570,13811038621270272
52226,4522372979753217
150530,13529563644559617
1068034,4522304261325057
4213762,13810969901793537
560130,4786255770419472
1084418,4504797974626560
2132994,4786255770423552
16813058,4786256038854912
33590274,4504781062209792
330754,4506971495465217
592898,4788377484263697
2165762,4788377484267777
16845826,4788377752699137
33623042,4506902776054017
658434,13793446435225872
2231298,13793446435229952
4328450,31807844944707840
16911362,13793446703661312
33688578,13511971727016192
1313794,4504781063192832
4459522,13793446703661312
8653826,4522364658254592
17042434,4786247985791232
33819650,4504773009146112
1575938,4786187051991312
2624514,5349128414433552
8915970,4803770647053072
17304578,5349128682864912
3148802,4786187051995392
17828866,4786187320426752
34606082,4504712343781632
10488834,4803770647057152
18877442,5349128682868992
37751810,13793377984250112
25168898,4803770915488512
41946114,4522295938843392
50334722,4786179266380032
29698,4556586655678737
46082,4521685751431440
144386,13528876416237840
537602,4802877260300592
1061890,4521410874573072
4207618,13810076515041552
54274,4521410873524497
152578,13528601538330897
8410114,4556449216725777
103426,4504918199107857
300034,4504093833822480
1086466,4503835868397840
2135042,4785293664194832
16815106,4785293932626192
33592322,4503818955981072
201730,13512108863914257
398338,13511284498628880
2233346,13792484329001232
4330498,31806882838479120
16913410,13792484597432592
33690626,13511009620787472
791554,4785285342691632
1315842,4503818956964112
4461570,13792484597432592
8655874,4521402552025872
17044482,4785285879562512
33821698,4503810902917392
1577986,4785156226285872
2626562,5348097588728112
8918018,4802739821347632
17306626,5348097857159472
5248002,13792355481026832
9442306,4521273435620112
6296578,14355296843469072
12588034,13809939076088592
20976642,14355297111900432
91138,4557548728353027
287746,4556586924114177
1074178,4556457807708417
4219906,13845123448176897
8414210,4626817960903425
107522,4522510385152257
304130,4521686019866880
566274,4802885850235152
1090562,4521428054442240
2139138,4802885850239232
16819202,4802886118670592
33596418,4521411142025472
205826,13529701049958657
8463362,4557548728353537
402434,13528876684673280
664578,13810076515041552
2237442,13810076515045632
4334594,31824475024523520
16917506,13810076783476992
33694722,13528601806831872
1319938,4521411143008512
4465666,13810076783476992
17048578,4802878065606912
33825794,4521403088961792
4727810,14372889029509392
8922114,4837924193436432
5252098,13809947667071232
6300674,14372889029513472
10494978,4837924193440512
20980738,14372889297944832
25175042,4837924461871872
41952258,4556449485226752
115714,4522372946198787
312322,4521411141959937
4244482,13809947666022657
214018,13529563611005187
1131522,4522304227770627
4277250,13810969868239107
410626,13528601806766337
1197058,13528472690360577
8668162,4556449485161217
4736002,14372820310032657
8930306,4837855473959697
5260290,13809878947594497
6308866,14372820310036737
10503170,4837855473963777
20988930,14372820578468097
25183234,4837855742395137
41960450,4556380765750017
361474,4504918467543297
4293634,13793454991606017
8487938,4522372946199297
820226,4785293932626192
1344514,4503836136833280
2393090,4785293932630272
2655234,5348106178662672
8946690,4802748411282192
17335298,5348106447094032
5276674,13792372660896000
9470978,4521290615489280
10519554,4802748411286272
18908162,5348106447098112
37782530,13792355748479232
25199618,4802748679717632
41976834,4521273703072512
50365442,4785157030609152
459778,13512109132349697
1246210,13511980015943937
8586242,13529563611005697
4785154,14356327635616017
5309442,13793386273177857
9503746,4522304227771137
6358018,14356327635620097
12649474,13810969868239617
21038082,14356327904051457
918530,13792484597432592
2491394,13792484597436672
4588546,31806883106914560
1704962,13792355481026832
2753538,14355296843469072
4850690,32369695352946960
9044994,13809939076088592
17433602,14355297111900432
3277826,13792355481030912
5374978,31806753990508800
17957890,13792355749462272
34735106,13510880772817152
6423554,32369695352951040
10617858,13809939076092672
19006466,14355297111904512
12715010,31824337585570560
21103618,32369695621382400
25297922,13809939344524032
42075138,13528464367878912
50463746,13792347695415552
4981762,14355297111900432
17564674,5348098394030352
5506050,13792355749462272
9700354,4521273704055552
18088962,4785157031592192
34866178,4503682054947072
6554626,14355297111904512
19137538,5348098394034432
12846082,13809939344524032
38011906,13792347695415552
25428994,4802740626653952
42206210,4521265650008832
3671042,5348037460234512
9962498,4802679692854032
18351106,5348037728665872
6816770,15481128030834960
11011074,5365621055296272
21496834,15481128299266320
38274050,14355228392489232
25691138,5365621323727632
50856962,5348029674619152
11535362,4802679692858112
19923970,5348037728669952
38798338,13792287030051072
26215426,4802679961289472
42992642,4521204984644352
51381250,4785088312180992
23069698,15481128299270400
39846914,14355228392493312
27264002,5365621323731712
52429826,5348029674623232
46138370,13809870625112832
58721282,4802671907242752
30722,54086539936017
47106,19185635688720
79874,21101191102737
538626,300377144557872
1062914,18910758830352
55298,18910757781777
88066,20963752149267
8411138,53949100983057
169986,4505193077014800
301058,1593718079760
1087490,1335752655120
2136066,282793548452112
4233218,4786393175818512
16816130,282793816883472
33593346,1318840238352
202754,4507108632428817
333826,3509273493777
595970,284846542815537
1120258,3380157088017
8460290,20963752149777
661506,4786384585883952
1185794,4504918200156432
4331522,13793583840624912
8525826,4522501795218192
792578,282785226948912
1316866,1318841221392
8656898,18902436283152
17045506,282785763819792
33822722,1310787174672
1579010,282656110543152
2627586,845597472985392
4724738,5349197100351792
8919042,300239705604912
17307650,845597741416752
9443330,18773319877392
157698,4557686167306497
288770,54086808371457
1075202,53957691965697
8415234,124317845160705
174082,4522785263059200
305154,19185904124160
567298,300385734492432
1091586,18927938699520
2140162,300385734496512
4237314,4803985361862912
16820226,300386002927872
33597442,18911026282752
206850,4524700818473217
337922,21101459538177
1124354,20972343132417
1189890,4522510386200832
4335618,13811176026669312
1320962,18911027265792
17049602,300377949864192
33826818,18902973219072
8923138,335424077693712
10496002,335424077697792
12593154,4839023705064192
25176066,335424346129152
41953282,53949369484032
182274,4522510385152257
313346,18911026217217
215042,4524563379519747
346114,20964020584707
608258,302370009383187
2181122,302370009387267
4278274,4805969636753667
16861186,302370277818627
33638402,20895301173507
8538114,4557548728353537
8669186,53949369418497
8931330,335355358216977
10504194,335355358221057
12601346,4838954985587457
25184258,335355626652417
41961474,53880650007297
624642,284855132750097
1148930,3397336957185
2197506,284855132754177
4294658,4788454760120577
16877570,284855401185537
33654786,3380424540417
428034,4505193345450240
690178,4786393175818512
1214466,4504935380025600
2263042,4786393175822592
16943106,4786393444253952
33720322,4504918467608832
821250,282793816883472
1345538,1336021090560
2394114,282793816887552
4491266,4786393444253952
2656258,845606062919952
4753410,5349205690286352
8947714,300248295539472
17336322,845606331351312
9472002,18790499746560
6326274,5349205690290432
10520578,300248295543552
18909186,845606331355392
12617730,4803847922909952
21006338,5349205958721792
25200642,300248563974912
41977858,18773587329792
50366466,282656914866432
460802,4507108900864257
1247234,4506979784458497
4392962,13795645424926977
8587266,4524563379520257
1378306,3380425523457
8718338,20964020585217
17106946,284847348121857
33884162,3372371476737
1640450,284786414321937
2689026,847727776764177
4786178,5351327404130577
8980482,302370009383697
17369090,847728045195537
3213314,284786414326017
5310466,4788386041692417
17893378,284786682757377
34670594,3311706112257
6359042,5351327404134657
10553346,302370009387777
18941954,847728045199617
12650498,4805969636754177
21039106,5351327672566017
25233410,302370277819137
42010626,20895301174017
50399234,284778628710657
1443842,4504918468591872
4589570,13793584109060352
8783874,4522502063653632
17172482,4786385391190272
33949698,4504910414545152
4851714,14356396355092752
5376002,13793454992654592
9570306,4522372947247872
6424578,14356396355096832
12716034,13811038587716352
21104642,14356396623528192
17565698,845598278287632
9701378,18773588312832
18089986,282656915849472
34867202,1181939204352
19138562,845598278291712
21235714,5349197905658112
25430018,300240510911232
42207234,18765534266112
3672066,845537344491792
5769218,5349136971858192
9963522,300179577111312
18352130,845537612923152
11012098,863120939553552
13109250,5366720566919952
25692162,863121207984912
50857986,845529558876432
7342082,5349136971862272
11536386,300179577115392
19924994,845537612927232
13633538,4803779204481792
22022146,5349137240293632
26216450,300179845546752
42993666,18704868901632
51382274,282588196438272
14682114,5366720566924032
27265026,863121207988992
52430850,845529558880512
29362178,5366720835355392
54528002,5349129186246912
58722306,300171791500032
159746,4556861516808465
290818,53262157873425
2125826,334461988245777
4222978,4838061615612177
16805890,334462256677137
33583106,52987280032017
110594,19185618911505
1093634,18103288201488
2142210,299561083998480
4239362,4803160711364880
16822274,299561352429840
33599490,18086375784720
602114,300377127780657
1126402,18910742053137
405506,4522227168968976
667650,4803152121430320
1191938,4521685735702800
4337666,13810351376171280
798722,299552762495280
1323010,18086376767760
17051650,299553299366160
33828866,18078322721040
34091010,299277884653872
3158018,299286207140112
5255170,4802885834506512
17838082,299286475571472
34615298,17811498926352
6303746,5365827196948752
18886658,862227838013712
20983810,5365827465380112
50343938,299278421524752
184322,4521685734654225
315394,18086375719185
1101826,17828410294545
2150402,299286206091537
4247554,4802885833457937
16830466,299286474522897
33607682,17811497877777
217090,4522501778440467
348162,18902419505427
610306,300239688827187
1134594,18773303099667
675842,4802877243523377
1200130,4521410857795857
4345858,13810076498264337
806914,299277884588337
1331202,17811498860817
17059842,299278421459217
33837058,17803444814097
1593346,299148768182577
2641922,862090130624817
4739074,5365689757991217
17321986,862090399056177
10506242,334324549292817
12603394,4837924176659217
25186306,334324817724177
41963522,52849841079057
233474,4505193060237585
364546,1593701302545
1150978,1335735877905
2199554,282793531674897
4296706,4786393159041297
16879618,282793800106257
33656834,1318823461137
1216514,4504110729527568
2265090,4785568525324560
16945154,4785568793755920
33722370,4504093817110800
1347586,511370592528
2396162,281969166389520
4493314,4785568793755920
3182594,281711200964880
5279746,4785310828331280
17862658,281711469396240
34639874,236492751120
35688450,281694288548112
37785602,4785293915914512
724994,4786384569106737
1249282,4504918183379217
4395010,13793583823847697
8589314,4522501778440977
856066,282785210171697
1380354,1318824444177
8720386,18902419505937
17108994,282785747042577
33886210,1310770397457
1642498,282656093765937
2691074,845597456208177
4788226,5349197083574577
8982530,300239688827697
17371138,845597724639537
9506818,18773303100177
921602,4785560203821360
1445890,4504093818093840
4591618,13792759458562320
8785922,4521677413155600
17174530,4785560740692240
33951746,4504085764047120
34213890,4785285325979952
3280898,4785293648466192
17960962,4785293916897552
34738178,4503818940252432
10620930,4802877243527952
19009538,5348235279339792
37883906,13792484580720912
25300994,4802877511959312
42078210,4521402535314192
50466818,4785285862850832
3411970,281694289531152
5509122,4785293916897552
6557698,5348235279339792
10752002,299277884592912
35917826,281686235484432
12849154,4802877511959312
38014978,4785285862850832
50597890,281687309222160
35131394,281556850639152
6819842,6473997478793520
19402754,1970398119858480
36179970,844498213081392
21499906,6473997747224880
38277122,5348097840447792
42471426,299140445700912
7344130,5348106162934032
11538434,299148768187152
19927042,844506803998992
13635586,4802748395553552
22024194,5348106431365392
26218498,299149036618512
42995714,17674059973392
51384322,281557387510032
14684162,5365689757995792
27267074,862090399060752
52432898,844498749952272
29364226,5365690026427152
54530050,5348098377318672
58724354,299140982571792
614402,335424060915987
2187266,335424060920067
4284418,4839023688286467
16867330,335424329351427
33644546,53949352706307
417794,4556861785243905
679938,4838061615612177
2252802,4838061615616257
16932866,4838061884047617
33710082,4556586907402497
811010,334462256677137
2383874,334462256681217
4481026,4838061884047617
1597442,334333140271377
2646018,897274502713617
4743170,5400874130080017
8937474,404693293466385
17326082,897274771144977
3170306,334333140275457
5267458,4837932767641857
17850370,334333408706817
34627586,52858432061697
6316034,5400874130084097
10510338,404693293470465
18898946,897274771149057
12607490,4908292920836865
20996098,5400874398515457
25190402,404693561901825
41967618,123218585256705
50356226,334325354660097
237570,4522785246281985
368642,19185887346945
630786,300385717715217
1155074,18927921922305
2203650,300385717719297
4300802,4803985345085697
16883714,300385986150657
33660930,18911009505537
696322,4803160711364880
1220610,4521702915571968
2269186,4803160711368960
16949250,4803160979800320
33726466,4521686003155200
827394,299561352429840
1351682,18103556636928
2400258,299561352433920
4497410,4803160979800320
1613826,299303387005200
34119682,299286474588432
3186690,299303387009280
5283842,4802903014375680
17866754,299303655440640
34643970,17828678795520
35692546,299286474592512
37789698,4802886101958912
1253378,4522510369423617
4399106,13811176009892097
1384450,18911010488577
17113090,300377933086977
33890306,18902956441857
8986626,335424060916497
10559490,335424060920577
12656642,4839023688286977
25239554,335424329351937
42016770,53949352706817
1449986,4521686004138240
4595714,13810351644606720
17178626,4803152926736640
33955842,4521677950091520
1712130,4802885834506512
2760706,5365827196948752
17440770,5365827465380112
3284994,4802885834510592
17965058,4802886102941952
34742274,4521411126296832
19013634,5365827465384192
37888002,13810076766765312
50470914,4802878048895232
1843202,299286475571472
2891778,862227838013712
4988930,5365827465380112
34349058,299278421524752
3416066,299286475575552
5513218,4802886102941952
6561794,5365827465384192
35921922,299278421528832
38019074,4802878048895232
50601986,299279495266560
3678210,862098721607952
5775362,5365698348974352
18358274,862098990039312
42475522,334324817789712
50864130,862090935992592
7348226,5365698348978432
19931138,862098990043392
22028290,5365698617409792
51388418,299149573554432
44048386,334324817793792
52436994,862090935996672
46145538,4837924445160192
54534146,5365690563363072
638978,300248278761747
1163266,18790482968835
2211842,300248278765827
4308994,4803847906132227
16891906,300248547197187
33669122,18773570552067
442370,4521686003089665
704514,4802885833457937
1228802,4521428037665025
2277378,4802885833462017
16957442,4802886101893377
33734658,4521411125248257
835586,299286474522897
1359874,17828678729985
2408450,299286474526977
4505602,4802886101893377
2670594,862098720559377
4767746,5365698347925777
17350658,862098988990737
6340610,5365698347929857
18923522,862098988994817
21020674,5365698616361217
50380802,299149572505857
475138,4522502046875907
1261570,4522372930470147
4407298,13811038570938627
1392642,18773571535107
17121282,300240494133507
33898498,18765517488387
1654786,300179560333587
2703362,863120922775827
4800514,5366720550142227
17383426,863121191207187
3227650,300179560337667
5324802,4803779187704067
17907714,300179828769027
34684930,18704852123907
6373378,5366720550146307
18956290,863121191211267
21053442,5366720818577667
50413570,300171774722307
1458178,4521411126231297
4603906,13810076766699777
17186818,4802878048829697
33964034,4521403072184577
4866050,14372889012732177
9060354,4837924176659217
5390338,13809947650294017
6438914,14372889012736257
10633218,4837924176663297
21118978,14372889281167617
25313282,4837924445094657
42090498,4556449468449537
9191426,334324817724177
17580034,862090935927057
18104322,299149573488897
34881538,17674596843777
10764290,334324817728257
19152898,862090935931137
12861442,4837924445094657
21250050,5365690563297537
3686402,862030002131217
5783554,5365629629497617
18366466,862030270562577
42483714,334256098312977
50872322,862022216515857
7356418,5365629629501697
19939330,862030270566657
22036482,5365629897933057
51396610,299080854077697
44056578,334256098317057
52445186,862022216519937
46153730,4837855725683457
54542338,5365621843886337
491522,4505193328673025
753666,4786393159041297
1277954,4504935363248385
2326530,4786393159045377
17006594,4786393427476737
33783810,4504918450831617
884738,282793800106257
1409026,1336004313345
2457602,282793800110337
4554754,4786393427476737
2719746,845606046142737
4816898,5349205673509137
9011202,300248278762257
17399810,845606314574097
9535490,18790482969345
6389762,5349205673513217
10584066,300248278766337
18972674,845606314578177
12681218,4803847906132737
21069826,5349205941944577
25264130,300248547197697
42041346,18773570552577
50429954,282656898089217
950274,4785568793755920
1474562,4504110997963008
2523138,4785568793760000
1736706,4785310828331280
34242562,4785293915914512
3309570,4785310828335360
17989634,4785311096766720
34766850,4503836120121600
35815426,4785293915918592
1867778,281711469396240
3440642,281711469400320
5537794,4785311096766720
3702786,844523715432720
5799938,5348123342799120
9994242,299165948052240
18382850,844523983864080
6848514,6474006068728080
19431426,1970406709793040
36208642,844506803015952
21528578,6474006337159440
38305794,5348106430382352
42500098,299149035635472
7372802,5348123342803200
11567106,299165948056320
19955714,844523983868160
13664258,4802765575422720
22052866,5348123611234560
26247170,299166216487680
43024386,17691239842560
51412994,281574567379200
23101442,6474006337163520
39878658,5348106430386432
44072962,299149035639552
46170114,4802748663005952
1507330,4504918451814657
4653058,13793584092283137
8847362,4522502046876417
17235970,4786385374413057
34013186,4504910397767937
4915202,14356396338315537
5439490,13793454975877377
9633794,4522372930470657
6488066,14356396338319617
12779522,13811038570939137
21168130,14356396606750977
17629186,845598261510417
9764866,18773571535617
18153474,282656899072257
34930690,1181922427137
19202050,845598261514497
21299202,5349197888880897
25493506,300240494134017
42270722,18765517488897
3735554,845537327714577
5832706,5349136955080977
10027010,300179560334097
18415618,845537596145937
11075586,863120922776337
13172738,5366720550142737
25755650,863121191207697
50921474,845529542099217
7405570,5349136955085057
11599874,300179560338177
19988482,845537596150017
13697026,4803779187704577
22085634,5349137223516417
26279938,300179828769537
43057154,18704852124417
51445762,282588179661057
14745602,5366720550146817
27328514,863121191211777
52494338,845529542103297
29425666,5366720818578177
54591490,5349129169469697
58785794,300171774722817
1966082,4785293916897552
3014658,5348235279339792
9306114,4802877511959312
34471938,4785285862850832
3538946,4785293916901632
10878978,4802877511963392
36044802,4785285862854912
50724866,4785286936592640
3801090,5348106162934032
10092546,4802748395553552
18481154,5348106431365392
6946818,15481196733534480
11141122,5365689757995792
21626882,15481197001965840
38404098,14355297095188752
25821186,5365690026427152
50987010,5348098377318672
11665410,4802748395557632
20054018,5348106431369472
38928386,13792355732750592
26345474,4802748663988992
43122690,4521273687343872
51511298,4785157014880512
23199746,15481197001969920
39976962,14355297095192832
27394050,5365690026431232
52559874,5348098377322752
46268418,13809939327812352
58851330,4802740609942272
3932162,844506803998992
6029314,5348106431365392
10223618,299149036618512
35389442,281557387510032
11272194,862090399060752
19660802,1970398656729360
36438018,844498749952272
13369346,5365690026427152
21757954,6473998284095760
38535170,5348098377318672
42729474,299140982571792
51118082,844499823690000
7602178,5348106431369472
11796482,299149036622592
36962306,281557387514112
13893634,4802748663988992
39059458,4785157014880512
51642370,281558461251840
14942210,5365690026431232
23330818,6473998284099840
40108034,5348098377322752
44302338,299140982575872
52690946,844499823694080
46399490,4802740609942272
54788098,5348099451060480
58982402,299142056313600
7864322,6473937350299920
20447234,1970337991364880
37224450,844438084587792
22544386,6473937618731280
39321602,5348037711954192
43515906,299080317207312
15204354,6491520945361680
23592962,8725728841437456
27787266,1987921586426640
44564482,862021679649552
52953090,1970329937318160
29884418,6491521213793040
46661634,5365621307015952
55050242,6473929564684560
24117250,6473937618735360
40894466,5348037711958272
45088770,299080317211392
47185922,4802679944577792
31457282,6491521213797120
48234498,5365621307020032
56623106,6473929564688640
572,4503603972739377
1084,13510803227480337
604,4503599912653107
1116,13510799167394067
4188,4503668615352627
131164,13510867870093587
262236,4503669152223507
524380,4785074872586547
2097244,4785074872594707
4194396,13792274127327507
8388700,4521192081920787
16777308,4785075409457427
65692,4506898163372307
16668,4837851162284307
524572,5365616743616817
2097436,5365616743624977
4194588,14372815998357777
8388892,4837851162284817
2588,4504699189399857
16924,4521191830262067
66076,4504699155845427
131612,13510867618435377
2097692,4785074620936497
4194844,13792273875669297
8389148,4521191830262577
33554972,4503599912784177
3100,13511898444140817
5148,13510867618435377
17436,13528391085003027
66588,13511898410586387
525340,13792273875669297
2098204,13792273875677457
8389660,13528391085003537
33555484,13510799167525137
67612,4506898179100947
12316,4521397971915057
20508,4521260532961587
36892,4503810080837937
69660,4504767858544947
266268,4503806054306097
2101276,4785143323636017
4198428,13792342578368817
8392732,4521260532962097
33558556,4503668615483697
24604,4556444905050387
139292,13528597226656017
8396828,4556444905050897
147484,13528459787702547
540700,4802666790195507
2113564,4802666790203667
4210716,13809866044936467
33570844,4521192082051347
163868,13511009335578897
196636,13511967113285907
589852,4786174115778867
2162716,4786174115787027
4259868,13793373370519827
8454172,4522291325113107
33619996,4504699407634707
393244,13511005309047057
655388,13792342578368817
2228252,13792342578376977
8519708,13528459787703057
33685532,13510867870224657
33816604,4503669152354577
8912924,4802666790196017
17301532,5348024826007857
34078748,4785074872717617
10485788,4802666790204177
18874396,5348024826016017
35651612,4785074872725777
12582940,13809866044936977
20971548,14355224080748817
37748764,13792274127458577
41943068,4521192082051857
50331676,4785075409588497
1132,4503604241174547
2156,1104125431827
4204,73299726387
32876,81889660947
262252,73836597267
524396,281479556960307
1048684,13171232787
2097260,281479556968467
16777324,281480093831187
684,1103858044977
2220,3302881300497
65708,3302847746067
1048748,1112416522257
812,299071508123697
16684,334255846658067
524588,862021427990577
2097452,862021427998737
1580,4503604039847985
2604,1103924105265
4652,73064845425
8748,17665250889777
131628,4503672692215857
262700,73333280817
524844,281479322079345
4194860,4785078949449777
8389164,17596531413297
16777772,281479590514737
5164,4503672692215857
17452,4521196158783507
33836,4503681282150417
66604,4504703484366867
132140,13510871946956817
525356,4785078949449777
1049644,4503612563722257
2098220,4785078949457937
4195372,13792278204190737
33555500,4503604241305617
6188,1172576473137
18476,18696043040787
34860,1181166407697
526380,282578833707057
1050668,1112447979537
2099244,282578833715217
33556524,1104125562897
12332,17802656288817
20524,17665217335347
69676,1172542918707
135212,4503810097614897
266284,210738679857
1052716,81622274097
2101292,281548008009777
33558572,73299857457
24620,52849589424147
41004,17811246223377
49196,17673807269907
540716,299071474569267
1065004,17605088841747
2113580,299071474577427
8405036,52780869947667
33570860,17596766425107
98348,1181132853267
163884,4503818687549457
294956,219328614417
557100,281556597936177
2129964,281556597944337
33587244,81889792017
589868,282578800152627
1114156,1112414425107
2162732,282578800160787
33620012,1104092008467
33816620,73836728337
1572908,281487879508017
4718636,5348028869316657
17301548,844429510381617
34078764,281479557091377
3145772,281487879516177
34603052,13171363857
6291500,5348028869324817
18874412,844429510389777
35651628,281479557099537
50331692,281480093962257
716,1099797958707
2252,3298821214227
4300,1168500658227
65740,3298804437015
262348,1169037529107
524492,282574757892147
1048780,1104078245907
2097356,282574757900307
16777420,282575294763027
844,299067448037427
4428,299136150736947
8524,334320522825747
16716,334251803349015
262476,299136687607827
4194636,5365617012051987
8388940,334251803349267
4684,69004759155
8780,17661190803507
16972,17592471326775
33356,73299726387
66124,1099796910135
131660,4503668632129587
524876,281475261993075
1049164,4581298227
4194892,4785074889363507
8389196,17592471327027
3148,4504699457835027
5196,4503668632129587
132172,13510867886870547
263244,4503669169000467
525388,4785074889363507
2098252,4785074889371667
4195404,13792274144104467
16778316,4785075426234387
6220,1168516386867
67660,3298820165655
264268,1169053257747
526412,282574773620787
2099276,282574773628947
16779340,282575310491667
20556,17661174026295
69708,1168499609655
528460,281543964692595
1052748,73283997747
4198476,4785143592063027
8392780,17661174026547
24652,52845546115095
41036,17802907947027
139340,4521398240350227
532556,299136150736947
2105420,299136150745107
8396876,52845546115347
16785484,299136687607827
81996,18691966177311
278604,17661710897175
540748,299067431260215
2113612,299067431268375
8405068,52776826638615
16793676,299067968131095
163916,4503810349273107
557132,281548259659827
1081420,81873932307
2129996,281548259667987
16810060,281548796530707
327756,1169036480535
589900,282574756843575
2162764,282574756851735
16842828,282575293714455
655436,4785143592063027
2228300,4785143592071187
4325452,13792342846803987
16908364,4785144128933907
1310796,73820868627
4456524,4785144128933907
8650828,17661710897427
17039436,281545575305235
1572940,281479541231667
8912972,299067431260467
3145804,281479541239827
17825868,281480078102547
10485836,299067431268627
25165900,299067968131347
16780,335351047589907
65932,302365698756627
524684,863116628922417
2097548,863116628930577
1676,4504699190448177
17036,18691715567667
1049228,1103826587697
2097804,282574506242097
33555084,1099798089777
3212,4506898213703697
66700,4506898180149267
6284,3367272255537
18572,20890738823187
67724,7696599289875
526476,284773529489457
1050764,3302849843217
2099340,284773529497617
33556620,3298821345297
12428,18897857220657
20620,18760418267187
37004,1309966143537
135308,4504905298546737
266380,1305939611697
1052812,1172529287217
2101388,282643208941617
33558668,1168500789297
24716,53944790355987
73868,20959441522707
82060,20890722045975
540812,300166675501107
1065100,18695995854867
2113676,300166675509267
8405132,53876070879507
33570956,18691967356947
98444,3371550445587
1081484,1181119221777
196748,4506966882848787
327820,3367523913747
4259980,4788373140082707
8454284,20890722046227
16842892,284773781147667
33816716,1169037660177
1573004,282578786521137
4718732,5349124070248497
17301644,845524711313457
34078860,282574758023217
3145868,282578786529297
34603148,1104078376977
6291596,5349124070256657
18874508,845524711321617
35651724,282574758031377
50331788,282575294894097
1804,4802666840526897
2828,300166724784177
8972,334320271167537
66316,300166691229747
525068,862017133023345
4195084,5365616760393777
8389388,334251551691057
16777996,862017401458737
33555212,299067448168497
17676,4837851179061267
525580,5365616760393777
2098444,5365616760401937
4195596,14372816015134737
18700,335351063318547
67852,302365714485267
526604,863116644651057
2099468,863116644659217
37132,299277616222257
69900,300235393929267
135436,4802872948625457
266508,299273589690417
528652,862085835722865
4198668,5365685463093297
8392972,334320254390577
16781580,862086104158257
33558796,299136150868017
24844,404688998567955
41228,334461988311057
73996,335419766018067
139532,4838057320714257
270604,334457961779217
4202764,5400869835182097
16785676,897270476247057
33562892,334320522956817
49420,334324549357587
82188,335351046541335
147724,4837919881760787
278796,334320522825747
1065228,334255830929427
8405260,404620279091475
557324,862090130690097
2130188,862090130698257
4260108,5366716255244307
8454412,335351046541587
16843020,863116896309267
33620236,300166943019027
655628,5365685463093297
2228492,5365685463101457
4325644,14372884717834257
786700,862086104158257
2359564,862086104166417
17039628,862086641029137
33816844,299136687738897
1573132,862021412261937
4718860,6491516650459185
17301772,1987917291524145
3145996,862021412270097
6291724,6491516650467345
18874636,1987917291532305
12583180,5400801115705617
37749004,5365617012183057
25166092,897201756770577
41943308,334251803480337
3596,4504699256508465
5644,4503668397248625
9740,4521260583292977
34316,4503672692215857
263692,4503668665684017
525836,4785074654482545
1050124,4503603973787697
8390156,4521191863816497
16778764,4785074922917937
6668,1168281505905
10764,18760467550257
35340,1172576473137
133644,4504767908876337
264716,1168549941297
526860,282574538739825
1051148,1103858044977
4196876,4786174166110257
8391180,18691748073777
16779788,282574807175217
12812,17798361321585
21004,17660922368115
37388,210470244465
70156,1168247951475
135692,4503805802647665
266764,206443712625
528908,281543713034481
2101772,281543713042545
33559052,69004890225
41484,17802656288817
74252,18760433995827
139788,4521397988692017
270860,17798629756977
2105868,299135899086897
8397324,52845294457137
33563148,17661190934577
49676,17665217335347
82444,18691714519095
147980,4521260549738547
279052,17661190803507
541196,299067179602035
1065484,17596498907187
4211212,4802666806972467
16794124,299067448037427
98828,1172542918707
164364,4503810097614897
295436,210738679857
1081868,81622274097
2130444,281548008009777
33587724,73299857457
197132,4504767875321907
328204,1168516386867
590348,282574505185395
1114636,1103824490547
4260364,4786174132555827
8454668,18691714519347
16843276,282574773620787
393740,4503806071083057
2228748,4785143340412977
4325900,13792342595145777
33686028,4503668632260657
2359820,281543981477937
17039884,281544518340657
4719116,5348024574349425
17302028,844425215414385
34079244,281475262124145
3146252,281479289581617
34603532,4581429297
10486284,299067179610417
20972044,5348024842784817
37749260,4785074889494577
41943564,17592471458097
7180,4504767908876337
19468,4522291375443987
134156,13511967163617297
527372,4786174166110257
2100236,4786174166118417
4197388,13793373420851217
33557516,4504699457966097
13324,4521397988692017
21516,4521260549738547
37900,4503810097614897
70668,4504767875321907
267276,4503806071083057
2102284,4785143340412977
4199436,13792342595145777
33559564,4503668632260657
25612,4556444921827347
140300,13528597243432977
148492,13528459804479507
541708,4802666806972467
2114572,4802666806980627
4211724,13809866061713427
8406028,4556376202350867
33571852,4521192098828307
164876,13511009352355857
197644,13511967130062867
590860,4786174132555827
2163724,4786174132563987
4260876,13793373387296787
33621004,4504699424411667
394252,13511005325824017
656396,13792342595145777
2229260,13792342595153937
33686540,13510867887001617
33817612,4503669169131537
17302540,5348024842784817
34079756,4785074889494577
18875404,5348024842792977
35652620,4785074889502737
20972556,14355224097525777
37749772,13792274144235537
50332684,4785075426365457
14348,18897872949297
22540,18760433995827
38924,1309981872177
137228,4504905314275377
268300,1305955340337
2103308,282643224670257
33560588,1168516517937
26636,53944806084627
75788,20959457251347
83980,20890737774615
542732,300166691229747
2115596,300166691237907
8407052,53876086608147
33572876,18691983085587
100364,3371566174227
198668,4506966898577427
329740,3367539642387
1116172,3302847746067
4261900,4788373155811347
8456204,20890737774867
16844812,284773796876307
33818636,1169053388817
4720652,5349124085977137
17303564,845524727042097
34080780,282574773751857
6293516,5349124085985297
18876428,845524727050257
35653644,282574773760017
50333708,282575310622737
45068,18077517418545
143372,4521672849821745
274444,18073490886705
536588,299273321255025
1060876,17802640560177
4206604,4802872948625457
16789516,299273589690417
86028,18760417218615
544780,299135882301555
1069068,17665201606707
4214796,4802735509671987
16797708,299136150736947
167948,4504084958744625
299020,485599809585
561164,281685430177905
4231180,4785285057548337
8425484,17802639511857
16814092,281685698613297
593932,282643207884915
1118220,1172527190067
4263948,4786242835255347
8458252,18760417218867
16846860,282643476320307
397324,4504080932212785
659468,4785280762581105
1183756,4503810081886257
8523788,4521397971915057
16912396,4785281031016497
790540,281681403646065
1314828,210722951217
4460556,4785281031016497
8654860,17798612980017
4722700,5348093277048945
17305612,844493918113905
34082828,281543964823665
3149836,281547992281137
34607116,73284128817
10489868,299135882309937
20975628,5348093545484337
37752844,4785143592194097
41947148,17661174157617
90124,53944789307415
1073164,52849573695507
4218892,4837919881760787
8413196,123214021857555
16801804,334320522825747
106508,18902151139347
565260,299277616222257
1089548,17811230494737
2138124,299277616230417
8429580,52987011600657
33595404,17802908078097
204812,4522497483542547
335884,18898124607507
598028,300235393929267
2170892,300235393937427
8462348,53944789307667
33628172,18760685785107
663564,4802872948625457
2236428,4802872948633617
4333580,13810072203366417
8527884,4556582344003857
33693708,4521398240481297
794636,299273589690417
2367500,299273589698577
8658956,52982985068817
17047564,299274126561297
4726796,5365685463093297
8921100,334320254390577
17309708,862086104158257
34086924,299136150868017
6299660,5365685463101457
10493964,334320254398737
18882572,862086104166417
35659788,299136150876177
41951244,52845546246417
50339852,299136687738897
180236,4521402266882067
311308,17802907947027
573452,299140177268787
1097740,17673791541267
2146316,299140177276947
8437772,52849572647187
33603596,17665469124627
606220,300166674452535
2179084,300166674460695
8470540,53876069830935
33636364,18691966308375
409612,4521398240350227
671756,4802735509671987
2244620,4802735509680147
4341772,13809934764412947
8536076,4556444905050387
33701900,4521260801527827
802828,299136150736947
2375692,299136150745107
8667148,52845546115347
17055756,299136687607827
1589260,299071458840627
3162124,299071458848787
9453580,52780854219027
34619404,17596750696467
12599308,4837851162284307
20987916,5365617012051987
37765132,4802667058761747
25182220,334251803349267
229388,4504909592465427
360460,1310233530387
622604,282647502852147
1146892,1181117124627
2195468,282647502860307
33652748,1172794707987
688140,4785285057548337
1212428,4503818671820817
2261004,4785285057556497
4358156,13792484312289297
33718284,4503810349404177
819212,281685698613297
1343500,219312885777
2392076,281685698621457
17072140,281686235484177
1605644,281556582207537
4751372,5348097572016177
17334284,844498213081137
34111500,281548259790897
3178508,281556582215697
34635788,81874063377
6324236,5348097572024337
18907148,844498213089297
35684364,281548259799057
50364428,281548796661777
458764,4504905565933587
720908,4786242835255347
2293772,4786242835263507
4390924,13793442089996307
33751052,4504768127111187
851980,282643476320307
2424844,282643476328467
17104908,282644013191187
1638412,282578784423987
8978444,300166674452787
3211276,282578784432147
34668556,1104076279827
10551308,300166674460947
21037068,5349124337635347
37814284,4786174384345107
42008588,18691966308627
917516,4785281031016497
2490380,4785281031024657
4587532,13792480285757457
17170444,4785281567887377
17432588,5348093545484337
34209804,4785143592194097
19005452,5348093545492497
35782668,4785143592202257
21102604,14355292800225297
37879820,13792342846935057
50462732,4785144129064977
4980748,5348093545484337
34865164,73820999697
6553612,5348093545492497
21233676,5348094082355217
38010892,4785144129064977
42205196,17661711028497
50593804,281545575436305
5767180,5348028853588017
18350092,844429494652977
35127308,281479541362737
13107212,5365616743616817
21495820,6473924732850225
25690124,862017384681777
42467340,299067431391537
7340044,5348028853596177
19922956,844429494661137
36700172,281479541370897
51380236,281480078233617
14680076,5365616743624977
23068684,6473924732858385
27262988,862017384689937
44040204,299067431399697
58720268,299067968262417
1140,13510803495915777
33554548,4503604744622337
1204,13511902740156672
2228,4506902508671232
1048756,4504712043892992
1332,13809870390235392
2097460,5365621055369472
4194612,14372820310102272
8388916,4837855474029312
1588,13510803294589200
4660,4503672692216112
33332,4503681282150672
131636,13510871946957072
524852,4785078949450032
1049140,4503612563722512
2097716,4785078949458192
4194868,13792278204190992
8389172,4521196158784272
33554996,4503604241305872
3124,13511902806216960
5172,13510871946957072
9268,13528464133001472
17460,13528395413524737
66612,13511902739108097
132148,31525270456439040
263220,13510872215392512
525364,13792278204190992
4195380,31806676713672960
16778292,13792278472626432
34868,4504780793778432
67636,4506902507622657
133172,13511971458584832
1050676,4504712075350272
2099252,4786178461085952
4196404,13793377715818752
8390708,4522295670412032
33556532,4504703752933632
36916,4503818687549712
135220,13511009352356112
41012,4521410873594112
139316,13528601538400512
8396852,4556449216795392
8405044,4556380497318657
294964,4503818955985152
2129972,4785156225315072
4227124,13792355480047872
8421428,4521273434641152
33587252,4503681517162752
393268,13511009620791552
1179700,13510880504385792
2228276,13792346890121472
8519732,13528464099447552
33685556,13510872181969152
33816628,4503673464099072
2621492,5348028869325072
4718644,14355228124057872
3145780,4785087506886912
5242932,13792286761619712
9437236,4521204716212992
34603060,4503612798734592
10485812,4802671101948672
18874420,5348029137760512
35651636,4785079184470272
12582964,13809870356681472
20971572,14355228392493312
37748788,13792278439203072
41943092,4521196393796352
50331700,4785079721332992
65748,4506898431807747
33554644,4504699945554177
16724,4837851430719747
2097492,5365617012060417
4194644,14372816266793217
8388948,4837851430720257
16777556,5365617548923137
33554772,4802667595632897
1620,13510799200948497
33555028,4503600449655057
3156,13511898712576257
17492,13528391353438467
66644,13511898679021827
263252,13510868423741697
2098260,13792274144112897
8389716,13528391353438977
16778324,13792274680975617
67668,4506898447536387
33556564,4504699961282817
135252,13511005309047057
266324,4503806591176977
33558612,4503669152354577
24660,4556445173485827
139348,13528597495091457
270420,4521398777221377
8396884,4556445173486337
33562708,4521261338398977
147540,13528460056137987
278612,4521261338267907
2113620,4802667058639107
4210772,13809866313371907
16793684,4802667595501827
163924,13511009604014337
294996,4503810886144257
33587284,4503673447321857
196692,13511967381721347
327764,4504768663851267
2162772,4786174384222467
4259924,13793373638955267
8454228,4522291593548547
16842836,4786174921085187
2228308,13792342846812417
8519764,13528460056138497
16908372,13792343383675137
2359380,4785144128942337
4456532,13792343383675137
8650836,4521261338268417
33816660,4503670226096385
2621524,5348024826016017
4718676,14355224080748817
17301588,5348025362878737
34078804,4785075409588497
34603092,4503604728893697
10485844,4802667058639617
12582996,13809866313372417
25165908,4802667595502337
50331732,4785076483330305
2097556,5366716256301312
4194708,14373915511034112
8389012,4838950674961152
1684,13511898445189392
2708,4506898213703952
66708,13514097434890497
1049748,13511902708699392
2098324,13793373388353792
8389780,13529490597679872
33555604,13511898680201472
133268,13514166154367232
1050772,4506902477213952
2099348,4788373156868352
4196500,13795572411601152
8390804,4524490366194432
33556628,4506898448716032
135316,13512104553287952
139412,13529696739332352
8396948,4557544417727232
82068,4524490349416707
8405140,4557475698250497
163988,13512108848255232
1081492,4504780746592512
196756,13514166137590017
1114260,4506902460436737
2162836,4788373140091137
4259988,13795572394823937
8454292,4524490349417217
33620116,4506898431938817
393364,13512104821723392
1179796,13511971411398912
2228372,13793442091053312
8519828,13529559300379392
33685652,13511967382900992
33816724,4504768665030912
2621588,5349124070256912
4718740,14356323324989712
3145876,4786178413900032
5243028,13793377668632832
9437332,4522295623226112
34603156,4504703705747712
10485908,4803766302880512
18874516,5349124338692352
35651732,4786174385402112
12583060,13810965557613312
20971668,14356323593425152
37748884,13793373640134912
41943188,4522291594728192
50331796,4786174922264832
1812,13809866095268112
525076,5365616760394032
2097940,5365616760402192
4195092,14372816015134992
8389396,4837851179062032
3348,13810965606895872
9492,13845119153279232
17684,13845050433802497
525588,14372816015134992
4195604,32387214524616960
16778516,14372816283570432
33555732,13809866330280192
2099476,5366716272029952
4196628,14373915526762752
8390932,4838950690689792
12564,4838057320714512
135444,13810072203366672
528660,5365685463093552
2101524,5365685463101712
4198676,14372884717834512
8392980,4837919881761552
41236,4838061615681792
270612,4838057589149952
532756,5400869835182352
8397076,4908288625939200
16785684,5400870103617792
33562900,4837920150327552
82196,4838950673912067
147732,13845119136502017
540948,5400801115705617
8405268,4908219906462465
16793876,5400801384141057
33571092,4837851430850817
164116,13810076498333952
2130196,5365689758068992
4227348,14372889012801792
8421652,4837924176728832
2162964,5366716255252737
4260116,14373915509985537
8454420,4838950673912577
393492,13810072471802112
655636,14372884717834512
4325652,32387283227316480
16908564,14372884986269952
33685780,13809935032979712
2359572,5365685731537152
4456724,14372884986269952
8651028,4837920150196992
17039636,5365686268399872
33816852,4802736315109632
2621716,6491516650467600
4718868,15498715905200400
34078996,5365617012183312
3146004,5365621039640832
5243156,14372820294373632
9437460,4837855458300672
18874644,6491516918903040
20971796,15498716173635840
3604,13511898511249680
9748,13528459838034192
17940,13528391118557457
34324,13510871946957072
67092,13511898444140817
132628,31525266161471760
263700,13510867920425232
1050132,13510803228528912
4195860,31806672418705680
16778772,13792274177659152
6676,4504767908876592
68116,4506898212655377
133652,13511967163617552
526868,4786174166110512
2099732,4786174166118672
4196884,13793373420851472
8391188,4522291375444752
33557012,4504699457966352
12820,4521397988692272
37396,4503810097615152
266772,4503806071083312
2101780,4785143340413232
4198932,13792342595146032
8393236,4521260549739312
33559060,4503668632260912
139796,13528597243433232
8397332,4556444921828112
8405524,4556376202351377
164372,13511009352356112
393748,13511005325824272
655892,13792342595146032
2228756,13792342595154192
8520212,13528459804480272
33686036,13510867887001872
33817108,4503669169131792
8913428,4802666806973232
17302036,5348024842785072
34079252,4785074889494832
10486292,4802666806981392
18874900,5348024842793232
35652116,4785074889502992
12583444,13809866061714192
20972052,14355224097526032
37749268,13792274144235792
41943572,4521192098829072
50332180,4785075426365712
7188,13511967163617552
11284,13529559349661952
19476,13529490630185217
35860,13511971458584832
134164,31526365673099520
265236,13511967432052992
527380,13793373420851472
1051668,13511902740156672
4197396,31807771930333440
16780308,13793373689286912
13332,13528597243433232
37908,13511009352356112
136212,31525403566870800
267284,13511005325824272
529428,13792342595146032
2102292,13792342595154192
8393748,13528459804480272
33559572,13510867887001872
25620,13563644176568577
42004,13528601538400512
140308,31542995752915200
271380,13528597511868672
2106388,13809934781198592
33563668,13528460073046272
82964,13529490596630787
2114580,13809866061721857
33571860,13528391353569537
164884,31525407861838080
295956,13511009620791552
1082388,13510880504385792
2130964,13792346890121472
8422420,13528464099447552
33588244,13510872181969152
2163732,13793373387305217
8455188,13529490596631297
33621012,13511898679152897
394260,31525403835306240
2229268,31806741104636160
4326420,67835538123591936
8520724,31542858313962240
33686548,31525266396483840
2360340,13792342863589632
8651796,13528460072915712
17040404,13792343400452352
4719636,32369622338572560
8913940,13809866061714192
17302548,14355224097526032
34079764,13792274144235792
3146772,13792278171693312
9438228,13528395381019392
34604052,13510803463540992
12583956,31824264571196160
20972564,32369622607008000
37749780,31806672653717760
25166868,13809866330149632
137236,13512104569016592
141332,13529696755060992
8398868,4557544433455872
83988,4524490365145347
8407060,4557475713979137
165908,13512108863983872
198676,13514166153318657
2164756,4788373155819777
4261908,13795572410552577
8456212,4524490365145857
33622036,4506898447667457
395284,13512104837452032
2230292,13793442106781952
8521748,13529559316108032
33687572,13511967398629632
33818644,4504768680759552
2623508,5349124085985552
4720660,14356323340718352
10487828,4803766318609152
18876436,5349124354420992
35653652,4786174401130752
12584980,13810965573341952
20973588,14356323609153792
37750804,13793373655863552
41945108,4522291610456832
50333716,4786174937993472
28692,4556582344003857
143380,13528872104562960
536596,4802872948625712
2109460,4802872948633872
4206612,13810072203366672
33566740,4521398240481552
151572,13528597226656017
8409108,4556444905050897
167956,13511284213485840
561172,4785285057548592
1085460,4503818671821072
2134036,4785285057556752
4231188,13792484312289552
8425492,4521402266882832
33591316,4503810349404432
200724,13512104552239377
397332,13511280186954000
1183764,13511009336627472
4329492,31806878526804240
16912404,13792480285757712
790548,4785281031016752
2363412,4785281031024912
4460564,13792480285757712
8654868,4521398240350992
17043476,4785281567887632
8917012,4802735509672752
17305620,5348093545484592
34082836,4785143592194352
10489876,4802735509680912
18878484,5348093545492752
35655700,4785143592202512
12587028,13809934764413712
20975636,14355292800225552
37752852,13792342846935312
41947156,4521260801528592
50335764,4785144129065232
57364,4556586638971137
90132,4557544416678147
286740,4556582612439297
2121748,4837919881769217
4218900,13845119136502017
8413204,4626813649228545
33579028,4556445173616897
172052,13528876399530240
1089556,4521410857865472
2138132,4802877243601152
4235284,13810076498333952
33595412,4521402535448832
204820,13529696738283777
8462356,4557544416678657
401428,13528872372998400
663572,13810072203366672
1187860,13528601522671872
4333588,31824470712848640
16916500,13810072471802112
2367508,4802873217069312
4464660,13810072471802112
17047572,4802873753932032
2629652,5365685463101712
4726804,14372884717834512
8921108,4837919881761552
9445396,4556449201066752
18882580,5365685731537152
35659796,4802735778246912
20979732,14372884986269952
37756948,13809935032979712
25174036,4837920150196992
50339860,4802736315109632
180244,13528601521623297
8437780,4556449200018177
213012,13529559299330307
2179092,4803766301831427
4276244,13810965556564227
33636372,4522291593679107
409620,13528597495091457
2244628,13809934764421377
33701908,13528460056269057
8667156,4556445173486337
33832980,4521261338398977
2637844,5365616743624977
4734996,14372815998357777
8929300,4837851162284817
9453588,4556380481590017
18890772,5365617012060417
35667988,4802667058770177
20987924,14372816266793217
37765140,13809866313502977
25182228,4837851430720257
50348052,4802667595632897
229396,13512108847206657
426004,13511284481921280
688148,13792484312289552
4358164,31806882821771520
16941076,13792484580724992
1343508,4503818940256512
2392084,4785285325992192
4489236,13792484580724992
8683540,4521402535318272
17072148,4785285862854912
2654228,5348097572024592
4751380,14355296826757392
3178516,4785156209586432
5275668,13792355464319232
9469972,4521273418912512
34635796,4503681501434112
10518548,4802739804648192
18907156,5348097840460032
35684372,4785147887169792
12615700,13809939059380992
21004308,14355297095192832
37781524,13792347141902592
41975828,4521265096495872
50364436,4785148424032512
458772,13512104820674817
2293780,13793442090004737
8585236,13529559299330817
33751060,13511967381852417
33882132,4504768663982337
2686996,5349124069208337
4784148,14356323323941137
10551316,4803766301831937
18939924,5349124337643777
35717140,4786174384353537
12648468,13810965556564737
21037076,14356323592376577
37814292,13793373639086337
42008596,4522291593679617
50397204,4786174921216257
917524,13792480285757712
1441812,13511009605062912
4587540,31806878795239680
4849684,32369691041272080
9043988,13809934764413712
17432596,14355292800225552
34209812,13792342846935312
3276820,13792346874392832
9568276,13528464083718912
34734100,13510872166240512
12714004,31824333273895680
21102612,32369691309707520
37879828,31806741356417280
25296916,13809935032849152
2883604,5348093545492752
4980756,14355292800225552
17563668,5348094082355472
34340884,4785144129065232
34865172,4503673448370432
10747924,4802735778116352
12845076,13809935032849152
25427988,4802736314979072
50593812,4785145202807040
3670036,5348028853596432
5767188,14355228108329232
19398676,6473924732858640
21495828,15481123987591440
25690132,5365617012052752
42467348,4802667058762512
11534356,4802671086220032
19922964,5348029122031872
36700180,4785079168741632
13631508,13809870340952832
22020116,14355228376764672
38797332,13792278423474432
42991636,4521196378067712
51380244,4785079705604352
2276,3303149735937
65764,3303116181507
1048804,1112684957697
33554660,1104629927937
16740,334256115093507
2097508,862021696434177
16777572,862022233296897
33554788,299072280006657
4708,73333280817
16996,17596799848467
33380,81923215377
66148,1104125431827
262756,73870151697
524900,281479590514737
1049188,13204787217
2097764,281479590522897
16777828,281480127385617
17508,4521196427218947
33892,4503681550585857
66660,4504703752802307
132196,13510872215392257
263268,4503673497522177
1049700,4503612832157697
2098276,4785079217893377
4195428,13792278472626177
16778340,4785079754756097
18532,18696311476227
34916,1181434843137
264292,1173381779457
1050724,1112716414977
2099300,282579102150657
16779364,282579639013377
36964,219328614417
266340,211275550737
33558628,73836728337
24676,52849857859587
41060,17811514658817
270436,17803461595137
33562724,17666022772737
49252,17674075705347
278628,17666022641667
1065060,17605357277187
2113636,299071743012867
8405092,52781138383107
16793700,299072279875587
98404,1181401288707
163940,4503818955984897
2130020,281556866379777
16810084,281557403242497
327780,1173348225027
1114212,1112682860547
2162788,282579068596227
16842852,282579605458947
393316,4503810902921217
33685604,4503673464098817
1310820,82427580417
2359396,281548813316097
33816676,74910470145
2621540,844429510389777
17301604,844430047252497
34078820,281480093962257
3145828,281488147951617
17825892,281488684814337
6291556,5348029137760257
20971620,5348029674622977
37748836,4785079721332737
41943140,17597303296257
50331748,281481167704065
2468,302370044055552
1048996,300179579277312
2097572,863120940675072
2724,3302948409360
4772,1172577521712
33444,1181167456272
66212,3302881300497
524964,282578834755632
2097828,282578834763792
33555108,1104126611472
3236,4506902575779840
33956,4504780794826752
66724,4506902508670977
132260,13511971459633152
2098340,4786178462134272
4195492,13793377716867072
33555620,4504703753981952
6308,3371600777232
10404,20963786821632
18596,20895067344897
67748,7700927811585
133284,4506971228147712
264356,3371869212672
526500,284777858011152
4196516,4788377485381632
8390820,20895067345152
16779428,284778126446592
37028,1318572855312
1052836,1181135998992
41124,18910758899712
1056932,18773322043392
82084,20895033790467
1065124,18704602566657
98468,3380157157377
164004,4504918200225792
295076,1318841290752
1081508,1198315868160
2130084,282656110620672
33587364,1181402468352
2162852,284777824464897
33620132,3303116312577
1179812,4504780763369472
1310884,1181404434432
33816740,1173349404672
1573028,282587393232912
2621604,845528754630672
5243044,4786187020603392
9437348,18704602566912
17825956,282587661668352
6291620,5349128382001152
18874532,845529023066112
35651748,282579069775872
50331812,282579606638592
4900,299140227600432
8996,334324599689232
17188,334255880212497
33572,299148817534992
1049380,299080099106832
4195108,5365621088915472
8389412,334255880212752
16778020,862021729980432
33555236,299071776690192
9508,4837924227059712
17700,4837855507582977
34084,4802748444905472
132388,13809939109711872
525604,5365621088915472
1049892,4802679726477312
8389924,4837855507583232
16778532,5365621357350912
33555748,4802671404060672
10532,335424111316992
18724,335355391840257
35108,300248329162752
67876,302370043006977
526628,863120973172752
1050916,300179610734592
4196644,5366720600543232
8390948,335355391840512
16779556,863121241608192
33556772,300171288317952
12580,334462005088272
37156,299286222934032
528676,862090147467312
2101540,862090147475472
139556,4838061632458752
270628,334462273523712
532772,897274519556112
1057060,334333157117952
4202788,5400874146926592
16785700,897274787991552
33562916,334324834701312
49444,334333156069377
82212,335355358285827
540964,897205800079377
1065252,334264437641217
4210980,5400805427449857
16793892,897206068514817
33571108,334256115224577
164132,4802885850304512
295204,299286491369472
557348,862098737401872
4227364,5365698364772352
8421668,334333156069632
16810276,862099005837312
33587492,299149052547072
2162980,863120939626497
2228516,5365689774845952
4325668,14372889029578752
2359588,862090415910912
17039652,862090952773632
33816868,299140999483392
1573156,862030018973712
2621732,1987921334841360
8913188,897205800079632
34079012,862021696557072
5243172,5365629646344192
9437476,334264437641472
17826084,862030287409152
34603300,299080334118912
6291748,6491520962211840
18874660,1987921603276800
12583204,5400805427450112
37749028,5365621323927552
25166116,897206068515072
41943332,334256115224832
3620,4504703685693456
5668,4503672759324720
34340,4503681349259280
132644,13510872014065680
525860,4785079016558640
1050148,4503612630831120
2098724,4785079016566800
4195876,13792278271299600
33556004,4503604308414480
6692,1172643582000
35364,1181233516560
68132,3302947360785
526884,282578900815920
1051172,1112515088400
2099748,282578900824080
33557028,1104192671760
21028,17665250889777
70180,1172576473137
528932,281548041556080
4198948,4785147668926512
8393252,17665250890032
16781860,281548309991472
25124,52849622978577
139812,4521402317213712
270884,17802958278672
533028,299140227600432
1057316,17673841872912
2105892,299140227608592
8397348,52849622978832
33563172,17665519456272
49700,17673840824337
82468,18696043040787
541220,299071508123697
1065508,17605122396177
2114084,299071508131857
8405540,52780903502097
33571364,17596799979537
98852,1181166407697
1081892,98835697680
4227620,4785156258861072
8421924,17673840824592
16810532,281556899926032
590372,282578833707057
1114660,1112447979537
2163236,282578833715217
33620516,1104125562897
393764,4503810399604752
655908,4785147668926512
1180196,4503681283198992
2228772,4785147668934672
4325924,13792346923667472
33686052,4503672960782352
786980,281548309991472
1311268,81924263952
2359844,281548309999632
17039908,281548846862352
8913444,299071508123952
5243428,4785087540432912
9437732,17605122396432
17826340,281488181497872
10486308,299071508132112
20972068,5348029171306512
37749284,4785079218016272
41943588,17596799979792
35876,4504780860887040
68644,4506902574731265
134180,13511971525693440
1051684,4504712142458880
2100260,4786178528194560
4197412,13793377782927360
33557540,4504703820042240
13348,4521402317213712
267300,4503810399604752
529444,4785147668926512
1053732,4503681283198992
2102308,4785147668934672
4199460,13792346923667472
33559588,4503672960782352
25636,4556449250349057
271396,4521402585649152
1057828,4521273469243392
2106404,4802739854979072
4203556,13809939109711872
8397860,4556449250349312
33563684,4521265146826752
50212,4521273468194817
82980,4522295670411267
148516,13528464133001217
1066020,4521204749766657
2114596,4802671135502337
4211748,13809870390235137
8406052,4556380530872577
33571876,4521196427350017
99364,4504780793778177
558116,4785156258861072
1082404,4503698463068160
8422436,4521273468195072
16811044,4785156527296512
197668,13511971458584577
1115172,4504712075350017
2163748,4786178461085697
4260900,13793377715818497
33621028,4504703752933377
656420,13792346923667472
4326436,31806745433149440
8520740,13528464133001472
16909348,13792347192102912
1311780,4503681551634432
2360356,4785147937370112
4457508,13792347192102912
17040420,4785148474232832
1573924,4785087540432912
17302564,5348029171306512
34079780,4785079218016272
9438244,4521204749766912
17826852,4785087808868352
10486820,4802671135502592
12583972,13809870390235392
41944100,4521196427350272
14372,18902201470992
71716,3371599728657
137252,4504909642797072
268324,1310283862032
530468,282647553183792
1054756,1181167456272
2103332,282647553191952
33560612,1172845039632
26660,53949134606337
75812,20963785773057
141348,4522501828841472
272420,18902469906432
1058852,18773353500672
2107428,300239739236352
8398884,53949134606592
33564708,18765031084032
51236,18773352452097
1067044,18704634023937
2115620,300171019759617
8407076,53880415129857
33572900,18696311607297
559140,282656143118352
1083428,1198347325440
4229156,4786255770488832
8423460,18773352452352
16812068,282656411553792
198692,4506971227099137
329764,3371868164097
591908,284777856962577
4261924,4788377484333057
8456228,20895066296577
16844836,284778125398017
395300,4504909911232512
1181732,4504780794826752
2230308,4786247180562432
4327460,13793446435295232
33687588,4504772472410112
1312804,1181435891712
2361380,282647821627392
17041444,282648358490112
1574948,282587424690192
4720676,5349128414498832
17303588,845529055563792
34080804,282579102273552
5244964,4786187052060672
9439268,18704634024192
17827876,282587693125632
10487844,300171019759872
20973604,5349128682934272
37750820,4786178729644032
41945124,18696311607552
28708,52987028377617
45092,18086124130320
536612,299277632999472
1060900,17811247271952
2109476,299277633007632
8400932,52987028377872
33566756,17802924855312
53284,17811246223377
102436,1318571806737
167972,4504093565456400
299044,494206521360
1085476,236241096720
4231204,4785293664260112
8425508,17811246223632
16814116,281694305325072
659492,4785285074325552
1183780,4503818688598032
2232356,4785285074333712
4329508,13792484329066512
33689636,4503810366181392
790564,281685715390512
1314852,219329662992
2363428,281685715398672
17043492,281686252261392
1576996,281556598984752
4722724,5348097588793392
17305636,844498229858352
34082852,281548276568112
3149860,281556598992912
34607140,81890840592
6295588,5348097588801552
18878500,844498229866512
35655716,281548276576272
50335780,281548813438992
90148,53949101051907
155684,4556586655748097
286756,52987296813057
1073188,52858180407297
2121764,334324566142977
33579044,52849857990657
106532,18910757851137
172068,4521685751500800
303140,18086392565760
565284,299286222934032
1089572,17828427141120
4235300,4802885850304512
16818212,299286491369472
1187876,4521410874642432
2236452,4802877260378112
4333604,13810076515110912
8527908,4556586655748352
33693732,4521402552225792
1318948,17811515707392
2367524,299277901443072
8658980,52987296813312
17047588,299278438305792
2629668,862090147475472
3153956,299148785037312
9445412,52858180407552
34611236,17674076884992
6299684,5365689774845952
10493988,334324566143232
18882596,862090415910912
35659812,299140462620672
41951268,52849857990912
50339876,299140999483392
114724,18773318897667
180260,4521410873593857
311332,17811514658817
2146340,299148783988737
8437796,52858179358977
33603620,17674075836417
1130532,18704600469507
2179108,300170986205187
8470564,53880381575427
33636388,18696278052867
33832996,17666022772737
2637860,862021427998737
3162148,299080065560577
9453604,52789460930817
34619428,17605357408257
6307876,5365621055369217
10502180,334255846666497
18890788,862021696434177
35668004,299071743143937
41959460,52781138514177
50348068,299072280006657
229412,4504918199177217
360484,1318840242177
2195492,282656109572097
33652772,1181401419777
426020,4504093833891840
688164,4785293664260112
1212452,4503835868467200
8552484,4521410873594112
16941092,4785293932695552
819236,281694305325072
1343524,236509532160
4489252,4785293932695552
8683556,17811514659072
4751396,5348106178727952
17334308,844506819792912
34111524,281556866502672
3178532,281573778862080
34635812,99070709760
10518564,299148783988992
21004324,5348106447163392
37781540,4785156493873152
41975844,17674075836672
33882148,1173348356097
2687012,845528753582097
3211300,282587391143937
34668580,1112682991617
6357028,5349128380952577
18939940,845529022017537
35717156,282579068727297
50397220,282579605590017
1441828,4503818957033472
2490404,4785285342769152
4587556,13792484597501952
17170468,4785285879631872
2752548,5348097588801552
4849700,14355296843534352
3276836,4785156226363392
5373988,13792355481096192
34734116,4503681518211072
19005476,5348097857236992
35782692,4785147903946752
21102628,14355297111969792
37879844,13792347158679552
50462756,4785148440809472
2883620,844498229866512
17563684,844498766729232
34340900,281548813438992
3407908,281556867428352
18087972,281557404291072
6553636,5348097857236992
21233700,5348098394099712
38010916,4785148440809472
42205220,17666022772992
50593828,281549887180800
5767204,5348037460299792
18350116,844438101364752
35127332,281488148074512
6815780,6473928776167440
11010084,862021427998992
19398692,1970329417232400
38273060,5348029137883152
11534372,299080065560832
22020132,5348037728735232
38797348,4785087775444992
42991652,17605357408512
14680100,5365621055369472
23068708,6473929044602880
27263012,862021696434432
44040228,299071743144192
58720292,299072280006912
16836,335351316025347
65988,302365967192067
2097604,863116897366017
16777668,863117434228737
33554884,300167480938497
2756,3298854768657
66244,3298821214227
33555140,1100334960657
3268,4506898482139137
66756,4506898448584707
33555652,4504699962331137
18628,20891007258627
67780,7696867725315
264388,3368077561857
1050820,3303118278657
2099396,284773797933057
16779460,284774334795777
69828,3367523913747
266436,1306476482577
33558724,1169037660177
24772,53945058791427
73924,20959709958147
270532,18898662526977
33562820,18761223704577
82116,20890990481415
278724,18761223573507
1065156,18696264290307
2113732,300166943944707
8405188,53876339314947
16793796,300167480807427
98500,3371818881027
295108,1310771449857
1081540,1181387657217
33587396,1173332627457
196804,4506967151284227
590020,284773781147667
4260036,4788373408518147
8454340,20890990481667
393412,4504906103853057
33685700,4504768665030657
1310916,1173334593537
2359492,282644014247937
33816772,1170111401985
2621636,845524711321617
17301700,845525248184337
34078916,282575294894097
3145924,282579054964737
17825988,282579591827457
6291652,5349124338692097
20971716,5349124875554817
37748932,4786174922264577
41943236,18692504228097
50331844,282576368635905
17220,334251820126227
525124,862017401458737
2097988,862017401466897
16778052,862017938329617
33555268,299067985039377
17732,4837851447496707
2098500,5365617028837377
4195652,14372816283570177
16778564,5365617565700097
33555780,4802667612409857
18756,335351331753987
67908,302365982920707
2099524,863116913094657
16779588,863117449957377
33556804,300167496667137
12612,334457961779217
20804,334320522825747
266564,299274126561297
528708,862086104158257
2101572,862086104166417
16781636,862086641029137
33558852,299136687738897
24900,404689267003395
41284,334462256746497
74052,335420034453507
139588,4838057589149697
532804,897270476247057
4202820,5400870103617537
49476,334324817793027
82244,335351314976775
147780,4837920150196227
1065284,334256099364867
8405316,404620547526915
295236,299278421528577
2130244,862090399133697
16810308,862090935996417
33587524,299140982706177
328004,300236199235587
590148,863116896309267
4260164,5366716523679747
8454468,335351314977027
393540,4802873753931777
2228548,5365685731536897
4325700,14372884986269697
16908612,5365686268399617
33685828,4802736315109377
786756,862086641029137
4456772,5365686268399617
8651076,334321059696897
17039684,862087714770945
33816900,299137761480705
2621764,1987917291532305
8913220,897201756770577
17301828,1987917828395025
3146052,862021680705537
17826116,862022217568257
34603332,299072264278017
6291780,6491516918902785
12583236,5400801384141057
20971844,6491517455765505
5700,4503668665684017
17988,4521192132251667
67140,4504699457835027
132676,13510867920424977
263748,4503669202554897
525892,4785074922917937
2098756,4785074922926097
4195908,13792274177658897
16778820,4785075459788817
6724,1168549941297
19012,18692016508947
264772,1169086812177
526916,282574807175217
2099780,282574807183377
16779844,282575344046097
12868,17798629756977
21060,17661190803507
37444,210738679857
70212,1168516386867
135748,4503806071083057
2101828,281543981477937
16781892,281544518340657
25156,52845562892307
270916,17799166627857
33563204,17661727805457
279108,17661727674387
541252,299067448037427
2114116,299067448045587
8405572,52776843415827
16794180,299067984908307
295492,211275550737
33587780,73836728337
328260,1169053257747
590404,282574773620787
2163268,282574773628947
16843332,282575310491667
393796,4503806607953937
33686084,4503669169131537
787012,281544518340657
2359876,281544518348817
33817156,70615502865
4719172,5348024842784817
34603588,5118300177
6292036,5348024842792977
20972100,5348025379655697
37749316,4785075426365457
41943620,17593008328977
50332228,281476872736785
19524,4522291643879427
134212,13511967432052737
265284,4504768714182657
2100292,4786174434553857
4197444,13793373689286657
16780356,4786174971416577
136260,13511005325824017
267332,4503806607953937
33559620,4503669169131537
25668,4556445190262787
140356,13528597511868417
271428,4521398793998337
33563716,4521261355175937
148548,13528460072914947
279620,4521261355044867
2114628,4802667075416067
4211780,13809866330148867
8406084,4556376470786307
16794692,4802667612278787
164932,13511009620791297
296004,4503810902921217
33588292,4503673464098817
197700,13511967398498307
328772,4504768680628227
2163780,4786174400999427
4260932,13793373655732227
16843844,4786174937862147
2229316,13792342863589377
16909380,13792343400452097
2360388,4785144145719297
4457540,13792343400452097
33817668,4503670242873345
2622532,5348024842792977
4719684,14355224097525777
17302596,5348025379655697
34079812,4785075426365457
34604100,4503604745670657
41944132,4521192635699457
50332740,4785076500107265
71748,3367539642387
268356,1306492211217
33560644,1169053388817
26692,53945074520067
75844,20959725686787
272452,18898678255617
33564740,18761239433217
84036,20891006210055
280644,18761239302147
2115652,300166959673347
8407108,53876355043587
16795716,300167496536067
100420,3371834609667
297028,1310787178497
33589316,1173348356097
198724,4506967167012867
591940,284773796876307
1116228,3303116181507
4261956,4788373424246787
8456260,20891006210307
395332,4504906119581697
33687620,4504768680759297
2361412,282644029976577
33818692,1170127130625
2623556,845524727050257
17303620,845525263912977
34080836,282575310622737
34605124,1104629927937
6293572,5349124354420737
20973636,5349124891283457
37750852,4786174937993217
41945156,18692519956737
50333764,282576384364545
77892,18898124607507
274500,18074027757585
536644,299273589690417
2109508,299273589698577
8400964,52982985068817
16789572,299274126561297
53316,17802907947027
151620,4521398240350227
544836,299136150736947
2117700,299136150745107
8409156,52845546115347
16797764,299136687607827
102468,1310233530387
299076,486136680465
561220,281685698613297
1085508,219312885777
2134084,281685698621457
16814148,281686235484177
200772,4504905565933587
593988,282643476320307
2166852,282643476328467
16846916,282644013191187
397380,4504081469083665
659524,4785281031016497
2232388,4785281031024657
4329540,13792480285757457
16912452,4785281567887377
1314884,211259822097
4460612,4785281567887377
8654916,17799149850897
17043524,281683014258705
4722756,5348093545484337
34607172,73820999697
6295620,5348093545492497
20975684,5348094082355217
37752900,4785144129064977
41947204,17661711028497
50335812,281545575436305
90180,53945057742855
548932,334320522825747
1073220,52849842130947
4218948,4837920150196227
8413252,123214290292995
106564,18902419574787
303172,18078322724865
1089604,17811498930177
2138180,299277884665857
8429636,52987280036097
16818244,299278421528577
204868,4522497751977987
2170948,300235662372867
8462404,53945057743107
16851012,300236199235587
401476,4521673655128065
2236484,4802873217069057
4333636,13810072471801857
8527940,4556582612439297
16916548,4802873753931777
794692,299274126561297
1318980,17803445866497
4464708,4802873753931777
17047620,299275200303105
2629700,862086104166417
17309764,862086641029137
34086980,299136687738897
34611268,17666007044097
6299716,5365685731536897
10494020,334320522834177
20979780,5365686268399617
37756996,4802736315109377
25174084,334321059696897
50339908,299137761480705
180292,4521402535317507
1097796,17674059976707
2146372,299140445712387
8437828,52849841082627
16826436,299140982575107
344132,18761222524935
2179140,300166942896135
8470596,53876338266375
16859204,300167479758855
2244676,4802735778115587
4341828,13809935032848387
8536132,4556445173485827
16924740,4802736314978307
802884,299136687607827
1327172,17666006913027
4472900,4802736314978307
17055812,299137761349635
4735044,5365617012051987
8929348,334251803349267
3162180,299071727284227
9453636,52781122654467
17842244,299072264146947
12599364,4837851430719747
229444,4504909860900867
1146948,1181385560067
2195524,282647771295747
16875588,282648308158467
426052,4504085764050945
1212484,4503818940256257
2261060,4785285325991937
4358212,13792484580724737
16941124,4785285862854657
819268,281686235484177
4489284,4785285862854657
8683588,17803444818177
17072196,281687309225985
2654276,844498213089297
17334340,844498749952017
34111556,281548796661777
3178564,281556850651137
17858628,281557387513857
6324292,5348097840459777
21004356,5348098377322497
37781572,4785148424032257
41975876,17666005995777
50364484,281549870403585
2293828,4786243103698947
4390980,13793442358431747
16973892,4786243640561667
852036,282644013191187
1376324,1173332496387
4522052,4786243640561667
8716356,18761222525187
17104964,282645086932995
4784196,5349124337635347
3211332,282579052867587
17891396,282579589730307
10551364,300166942896387
25231428,300167479759107
917572,4785281567887377
1441860,4503810887192577
8781892,4521398777221377
17170500,4785282641629185
2752580,5348093545492497
4849732,14355292800225297
17432644,5348094082355217
34209860,4785144129064977
34734148,4503673448370177
42074180,4521261338398977
50462788,4785145202806785
4980804,5348094082355217
17563716,844495528726545
34340932,281545575436305
3407940,281548797587457
34865220,74894741505
10747972,299136687616257
21233732,5348095156097025
38010948,4785145202806785
42205252,17662784770305
3670084,844429494661137
18350148,844430031523857
35127364,281480078233617
6815812,6473924732858385
11010116,862017384689937
21495876,6473925269721105
25690180,862017921552657
42467396,299067968262417
7340100,5348029122031617
22020164,5348029658894337
38797380,4785079705604097
42991684,17597287567617
51380292,281481151975425
14680132,5365617012060417
29360196,5365617548923137
46137412,4802667595632897
58720324,299069042004225
2948,302365749088272
525188,863116645699632
2098052,863116645707792
3460,4805965376458752
2098564,5366716273078272
4195716,14373915527811072
10628,337618807099392
18820,337550087622657
526724,865315668955152
1051012,302370012598272
4196740,5368915296325632
8391044,337550087622912
16779652,865315937390592
33556868,302365984100352
12676,335557206020112
528772,863185348399152
2101636,863185348407312
41348,335561500987392
74116,337618790322177
139652,4839156833390592
270724,335557474455552
532868,898369720487952
1057156,335424064131072
4202884,5401969347858432
16785796,898369988923392
33563012,335420035633152
541060,898301001011217
1065348,335355344654337
4211076,5401900628381697
16793988,898301269446657
33571204,335351316156417
1081732,300248281976832
2130308,863189643374592
590212,865315652177937
1114500,302369995821057
4260228,5368915279548417
8454532,337550070845697
16843140,865315920613377
33620356,302365967323137
2228612,5366784975777792
4325764,14373984230510592
2359684,863185616842752
17039748,863186153705472
33816964,300236200415232
1573252,863120925986832
2621828,1989016535773200
8913284,898301001011472
34079108,863116897488912
5243268,5366720553357312
9437572,335355344654592
17826180,863121194422272
34603396,300171241132032
6291844,6492616163143680
18874756,1989016804208640
12583300,5401900628381952
37749124,5366716524859392
25166212,898301269446912
41943428,335351316156672
3716,4506898280812560
5764,4504767909924912
67204,4506898213703697
132740,13511967164665872
525956,4786174167158832
1050244,4504703487512592
2098820,4786174167166992
4195972,13793373421899792
33556100,4504699459014672
10884,20959491854352
19076,20890772377617
35460,3371600777232
68228,7696632844305
133764,4506966933180432
264836,3367574245392
4196996,4788373190414352
8391300,20890772377872
16779908,284773831479312
12932,18897873997872
37508,1309982920752
70276,3367272255537
135812,4504905315323952
266884,1305956388912
1053316,1172546064432
2101892,282643225718832
33559172,1168517566512
82564,20890738823187
1081988,1181135998992
590468,284773529489457
1114756,3302849843217
2163332,284773529497617
33620612,3298821345297
33817220,1169054437392
1573508,282578803298352
4719236,5349124087025712
17302148,845524728090672
34079364,282574774800432
3146372,282578803306512
34603652,1104095154192
6292100,5349124087033872
18875012,845524728098832
35652228,282574774808592
50332292,282575311671312
7300,4506966933180432
11396,4524559119224832
19588,4524490399748097
35972,4506971228147712
68740,4511296260214785
265348,4506967201615872
527492,4788373190414352
8391812,4524490399748352
16780420,4788373458849792
136324,13512104570064912
140420,13529696756109312
83076,4524490366193667
164996,13512108865032192
1082500,4504780763369472
197764,13514166154366977
1115268,4506902477213697
2163844,4788373156868097
4260996,13795572411600897
33621124,4506898448715777
394372,13512104838500352
1180804,13511971428175872
2229380,13793442107830272
33686660,13511967399677952
33817732,4504768681807872
2622596,5349124087033872
4719748,14356323341766672
3146884,4786178430676992
5244036,13793377685409792
34604164,4504703722524672
18875524,5349124355469312
35652740,4786174402179072
20972676,14356323610202112
37749892,13793373656911872
50332804,4786174939041792
14468,21096897253392
39044,3509006176272
137348,4507104338579472
268420,3504979644432
530564,284842248966192
1054852,3371569319952
2103428,284842248974352
33560708,3367540822032
26756,56143830388737
43140,21101192220672
141444,4524696524623872
272516,21097165688832
1058948,20963755364352
2107524,302434435018752
8398980,56143830388992
33564804,20959726866432
84100,25288785334275
1067140,20895035887617
2115716,302365715542017
8407172,56075110912257
33572996,20891007389697
166020,4507108633546752
297092,3509274611712
2132100,284846543941632
33589380,3371835789312
1116292,7700896354305
2164868,289171576008705
33622148,7696867856385
395396,4507104607014912
1181828,4506971196690432
2230404,4788441876344832
4327556,13795641131077632
33687684,4506967168192512
1312900,3371837755392
2361476,284842517409792
17041540,284843054272512
1575044,284777826553872
4720772,5351323110281232
17303684,847723751346192
34080900,284773798055952
5245060,4788377453924352
9439364,20895035887872
17827972,284778094989312
10487940,302365715542272
20973700,5351323378716672
37750916,4788373425426432
41945220,20891007389952
28804,54082229309457
77956,21096880476177
536708,300372833931312
1060996,18902154285072
2109572,300372833939472
8401028,54082229309712
33566852,18898125787152
86148,20959441522707
102532,3508989399057
561284,282784942854192
2134148,282784942862352
33591428,1310234710032
200836,4507104321802257
331908,3504962867217
594052,284842232188977
1118340,3371552542737
2166916,284842232197137
33624196,3367524044817
659588,4786380275257392
1183876,4504909595611152
2232452,4786380275265552
4329604,13793579529998352
33689732,4504905567113232
790660,282780916322352
1314948,1310236676112
2363524,282780916330512
17043588,282781453193232
1577092,282647505997872
4722820,5349192789725232
17305732,845593430790192
34082948,282643477499952
3149956,282647506006032
34607236,1172797853712
6295684,5349192789733392
18878596,845593430798352
35655812,282643477508112
50335876,282644014370832
57476,54086524276737
155780,4557681856679937
286852,54082497744897
1073284,53949087420417
2121860,335419767074817
33579140,53945058922497
106628,21101175443457
2138244,300377128906752
8429700,54086524276992
33595524,18902420754432
204932,4524696507846657
336004,21097148911617
1122436,20963738587137
2171012,302434418241537
8462468,56143813611777
33628292,20959710089217
1187972,4522501781655552
2236548,4803972461309952
4333700,13811171716042752
8528004,4557681856680192
33693828,4522497753157632
1319044,18902422720512
2367620,300373102374912
8659076,54082497745152
17047684,300373639237632
2629764,863185348407312
3154052,300239692050432
9445508,53949087420672
34611332,18764983898112
6299780,5366784975777792
10494084,335419767075072
18882692,863185616842752
35659908,300235663552512
41951364,53945058922752
50339972,300236200415232
114820,20963736489987
1097860,18773305266177
213124,4524559068893187
344196,20959709958147
606340,302365698756627
4276356,4805965326127107
16859268,302365967192067
33833092,18761223704577
2637956,863116628930577
3162244,300170972573697
9453700,53880367943937
34619524,18696264421377
6307972,5366716256301057
10502276,335351047598337
18890884,863116897366017
35668100,300166944075777
41959556,53876339446017
50348164,300167480938497
229508,4507108616769537
360580,3509257834497
2195588,284846527164417
33652868,3371819012097
2261124,4786384570232832
4358276,13793583824965632
33718404,4504909862080512
2392196,282785211297792
17072260,282785748160512
1605764,282656095932432
2654340,845597457330192
5275780,4786255723302912
9470084,18773305266432
17858692,282656364367872
6324356,5349197084700672
18907268,845597725765632
35684484,282647772475392
50364548,282648309338112
458884,4507104590237697
1245316,4506971179913217
2293892,4788441859567617
4391044,13795641114300417
33751172,4506967151415297
1376388,3371820978177
2424964,284842500632577
17105028,284843037495297
1638532,284777809776657
4784260,5351323093504017
17367172,847723734568977
34144388,284773781278737
5308548,4788377437147137
9502852,20895019110657
17891460,284778078212097
10551428,302365698765057
21037188,5351323361939457
37814404,4788373408649217
42008708,20890990612737
1441924,4504909864046592
2490500,4786380543700992
4587652,13793579798433792
17170564,4786381080563712
2752644,5349192789733392
4849796,14356392044466192
3276932,4786247133376512
5374084,13793446388109312
34734212,4504772425224192
19005572,5349193058168832
35782788,4786243104878592
21102724,14356392312901632
37879940,13793442359611392
50462852,4786243641741312
2883716,845593430798352
17563780,845593967661072
34340996,282644014370832
3408004,282647774441472
18088068,282648311304192
6553732,5349193058168832
21233796,5349193595031552
38011012,4786243641741312
42205316,18761223704832
50593924,282645088112640
5767300,5349128367312912
18350212,845529008377872
35127428,282579055087632
6815876,6475023977099280
11010180,863116628930832
19398788,1971424618164240
38273156,5349124338814992
11534468,300170972573952
22020228,5349128635748352
38797444,4786178682458112
42991748,18696264421632
14680196,5366716256301312
23068804,6475024245534720
27263108,863116897366272
44040324,300166944076032
58720388,300167480938752
5892,4802735560003632
9988,4837919932092432
18180,4837851212615697
132868,13809934814744592
8390404,4837851212615952
16779012,5365617062383632
33556228,4802667109093392
6916,300235444260912
11012,335419816349712
19204,335351096872977
68356,302365748039697
4197124,5366716305575952
8391428,335351096873232
16780036,863116946640912
33557252,300166993350672
21252,334320271167537
37636,299277632999472
135940,4802872965402672
267012,299273606467632
529156,862085852500080
4199172,5365685479870512
8393476,334320271167792
16782084,862086120935472
33559300,299136167645232
41732,334462005088272
140036,4838057337491472
271108,334457978556432
4203268,5400869851959312
16786180,897270493024272
33563396,334320539734032
82692,335351063318547
4211460,5400801132482577
16794372,897201773547537
33571588,334251820257297
557828,862090147467312
2130692,862090147475472
590596,863116644651057
2163460,863116644659217
656132,5365685479870512
2228996,5365685479878672
4326148,14372884734611472
787204,862086120935472
2360068,862086120943632
17040132,862086657806352
33817348,299136704516112
1573636,862021429039152
4719364,6491516667236400
17302276,1987917308301360
3146500,862021429047312
6292228,6491516667244560
18875140,1987917308309520
12583684,5400801132482832
37749508,5365617028960272
25166596,897201773547792
41943812,334251820257552
11524,4839019443720192
19716,4838950724243457
68868,4805965375410177
134404,13811034326372352
527620,5366716305575952
8391940,4838950724243712
16780548,5366716574011392
33557764,4803766620721152
13572,4838057337491472
136452,13810072220143632
529668,5365685479870512
2102532,5365685479878672
4199684,14372884734611472
42244,4838061632458752
271620,4838057605926912
533764,5400869851959312
16786692,5400870120394752
33563908,4837920167104512
83204,4838950690689027
148740,13845119153278977
541956,5400801132482577
16794884,5400801400918017
33572100,4837851447627777
165124,13810076515110912
2131204,5365689774845952
4228356,14372889029578752
2163972,5366716272029697
4261124,14373915526762497
394500,13810072488579072
656644,14372884734611472
4326660,32387283244093440
8520964,13845119153279232
16909572,14372885003046912
33686788,13809935049756672
2360580,5365685748314112
4457732,14372885003046912
17040644,5365686285176832
33817860,4802736331886592
2622724,6491516667244560
4719876,15498715921977360
8914180,5400801132482832
34080004,5365617028960272
3147012,5365621056417792
5244164,14372820311150592
18875652,6491516935680000
20972804,15498716190412800
25167108,5400801400918272
41944324,4837851447628032
14596,335557221748752
530692,863185364127792
2103556,863185364135952
43268,335561516716032
76036,337618806050817
141572,4839156849119232
272644,335557490184192
534788,898369736216592
4204804,5401969363587072
16787716,898370004652032
33564932,335420051361792
542980,898301016739857
4212996,5401900644110337
16795908,898301285175297
33573124,335351331885057
2132228,863189659103232
592132,865315667906577
4262148,5368915295277057
8456452,337550086574337
16845060,865315936342017
33622276,302365983051777
2230532,5366784991506432
4327684,14373984246239232
2361604,863185632571392
17041668,863186169434112
33818884,300236216143872
2623748,1989016551501840
8915204,898301016740112
34081028,863116913217552
3148036,863120940675072
6293764,6492616178872320
18876676,1989016819937280
12585220,5401900644110592
37751044,5366716540588032
25168132,898301285175552
41945348,335351331885312
28932,404826437521425
45316,334736866218000
78084,335557204971537
143620,4838332198621200
274692,334732839686160
1061124,334461989359632
8401156,404826437521680
53508,334461988311057
86276,335419766018067
151812,4838057320714257
282884,334457961779217
4215044,5400869835182097
16797956,897270476247057
33575172,334320522956817
1085700,299286207205392
4231428,5365827197014032
8425732,334461988311312
16814340,862227838078992
33591556,299277884788752
594180,863185347350577
2167044,863185347358737
8524036,4838057320714512
16912644,5365823170482192
33689860,4802873217191952
4460804,5365823170482192
8655108,334457961779472
1577220,862090131738672
4722948,6491585369935920
17305860,1987986011000880
3150084,862090131746832
6295812,6491585369944080
18878724,1987986011009040
12587268,5400869835182352
37753092,5365685731659792
25170180,897270476247312
41947396,334320522957072
57604,404830732488705
90372,405788510195715
155908,4908426064891905
286980,404826705956865
549124,967638951989265
4219140,5471238579359745
8413444,545426486923521
16802052,967639220424705
33579268,404689267134465
106756,335561499938817
172292,4838336493588480
303364,334737134653440
8429828,404830732488960
205060,4839156832342017
336132,335557473406977
598276,898369719439377
4268292,5401969346809857
16851204,898369987874817
33628420,335420034584577
401668,4838332467056640
1188100,4838061616730112
8528132,4908426064892160
1319172,334462257795072
8659204,404826705957120
1581316,897274503827472
4727044,6526769742024720
8921348,967638951989520
17309956,2023170383089680
5251332,5400874131197952
17834244,897274772262912
34611460,334324818972672
12591364,5471238579360000
20979972,6526770010460160
25174276,967639220424960
41951492,404689267134720
114948,335424060985347
180484,4838061615681537
311556,334462256746497
573700,897274502778897
1097988,334333140340737
4243716,5400874130149377
16826628,897274771214337
33603844,334324817924097
213252,4839019393388547
344324,335420034453507
1130756,335355342557187
8470788,405719790719235
409860,4838057589149697
672004,5400869835182097
16924932,5400870103617537
33702148,4837920150327297
803076,897270476247057
4473092,5400870103617537
1589508,897205784350737
4735236,6526701022547985
8929540,967570232512785
17318148,2023101663612945
5259524,5400805411721217
17842436,897206052786177
34619652,334256099495937
12599556,5471169859883265
20988164,6526701290983425
25182468,967570500948225
41959684,404620547657985
2195716,863189642326017
688388,5365827197014032
1212676,4802885834575872
8552708,4838061615681792
16941316,5365827465449472
33718532,4802877512159232
819460,862227838078992
1343748,299286475640832
4489476,5365827465449472
8683780,334462256746752
1605892,862098721673232
2654468,1987990037540880
8945924,897274502779152
34111748,862090399256592
5275908,5365698349043712
9470212,334333140340992
17858820,862098990108672
34636036,299149036818432
6324484,6491589664911360
18907396,1987990305976320
12615940,5400874130149632
37781764,5365690026627072
25198852,897274771214592
41976068,334324817924352
2294020,5366784974729217
4391172,14373984229462017
2425092,863185615794177
17105156,863186152656897
33882372,300236199366657
2687236,1989016534724625
8978692,898300999962897
34144516,863116896440337
3211524,863120923897857
6357252,6492616162095105
18940164,1989016803160065
12648708,5401900627333377
37814532,5366716523810817
25231620,898301268398337
42008836,335351315108097
917764,5365823170482192
8782084,4838057589149952
2752772,6491585369944080
4849924,15498784624676880
9044228,5400869835182352
34210052,5365685731659792
3277060,5365689759117312
5374212,14372889013850112
19005700,6491585638379520
21102852,15498784893112320
25297156,5400870103617792
42074372,4837920150327552
2883844,1987986011009040
9175300,897270476247312
17563908,1987986547871760
3408132,862090400182272
18088196,862090937044992
34865412,299140983754752
6553860,6491585638379520
12845316,5400870103617792
21233924,6491586175242240
3670276,1987921319112720
9961732,897205784350992
35127556,862021680828432
13107460,6526701022548240
21496068,8743316732579856
38273284,6491516919025680
25690372,2023101663613200
7340292,6491520946483200
19923204,1987921587548160
13631748,5400805411721472
38797572,5365621308198912
26214660,897206052786432
42991876,334256099496192
29360388,6526701290983680
7684,4504767975985200
69124,4506898279763985
134660,13511967230726160
527876,4786174233219120
2100740,4786174233227280
4197892,13793373487960080
33558020,4504699525074960
22020,4521260583292977
71172,4504767908876337
529924,4785143373959280
1054212,4503672693264432
8394244,4521260583293232
16782852,4785143642394672
26116,4556444955381777
42500,4521402317213712
271876,4521398290681872
534020,4802735560003632
2106884,4802735560011792
4204036,13809934814744592
8398340,4556444955382032
33564164,4521260851859472
83460,4522291375443987
148996,13528459838033937
542212,4802666840526897
2115076,4802666840535057
4212228,13809866095267857
8406532,4556376235905297
33572356,4521192132382737
296452,4503810399604752
558596,4785147668926512
1082884,4503681283198992
2131460,4785147668934672
4228612,13792346923667472
33588740,4503672960782352
198148,13511967163617297
591364,4786174166110257
2164228,4786174166118417
4261380,13793373420851217
33621508,4504699457966097
1181188,13510871948005392
4326916,31806741138182160
8521220,13528459838034192
16909828,13792342897135632
787972,4785143642394672
2360836,4785143642402832
4457988,13792342897135632
17040900,4785144179265552
1574404,4785078950498352
8914436,4802666840527152
3147268,4785078950506512
5244420,13792278205239312
34604548,4503604242354192
10487300,4802666840535312
12584452,13809866095268112
41944580,4521192132382992
23044,18760467550257
530948,282643258216560
1055236,1172577521712
4200964,4786242885586992
8395268,18760467550512
16783876,282643526651952
27140,53944839639057
43524,18902201470992
76292,20959490805777
141828,4522497533874192
272900,18898174939152
535044,300235444260912
2107908,300235444269072
8399364,53944839639312
33565188,18760736116752
543236,300166724784177
2116100,300166724792337
8407556,53876120162577
33573380,18692016640017
100868,3371599728657
166404,4504909642797072
297476,1310283862032
559620,282647553183792
1083908,1181167456272
2132484,282647553191952
33589764,1172845039632
199172,4506966932131857
330244,3367573196817
1116676,3302881300497
4262404,4788373189365777
8456708,20890771329297
16845316,284773830430737
395780,4504905616265232
657924,4786242885586992
2230788,4786242885595152
4327940,13793442140327952
33688068,4504768177442832
788996,282643526651952
2361860,282643526660112
17041924,282644063522832
1575428,282578834755632
8915460,300166724784432
3148292,282578834763792
34605572,1104126611472
10488324,300166724792592
20974084,5349124387966992
37751300,4786174434676752
41945604,18692016640272
45572,18077534195760
78340,18897872949297
143876,4521672866598960
274948,18073507663920
537092,299273338032240
1061380,17802657337392
4207108,4802872965402672
16790020,299273606467632
53764,17802656288817
86532,18760433995827
152068,4521397988692017
283140,17798629756977
2118148,299135899086897
8409604,52845294457137
33575428,17661190934577
102916,1309981872177
168452,4504084975521840
299524,485616586800
561668,281685446955120
4231684,4785285074325552
8425988,17802656289072
16814596,281685715390512
201220,4504905314275377
332292,1305955340337
2167300,282643224670257
33624580,1168516517937
397828,4504080948990000
659972,4785280779358320
1184260,4503810098663472
8524292,4521397988692272
16912900,4785281047793712
791044,281681420423280
1315332,210739728432
4461060,4785281047793712
8655364,17798629757232
4723204,5348093293826160
17306116,844493934891120
34083332,281543981600880
3150340,281548009058352
34607620,73300906032
10490372,299135899087152
20976132,5348093562261552
37753348,4785143608971312
41947652,17661190934832
57860,52987028377617
90628,53944806084627
156164,4556582360780817
287236,52983001845777
549380,334320271167537
2122244,334320271175697
33579524,52845563023377
565764,299277632999472
1090052,17811247271952
2138628,299277633007632
8430084,52987028377872
33595908,17802924855312
664068,4802872965402672
2236932,4802872965410832
4334084,13810072220143632
8528388,4556582360781072
33694212,4521398257258512
795140,299273606467632
2368004,299273606475792
8659460,52983001846032
17048068,299274143338512
4727300,5365685479870512
8921604,334320271167792
17310212,862086120935472
34087428,299136167645232
6300164,5365685479878672
10494468,334320271175952
18883076,862086120943632
35660292,299136167653392
41951748,52845563023632
50340356,299136704516112
606724,300166691229747
2179588,300166691237907
8471044,53876086608147
33636868,18691983085587
33833476,17661727805457
4735492,5365616760393777
8929796,334251551691057
17318404,862017401458737
34095620,299067448168497
6308356,5365616760401937
10502660,334251551699217
18891268,862017401466897
35668484,299067448176657
41959940,52776843546897
50348548,299067985039377
688644,4785285074325552
1212932,4503818688598032
2261508,4785285074333712
4358660,13792484329066512
33718788,4503810366181392
819716,281685715390512
1344004,219329662992
2392580,281685715398672
17072644,281686252261392
1606148,281556598984752
4751876,5348097588793392
17334788,844498229858352
34112004,281548276568112
3179012,281556598992912
34636292,81890840592
6324740,5348097588801552
18907652,844498229866512
35684868,281548276576272
50364932,281548813438992
33882628,1169053388817
4784644,5349124085977137
17367556,845524727042097
34144772,282574773751857
6357508,5349124085985297
18940420,845524727050257
35717636,282574773760017
50397700,282575310622737
918020,4785281047793712
2490884,4785281047801872
4588036,13792480302534672
17170948,4785281584664592
17433092,5348093562261552
34210308,4785143608971312
19005956,5348093562269712
35783172,4785143608979472
21103108,14355292817002512
37880324,13792342863712272
50463236,4785144145842192
4981252,5348093562261552
34865668,73837776912
6554116,5348093562269712
21234180,5348094099132432
38011396,4785144145842192
42205700,17661727805712
50594308,281545592213520
5767684,5348028870365232
18350596,844429511430192
35127812,281479558139952
13107716,5365616760394032
21496324,6473924749627440
25690628,862017401458992
42467844,299067448168752
7340548,5348028870373392
19923460,844429511438352
36700676,281479558148112
51380740,281480095010832
14680580,5365616760402192
23069188,6473924749635600
27263492,862017401467152
44040708,299067448176912
58720772,299067985039632
15364,4522497533874192
39940,4504909642797072
72708,4506966932131857
269316,4504905616265232
531460,4786242885586992
2104324,4786242885595152
4201476,13793442140327952
33561604,4504768177442832
27652,4557544467009537
44036,4522501828841472
76804,4524559118176257
273412,4522497802309632
2108420,4803835071639552
4205572,13811034326372352
8399876,4557544467009792
33565700,4522360363487232
150532,13529559349661697
2116612,4803766352162817
4213764,13810965606895617
8408068,4557475747533057
33573892,4522291644010497
101380,4506971227099137
297988,4504909911232512
1084420,4504780794826752
2132996,4786247180562432
4230148,13793446435295232
33590276,4504772472410112
330756,4506967200567297
592900,4788373189365777
1117188,4506902508670977
8457220,4524490398699777
16845828,4788373457801217
658436,13793442140327952
1182724,13511971459633152
4328452,31807840649809920
8522756,13529559349661952
16911364,13793442408763392
2362372,4786243154030592
4459524,13793442408763392
17042436,4786243690893312
17304580,5349124387966992
34081796,4786174434676752
3148804,4786178462134272
5245956,13793377716867072
34606084,4504703753981952
10488836,4803766352163072
12585988,13810965606895872
41946116,4522291644010752
29700,4556582360780817
144388,13528872121339920
537604,4802872965402672
2110468,4802872965410832
4207620,13810072220143632
8401924,4556582360781072
33567748,4521398257258512
152580,13528597243432977
168964,13511284230262800
562180,4785285074325552
1086468,4503818688598032
2135044,4785285074333712
4232196,13792484329066512
33592324,4503810366181392
201732,13512104569016337
398340,13511280203730960
1184772,13511009353404432
4330500,31806878543581200
8524804,13528597243433232
16913412,13792480302534672
791556,4785281047793712
2364420,4785281047801872
4461572,13792480302534672
17044484,4785281584664592
17306628,5348093562261552
34083844,4785143608971312
18879492,5348093562269712
35656708,4785143608979472
20976644,14355292817002512
37753860,13792342863712272
50336772,4785144145842192
58372,4556586655748097
91140,4557544433455107
287748,4556582629216257
2122756,4837919898546177
4219908,13845119153278977
33580036,4556445190393857
173060,13528876416307200
1090564,4521410874642432
2139140,4802877260378112
4236292,13810076515110912
8430596,4556586655748352
33596420,4521402552225792
205828,13529696755060737
402436,13528872389775360
664580,13810072220143632
1188868,13528601539448832
4334596,31824470729625600
16917508,13810072488579072
2368516,4802873233846272
4465668,13810072488579072
8659972,4556582629216512
17048580,4802873770708992
2630660,5365685479878672
4727812,14372884734611472
10494980,4837919898546432
18883588,5365685748314112
35660804,4802735795023872
12592132,13845119153279232
20980740,14372885003046912
37757956,13809935049756672
41952260,4556445190394112
50340868,4802736331886592
181252,13528601538400257
214020,13529559316107267
2180100,4803766318608387
4277252,13810965573341187
8471556,4557475713978627
33637380,4522291610456067
410628,13528597511868417
2245636,13809934781198337
8537092,13563644176568577
33702916,13528460073046017
33833988,4521261355175937
2638852,5365616760401937
4736004,14372816015134737
10503172,4837851179069697
18891780,5365617028837377
35668996,4802667075547137
12600324,13845050433802497
20988932,14372816283570177
37766148,13809866330279937
41960452,4556376470917377
50349060,4802667612409857
230404,13512108863983617
427012,13511284498698240
689156,13792484329066512
4359172,31806882838548480
8553476,13528601538400512
16942084,13792484597501952
1344516,4503818957033472
2393092,4785285342769152
4490244,13792484597501952
17073156,4785285879631872
2655236,5348097588801552
4752388,14355296843534352
3179524,4785156226363392
5276676,13792355481096192
34636804,4503681518211072
18908164,5348097857236992
35685380,4785147903946752
21005316,14355297111969792
37782532,13792347158679552
50365444,4785148440809472
459780,13512104837451777
2294788,13793442106781697
33752068,13511967398629377
33883140,4504768680759297
2688004,5349124085985297
4785156,14356323340718097
18940932,5349124354420737
35718148,4786174401130497
21038084,14356323609153537
37815300,13793373655863297
50398212,4786174937993217
918532,13792480302534672
1442820,13511009621839872
4588548,31806878812016640
8782852,13528597511868672
4850692,32369691058049040
17433604,14355292817002512
34210820,13792342863712272
3277828,13792346891169792
34735108,13510872183017472
10617860,13809934781198592
21103620,32369691326484480
37880836,31806741373194240
42075140,13528460073046272
2884612,5348093562269712
4981764,14355292817002512
17564676,5348094099132432
34341892,4785144145842192
34866180,4503673465147392
42206212,4521261355176192
50594820,4785145219584000
3671044,5348028870373392
5768196,14355228125106192
11011076,5365616760402192
19399684,6473924749635600
13108228,14372816015134992
21496836,15481124004368400
19923972,5348029138808832
36701188,4785079185518592
22021124,14355228393541632
38798340,13792278440251392
51381252,4785079722381312
27264004,5365617028837632
44041220,4802667075547392
29361156,14372816283570432
46138372,13809866330280192
58721284,4802667612410112
30724,54082245038097
79876,21096896204817
538628,300372849659952
2111492,300372849668112
8402948,54082245038352
33568772,18898141515792
88068,20959457251347
104452,3509005127697
563204,282784958582832
1087492,1318572855312
2136068,282784958590992
33593348,1310250438672
202756,4507104337530897
333828,3504978595857
595972,284842247917617
2168836,284842247925777
33626116,3367539773457
661508,4786380290986032
2234372,4786380290994192
4331524,13793579545726992
33691652,4504905582841872
792580,282780932050992
2365444,282780932059152
17045508,282781468921872
4724740,5349192805453872
17307652,845593446518832
34084868,282643493228592
6297604,5349192805462032
18880516,845593446526992
35657732,282643493236752
50337796,282644030099472
59396,54086540005377
157700,4557681872408577
288772,54082513473537
2123780,335419782803457
33581060,53945074651137
108548,21101191172097
1091588,18910758899712
2140164,300377144635392
8431620,54086540005632
33597444,18902436483072
206852,4524696523575297
337924,21097164640257
2172932,302434433970177
8464388,56143829340417
33630212,20959725817857
2238468,4803972477038592
4335620,13811171731771392
8529924,4557681872408832
33695748,4522497768886272
2369540,300373118103552
8660996,54082513473792
17049604,300373654966272
2631684,863185364135952
6301700,5366784991506432
10496004,335419782803712
18884612,863185632571392
35661828,300235679281152
41953284,53945074651392
50341892,300236216143872
116740,20963752218627
215044,4524559084621827
346116,20959725686787
608260,302365714485267
1132548,20895033790467
4278276,4805965341855747
16861188,302365982920707
33835012,18761239433217
2639876,863116644659217
6309892,5366716272029697
10504196,335351063326977
18892804,863116913094657
35670020,300166959804417
41961476,53876355174657
50350084,300167496667137
231428,4507108632498177
362500,3509273563137
1148932,3380157157377
2197508,284846542893057
33654788,3371834740737
1214468,4504918200225792
2263044,4786384585961472
4360196,13793583840694272
33720324,4504909877809152
1345540,1318841290752
2394116,282785227026432
17074180,282785763889152
2656260,845597473058832
3180548,282656110620672
34637828,1181402468352
6326276,5349197100429312
18909188,845597741494272
35686404,282647788204032
50366468,282648325066752
460804,4507104605966337
2295812,4788441875296257
4392964,13795641130029057
33753092,4506967167143937
2426884,284842516361217
17106948,284843053223937
4786180,5351323109232657
17369092,847723750297617
34146308,284773797007377
3213316,284777824464897
34670596,3303116312577
10553348,302365714493697
21039108,5351323377668097
37816324,4788373424377857
42010628,20891006341377
2492420,4786380559429632
4589572,13793579814162432
17172484,4786381096292352
2754564,5349192805462032
4851716,14356392060194832
19007492,5349193073897472
35784708,4786243120607232
21104644,14356392328630272
37881860,13793442375340032
50464772,4786243657469952
2885636,845593446526992
17565700,845593983389712
34342916,282644030099472
34867204,1173349404672
6555652,5349193073897472
21235716,5349193610760192
38012932,4786243657469952
42207236,18761239433472
50595844,282645103841280
3672068,845528754630672
6817796,6475023992827920
11012100,863116644659472
19400708,1971424633892880
38275076,5349124354543632
7342084,5349128382001152
19924996,845529023066112
36702212,282579069775872
51382276,282579606638592
14682116,5366716272029952
23070724,6475024261263360
27265028,863116913094912
44042244,300166959804672
58722308,300167496667392
61444,53261889507345
159748,4556857221910545
290820,53257862975505
1077252,52987012648977
4222980,4838057320714257
8417284,123351460811025
16805892,334457961779217
176132,4522226900602896
307204,18627541667856
569348,299552494129200
1093636,18086108401680
2142212,299552494137360
8433668,53261889507600
33599492,18077785985040
602116,300372832882737
2174980,300372832890897
8466436,54082228261137
33632260,18898124738577
405508,4522222874071056
667652,4803147826532400
2240516,4803147826540560
4337668,13810347081273360
8531972,4556857221910800
33697796,4521673118388240
798724,299548467597360
2371588,299548467605520
8663044,53257862975760
17051652,299549004468240
1585156,299277617270832
3158020,299277617278992
9449476,52987012649232
34615300,17802909126672
12595204,4838057320714512
20983812,5365823170482192
37761028,4802873217191952
25178116,334457961779472
118788,18902151139347
577540,299277616222257
1101828,17811230494737
2150404,299277616230417
8441860,52987011600657
33607684,17802908078097
217092,4522497483542547
348164,18898124607507
610308,300235393929267
2183172,300235393937427
8474628,53944789307667
33640452,18760685785107
675844,4802872948625457
2248708,4802872948633617
4345860,13810072203366417
8540164,4556582344003857
33705988,4521398240481297
806916,299273589690417
2379780,299273589698577
8671236,52982985068817
17059844,299274126561297
4739076,5365685463093297
8933380,334320254390577
17321988,862086104158257
34099204,299136150868017
6311940,5365685463101457
10506244,334320254398737
18894852,862086104166417
35672068,299136150876177
41963524,52845546246417
50352132,299136687738897
626692,282784941805617
1150980,1318556078097
2199556,282784941813777
33656836,1310233661457
430084,4504634982993936
692228,4785559935455280
1216516,4504093549727760
2265092,4785559935463440
4362244,13792759190196240
33722372,4504085227311120
823300,281960576520240
1347588,494190792720
2396164,281960576528400
17076228,281961113391120
8949764,299277616222512
5279748,4785293648531472
9474052,17811230494992
17862660,281694289596432
10522628,299277616230672
21008388,5348235279405072
37785604,4785285326114832
41979908,17802908078352
724996,4786380274208817
2297860,4786380274216977
4395012,13793579528949777
33755140,4504905566064657
856068,282780915273777
2428932,282780915281937
17108996,282781452144657
4788228,5349192788676657
17371140,845593429741617
34148356,282643476451377
6361092,5349192788684817
18944004,845593429749777
35721220,282643476459537
50401284,282644013322257
921604,4785555908923440
2494468,4785555908931600
4591620,13792755163664400
17174532,4785556445794320
1708036,4785285058596912
9048068,4802872948625712
3280900,4785285058605072
5378052,13792484313337872
34738180,4503810350452752
10620932,4802872948633872
12718084,13810072203366672
42078212,4521398240481552
1839108,281685699661872
9179140,299273589690672
3411972,281685699670032
18092036,281686236532752
10752004,299273589698832
25432068,299274126561552
5771268,5348097573064752
18354180,844498214129712
35131396,281548260839472
13111300,5365685463093552
21499908,6473993452326960
25694212,862086104158512
42471428,299136150868272
7344132,5348097573072912
19927044,844498214137872
36704260,281548260847632
51384324,281548797710352
14684164,5365685463101712
23072772,6473993452335120
27267076,862086104166672
44044292,299136150876432
58724356,299136687739152
188420,4556861516877825
319492,53262157942785
581636,334461988311057
4251652,4838061615681537
8445956,123355755778305
16834564,334462256746497
614404,335419766018067
1138692,53949085323267
4284420,4839019393388547
8478724,124313533485315
16867332,335420034453507
417796,4556857490345985
679940,4838057320714257
1204228,4556586640019457
8544260,4626951088181505
16932868,4838057589149697
811012,334457961779217
1335300,52987281084417
4481028,4838057589149697
8675332,123351729246465
4743172,5400869835182097
17326084,897270476247057
34103300,334320522956817
3170308,334324550414337
34627588,52849842262017
10510340,404688998576385
20996100,5400870103617537
37773316,4837920150327297
41967620,123214290424065
1155076,18910742122497
2203652,300377127858177
8495108,54086523228417
33660932,18902419705857
434180,4522227169038336
1220612,4521685735772160
2269188,4803152121507840
4366340,13810351376240640
8560644,4556861516878080
33726468,4521677413355520
1351684,18086376837120
2400260,299552762572800
8691716,53262157943040
17080324,299553299435520
1613828,299286207205392
4759556,5365827197014032
8953860,334461988311312
17342468,862227838078992
34119684,299277884788752
5283844,4802885834575872
17866756,299286475640832
12623876,4838061615681792
21012484,5365827465449472
37789700,4802877512159232
25206788,334462256746752
2301956,4803972460261377
4399108,13811171714994177
8593412,4557681855631617
33759236,4522497752109057
2433028,300373101326337
8724484,54082496696577
17113092,300373638189057
2695172,863185347358737
6365188,5366784974729217
10559492,335419766026497
18948100,863185615794177
35725316,300235662503937
42016772,53945057874177
50405380,300236199366657
2498564,4803148094976000
4595716,13810347349708800
8790020,4556857490346240
17178628,4803148631838720
9052164,4838057320714512
17440772,5365823170482192
34217988,4802873217191952
3284996,4802877244649472
5382148,13810076499382272
9576452,4556586640019712
34742276,4521402536497152
25305092,4838057589149952
4988932,5365823170482192
9183236,334457961779472
3416068,299277885714432
9707524,52987281084672
18096132,299278422577152
12853252,4838057589149952
3678212,862090131746832
6823940,6491585369944080
19406852,1987986011009040
13115396,5400869835182352
38281220,5365685731659792
25698308,897270476247312
42475524,334320522957072
7348228,5365689759117312
11542532,334324550414592
19931140,862090400182272
36708356,299140446892032
42999812,52849842262272
51388420,299140983754752
23076868,6491585638379520
29368324,5400870103617792
46145540,4837920150327552
245764,4522501778509827
376836,18902419574787
1163268,18773303169027
2211844,300239688904707
8503300,53949084274947
33669124,18764980752387
1228804,4521410857865217
2277380,4802877243600897
4374532,13810076498333697
8568836,4556586638971137
33734660,4521402535448577
1359876,17811498930177
2408452,299277884665857
8699908,52987280036097
17088516,299278421528577
2670596,862090130698257
3194884,299148768260097
9486340,52858163630337
34652164,17674060107777
6340612,5365689758068737
10534916,334324549366017
18923524,862090399133697
35700740,299140445843457
41992196,52849841213697
50380804,299140982706177
475140,4522497751977987
2310148,4803835021307907
4407300,13811034276040707
8601604,4557544416678147
33767428,4522360313155587
2441220,300235662372867
8732676,53945057743107
17121284,300236199235587
4800516,5366716255244307
8994820,335351046541587
17383428,863116896309267
34160644,300166943019027
3227652,300170970476547
9519108,53880365846787
34684932,18696262324227
12664836,4838950673912067
21053444,5366716523679747
37830660,4803766570389507
25247748,335351314977027
2506756,4802873217069057
4603908,13810072471801857
8798212,4556582612439297
17186820,4802873753931777
2768900,5365685463101457
4866052,14372884717834257
10633220,4837919881769217
19021828,5365685731536897
35799044,4802735778246657
12730372,13845119136502017
21118980,14372884986269697
37896196,13809935032979457
42090500,4556445173616897
50479108,4802736315109377
2899972,862086104166417
17580036,862086641029137
34357252,299136687738897
34881540,17666007044097
6569988,5365685731536897
10764292,334320522834177
21250052,5365686268399617
38027268,4802736315109377
25444356,334321059696897
50610180,299137761480705
3686404,862021412270097
6832132,6491516650467345
19415044,1987917291532305
13123588,5400801115705617
38289412,5365617012183057
25706500,897201756770577
42483716,334251803480337
7356420,5365621039640577
11550724,334255830937857
19939332,862021680705537
36716548,299071727415297
43008004,52781122785537
51396612,299072264278017
23085060,6491516918902785
29376516,5400801384141057
46153732,4837851430850817
1277956,4504918183448577
2326532,4786384569184257
4423684,13793583823917057
33783812,4504909861031937
1409028,1318824513537
2457604,282785210249217
17137668,282785747111937
2719748,845597456281617
3244036,282656093843457
34701316,1181385691137
6389764,5349197083652097
18972676,845597724717057
35749892,282647771426817
50429956,282648308289537
1474564,4504093818163200
2523140,4785560203898880
4620292,13792759458631680
17203204,4785560740761600
1736708,4785293648531472
17465348,5348235279405072
34242564,4785285326114832
9601028,4521410857865472
17989636,4785293916966912
10649604,4802877243601152
12746756,13810076498333952
42106884,4521402535448832
1867780,281694289596432
5013508,5348235279405072
5537796,4785293916966912
9732100,17811498930432
10780676,299277884666112
25460740,299278421528832
5799940,5348106162999312
18382852,844506804064272
35160068,281556850774032
6848516,6473997478866960
11042820,862090130698512
19431428,1970398119931920
38305796,5348097840582672
11567108,299148768260352
22052868,5348106431434752
38830084,4785156478144512
43024388,17674060108032
14712836,5365689758068992
23101444,6473997747302400
27295748,862090399133952
44072964,299140445843712
58753028,299140982706432
2555908,4786380542652417
4653060,13793579797385217
17235972,4786381079515137
2818052,5349192788684817
4915204,14356392043417617
19070980,5349193057120257
35848196,4786243103830017
21168132,14356392311853057
37945348,13793442358562817
50528260,4786243640692737
2949124,845593429749777
17629188,845593966612497
34406404,282644013322257
34930692,1173332627457
6619140,5349193057120257
21299204,5349193593982977
38076420,4786243640692737
42270724,18761222656257
50659332,282645087064065
3735556,845528737853457
6881284,6475023976050705
11075588,863116627882257
19464196,1971424617115665
38338564,5349124337766417
7405572,5349128365223937
19988484,845529006288897
36765700,282579052998657
51445764,282579589861377
14745604,5366716255252737
23134212,6475024244486145
27328516,863116896317697
44105732,300166943027457
58785796,300167479890177
3538948,4785285327040512
5636100,13792484581773312
18219012,4785285863903232
10878980,4802873217069312
12976132,13810072471802112
25559044,4802873753932032
3801092,5348097573072912
5898244,14355296827805712
11141124,5365685463101712
19529732,6473993452335120
13238276,14372884717834512
21626884,15481192707067920
20054020,5348097841508352
36831236,4785147888218112
22151172,14355297096241152
38928388,13792347142950912
51511300,4785148425080832
27394052,5365685731537152
44171268,4802735778246912
29491204,14372884986269952
46268420,13809935032979712
58851332,4802736315109632
3932164,844498214137872
18612228,844498751000592
35389444,281548797710352
7077892,6473993452335120
11272196,862086104166672
21757956,6473993989197840
25952260,862086641029392
42729476,299136687739152
7602180,5348097841508352
22282244,5348098378371072
39059460,4785148425080832
43253764,17666007044352
51642372,281549871452160
14942212,5365685731537152
29622276,5365686268399872
46399492,4802736315109632
58982404,299137761480960
7864324,6473928760438800
12058628,862021412270352
20447236,1970329401503760
39321604,5348029122154512
15204356,6491516650467600
27787268,1987917291532560
46661636,5365617012183312
15728644,5365621039640832
24117252,6473929028874240
28311556,862021680705792
45088772,299071727415552
59768836,299072264278272
31457284,6491516918903040
2168,4504703752732947
4216,4503672927027507
32888,4503681516962067
131192,13510872181768467
262264,4503673463898387
524408,4785079184261427
1048696,4503612798533907
4194424,13792278439002387
8388728,4521196393595667
16777336,4785079721132307
33554552,4503604744487187
696,4504703485346097
1208,13511902740087057
2232,4506902508601617
65720,4506902475047187
1048760,4504712043823377
824,4802671135424817
1336,13809870390165777
16696,4837855473959187
524600,5365621055291697
4194616,14372820310032657
8388920,4837855473959697
2616,4504703551406385
4664,4503672692146545
8760,4521264878190897
262712,4503672960581937
524856,4785078949380465
2097720,4785078949384497
16777784,4785079217815857
33555000,4503604241170737
3128,13511902806147345
9272,13528464132931857
132152,31525270456369425
263224,13510872215322897
2098232,13792278204125457
4195384,31806676713603345
16778296,13792278472556817
33555512,13510803495911697
6200,4504772203774257
18488,4522295670341907
34872,4504780793708817
133176,13511971458515217
526392,4786178461008177
1050680,4504712075280657
4196408,13793377715749137
8390712,4522295670342417
12344,4521402283589937
20536,4521264844636467
69688,4504772170219827
266296,4503810365980977
1052728,4503681249575217
4198456,13792346890043697
8392760,4521264844636977
24632,4556449216725267
41016,4521410873524497
139320,13528601538330897
8396856,4556449216725777
49208,4521273434571027
147512,13528464099377427
540728,4802671101870387
1065016,4521204716142867
4210744,13809870356611347
98360,4504780760154387
294968,4503818955915537
557112,4785156225237297
4227128,13792355479978257
8421432,4521273434571537
196664,13511971424960787
589880,4786178427453747
1114168,4504712041726227
4259896,13793377682194707
8454200,4522295636787987
393272,13511009620721937
655416,13792346890043697
1179704,13510880504316177
8519736,13528464099377937
1572920,4785087506809137
2621496,5348028869251377
8912952,4802671101870897
17301560,5348029137682737
5242936,13792286761550097
9437240,4521204716143377
6291512,14355228123992337
12582968,13809870356611857
20971576,14355228392423697
728,4504699425259827
1240,13511898680000787
2264,4506898448515347
4312,4504768127959347
65752,4506898431738135
131288,13511967382700307
262360,4504768664830227
524504,4786174385193267
1048792,4504703705547027
4194520,13793373639934227
8388824,4522291594527507
16777432,4786174922064147
33554648,4504699945419027
856,4802667075338547
1368,13809866330079507
4440,4802735778038067
8536,4837920150126867
16728,4837851430650135
131416,13809935032779027
262488,4802736314908947
2097496,5365617011986707
33554776,4802667595497747
4696,4503668632060275
8792,4521260818104627
16984,4521192098627895
33368,4503672927027507
66136,4504699424211255
524888,4785074889294195
1049176,4503604208599347
2097752,4785074889298227
9304,13528460072845587
17496,13528391353368855
33880,13510872181768467
66648,13511898678952215
132184,31525266396283155
1049688,13510803463340307
2098264,13792274144039187
4195416,31806672653517075
6232,4504768143687987
67672,4506898447466775
133208,13511967398428947
264280,4504768680558867
526424,4786174400921907
4196440,13793373655662867
8390744,4522291610256147
16779352,4786174937792787
33556568,4504699961147667
20568,4521260801327415
69720,4504768126910775
528472,4785143591993715
1052760,4503672911298867
2101336,4785143591997747
24664,4556445173416215
41048,4521402535248147
532568,4802735778038067
4202584,13809935032779027
16785496,4802736314908947
33562712,4521261338263827
82008,4522291593478431
147544,13528460056068375
278616,4521261338198295
540760,4802667058561335
4210776,13809866313302295
16793688,4802667595432215
33570904,4521192618787095
557144,4785147886960947
1081432,4503681501233427
4227160,13792347141701907
8421464,4521265096295187
16810072,4785148423831827
33587288,4503673447186707
196696,13511967381651735
327768,4504768663781655
589912,4786174384144695
4259928,13793373638885655
8454232,4522291593478935
16842840,4786174921015575
33620056,4504699944370455
1179736,13510872166039827
2228312,13792342846738707
4325464,31806741356216595
1310808,4503673448169747
2359384,4785144128868627
17039448,4785145202606355
33816664,4503670225961235
1572952,4785079168532787
5242968,13792278423273747
9437272,4521196377867027
17825880,4785079705403667
34603096,4503604728758547
10485848,4802667058565907
35651672,4785075409457427
50331736,4785076483195155
16792,4838950674891027
65944,4805965326057747
524696,5366716256223537
4194712,14373915510964497
8389016,4838950674891537
17048,4522291342868787
131736,13511967131042097
1049240,4504703453888817
4194968,13793373388276017
8389272,4522291342869297
5272,13511967131042097
17560,13529490597609747
525464,13793373388276017
1049752,13511902708629777
8389784,13529490597610257
6296,4506966899556657
18584,4524490366124307
67736,4511296226590995
133272,13514166154297617
526488,4788373156790577
1050776,4506902477144337
4196504,13795572411531537
8390808,4524490366124817
12440,4522497484521777
20632,4522360045568307
37016,4504909593444657
266392,4504905566912817
1052824,4504772156588337
4198552,13793442090975537
8392856,4522360045568817
24728,4557544417657107
73880,4524559068823827
139416,13529696739262737
8396952,4557544417657617
82072,4524490349347095
147608,13529559300309267
540824,4803766302802227
1065112,4522295623155987
4210840,13810965557543187
98456,4506971177746707
163992,13512108848185617
1081496,4504780746522897
327832,4506967151214867
2162840,4788373140017427
16842904,4788373408448787
33620120,4506898431803667
393368,13512104821653777
655512,13793442090975537
1179800,13511971411329297
8519832,13529559300309777
1573016,4786178413822257
2621592,5349124070183217
8913048,4803766302802737
17301656,5349124338614577
5243032,13793377668563217
9437336,4522295623156497
6291608,14356323324924177
12583064,13810965557543697
20971672,14356323593355537
2840,4803766352085297
8984,4837919898468657
66328,4803766318530867
131864,13809934781120817
525080,5365616760324465
2097944,5365616760328497
16778008,5365617028759857
3352,13810965606826257
5400,13809934781120817
9496,13845119153209617
66840,13810965573271827
2098456,14372816015069457
4195608,32387214524547345
16778520,14372816283500817
18712,4838950690619667
67864,4805965341786387
526616,5366716271952177
4196632,14373915526693137
8390936,4838950690620177
37144,4802877243523377
69912,4803835021230387
266520,4802873216991537
528664,5365685463023985
2101528,5365685463028017
16781592,5365685731459377
24856,4908288625869075
41240,4838061615612177
74008,4839019393319187
270616,4838057589080337
2105624,5400869835116817
8397080,4908288625869585
16785688,5400870103548177
49432,4837924176658707
82200,4838950673842455
278808,4837920150126867
1065240,4837855458230547
33571096,4837851430715667
164120,13810076498264337
557336,5365689757991217
4227352,14372889012732177
8421656,4837924176659217
196888,13811034275971347
2162968,5366716255179027
16843032,5366716523610387
393496,13810072471732497
2228504,14372884717768977
4325656,32387283227246865
16908568,14372884986200337
786712,5365685731459377
4456728,14372884986200337
8651032,4837920150127377
17039640,5365686268330257
1573144,5365621039563057
2621720,6491516650393905
17301784,6491516918825265
34079000,5365617012048177
5243160,14372820294304017
9437464,4837855458231057
6291736,15498715905134865
20971800,15498716173566225
37749016,14372816266789137
41943320,4837851430716177
50331928,5365617548919057
6680,4504767908807025
10776,4522360094851377
35352,4504772203774257
264728,4504768177242417
526872,4786174166040945
1051160,4504703485346097
2099736,4786174166044977
16779800,4786174434476337
33557016,4504699457831217
12824,4521397988622705
21016,4521260549669235
37400,4503810097545585
70168,4504767875252595
266776,4503806071013745
528920,4785143340335601
4198936,13792342595076465
8393240,4521260549669745
41496,4521402283589937
74264,4522360061296947
270872,4521398257058097
4203032,13809934781120817
49688,4521264844636467
82456,4522291341820215
279064,4521260818104627
541208,4802666806903155
1065496,4521196126208307
2114072,4802666806907187
16794136,4802667075338547
33571352,4521192098693427
98840,4504772170219827
295448,4503810365980977
1081880,4503681249575217
4227608,13792346890043697
8421912,4521264844636977
328216,4504768143687987
590360,4786174132486515
1114648,4504703451791667
2163224,4786174132490547
16843288,4786174400921907
33620504,4504699424276787
655896,13792342595076465
1180184,13510871914381617
2228760,13792342595080497
4325912,31806741104558385
16908824,13792342863511857
33686040,13510867886866737
4456984,13792342863511857
8651288,4521260818105137
17039896,4785144145641777
33817112,4503669168996657
2621976,5348024574284145
8913432,4802666806903665
17302040,5348024842715505
5243416,13792278171615537
9437720,4521196126208817
10486296,4802666806907697
18874904,5348024842719537
37749272,13792274144100657
25166360,4802667075339057
41943576,4521192098693937
50332184,4785075426230577
11288,13529559349592337
35864,13511971458515217
134168,31526365673029905
265240,13511967431983377
1051672,13511902740087057
2100248,13793373420785937
4197400,31807771930263825
16780312,13793373689217297
33557528,13511898712572177
529432,13792342595076465
1053720,13510871914381617
2102296,13792342595080497
4199448,31806741104558385
16782360,13792342863511857
33559576,13510867886866737
42008,13528601538330897
74776,13529559316037907
140312,31542995752845585
271384,13528597511799057
533528,13809934781120817
50200,13528464099377427
82968,13529490596561175
148504,31542858313892115
279576,13528460072845587
1066008,13528395380949267
2114584,13809866061648147
4211736,31824264571126035
16794648,13809866330079507
33571864,13528391353434387
99352,13511971424960787
164888,31525407861768465
295960,13511009620721937
558104,13792346890043697
1082392,13510880504316177
8422424,13528464099377937
197656,31526365639475475
328728,13511967398428947
1115160,13511902706532627
2163736,13793373387231507
4260888,31807771896709395
16843800,13793373655662867
33621016,13511898679017747
394264,31525403835236625
656408,31806741104558385
4326424,67835538123522321
8520728,31542858313892625
787480,13792342863511857
8651800,13528460072846097
17040408,13792343400382737
33817624,13510868423737617
1573912,13792278171615537
34079768,13792274144100657
9438232,13528395380949777
6292504,32369622338507025
10486808,13809866061648657
18875416,14355224097460497
12583960,31824264571126545
20972568,32369622606938385
25166872,13809866330080017
41944088,13528391353434897
50332696,13792274680971537
14360,4522497500250417
22552,4522360061296947
38936,4504909609173297
268312,4504905582641457
4200472,13793442106704177
8394776,4522360061297457
26648,4557544433385747
75800,4524559084552467
141336,13529696754991377
8398872,4557544433386257
83992,4524490365075735
149528,13529559316037907
542744,4803766318530867
4212760,13810965573271827
100376,4506971193475347
165912,13512108863914257
329752,4506967166943507
1116184,4506902475047187
2164760,4788373155746067
16844824,4788373424177427
33622040,4506898447532307
395288,13512104837382417
657432,13793442106704177
8521752,13529559316038417
2623512,5349124085911857
8914968,4803766318531377
17303576,5349124354343217
6293528,14356323340652817
12584984,13810965573272337
20973592,14356323609084177
45080,4521677144719665
274456,4521673118187825
536600,4802872948556145
1060888,4521402267861297
2109464,4802872948560177
16789528,4802873216991537
33566744,4521398240346417
86040,4522360044519735
544792,4802735509602675
1069080,4521264828907827
2117656,4802735509606707
16797720,4802735778038067
33574936,4521260801392947
299032,4504085227110705
561176,4785285057479025
2134040,4785285057483057
16814104,4785285325914417
33591320,4503810349269297
593944,4786242835186035
1118232,4504772154491187
2166808,4786242835190067
16846872,4786243103621427
33624088,4504768126976307
790552,4785281030947185
1314840,4503810350252337
2363416,4785281030951217
2625560,5348093276983665
8917016,4802735509603185
17305624,5348093545415025
5247000,13792346874315057
9441304,4521264828908337
10489880,4802735509607217
18878488,5348093545419057
37752856,13792342846800177
25169944,4802735778038577
41947160,4521260801393457
50335768,4785144128930097
90136,4557544416608535
1073176,4556449200996627
2121752,4837919881695507
16801816,4837920150126867
33579032,4556445173481747
106520,4522501778440467
172056,13528876399460625
565272,4802877243523377
1089560,4521410857795857
4235288,13810076498264337
335896,4522497751908627
598040,4803835021230387
4268056,13811034275971347
401432,13528872372928785
1187864,13528601522602257
2236440,13810072203301137
4333592,31824470712779025
16916504,13810072471732497
33693720,13528597495087377
794648,4802873216991537
4464664,13810072471732497
17047576,4802873753862417
33824792,4521398777217297
2629656,5365685463028017
17309720,5365685731459377
9445400,4556449200997137
6299672,14372884717768977
10493976,4837919881696017
20979736,14372884986200337
25174040,4837920150127377
41951256,4556445173482257
311320,4521402535248147
573464,4802739804569907
1097752,4521273418842387
4243480,13809939059310867
213016,13529559299260695
606232,4803766301753655
4276248,13810965556494615
1196056,13528464083648787
2244632,13809934764347667
4341784,31824333273825555
16924696,13809935032779027
33701912,13528460056133907
802840,4802735778038067
4472856,13809935032779027
17055768,4802736314908947
33832984,4521261338263827
1589272,4802671086141747
34095128,4802667058626867
5259288,13809870340882707
18890776,5365617011986707
37765144,13809866313367827
50348056,4802667595497747
360472,4504909860831507
622616,4786247130153267
1146904,4504780744425747
4292632,13793446384894227
8486936,4522364339487507
426008,13511284481851665
2261016,13792484312224017
4358168,31806882821701905
16941080,13792484580655377
33718296,13511009604010257
819224,4785285325914417
1343512,4503818940186897
4489240,13792484580655377
8683544,4521402535248657
17072152,4785285862785297
33849368,4503810886140177
1605656,4785156209508657
2654232,5348097571950897
8945688,4802739804570417
17334296,5348097840382257
5275672,13792355464249617
9469976,4521273418842897
6324248,14355296826691857
12615704,13809939059311377
21004312,14355297095123217
1245208,13511971409232147
2293784,13793442089931027
4390936,31807840599408915
16973848,13793442358362387
33751064,13511967381717267
851992,4786243103621427
4522008,13793442358362387
8716312,4522360312955667
17104920,4786243640492307
33882136,4504768663847187
1638424,4786178411725107
34144280,4786174384210227
5308440,13793377666466067
9502744,4522295621059347
10551320,4803766301758227
18939928,5349124337570067
37814296,13793373638951187
25231384,4803766570189587
42008600,4522291593544467
50397208,4786174921081107
1441816,13511009604993297
2490392,13792480285692177
4587544,31806878795170065
1703960,13792346874315057
34209816,13792342846800177
9568280,13528464083649297
6422552,32369691041206545
10616856,13809934764348177
19005464,14355292800160017
12714008,31824333273826065
21102616,32369691309637905
25296920,13809935032779537
42074136,13528460056134417
50462744,13792343383671057
2883608,5348093545419057
9175064,4802735778038577
34340888,4785144128930097
6553624,14355292800160017
19136536,5348094082289937
12845080,13809935032779537
38010904,13792343383671057
25427992,4802736314909457
42205208,4521261338264337
3670040,5348028853522737
9961496,4802671086142257
18350104,5348029121954097
19398680,6473924732784945
36175896,5348024826007857
42467352,4802667058627377
7340056,14355228108263697
13631512,13809870340883217
22020120,14355228376695057
23068696,15481123987525905
39845912,14355224080748817
27263000,5365617011987217
52428824,5348025362878737
46137368,13809866313368337
58720280,4802667595498257
1256,4504703753781267
4328,1172812333107
33000,1181402267667
65768,3303116111895
262376,1173349203987
524520,282579069567027
16777448,282579606437907
33554664,1104629792787
1384,4802671403859987
2408,300171288117267
4456,299140462411827
8552,334324834500627
16744,334256115023895
33128,299149052346387
262504,299140999282707
1048936,299080333918227
2097512,862021696360467
4194664,5365621323726867
8388968,334256115024147
33554792,299072279871507
3176,4504703819841555
9320,4521265146626067
17512,4521196427149335
66664,4504703752732695
2098280,4785079217819667
8389736,4521196427149587
10344,18765030883347
18536,18696311406615
133224,4504772472209427
2099304,282579102076947
4196456,4786178729443347
8390760,18696311406867
20584,17665485701175
69736,1172811284535
528488,281548276367475
2101352,281548276371507
4198504,4785147903737907
8392808,17665485701427
24680,52849857789975
139368,4521402552025107
532584,299140462411827
1056872,17674076684307
8396904,52849857790227
16785512,299140999282707
33562728,17666022637587
49256,17674075635735
82024,18696277852191
278632,17666022572055
540776,299071742935095
1065064,17605357207575
8405096,52781138313495
16793704,299072279805975
33570920,17597303160855
98408,1181401219095
1081448,99070509075
2130024,281556866306067
4227176,4785156493672467
8421480,17674075635987
327784,1173348155415
589928,282579068518455
1114216,1112682790935
16842856,282579605389335
33620072,1104628744215
655464,4785147903737907
1179752,4503681518010387
4325480,13792347158478867
16908392,4785148440608787
33685608,4503673463963667
2359400,281548813242387
4456552,4785148440608787
8650856,17666022572307
17039464,281549886980115
33816680,74910334995
8913000,299071742935347
3145832,281488147877907
5242984,4785087775244307
9437288,17605357207827
6291560,5348029137686547
35651688,281480093831187
37748840,4785079721197587
25165928,299072279806227
41943144,17597303161107
50331752,281481167568915
936,300171020730417
2472,302370043985937
16808,335355359264787
65960,302370010431507
524712,863120940597297
1049000,300179579207697
1704,4504703552454705
4776,1172577452145
8872,18764763496497
131752,4504772204822577
262824,1172845887537
524968,282578834686065
2097832,282578834690097
4194984,4786178462056497
8389288,18696044020017
16777896,282579103121457
33555112,1104126476337
3240,4506902575710225
5288,4504772204822577
17576,4522295671390227
33960,4504780794757137
132264,13511971459563537
525480,4786178462056497
4195496,13793377716797457
10408,20963786752017
133288,4506971228078097
264360,3371869143057
2099368,284777857945617
4196520,4788377485312017
8390824,20895067275537
16779432,284778126376977
33556648,3303149731857
12456,18902168895537
20648,18764729942067
135336,4504909610221617
266408,1310251286577
24744,53949102030867
41128,18910758830097
73896,20963753197587
1056936,18773321973777
49320,18773319876627
82088,20895033720855
540840,300170987175987
8405160,53880382554387
164008,4504918200156177
295080,1318841221137
557224,282656110542897
1081512,1198315798545
196776,4506971194523667
327848,3371835588627
2162856,284777824391187
4260008,4788377451757587
8454312,20895033721107
16842920,284778092822547
33620136,3303116177427
1179816,4504780763299857
1310888,1181404364817
2621608,845528754556977
4718760,5349128381923377
17301672,845529022988337
3145896,282587393167377
5243048,4786187020533777
9437352,18704602497297
17825960,282587661598737
34603176,1112684953617
1832,4802671202533425
2856,300171086790705
4904,299140227530865
131880,4802739854901297
262952,299140495966257
33555240,299071776555057
5416,4802739854901297
9512,4837924226990097
34088,4802748444835857
66856,4803770647052307
132392,13809939109642257
1049896,4802679726407697
2098472,5365621088849937
8389928,4837855507513617
16778536,5365621357281297
6440,300239739158577
10536,335424111247377
35112,300248329093137
1050920,300179610664977
2099496,863120973107217
4196648,5366720600473617
8390952,335355391770897
16779560,863121241538577
69928,300239705604147
135464,4802877260300337
266536,299277901365297
528680,862090147397745
1052968,299148784959537
2101544,862090147401777
4198696,5365689774768177
8393000,334324566065457
16781608,862090415833137
24872,404693310242835
74024,335424077692947
139560,4838061632389137
270632,334462273454097
1057064,334333157048337
2105640,897274519490577
4202792,5400874146856977
16785704,897274787921937
82216,335355358216215
147752,4837924193435667
278824,334324834500627
8405288,404624590766355
33571112,334256115089427
98600,300248295538707
164136,4802885850234897
295208,299286491299857
2130216,862098737336337
4227368,5365698364702737
8421672,334333156000017
16810280,862099005767697
1114408,300179577110547
2162984,863120939552787
4260136,5366720566919187
8454440,335355358216467
16843048,863121207984147
655656,5365689774768177
4325672,14372889029509137
786728,862090415833137
17039656,862090952704017
2621736,1987921334767665
4718888,6491520962134065
17301800,1987921603199025
34079016,862021696421937
3146024,862030018908177
5243176,5365629646274577
9437480,334264437571857
17826088,862030287339537
10486056,897205800014097
12583208,5400805427380497
25166120,897206068445457
50331944,862022233292817
5672,4503672759255153
9768,4521264945299505
263720,4503673027690545
525864,4785079016489073
2098728,4785079016493105
8390184,4521196225823025
16778792,4785079284924465
33556008,4503604308279345
6696,1172643512433
10792,18764829556785
133672,4504772270882865
264744,1172911947825
526888,282578900746353
2099752,282578900750385
4196904,4786178528116785
8391208,18696110080305
16779816,282579169181745
33557032,1104192536625
2101800,281548041490545
4198952,4785147668856945
8393256,17665250820465
16781864,281548309921905
33559080,73333276785
533032,299140227530865
2105896,299140227534897
4203048,4802739854901297
16785960,299140495966257
33563176,17665519321137
655912,4785147668856945
2228776,4785147668860977
8520232,4521264878190897
16908840,4785147937292337
33686056,4503672960647217
786984,281548309921905
2359848,281548309925937
4457000,4785147937292337
8651304,17665519255857
8913448,299071508054385
34079272,281479590510705
10486312,299071508058417
35652136,281479590514737
12583464,4802671135424817
37749288,4785079217881137
25166376,299071776489777
41943592,17596799844657
7208,4504772270882865
19496,4522295737450515
35880,4504780860817425
134184,13511971525623825
527400,4786178528116785
1051688,4504712142389265
4197416,13793377782857745
529448,4785147668856945
2102312,4785147668860977
8393768,4521264878190897
16782376,4785147937292337
33559592,4503672960647217
74792,4522364389818387
271400,4521402585579537
533544,4802739854901297
1057832,4521273469173777
4203560,13809939109642257
8397864,4556449250279697
82984,4522295670341655
279592,4521265146626067
2114600,4802671135428627
16794664,4802671403859987
33571880,4521196427214867
1082408,4503698462998545
2130984,4785156258795537
8422440,4521273468125457
16811048,4785156527226897
33588264,4503681550581777
328744,4504772472209427
2163752,4786178461011987
8455208,4522295670341907
16843816,4786178729443347
33621032,4504703752798227
2229288,13792346923601937
4326440,31806745433079825
8520744,13528464132931857
16909352,13792347192033297
33686568,13510872215388177
787496,4785147937292337
1311784,4503681551564817
4457512,13792347192033297
17040424,4785148474163217
33817640,4503673497518097
8913960,4802671135424817
34079784,4785079217881137
3146792,4785087540367377
9438248,4521204749697297
17826856,4785087808798737
34604072,4503612832153617
18875432,5348029171240977
12583976,13809870390165777
37749800,13792278472622097
50332712,4785079754752017
530472,282647553114225
2103336,282647553118257
4200488,4786247180484657
8394792,18764762448177
16783400,282647821549617
33560616,1172844904497
141352,4522501828771857
272424,18902469836817
534568,300239739158577
1058856,18773353431057
8398888,53949134536977
149544,4522364389818387
280616,18765030883347
2115624,300171019685907
4212776,4803770647052307
16795688,300171288117267
33572904,18696311472147
1083432,1198347255825
2132008,282656143052817
4229160,4786255770419217
8423464,18773352382737
16812072,282656411484177
33589288,1181434839057
395304,4504909911162897
657448,4786247180484657
1181736,4504780794757137
4327464,13793446435225617
788520,282647821549617
1312808,1181435822097
17041448,282648358420497
33818664,1173381775377
8914984,300171019682097
34080808,282579102138417
3147816,282587424624657
5244968,4786187051991057
9439272,18704633954577
17827880,282587693056017
34605096,1112716410897
6293544,5349128414433297
18876456,845529055498257
20973608,5349128682864657
50333736,282579639009297
143400,4521677161496625
274472,18077802561585
536616,299277632929905
2109480,299277632933937
4206632,4802877260300337
16789544,299277901365297
33566760,17802924720177
86056,18764728893495
544808,299140193976435
2117672,299140193980467
4214824,4802739821346867
16797736,299140462411827
33574952,17665485766707
593960,282647519559795
2166824,282647519563827
4263976,4786247146930227
8458280,18764728893747
16846888,282647787995187
33624104,1172811350067
397352,4504085243887665
659496,4785285074255985
2232360,4785285074260017
8523816,4521402283589937
16912424,4785285342691377
33689640,4503810366046257
790568,281685715320945
2363432,281685715324977
4460584,4785285342691377
8654888,17802924654897
1577000,281556598915185
2625576,844497961357425
4722728,5348097588723825
17305640,844498229788785
3149864,281556598919217
5247016,4785156226285617
9441320,17673808249137
17829928,281556867350577
34607144,81890705457
6295592,5348097588727857
18878504,844498229792817
20975656,5348097857159217
50335784,281548813303857
90152,53949100982295
2121768,334324566069267
4218920,4837924193435667
8413224,123218333532435
16801832,334324834500627
33579048,52849857855507
172072,4521685751431185
303144,18086392496145
1089576,17828427071505
2138152,299286222868497
4235304,4802885850234897
16818216,299286491299857
33595432,17811514654737
204840,4522501795217427
335912,18902436282387
598056,300239705604147
1122344,18773319876627
8462376,53949100982547
663592,4802877260300337
1187880,4521410874572817
4333608,13810076515041297
8527912,4556586655678737
794664,299277901365297
1318952,17811515637777
8658984,52987296743697
17047592,299278438236177
33824808,17803461591057
1581096,299148784959537
2629672,862090147401777
4726824,5365689774768177
8921128,334324566065457
17309736,862090415833137
9445416,52858180337937
114728,18773318828055
1097768,17690988118035
2146344,299148783915027
4243496,4802748411281427
16826408,299149052346387
33603624,17674075701267
606248,300170986127415
1130536,18704600399895
8470568,53880381505815
409640,4521402552025107
671784,4802739821346867
1196072,4521273435619347
4341800,13809939076087827
8536104,4556449216725267
802856,299140462411827
1327144,17674076684307
8667176,52849857790227
17055784,299140999282707
33833000,17666022637587
34095144,299071743000627
3162152,299080065486867
5259304,4802679692853267
17842216,299080333918227
34619432,17605357273107
6307880,5365621055295507
10502184,334255846592787
18890792,862021696360467
12599336,4837855473959187
20987944,5365621323726867
25182248,334256115024147
41959464,52781138379027
50348072,299072279871507
1146920,1198313701395
2195496,282656109498387
4292648,4786255736864787
8486952,18773318828307
16875560,282656377929747
33652776,1181401284627
426024,4504093833822225
1212456,4503835868397585
2261032,4785293664194577
8552488,4521410873524497
16941096,4785293932625937
33718312,4503818955980817
1343528,236509462545
2392104,281694305259537
4489256,4785293932625937
8683560,17811514589457
1605672,281573778784305
8945704,299148783911217
34111528,281556866367537
6324264,5348106178662417
18907176,844506819727377
21004328,5348106447093777
50364456,281557403238417
458792,4504909877608467
720936,4786247146930227
1245224,4504780761202707
4390952,13793446401671187
852008,282647787995187
1376296,1181402267667
17104936,282648324866067
33882152,1173348220947
8978472,300170986127667
34144296,282579068583987
3211304,282587391070227
5308456,4786187018436627
9502760,18704600400147
17891368,282587659501587
34668584,1112682856467
6357032,5349128380878867
18939944,845529021943827
21037096,5349128649310227
50397224,282579605454867
917544,4785285342691377
1441832,4503818956963857
4587560,13792484597432337
17170472,4785285879562257
33947688,4503810902917137
1703976,4785156226285617
2752552,5348097588727857
17432616,5348097857159217
5373992,13792355481026577
6422568,14355296843468817
21102632,14355297111900177
1835048,281556867350577
2883624,844498229792817
4980776,5348097857159217
34340904,281548813303857
18087976,281557404221457
34865192,82427576337
19136552,844498766663697
21233704,5348098394030097
9961512,299080065483057
35127336,281488147939377
6815784,6473928776093745
11010088,862021427925297
19398696,1970329417158705
36175912,844429510381617
13107240,5365621055291697
21495848,6473929044525105
38273064,5348029137748017
25690152,862021696356657
7340072,5348037460234257
19922984,844438101299217
22020136,5348037728665617
51380264,281488684810257
52428840,844430047252497
54525992,5348029674618897
968,300166960644147
2504,302365983899667
4552,300235663343667
8648,335420035432467
16840,335351315955735
65992,302365967122455
262600,300236200214547
1049032,300171240931347
2097608,863116897292307
4194760,5366716524658707
8389064,335351315955987
33554888,300167480803347
4808,1168517365875
8904,18760703410227
17096,18691983933495
33480,1172812333107
131784,4504768144736307
525000,282574774599795
2097864,282574774603827
4195016,4786174401970227
8389320,18691983933747
5320,4504768144736307
66760,4506898448515095
132296,13511967399477267
263368,4504768681607187
525512,4786174401970227
1049800,4504703722323987
4195528,13793373656711187
16778440,4786174938841107
33555656,4504699962195987
10440,20959726665747
18632,20891007189015
35016,3371835588627
67784,7696867655703
133320,4506967167991827
2099400,284773797859347
4196552,4788373425225747
8390856,20891007189267
20680,18760686633015
528584,282643477299315
2101448,282643477303347
4198600,4786243104669747
8392904,18760686633267
24776,53945058721815
41160,18902420553747
73928,20959709888535
139464,4522497752956947
532680,300235663343667
1056968,18764983697427
8397000,53945058722067
16785608,300236200214547
33562824,18761223569427
278728,18761223503895
540872,300166943866935
1065160,18696264220695
8405192,53876339245335
16793800,300167480737815
33571016,18692504092695
98504,3371818811415
164040,4504909861879827
557256,282647772266547
16810184,282648309137427
33587400,1173332492307
196808,4506967151214615
2162888,284773781082135
4260040,4788373408448535
8454344,20890990412055
655560,4786243104669747
1179848,4504772425023507
4325576,13793442359410707
16908488,4786243641540627
33685704,4504768664895507
2359496,282644014174227
4456648,4786243641540627
8650952,18761223504147
17039560,282645087911955
33816776,1170111266835
8913096,300166943867187
3145928,282579054891027
5243080,4786178682257427
9437384,18696264220947
6291656,5349124338618387
35651784,282575294763027
37748936,4786174922129427
25166024,300167480738067
41943240,18692504092947
50331848,282576368500755
4936,299136167444595
33608,299140462411827
66376,300166959595575
131912,4802735794815027
1049416,299071743983667
3400,4803766620520467
5448,4802735794815027
9544,4837920166903827
17736,4837851447427095
132424,13809935049555987
263496,4802736331685907
2098504,5365617028763667
8389960,4837851447427347
33555784,4802667612274707
6472,300235679072307
10568,335420051161107
18760,335351331684375
67912,302365982851095
264520,300236215943187
2099528,863116913020947
4196680,5366716540387347
8390984,335351331684627
33556808,300167496531987
69960,300235662295095
1053000,299140446683187
24904,404689266933783
74056,335420034383895
1057096,334324818771987
8397128,404689266934035
49480,334324817723415
147784,4837920150126615
1065288,334256099295255
8405320,404620547457303
164168,4802877511958547
1081672,299149036617747
2130248,862090399059987
4227400,5365690026426387
8421704,334324817723667
33587528,299140982571027
328008,300236199165975
2163016,863116896243735
4260168,5366716523610135
8454472,335351314907415
33620296,300167479754775
2228552,5365685731463187
8520008,4837920150126867
33685832,4802736314974227
1311048,299140983554067
33816904,299137761345555
3146056,862021680631827
5243208,5365621307998227
9437512,334256099295507
34603336,299072264142867
6291784,6491516918829075
21064,17661190733943
70216,1168516317303
1053256,73300705395
2101832,281543981404275
4198984,4785143608770675
8393288,17661190734195
74312,18760702361655
533064,299136167444595
1057352,17665486749747
2105928,299136167448627
4203080,4802735794815027
49736,17665485701175
148040,4521260818104375
541256,299067447967863
1065544,17596767273015
2114120,299067447971895
4211272,4802667075338295
98888,1172811284535
557640,281548276367475
2130504,281548276371507
4227656,4785147903737907
8421960,17665485701427
197192,4504768143687735
590408,282574773551223
1114696,1104092856375
2163272,282574773555255
4260424,4786174400921655
8454728,18691982885175
655944,4785143608770675
1180232,4503672928075827
2228808,4785143608774707
8520264,4521260818104627
1573448,281479557939315
8913480,299067447968115
3146312,281479557943347
5243464,4785079185309747
9437768,17596767273267
10486344,299067447972147
12583496,4802667075338547
11336,4522360363286547
19528,4522291643809815
35912,4504772472209427
1051720,4504703753781267
2100296,4786174434480147
8391752,4522291643810067
21576,4521260818104375
70728,4504768143687735
529480,4785143608770675
1053768,4503672928075827
2102344,4785143608774707
8393800,4521260818104627
25672,4556445190193175
42056,4521402552025107
533576,4802735794815027
4203592,13809935049555987
8397896,4556445190193427
16786504,4802736331685907
33563720,4521261355040787
83016,4522291610255391
148552,13528460072845335
279624,4521261354975255
541768,4802667075338295
4211784,13809866330079255
8406088,4556376470716695
16794696,4802667612209175
33571912,4521192635564055
558152,4785147903737907
1082440,4503681518010387
4228168,13792347158478867
16811080,4785148440608787
33588296,4503673463963667
197704,13511967398428695
328776,4504768680558615
590920,4786174400921655
4260936,13793373655662615
16843848,4786174937792535
33621064,4504699961147415
1180744,13510872182816787
2229320,13792342863515667
4326472,31806741372993555
8520776,13528460072845587
1311816,4503673464946707
2360392,4785144145645587
8651848,4521261354975507
17040456,4785145219383315
33817672,4503670242738195
1573960,4785079185309747
8913992,4802667075338547
5243976,13792278440050707
17826888,4785079722180627
34604104,4503604745535507
35652680,4785075426234387
12584008,13809866330079507
25166920,4802667612209427
41944136,4521192635564307
50332744,4785076499972115
22600,18760702361655
530504,282643493027955
1054792,1172812333107
2103368,282643493031987
4200520,4786243120398387
8394824,18760702361907
26696,53945074450455
43080,18902436282387
75848,20959725617175
141384,4522497768685587
534600,300235679072307
8398920,53945074450707
16787528,300236215943187
33564744,18761239298067
280648,18761239232535
542792,300166959595575
8407112,53876354973975
16795720,300167496466455
33572936,18692519821335
100424,3371834540055
165960,4504909877608467
559176,282647787995187
1083464,1181402267667
16812104,282648324866067
33589320,1173348220947
198728,4506967166943255
1116232,3303116111895
2164808,284773796810775
4261960,4788373424177175
8456264,20891006140695
657480,4786243120398387
4327496,13793442375139347
16910408,4786243657269267
33687624,4504768680624147
1312840,1173349203987
2361416,282644029902867
4458568,4786243657269267
8652872,18761239232787
17041480,282645103640595
33818696,1170126995475
1574984,282579069567027
8915016,300166959595827
17827912,282579606437907
34605128,1104629792787
6293576,5349124354347027
35653704,282575310491667
37750856,4786174937858067
25167944,300167496466707
41945160,18692519821587
50333768,282576384229395
544840,299136150667383
1069128,17665469972535
2117704,299136150671415
4214856,4802735778037815
593992,282643476250743
1118280,1172795555895
2166856,282643476254775
4264008,4786243103621175
8458312,18760685584695
1577032,281548260638835
8917064,299136150667635
3149896,281548260642867
5247048,4785147888009267
9441352,17665469972787
10489928,299136150671667
12587080,4802735778038067
1073224,52849842061335
2121800,334320522760215
4218952,4837920150126615
8413256,123214290223383
106568,18902419505175
172104,4521677413154835
2138184,299277884592147
4235336,4802877511958547
204872,4522497751908375
598088,300235662295095
8462408,53945057673495
16851016,300236199165975
33628232,18761222520855
1187912,4521402536296467
2236488,4802873216995347
1581128,299140446683187
9445448,52849842061587
17834056,299140983554067
34611272,17666006908947
6299720,5365685731463187
10494024,334320522760467
35659848,299136687607827
12591176,4837920150126867
37757000,4802736314974227
50339912,299137761345555
114760,18764980551711
180296,4521402535247895
573512,299140445634615
1097800,17674059907095
8437832,52849841013015
16826440,299140982505495
33603656,17666005860375
213064,4522360312954911
1130568,18696262123551
2179144,300166942822431
4276296,4803766570188831
671816,4802735778037815
4341832,13809935032778775
8536136,4556445173416215
16924744,4802736314908695
33701960,4521261338263575
1327176,17666006843415
2375752,299136687542295
4472904,4802736314908695
17055816,299137761280023
33833032,17662784634903
1589320,299071727206455
9453640,52781122584855
17842248,299072264077335
34619464,17597287432215
6307912,5365617011986455
10502216,334251803283735
35668040,299067968131095
12599368,4837851430650135
37765192,4802667595497495
50348104,299069041868823
229448,4504909860831255
622664,282647771217975
1146952,1181385490455
16875592,282648308088855
33652808,1173331443735
2261064,4785285325918227
8552520,4521402535248147
8945736,299140445634867
3178568,281556850577427
5275720,4785156477943827
9470024,17674059907347
6324296,5348097840386067
35684424,281548796530707
37781576,4785148423897107
25198664,299140982505747
41975880,17666005860627
50364488,281549870268435
720968,4786243103621175
4390984,13793442358362135
16973896,4786243640492055
33751112,4504768663846935
1376328,1173332426775
2424904,282644013125655
4522056,4786243640492055
8716360,18761222455575
17104968,282645086863383
33882184,1170110218263
1638472,282579052789815
8978504,300166942818615
17891400,282579589660695
34668616,1104613015575
6357064,5349124337569815
35717192,282575293714455
37814344,4786174921080855
25231432,300167479689495
42008648,18692503044375
50397256,282576367452183
1704008,4785147888009267
9044040,4802735778038067
5374024,13792347142750227
17956936,4785148424880147
34734152,4503673448235027
35782728,4785144128933907
12714056,13809935032779027
25296968,4802736314908947
42074184,4521261338263827
50462792,4785145202671635
3407944,281548797513747
5505096,4785148424880147
9699400,17666006843667
18088008,281549871251475
34865224,74894606355
10747976,299136687542547
35913800,281545575305235
12845128,4802736314908947
38010952,4785145202671635
25428040,299137761280275
42205256,17662784635155
9961544,299071727206707
7340104,5348029121957907
36700232,281480078102547
38797384,4785079705468947
26214472,299072264077587
42991688,17597287432467
51380296,281481151840275
14680136,5365617011986707
44040264,299067968131347
46137416,4802667595497747
58720328,299069041869075
1928,4803766353133617
9096,335419783774257
525192,863116645630065
1049480,300170989273137
2098056,863116645634097
4195208,5366716273000497
8389512,335351064297777
16778120,863116914065457
3464,4805965376389137
17800,4838950691667987
66952,4805965342834707
525704,5366716273000497
4195720,14373915527741457
6536,302434434940977
10632,337618807029777
67976,306763761975315
1051016,302370012528657
2099592,865315668889617
4196744,5368915296256017
8391048,337550087553297
16779656,865315937320977
37256,300377128828977
135560,4803972461232177
266632,300373102297137
528776,863185348329585
1053064,300239691972657
2101640,863185348333617
4198792,5366784975700017
8393096,335419766997297
16781704,863185616764977
24968,405788511174675
41352,335561500917777
139656,4839156833320977
270728,335557474385937
1057160,335424064061457
2105736,898369720422417
4202888,5401969347788817
16785800,898369988853777
49544,335424061964307
147848,4839019394367507
278920,335420035432467
8405384,405719791698195
33571208,335351316021267
98696,302438713131027
557448,863189643296817
1081736,300248281907217
197000,4806034045534227
328072,302434686599187
33620360,302365967187987
655752,5366784975700017
4325768,14373984230440977
786824,863185616764977
17039752,863186153635857
2621832,1989016535699505
4718984,6492616163065905
17301896,1989016804130865
34079112,863116897353777
3146120,863120925921297
5243272,5366720553287697
9437576,335355344584977
17826184,863121194352657
10486152,898301000945937
12583304,5401900628312337
25166216,898301269377297
50332040,863117434224657
5768,4504767909855345
9864,4522360095899697
34440,4504772204822577
263816,4504768178290737
525960,4786174167089265
2098824,4786174167093297
8390280,4522291376423217
16778888,4786174435524657
33556104,4504699458879537
12936,18897873928305
21128,18760434974835
37512,1309982851185
135816,4504905315254385
266888,1305956319345
529032,282643225641201
1053320,1172545994865
41608,18902168895537
139912,4522497501298737
270984,18898142363697
1057416,18764732039217
8397448,53944807063857
49800,18764729942067
148104,4522360062345267
279176,18760703410227
541320,300166692208755
2114184,300166692212787
4211336,4803766319579187
16794248,300166960644147
33571464,18691983999027
164488,4504909610221617
295560,1310251286577
393864,4504905583689777
1180296,4504772173365297
4326024,13793442107752497
1311368,1172814430257
17040008,282644030947377
33817224,1169054302257
1573512,282578803228785
2622088,845524459589745
4719240,5349124086956145
17302152,845524728021105
3146376,282578803232817
5243528,4786178430599217
9437832,18696012562737
17826440,282579071664177
34603656,1104095019057
6292104,5349124086960177
18875016,845524728025137
20972168,5349124355391537
50332296,282575311536177
11400,4524559119155217
35976,4506971228078097
265352,4506967201546257
2100360,4788373190348817
8391816,4524490399678737
16780424,4788373458780177
33557640,4506898482135057
13448,4522497501298737
21640,4522360062345267
38024,4504909610221617
267400,4504905583689777
1053832,4504772173365297
4199560,13793442107752497
25736,4557544434434067
74888,4524559085600787
140424,13529696756039697
83080,4524490366124055
148616,13529559317086227
541832,4803766319579187
1066120,4522295639932947
4211848,13810965574320147
8406152,4557475714957587
99464,4506971194523667
165000,13512108864962577
1082504,4504780763299857
328840,4506967167991827
2163848,4788373156794387
8455304,4524490366124307
16843912,4788373425225747
33621128,4506898448580627
394376,13512104838430737
656520,13793442107752497
1180808,13511971428106257
1574024,4786178430599217
2622600,5349124086960177
17302664,5349124355391537
5244040,13793377685340177
6292616,14356323341701137
20972680,14356323610132497
530568,284842248896625
2103432,284842248900657
4200584,4788441876267057
8394888,20959458230577
16783496,284842517332017
33560712,3367540686897
43144,21101192151057
75912,25357504741395
141448,4524696524554257
272520,21097165619217
534664,302434434940977
1058952,20963755294737
8398984,56143830319377
51336,20963753197587
84104,25288785264663
149640,4524559085600787
280712,20959726665747
2115720,302365715468307
4212872,4805965342834707
16795784,302365983899667
33573000,20891007254547
100488,7769613664275
166024,4507108633477137
297096,3509274542097
559240,284846543863857
198792,4511364946067475
329864,7765587132435
2164872,289171575934995
4262024,4792771203301395
8456328,25288785264915
16844936,289171844366355
33622152,7696867721235
395400,4507104606945297
657544,4788441876267057
1181832,4506971196620817
4327560,13795641131008017
788616,284842517332017
1312904,3371837685777
17041544,284843054202897
33818760,3368077557777
8915080,302365715464497
34080904,284773797920817
3147912,284777826488337
5245064,4788377453854737
9439368,20895035818257
17827976,284778094919697
34605192,3303118274577
6293640,5351323110215697
18876552,847723751280657
20973704,5351323378647057
50333832,284774334791697
45192,19177030025265
143496,4522772362428465
274568,19173003493425
536712,300372833861745
2109576,300372833865777
4206728,4803972461232177
16789640,300373102297137
33566856,18898125652017
544904,300235394908275
2117768,300235394912307
4214920,4803835022278707
16797832,300235663343667
33575048,18760686698547
168072,4505184471351345
299144,1585112416305
561288,282784942784625
2134152,282784942788657
4231304,4786384570155057
8425608,18902152118577
16814216,282785211220017
33591432,1310234574897
397448,4505180444819505
659592,4786380275187825
2232456,4786380275191857
8523912,4522497484521777
16912520,4786380543623217
33689736,4504905566978097
790664,282780916252785
2363528,282780916256817
4460680,4786380543623217
8654984,18898125586737
1577096,282647505928305
2625672,845593162289265
4722824,5349192789655665
17305736,845593430720625
3149960,282647505932337
5247112,4786247133298737
9441416,18764715262257
17830024,282647774363697
34607240,1172797718577
6295688,5349192789659697
18878600,845593430724657
20975752,5349193058091057
50335880,282644014235697
2121864,335419767001107
4219016,4839019394367507
8413320,124313534464275
16801928,335420035432467
33579144,53945058787347
565384,300377128828977
8429704,54086524207377
2171016,302434418167827
4268168,4806034045534227
16851080,302434686599187
33628296,20959709954067
663688,4803972461232177
1187976,4522501781585937
4333704,13811171715973137
8528008,4557681856610577
794760,300373102297137
1319048,18902422650897
8659080,54082497675537
17047688,300373639168017
33824904,18898662522897
1581192,300239691972657
2629768,863185348333617
4726920,5366784975700017
8921224,335419766997297
17309832,863185616764977
9445512,53949087351057
114824,20963736420375
180360,4522501779488787
311432,18902420553747
573576,300239689875507
8437896,53949085253907
213128,4524559068823575
344200,20959709888535
2179208,302365698691095
4276360,4805965326057495
16859272,302365967122455
33636488,20890990477335
409736,4522497752956947
671880,4803835022278707
1196168,4522364342632467
4341896,13811034277019667
8536200,4557544417657107
802952,300235663343667
1327240,18764983697427
8667272,53945058722067
17055880,300236200214547
33833096,18761223569427
34095240,300166943932467
3162248,300170972499987
5259400,4803770599866387
17842312,300171240931347
34619528,18696264286227
6307976,5366716256227347
10502280,335351047524627
18890888,863116897292307
12599432,4838950674891027
20988040,5366716524658707
25182344,335351315955987
41959560,53876339310867
50348168,300167480803347
2195592,284846527090707
4292744,4788446154457107
8487048,20963736420627
16875656,284846795522067
33652872,3371818876947
688264,4786384570155057
4358280,13793583824896017
819336,282785211220017
17072264,282785748090897
33849480,1310771445777
2654344,845597457256497
4751496,5349197084622897
17334408,845597725687857
3178632,282656095866897
5275784,4786255723233297
9470088,18773305196817
17858696,282656364298257
34635912,1181387653137
2293896,4788441859493907
8585352,4524559068823827
16973960,4788442127925267
33751176,4506967151280147
2424968,284842500558867
4522120,4788442127925267
8716424,20959709888787
10551432,302365698691347
35717256,284773781147667
12648584,4805965326057747
37814408,4788373408514067
25231496,302365967122707
42008712,20890990477587
917640,4786380543623217
1441928,4504909863976977
4587656,13793579798364177
17170568,4786381080494097
33947784,4504906103848977
1704072,4786247133298737
2752648,5349192789659697
17432712,5349193058091057
5374088,13793446388039697
6422664,14356392044400657
21102728,14356392312832017
1835144,282647774363697
2883720,845593430724657
4980872,5349193058091057
34341000,282644014235697
18088072,282648311234577
34865288,1173334589457
19136648,845593967595537
21233800,5349193594961937
9961608,300170972496177
35127432,282579054952497
6815880,6475023977025585
11010184,863116628857137
19398792,1971424618090545
36176008,845524711313457
13107336,5366716256223537
21495944,6475024245456945
38273160,5349124338679857
25690248,863116897288497
7340168,5349128367247377
19923080,845529008312337
22020232,5349128635678737
51380360,282579591823377
52428936,845525248184337
54526088,5349124875550737
3848,4803766419193905
5896,4802735559934065
34568,4802739854901297
263944,4802735828369457
1050376,4802671136473137
33556232,4802667108958257
6920,300235444191345
35592,300239739158577
133896,4803835071561777
264968,300235712626737
1051400,300171020730417
33557256,300166993215537
37640,299277632929905
70408,300235410636915
135944,4802872965333105
267016,299273606398065
2102024,862085852434545
4199176,5365685479800945
8393480,334320271098225
16782088,862086120865905
1057544,334324567113777
8397576,404689015275825
33563400,334320539598897
99080,300239705604147
164616,4802877260300337
295688,299277901365297
557832,862090147397745
1082120,299148784959537
2130696,862090147401777
4227848,5365689774768177
8422152,334324566065457
16810760,862090415833137
197384,4803835038007347
328456,300235679072307
1114888,300170987175987
33620744,300166959661107
393992,4802873233768497
656136,5365685479800945
2229000,5365685479804977
8520456,4837919898468657
16909064,5365685748236337
787208,862086120865905
2360072,862086120869937
4457224,5365685748236337
8651528,334320539533617
33817352,299136704380977
1573640,862021428969585
2622216,1987917039800433
4719368,6491516667166833
17302280,1987917308231793
34079496,862017401454705
3146504,862021428973617
5243656,5365621056340017
9437960,334255847637297
17826568,862021697404977
6292232,6491516667170865
18875144,1987917308235825
35652360,862017401458737
20972296,6491516935602225
37749512,5365617028825137
41943816,334251820122417
7432,4803835071561777
11528,4839019443650577
134408,13811034326302737
2100488,5366716305510417
8391944,4838950724174097
16780552,5366716573941777
38152,4802877260300337
70920,4803835038007347
267528,4802873233768497
529672,5365685479800945
2102536,5365685479804977
8393992,4837919898468657
16782600,5365685748236337
25864,4908288642646035
42248,4838061632389137
75016,4839019410096147
271624,4838057605857297
2106632,5400869851893777
16786696,5400870120325137
50440,4837924193435667
83208,4838950690619415
279816,4837920166903827
1066248,4837855475007507
8406280,4908219923169555
33572104,4837851447492627
165128,13810076515041297
558344,5365689774768177
4228360,14372889029509137
197896,13811034292748307
2163976,5366716271955987
8455432,4838950690619667
16844040,5366716540387347
394504,13810072488509457
2229512,14372884734545937
4326664,32387283244023825
8520968,13845119153209617
16909576,14372885002977297
787720,5365685748236337
4457736,14372885002977297
17040648,5365686285107217
1574152,5365621056340017
2622728,6491516667170865
17302792,6491516935602225
34080008,5365617028825137
5244168,14372820311080977
6292744,15498715921911825
10487048,5400801132417297
20972808,15498716190343185
37750024,14372816283566097
25167112,5400801400848657
50332936,5365617565696017
39176,300377144557617
137480,4803972476960817
268552,300373118025777
530696,863185364058225
2103560,863185364062257
4200712,5366784991428657
8395016,335419782725937
16783624,863185632493617
26888,405788526903315
43272,335561516646417
141576,4839156849049617
272648,335557490114577
2107656,898369736151057
4204808,5401969363517457
16787720,898370004582417
51464,335424077692947
149768,4839019410096147
280840,335420051161107
1067272,335355359264787
8407304,405719807426835
33573128,335351331749907
100616,302438728859667
559368,863189659025457
198920,4806034061262867
329992,302434702327827
1116424,302370010431507
33622280,302365982916627
657672,5366784991428657
4327688,14373984246169617
788744,863185632493617
17041672,863186169364497
1575176,863120940597297
2623752,1989016551428145
4720904,6492616178794545
17303816,1989016819859505
34081032,863116913082417
10488072,898301016674577
12585224,5401900644040977
25168136,898301285105937
50333960,863117449953297
168200,4803152121430065
299272,299552762495025
33591560,299277884653617
1118472,300239689875507
33624328,300235662360627
397576,4803148094898225
1184008,4802877244571697
33689864,4802873217056817
1315080,299277885636657
1577224,862090131669105
2625800,1987985742499953
4722952,6491585369866353
17305864,1987986010931313
34083080,862086104154225
3150088,862090131673137
5247240,5365689759039537
9441544,334324550336817
17830152,862090400104497
6295816,6491585369870385
18878728,1987986010935345
35655944,862086104158257
20975880,6491585638301745
37753096,5365685731524657
41947400,334320522821937
90376,405788510126103
1073416,404693294514195
33579272,404689266999315
172296,4838336493518865
303368,334737134583825
8429832,404830732419345
33595656,334462256742417
1122568,335424061964307
8462600,405788510126355
33628424,335420034449427
401672,4838332466987025
1188104,4838061616660497
8528136,4908426064822545
33693960,4838057589145617
1319176,334462257725457
8659208,404826705887505
3154184,897274503761937
5251336,5400874131128337
17834248,897274772193297
6299912,6526769741959185
10494216,967638951923985
18882824,2023170383024145
35660040,897270476247057
12591368,5471238579290385
20979976,6526770010390545
37757192,5400870103613457
25174280,967639220355345
114952,335424060915735
8438024,404693293465875
33603848,334324817788947
213256,4839019393318935
344328,335420034383895
1130760,335355342487575
8470792,405719790649623
33636616,335351314972695
1196296,4837924177707027
8536328,4908288625869075
33702152,4837920150192147
1327368,334324818771987
8667400,404689266934035
9453832,404624575037715
34619656,334256099360787
41959688,404620547522835
229640,4803976755150867
360712,300377396215827
1147144,300248279810067
2195720,863189642252307
4292872,5366789269618707
8487176,335424060915987
16875784,863189910683667
1212680,4802885834506257
2261256,5365827196948497
8552712,4838061615612177
16941320,5365827465379857
1343752,299286475571217
2392328,862227838013457
4489480,5365827465379857
8683784,334462256677137
33849608,299278421524497
2654472,1987990037467185
4751624,6491589664833585
17334536,1987990305898545
34111752,862090399121457
3178760,862098721607697
5275912,5365698348974097
9470216,334333140271377
17858824,862098990039057
10518792,897274502713617
12615944,5400874130080017
25198856,897274771144977
50364680,862090935992337
459016,4803972728619027
2294024,5366784974655507
8585480,4839019393319187
16974088,5366785243086867
2425096,863185615720467
4522248,5366785243086867
8716552,335420034384147
33882376,300236199231507
3211528,863120923824147
5308680,5366720551190547
9502984,335355342487827
17891592,863121192255507
6357256,6492616162021395
18940168,1989016803086355
35717384,863116896309267
21037320,6492616430452755
37814536,5366716523675667
42008840,335351314972947
2490632,5365823170416657
8782088,4838057589080337
33947912,4802873753927697
1704200,5365689759039537
2752776,6491585369870385
17432840,6491585638301745
34210056,5365685731524657
5374216,14372889013780497
6422792,15498784624611345
10617096,5400869835116817
21102856,15498784893042705
37880072,14372884986265617
25297160,5400870103548177
50462984,5365686268395537
1835272,862090400104497
2883848,1987986010935345
4981000,6491585638301745
18088200,862090936975377
10748168,897270476181777
19136776,1987986547806225
35913992,862086641029137
12845320,5400870103548177
21233928,6491586175172625
38011144,5365686268395537
42205448,334321059692817
50594056,862087714766865
3670280,1987921319039025
5767432,6491520946405425
18350344,1987921587470385
35127560,862021680693297
36176136,1987917291524145
38273288,6491516918890545
11534600,897205784285457
13631752,5400805411651857
26214664,897206052716817
51380488,862022217564177
14680328,6526701022482705
23068936,8743316732514321
27263240,2023101663547665
44040456,897201756770577
52429064,1987917828395025
29360392,6526701290914065
46137608,5400801384136977
54526216,6491517455761425
7688,4504767975915633
11784,4522360161959985
36360,4504772270882865
265736,4504768244351025
527880,4786174233149553
1052168,4504703552454705
2100744,4786174233153585
8392200,4522291442483505
16780808,4786174501584945
33558024,4504699524939825
1054216,4503672693194865
2102792,4785143373893745
8394248,4521260583223665
16782856,4785143642325105
33560072,4503668665679985
534024,4802735559934065
1058312,4521264879239217
2106888,4802735559938097
16786952,4802735828369457
33564168,4521260851724337
558600,4785147668856945
2131464,4785147668860977
8422920,4521264878190897
16811528,4785147937292337
33588744,4503672960647217
787976,4785143642325105
1312264,4503672961630257
2360840,4785143642329137
8652296,4521260851659057
1574408,4785078950428785
8914440,4802666840457585
34080264,4785074922913905
3147272,4785078950432817
9438728,4521196159762737
17827336,4785079218864177
34604552,4503604242219057
10487304,4802666840461617
35653128,4785074922917937
25167368,4802667108892977
41944584,4521192132247857
1055240,1172577452145
2103816,282643258151025
4200968,4786242885517425
8395272,18760467480945
16783880,282643526582385
33561096,1168549937265
535048,300235444191345
1059336,18764763496497
2107912,300235444195377
4205064,4803835071561777
16787976,300235712626737
33565192,18760735981617
559624,282647553114225
2132488,282647553118257
4229640,4786247180484657
8423944,18764762448177
16812552,282647821549617
33589768,1172844904497
657928,4786242885517425
1182216,4504772204822577
2230792,4786242885521457
8522248,4522360094851377
16910856,4786243153952817
33688072,4504768177307697
789000,282643526582385
1313288,1172845887537
2361864,282643526586417
4459016,4786243153952817
8653320,18760735916337
1575432,282578834686065
8915464,300166724714865
34081288,282574807171185
3148296,282578834690097
5245448,4786178462056497
9439752,18696044020017
17828360,282579103121457
34605576,1104126476337
10488328,300166724718897
35654152,282574807175217
12585480,4803766352085297
37751304,4786174434541617
25168392,300166993150257
41945608,18692016505137
45576,18077534126193
143880,4521672866529393
274952,18073507594353
1061384,17802657267825
2109960,299273337966705
4207112,4802872965333105
16790024,299273606398065
33567240,17798629752945
86536,18760433926263
1069576,17665218314355
2118152,299135899013235
4215304,4802735526379635
16798216,299136167444595
33575432,17661190799475
168456,4504084975452273
299528,485616517233
2134536,281685446889585
4231688,4785285074255985
8425992,17802656219505
16814600,281685715320945
33591816,210738675825
1118728,1172543897715
2167304,282643224596595
4264456,4786242851962995
8458760,18760433926515
16847368,282643493027955
33624584,1168516382835
397832,4504080948920433
1184264,4503810098593905
2232840,4785280779292785
8524296,4521397988622705
16912904,4785281047724145
33690120,4503806071079025
1315336,210739658865
2363912,281681420357745
4461064,4785281047724145
8655368,17798629687665
1577480,281548008980721
8917512,299135899009521
34083336,281543981465841
6296072,5348093293760625
18878984,844493934825585
20976136,5348093562191985
50336264,281544518336625
172552,4521677161496625
303624,18077802561585
565768,299277632929905
2138632,299277632933937
4235784,4802877260300337
16818696,299277901365297
33595912,17802924720177
598536,300235410636915
1122824,18764729942067
2171400,300235410640947
4268552,4803835038007347
16851464,300235679072307
33628680,18760702427187
401928,4521673134964785
664072,4802872965333105
1188360,4521402284638257
2236936,4802872965337137
16917000,4802873233768497
33694216,4521398257123377
795144,299273606398065
1319432,17802925703217
2368008,299273606402097
4465160,4802873233768497
2630152,862085852434545
4727304,5365685479800945
8921608,334320271098225
17310216,862086120865905
9445896,52849590403377
6300168,5365685479804977
10494472,334320271102257
18883080,862086120869937
12591624,4837919898468657
20980232,5365685748236337
25174536,334320539533617
41951752,52845562888497
50340360,299136704380977
115208,18764728893495
573960,299140193976435
2146824,299140193980467
4243976,4802739821346867
16826888,299140462411827
33604104,17665485766707
213512,4522360061296695
344584,18760702361655
606728,300166691160183
1131016,18696010465335
2179592,300166691164215
4276744,4803766318530615
16859656,300166959595575
33636872,18691982950455
672264,4802735526379635
1196552,4521264845684787
2245128,4802735526383667
16925192,4802735794815027
33702408,4521260818169907
803336,299136167444595
1327624,17665486749747
2376200,299136167448627
4473352,4802735794815027
1589768,299071475548275
34095624,299067448033395
3162632,299071475552307
5259784,4802671102918707
17842696,299071743983667
34619912,17596767338547
35668488,299067448037427
37765640,4802667075403827
623112,282647519559795
2195976,282647519563827
4293128,4786247146930227
8487432,18764728893747
16876040,282647787995187
33653256,1172811350067
426504,4504085243887665
688648,4785285074255985
2261512,4785285074260017
8552968,4521402283589937
16941576,4785285342691377
33718792,4503810366046257
819720,281685715320945
2392584,281685715324977
4489736,4785285342691377
8684040,17802924654897
1606152,281556598915185
2654728,844497961357425
4751880,5348097588723825
17334792,844498229788785
3179016,281556598919217
5276168,4785156226285617
9470472,17673808249137
17859080,281556867350577
34636296,81890705457
6324744,5348097588727857
18907656,844498229792817
21004808,5348097857159217
50364936,281548813303857
721416,4786242851962995
1245704,4504772171268147
2294280,4786242851967027
8585736,4522360061296947
16974344,4786243120398387
33751560,4504768143753267
852488,282643493027955
1376776,1172812333107
2425352,282643493031987
4522504,4786243120398387
8716808,18760702361907
1638920,282578801131635
8978952,300166691160435
34144776,282574773616755
3211784,282578801135667
5308936,4786178428502067
9503240,18696010465587
17891848,282579069567027
34669064,1104092921907
10551816,300166691164467
35717640,282574773620787
12648968,4803766318530867
37814792,4786174400987187
25231880,300166959595827
42009096,18691982950707
918024,4785281047724145
1442312,4503810367029297
2490888,4785281047728177
8782344,4521398257058097
2753032,5348093293760625
17433096,5348093562191985
5374472,13792346891092017
19005960,5348093562196017
12714504,13809934781120817
37880328,13792342863577137
50463240,4785144145707057
2884104,844493934825585
4981256,5348093562191985
34341384,281544518336625
18088456,281548814286897
34865672,73837641777
6554120,5348093562196017
35914248,281544518340657
38011400,4785144145707057
25428488,299136704315697
42205704,17661727670577
50594312,281545592078385
3670536,844429242929265
5767688,5348028870295665
18350600,844429511360625
6816264,6473924481126513
11010568,862017132958065
19399176,1970325122191473
36176392,844425215414385
13107720,5365616760324465
21496328,6473924749557873
38273544,5348024842780785
25690632,862017401389425
7340552,5348028870299697
19923464,844429511364657
22020616,5348029138731057
51380744,281480094875697
14680584,5365616760328497
23069192,6473924749561905
39846408,5348024842784817
27263496,862017401393457
29360648,5365617028759857
58720776,299067984904497
531464,4786242885517425
1055752,4504772204822577
2104328,4786242885521457
8395784,4522360094851377
16784392,4786243153952817
33561608,4504768177307697
44040,4522501828771857
273416,4522497802240017
535560,4803835071561777
4205576,13811034326302737
8399880,4557544466940177
52232,4522364389818387
281608,4522360363286547
1068040,4522295671390227
2116616,4803766352089107
16796680,4803766620520467
33573896,4522291643875347
297992,4504909911162897
560136,4786247180484657
1084424,4504780794757137
4230152,13793446435225617
1182728,13511971459563537
2231304,13793442140262417
4328456,31807840649740305
8522760,13529559349592337
16911368,13793442408693777
33688584,13511967432048657
789512,4786243153952817
4459528,13793442408693777
17042440,4786243690823697
33819656,4504768714178577
1575944,4786178462056497
8915976,4803766352085297
34081800,4786174434541617
5245960,13793377716797457
18877448,5349124387901457
12585992,13810965606826257
37751816,13793373689282577
50334728,4786174971412497
46088,4521677161496625
275464,4521673134964785
537608,4802872965333105
1061896,4521402284638257
2110472,4802872965337137
16790536,4802873233768497
33567752,4521398257123377
87048,4522360061296695
545800,4802735526379635
1070088,4521264845684787
2118664,4802735526383667
16798728,4802735794815027
33575944,4521260818169907
300040,4504085243887665
562184,4785285074255985
2135048,4785285074260017
8426504,4521402283589937
16815112,4785285342691377
33592328,4503810366046257
594952,4786242851962995
1119240,4504772171268147
2167816,4786242851967027
8459272,4522360061296947
16847880,4786243120398387
33625096,4504768143753267
791560,4785281047724145
1315848,4503810367029297
2364424,4785281047728177
8655880,4521398257058097
2626568,5348093293760625
17306632,5348093562191985
5248008,13792346891092017
18879496,5348093562196017
12588040,13809934781120817
37753864,13792342863577137
50336776,4785144145707057
91144,4557544433385495
1074184,4556449217773587
2122760,4837919898472467
8414216,4626813665935635
16802824,4837920166903827
33580040,4556445190258707
107528,4522501795217427
173064,13528876416237585
566280,4802877260300337
1090568,4521410874572817
4236296,13810076515041297
8430600,4556586655678737
336904,4522497768685587
599048,4803835038007347
4269064,13811034292748307
8463368,4557544433385747
402440,13528872389705745
1188872,13528601539379217
2237448,13810072220078097
4334600,31824470729555985
16917512,13810072488509457
33694728,13528597511864337
795656,4802873233768497
4465672,13810072488509457
8659976,4556582629146897
17048584,4802873770639377
33825800,4521398793994257
2630664,5365685479804977
8922120,4837919898468657
17310728,5365685748236337
6300680,14372884734545937
12592136,13845119153209617
20980744,14372885002977297
312328,4521402552025107
574472,4802739821346867
1098760,4521273435619347
4244488,13809939076087827
8438792,4556449216725267
214024,13529559316037655
607240,4803766318530615
4277256,13810965573271575
8471560,4557475713909015
1197064,13528464100425747
2245640,13809934781124627
4342792,31824333290602515
16925704,13809935049555987
33702920,13528460072910867
803848,4802735794815027
4473864,13809935049555987
8668168,4556445190193427
17056776,4802736331685907
33833992,4521261355040787
1590280,4802671102918707
34096136,4802667075403827
5260296,13809870357659667
9454600,4556380498297107
10503176,4837851178995987
18891784,5365617028763667
37766152,13809866330144787
25183240,4837851447427347
41960456,4556376470782227
50349064,4802667612274707
361480,4504909877608467
623624,4786247146930227
1147912,4504780761202707
4293640,13793446401671187
427016,13511284498628625
2262024,13792484329000977
4359176,31806882838478865
8553480,13528601538330897
16942088,13792484597432337
33719304,13511009620787217
820232,4785285342691377
1344520,4503818956963857
4490248,13792484597432337
17073160,4785285879562257
33850376,4503810902917137
1606664,4785156226285617
2655240,5348097588727857
17335304,5348097857159217
5276680,13792355481026577
6325256,14355296843468817
21005320,14355297111900177
1246216,13511971426009107
2294792,13793442106707987
4391944,31807840616185875
8586248,13529559316037907
16974856,13793442375139347
33752072,13511967398494227
853000,4786243120398387
4523016,13793442375139347
17105928,4786243657269267
33883144,4504768680624147
1639432,4786178428502067
8979464,4803766318530867
34145288,4786174400987187
5309448,13793377683243027
18940936,5349124354347027
12649480,13810965573271827
37815304,13793373655728147
50398216,4786174937858067
1442824,13511009621770257
2491400,13792480302469137
4588552,31806878811947025
8782856,13528597511799057
1704968,13792346891092017
9045000,13809934781120817
34210824,13792342863577137
6423560,32369691057983505
19006472,14355292816936977
21103624,32369691326414865
50463752,13792343400448017
2884616,5348093562196017
34341896,4785144145707057
6554632,14355292816936977
19137544,5348094099066897
38011912,13792343400448017
3671048,5348028870299697
18351112,5348029138731057
11011080,5365616760328497
19399688,6473924749561905
36176904,5348024842784817
25691144,5365617028759857
7341064,14355228125040657
22021128,14355228393472017
14681096,14372816015069457
23069704,15481124004302865
39846920,14355224097525777
52429832,5348025379655697
29361160,14372816283500817
47112,19177045753905
145416,4522772378157105
276488,19173019222065
538632,300372849590385
1062920,18902168895537
2111496,300372849594417
4208648,4803972476960817
16791560,300373118025777
33568776,18898141380657
546824,300235410636915
1071112,18764729942067
2119688,300235410640947
4216840,4803835038007347
16799752,300235679072307
33576968,18760702427187
169992,4505184487079985
301064,1585128144945
563208,282784958513265
2136072,282784958517297
4233224,4786384585883697
8427528,18902167847217
16816136,282785226948657
33593352,1310250303537
399368,4505180460548145
661512,4786380290916465
1185800,4504909610221617
2234376,4786380290920497
8525832,4522497500250417
16914440,4786380559351857
33691656,4504905582706737
792584,282780931981425
1316872,1310251286577
2365448,282780931985457
4462600,4786380559351857
8656904,18898141315377
2627592,845593178017905
4724744,5349192805384305
17307656,845593446449265
6297608,5349192805388337
18880520,845593446453297
20977672,5349193073819697
50337800,282644029964337
1075208,53949102030867
2123784,335419782729747
4220936,4839019410096147
8415240,124313550192915
16803848,335420051161107
33581064,53945074515987
567304,300377144557617
1091592,18910758830097
8431624,54086539936017
1124360,20963753197587
2172936,302434433896467
4270088,4806034061262867
16853000,302434702327827
33630216,20959725682707
665608,4803972476960817
4335624,13811171731701777
8529928,4557681872339217
796680,300373118025777
8661000,54082513404177
17049608,300373654896657
33826824,18898678251537
2631688,863185364062257
4728840,5366784991428657
8923144,335419782725937
17311752,863185632493617
116744,20963752149015
182280,4522501795217427
313352,18902436282387
575496,300239705604147
1099784,18773319876627
8439816,53949100982547
215048,4524559084552215
346120,20959725617175
1132552,20895033720855
2181128,302365714419735
4278280,4805965341786135
16861192,302365982851095
33638408,20891006205975
411656,4522497768685587
673800,4803835038007347
4343816,13811034292748307
8538120,4557544433385747
804872,300235679072307
8669192,53945074450707
17057800,300236215943187
33835016,18761239298067
1591304,300170987175987
34097160,300166959661107
9455624,53880382554387
6309896,5366716271955987
10504200,335351063253267
18892808,863116913020947
12601352,4838950690619667
20989960,5366716540387347
25184264,335351331684627
41961480,53876355039507
50350088,300167496531987
2197512,284846542819347
4294664,4788446170185747
8488968,20963752149267
16877576,284846811250707
33654792,3371834605587
690184,4786384585883697
1214472,4504918200156177
4360200,13793583840624657
821256,282785226948657
1345544,1318841221137
17074184,282785763819537
33851400,1310787174417
1607688,282656110542897
2656264,845597472985137
4753416,5349197100351537
17336328,845597741416497
1247240,4506971194523667
2295816,4788441875222547
8587272,4524559084552467
16975880,4788442143653907
33753096,4506967167008787
1378312,3371835588627
2426888,284842516287507
4524040,4788442143653907
8718344,20959725617427
3213320,284777824391187
5310472,4788377451757587
9504776,20895033721107
17893384,284778092822547
34670600,3303116177427
10553352,302365714419987
35719176,284773796876307
12650504,4805965341786387
37816328,4788373424242707
25233416,302365982851347
42010632,20891006206227
919560,4786380559351857
4589576,13793579814092817
17172488,4786381096222737
33949704,4504906119577617
2754568,5349192805388337
17434632,5349193073819697
6424584,14356392060129297
21104648,14356392328560657
2885640,845593446453297
4982792,5349193073819697
34342920,282644029964337
19138568,845593983324177
21235720,5349193610690577
3672072,845528754556977
5769224,5349128381923377
18352136,845529022988337
6817800,6475023992754225
11012104,863116644585777
19400712,1971424633819185
36177928,845524727042097
13109256,5366716271952177
21497864,6475024261185585
38275080,5349124354408497
25692168,863116913017137
52430856,845525263912977
54528008,5349124891279377
569352,299552494059633
2142216,299552494063665
4239368,4803152121430065
16822280,299552762495025
33599496,18077785849905
667656,4803147826462833
1191944,4521677145767985
2240520,4803147826466865
16920584,4803148094898225
33697800,4521673118253105
798728,299548467527793
1323016,18077786832945
2371592,299548467531825
4468744,4803148094898225
1585160,299277617201265
34091016,299273589686385
3158024,299277617205297
5255176,4802877244571697
17838088,299277885636657
34615304,17802908991537
35663880,299273589690417
37761032,4802873217056817
610312,300235393859703
1134600,18764713164855
2183176,300235393863735
4280328,4803835021230135
16863240,300235662295095
33640456,18760685649975
1593352,299140178247795
34099208,299136150732915
3166216,299140178251827
5263368,4802739805618227
17846280,299140446683187
34623496,17665470038067
35672072,299136150736947
37769224,4802735778103347
692232,4785559935385713
2265096,4785559935389745
8556552,4521677144719665
16945160,4785560203821105
33722376,4504085227175985
823304,281960576450673
2396168,281960576454705
4493320,4785560203821105
8687624,18077785784625
8949768,299277616152945
34115592,281685698609265
10522632,299277616156977
35688456,281685698613297
12619784,4802877243523377
37785608,4785285325979697
25202696,299277884588337
41979912,17802907943217
1642504,282647503831155
8982536,300235393859955
34148360,282643476316275
3215368,282647503835187
5312520,4786247131201587
9506824,18764713165107
17895432,282647772266547
34672648,1172795621427
10555400,300235393863987
35721224,282643476320307
12652552,4803835021230387
37818376,4786243103686707
25235464,300235662295347
42012680,18760685650227
921608,4785555908853873
1445896,4504085228159025
2494472,4785555908857905
8785928,4521673118187825
1708040,4785285058527345
9048072,4802872948556145
34213896,4785281031012465
3280904,4785285058531377
9572360,4521402267861297
17960968,4785285326962737
34738184,4503810350317617
10620936,4802872948560177
35786760,4785281031016497
25301000,4802873216991537
42078216,4521398240346417
1839112,281685699592305
9179144,299273589621105
3411976,281685699596337
5509128,4785285326962737
9703432,17802908926257
10752008,299273589625137
12849160,4802873216991537
3674120,844497945628785
5771272,5348097572995185
18354184,844498214060145
6819848,6473993183826033
11014152,862085835657585
19402760,1970393824890993
36179976,844493918113905
13111304,5365685463023985
21499912,6473993452257393
38277128,5348093545480305
25694216,862086104088945
7344136,5348097572999217
19927048,844498214064177
22024200,5348097841430577
51384328,281548797575217
14684168,5365685463028017
23072776,6473993452261425
39849992,5348093545484337
27267080,862086104092977
29364232,5365685731459377
58724360,299136687604017
1138696,53949085253655
2187272,335419765952535
4284424,4839019393318935
8478728,124313533415703
16867336,335420034383895
33644552,53945057738775
3170312,334324550340627
5267464,4837924177707027
9461768,123218317803795
17850376,334324818771987
34627592,52849842126867
10510344,404688998502675
35676168,334320522825747
12607496,4908288625869075
37773320,4837920150192147
25190408,404689266934035
41967624,123214290288915
237576,4522776656347155
368648,19177297412115
2203656,300377127784467
4300808,4803976755150867
16883720,300377396215827
33660936,18902419570707
434184,4522227168968721
696328,4803152121430065
1220616,4521685735702545
4366344,13810351376171025
8560648,4556861516808465
827400,299552762495025
1351688,18086376767505
8691720,53262157873425
17080328,299553299365905
33857544,18078322720785
34119688,299277884653617
3186696,299286207139857
5283848,4802885834506257
17866760,299286475571217
34643976,17811498926097
6332424,5365827196948497
10526728,334461988245777
18915336,862227838013457
12623880,4838061615612177
21012488,5365827465379857
25206792,334462256677137
41984008,52987280032017
50372616,299278421524497
466952,4522772629815315
1253384,4522501779488787
2301960,4803972460187667
16982024,4803972728619027
33759240,4522497751973907
1384456,18902420553747
2433032,300373101252627
4530184,4803972728619027
1646600,300239689875507
34152456,300235662360627
9510920,53949085253907
6365192,5366784974655507
10559496,335419765952787
18948104,863185615720467
12656648,4839019393319187
21045256,5366785243086867
25239560,335420034384147
42016776,53945057739027
50405384,300236199231507
925704,4803148094898225
4595720,13810347349639185
8790024,4556857490276625
17178632,4803148631769105
33955848,4521673655123985
1712136,4802877244571697
34217992,4802873217056817
5382152,13810076499312657
9576456,4556586639950097
10625032,4838057320648977
19013640,5365823170416657
37888008,13810072471797777
25305096,4838057589080337
42082312,4556582612435217
50470920,4802873753927697
1843208,299277885636657
9707528,52987281015057
18096136,299278422507537
34873352,17803445862417
6561800,5365823170416657
10756104,334457961713937
35921928,299274126561297
12853256,4838057589080337
38019080,4802873753927697
50601992,299275200299025
3678216,862090131673137
5775368,5365689759039537
9969672,334324550336817
18358280,862090400104497
6823944,6491585369870385
19406856,1987986010935345
36184072,862086104158257
21504008,6491585638301745
38281224,5365685731524657
42475528,334320522821937
14688264,5400869835116817
27271176,897270476181777
52437000,862086641029137
29368328,5400870103548177
54534152,5365686268395537
58728456,334321059692817
245768,4522501778440215
376840,18902419505175
638984,300239688826935
1163272,18773303099415
8503304,53949084205335
442376,4521677413154835
2277384,4802877243527187
16957448,4802877511958547
33734664,4521402535313427
2408456,299277884592147
4505608,4802877511958547
34127880,299140445700147
3194888,299148768186387
5292040,4802748395552787
17874952,299149036617747
34652168,17674059972627
6340616,5365689757995027
10534920,334324549292307
18923528,862090399059987
12632072,4837924176658707
21020680,5365690026426387
25214984,334324817723667
41992200,52849841078547
50380808,299140982571027
475144,4522497751908375
737288,4803835021230135
4407304,13811034275971095
8601608,4557544416608535
868360,300235662295095
8732680,53945057673495
17121288,300236199165975
33898504,18761222520855
1654792,300170970398775
34160648,300166942883895
9519112,53880365777175
6373384,5366716255178775
10567688,335351046476055
18956296,863116896243735
12664840,4838950673842455
21053448,5366716523610135
25247752,335351314907415
42024968,53876338262295
50413576,300167479754775
1458184,4521402536296467
2506760,4802873216995347
1720328,4802739805618227
34226184,4802735778103347
5390344,13809939060359187
9584648,4556449200996627
10633224,4837919881695507
19021832,5365685731463187
37896200,13809935032844307
25313288,4837920150126867
42090504,4556445173481747
50479112,4802736314974227
1851400,299140446683187
9715720,52849842061587
18104328,299140983554067
34881544,17666006908947
6569992,5365685731463187
10764296,334320522760467
35930120,299136687607827
12861448,4837920150126867
38027272,4802736314974227
50610184,299137761345555
35143688,299071727271987
7356424,5365621039566867
11550728,334255830864147
19939336,862021680631827
13647880,4837855458230547
22036488,5365621307998227
26230792,334256099295507
43008008,52781122650387
51396616,299072264142867
23085064,6491516918829075
39862280,5365617012051987
44056584,334251803349267
46153736,4837851430715667
491528,4505184738738195
2326536,4786384569110547
8617992,4522501778440467
17006600,4786384837541907
33783816,4504909860896787
2457608,282785210175507
4554760,4786384837541907
8749064,18902419505427
9011208,300239688827187
34177032,282647771283507
3244040,282656093769747
5341192,4786255721136147
9535496,18773303099667
17924104,282656362201107
34701320,1181385555987
6389768,5349197083578387
18972680,845597724643347
21069832,5349197352009747
50429960,282648308154387
950280,4785560203821105
1474568,4504093818093585
4620296,13792759458562065
17203208,4785560740691985
33980424,4504085764046865
9076744,4802877243523377
34242568,4785285325979697
3309576,4785293648465937
9601032,4521410857795857
17989640,4785293916897297
34766856,4503818940252177
19038216,5348235279339537
12746760,13810076498264337
37912584,13792484580720657
50495496,4785285862850577
9207816,299277884588337
3440648,281694289530897
5537800,4785293916897297
9732104,17811498860817
6586376,5348235279339537
35946504,281686235484177
38043656,4785285862850577
25460744,299278421459217
42237960,17803444814097
50626568,281687309221905
9994248,299148768182577
35160072,281556850638897
6848520,6473997478793265
11042824,862090130624817
19431432,1970398119858225
36208648,844498213081137
13139976,5365689757991217
21528584,6473997747224625
38305800,5348097840447537
25722888,862090399056177
7372808,5348106162933777
19955720,844506803998737
22052872,5348106431365137
51413000,281557387509777
52461576,844498749952017
54558728,5348098377318417
1507336,4504909861879827
2555912,4786380542578707
8847368,4522497751908627
1769480,4786247131201587
9109512,4803835021230387
34275336,4786243103686707
5439496,13793446385942547
19070984,5349193057046547
12779528,13811034275971347
37945352,13793442358427667
50528264,4786243640557587
1900552,282647772266547
9240584,300235662295347
18153480,282648309137427
34930696,1173332492307
6619144,5349193057046547
35979272,282644013191187
38076424,4786243640557587
25493512,300236199166227
42270728,18761222521107
50659336,282645086928915
10027016,300170970399027
35192840,282579052855347
42532872,300166942884147
7405576,5349128365150227
19988488,845529006215187
22085640,5349128633581587
51445768,282579589726227
14745608,5366716255179027
23134216,6475024244412435
39911432,5349124337635347
27328520,863116896243987
29425672,5366716523610387
58785800,300167479755027
1966088,4785285326962737
9306120,4802873216991537
5636104,13792484581703697
18219016,4785285863833617
34996232,4503810887188497
36044808,4785281567887377
12976136,13810072471732497
25559048,4802873753862417
42336264,4521398777217297
50724872,4785282641625105
3801096,5348097572999217
18481160,5348097841430577
11141128,5365685463028017
19529736,6473993452261425
36306952,5348093545484337
25821192,5365685731459377
7471112,14355296827740177
22151176,14355297096171537
14811144,14372884717768977
23199752,15481192707002385
39976968,14355292800225297
52559880,5348094082355217
29491208,14372884986200337
3932168,844498214064177
6029320,5348097841430577
35389448,281548797575217
7077896,6473993452261425
11272200,862086104092977
13369352,5365685731459377
42729480,299136687604017
20185096,844498750935057
22282248,5348098378301457
23330824,6473993989132305
40108040,5348094082355217
27525128,862086640963857
52690952,844495528726545
29622280,5365686268330257
54788104,5348095156092945
7864328,6473928760365105
12058632,862021412196657
20447240,1970329401430065
37224456,844429494652977
14155784,5365621039563057
22544392,6473929028796465
39321608,5348029122019377
26738696,862021680628017
15204360,6491516650393905
40370184,6473924732850225
27787272,1987917291458865
44564488,862017384681777
29884424,6491516918825265
46661640,5365617012048177
53477384,844430031523857
55574536,5348029658890257
56623112,6473925269721105
60817416,862017921552657
62914568,5365617548919057
1264,13511903008522497
2288,4506902777037057
65776,4506902743482627
1048816,4504712312258817
1392,13809870658601217
16752,4837855742394627
4194672,14372820578468097
8388976,4837855742395137
16777584,5365621860598017
1648,13510803562955025
4720,4503672960581937
17008,4521196427149587
33392,4503681550516497
66160,4504703752732947
131696,13510872215322897
262768,4503673497452817
524912,4785079217815857
1049200,4503612832088337
4194928,13792278472556817
8389232,4521196427150097
16777840,4785079754686737
33555056,4503604778041617
3184,13511903074582785
5232,13510872215322897
9328,13528464401367297
132208,31525270724804865
525424,13792278472556817
2098288,13792278472560897
4195440,31806676982038785
18544,4522295938777347
34928,4504781062144257
133232,13511971726950657
264304,4504773009080577
1050736,4504712343716097
4196464,13793377984184577
8390768,4522295938777857
16779376,4786179266314497
33556592,4504704289669377
36976,4503818955915537
135280,13511009620721937
266352,4503810902851857
24688,4556449485160707
41072,4521411141959937
139376,13528601806766337
270448,4521403088896257
8396912,4556449485161217
49264,4521273703006467
147568,13528464367812867
278640,4521265649942787
1065072,4521204984578307
4210800,13809870625046787
16793712,4802671907176707
33570928,4521196930531587
98416,4504781028589827
4227184,13792355748413697
8421488,4521273703006977
16810096,4785157030543617
33587312,4503682053898497
196720,13511971693396227
327792,4504772975526147
1114224,4504712310161667
4259952,13793377950630147
8454256,4522295905223427
16842864,4786179232760067
33620080,4504704256114947
1179760,13510880772751617
8519792,13528464367813377
16908400,13792347695350017
33685616,13510872718704897
1310832,4503682054881537
4456560,13792347695350017
8650864,4521265649943297
4718704,14355228392423697
17301616,5348029674553617
5242992,13792287029985537
9437296,4521204984578817
17825904,4785088312115457
34603120,4503613335470337
6291568,14355228392427777
18874480,5348029674557697
12583024,13809870625047297
37748848,13792278975938817
25165936,4802671907177217
41943152,4521196930532097
1456,13810969902842112
2480,4805969671356672
1049008,4803779206578432
4194736,14373919822708992
8389040,4838954986636032
1712,13511902807195920
2736,4506902575710480
4784,4504772204822832
33456,4504780794757392
66224,4506902508601617
131760,13511971459563792
524976,4786178462056752
4194992,13793377716797712
8389296,4522295671390992
5296,13511971459563792
9392,13529563645608192
17584,13529494926131457
132272,31526369969045760
263344,13511971727999232
525488,13793377716797712
2098352,13793377716801792
4195504,31807776226279680
16778416,13793377985233152
33555632,13511903008588032
6320,4506971228078352
10416,4524563414122752
18608,4524494694646017
67760,4511300555112705
264368,4506971496513792
526512,4788377485312272
2099376,4788377485316352
16779440,4788377753747712
33556656,4506902777102592
37040,4504918200156432
135344,13512108864962832
1052848,4504780763300112
41136,4522510386200832
139440,13529701051007232
1056944,4522372949344512
8396976,4557548729402112
82096,4524494661091587
1065136,4522304229867777
8405168,4557480009925377
98480,4506979784458497
295088,4504918468591872
1081520,4504797943169280
4227248,13793454992654592
8421552,4522372947247872
196784,13514170449264897
4260016,13795576706498817
8454320,4524494661092097
393392,13512109133398272
8519856,13529563612054272
1310896,4504781031735552
1573040,4786187020534032
4718768,14356327636664592
3145904,4786187020538112
17825968,4786187288969472
34603184,4504712312324352
6291632,14356327636668672
12583088,13810969869288192
20971696,14356327905100032
1840,13809870457274640
4912,4802739854901552
9008,4837924226990352
17200,4837855507513617
33584,4802748444836112
131888,13809939109642512
1049392,4802679726407952
2097968,5365621088850192
16778032,5365621357281552
3376,13810969968902400
5424,13809939109642512
66864,13810969901793537
132400,31824337619124480
263472,13809939378077952
33555760,13809870658666752
10544,4839023738618112
18736,4838955019141377
35120,4803847956463872
67888,4805969670308097
133424,13811038621270272
526640,5366720600473872
1050928,4803779238035712
2099504,5366720600477952
16779568,5366720868909312
12592,4838061632389392
37168,4802885850235152
135472,13810076515041552
528688,5365689774768432
4198704,14372889029509392
8393008,4837924193436432
270640,4838061900824832
532784,5400874146857232
1057072,4837932784419072
2105648,5400874146861312
8397104,4908292937614080
16785712,5400874415292672
49456,4837932783370497
82224,4838954985586947
147760,13845123448176897
540976,5400805427380497
1065264,4837864064942337
2113840,5400805427384577
8405296,4908224218137345
16793904,5400805695815937
295216,4802886118670592
557360,5365698364702992
2130224,5365698364707072
16810288,5365698633138432
4260144,14373919821660417
8454448,4838954985587457
393520,13810076783476992
655664,14372889029509392
1179952,13809947667071232
2228528,14372889029513472
4325680,32387287538991360
16908592,14372889297944832
4456752,14372889297944832
8651056,4837924461871872
17039664,5365690580074752
1573168,5365629646274832
4718896,15498720216875280
3146032,5365629646278912
17826096,5365629914710272
6291760,15498720216879360
20971824,15498720485310720
37749040,14372820578533632
41943344,4837855742460672
50331952,5365621860663552
9776,13528464200040720
17968,13528395480563985
67120,13511902806147345
132656,31525270523478288
263728,13510872282431760
2098736,13792278271234320
4195888,31806676780712208
16778800,13792278539665680
33556016,13510803563020560
6704,4504772270883120
35376,4504780860817680
68144,4506902574661905
133680,13511971525624080
526896,4786178528117040
1051184,4504712142389520
4196912,13793377782858000
8391216,4522295737451280
21040,4521264878190897
70192,4504772203774257
528944,4785147668857200
2101808,4785147668861232
16781872,4785147937292592
33559088,4503672960647472
25136,4556449250279697
270896,4521402585579792
533040,4802739854901552
1057328,4521273469174032
4203056,13809939109642512
49712,4521273468125457
82480,4522295670341907
148016,13528464132931857
541232,4802671135424817
1065520,4521204749697297
4211248,13809870390165777
98864,4504780793708817
1081904,4503698462998800
2130480,4785156258795792
16810544,4785156527227152
33587760,4503681550582032
197168,13511971458515217
590384,4786178461008177
1114672,4504712075280657
4260400,13793377715749137
8454704,4522295670342417
2228784,13792346923602192
4325936,31806745433080080
16908848,13792347192033552
33686064,13510872215388432
786992,4785147937292592
1311280,4503681551565072
4457008,13792347192033552
8651312,4521265146626832
17039920,4785148474163472
33817136,4503673497518352
34079280,4785079217881392
3146288,4785087540367632
17826352,4785087808798992
34603568,4503612832153872
10486320,4802671135429392
18874928,5348029171241232
37749296,13792278472622352
25166384,4802671403860752
41943600,4521196427215632
50332208,4785079754752272
7216,13511971525624080
11312,13529563711668480
19504,13529494992191745
134192,31526370035106048
265264,13511971794059520
527408,13793377782858000
2100272,13793377782862080
4197424,31807776292339968
16780336,13793378051293440
33557552,13511903074648320
21552,13528464132931857
70704,13511971458515217
2102320,13792346923602192
4199472,31806745433080080
16782384,13792347192033552
33559600,13510872215388432
74800,13529563644559617
533552,13809939109642512
2106416,13809939109646592
4203568,31824337619124480
16786480,13809939378077952
33563696,13528464401432832
148528,31542862642413825
279600,13528464401367297
541744,13809870390165777
2114608,13809870390169857
4211760,31824268899647745
16794672,13809870658601217
33571888,13528395681956097
197680,31526369967997185
328752,13511971726950657
590896,13793377715749137
2163760,13793377715753217
4260912,31807776225231105
16843824,13793377984184577
33621040,13511903007539457
656432,31806745433080080
2229296,31806745433084160
16909360,31806745701515520
33686576,31525270724870400
787504,13792347192033552
2360368,13792347192037632
4457520,31806745701515520
34079792,13792278472622352
35652656,13792278472626432
37749808,31806676982104320
14384,4522501828772112
71728,4506971227029777
268336,4504909911163152
530480,4786247180484912
1054768,4504780794757392
4200496,13793446435225872
8394800,4522364389819152
26672,4557548761907457
75824,4524563413074177
272432,4522502097207552
1058864,4522372980801792
4204592,13811038621270272
51248,4522372979753217
149552,13529563644559617
1067056,4522304261325057
4212784,13810969901793537
559152,4786255770419472
1083440,4504797974626560
2132016,4786255770423552
16812080,4786256038854912
33589296,4504781062209792
329776,4506971495465217
591920,4788377484263697
2164784,4788377484267777
16844848,4788377752699137
33622064,4506902776054017
657456,13793446435225872
2230320,13793446435229952
4327472,31807844944707840
16910384,13793446703661312
33687600,13511971727016192
1312816,4504781063192832
4458544,13793446703661312
8652848,4522364658254592
17041456,4786247985791232
33818672,4504773009146112
1574960,4786187051991312
2623536,5349128414433552
8914992,4803770647053072
17303600,5349128682864912
3147824,4786187051995392
17827888,4786187320426752
34605104,4504712343781632
10487856,4803770647057152
18876464,5349128682868992
37750832,13793377984250112
25167920,4803770915488512
41945136,4522295938843392
50333744,4786179266380032
28720,4556586655678737
45104,4521685751431440
143408,13528876416237840
536624,4802877260300592
1060912,4521410874573072
4206640,13810076515041552
53296,4521410873524497
151600,13528601538330897
8409136,4556449216725777
102448,4504918199107857
299056,4504093833822480
1085488,4503835868397840
2134064,4785293664194832
16814128,4785293932626192
33591344,4503818955981072
200752,13512108863914257
397360,13511284498628880
2232368,13792484329001232
4329520,31806882838479120
16912432,13792484597432592
33689648,13511009620787472
790576,4785285342691632
1314864,4503818956964112
4460592,13792484597432592
8654896,4521402552025872
17043504,4785285879562512
33820720,4503810902917392
1577008,4785156226285872
2625584,5348097588728112
8917040,4802739821347632
17305648,5348097857159472
5247024,13792355481026832
9441328,4521273435620112
6295600,14355296843469072
12587056,13809939076088592
20975664,14355297111900432
90160,4557548728353027
286768,4556586924114177
1073200,4556457807708417
4218928,13845123448176897
8413232,4626817960903425
106544,4522510385152257
303152,4521686019866880
565296,4802885850235152
1089584,4521428054442240
2138160,4802885850239232
16818224,4802886118670592
33595440,4521411142025472
204848,13529701049958657
8462384,4557548728353537
401456,13528876684673280
663600,13810076515041552
2236464,13810076515045632
4333616,31824475024523520
16916528,13810076783476992
33693744,13528601806831872
1318960,4521411143008512
4464688,13810076783476992
17047600,4802878065606912
33824816,4521403088961792
4726832,14372889029509392
8921136,4837924193436432
5251120,13809947667071232
6299696,14372889029513472
10494000,4837924193440512
20979760,14372889297944832
25174064,4837924461871872
41951280,4556449485226752
114736,4522372946198787
311344,4521411141959937
4243504,13809947666022657
213040,13529563611005187
1130544,4522304227770627
4276272,13810969868239107
409648,13528601806766337
1196080,13528472690360577
8667184,4556449485161217
4735024,14372820310032657
8929328,4837855473959697
5259312,13809878947594497
6307888,14372820310036737
10502192,4837855473963777
20987952,14372820578468097
25182256,4837855742395137
41959472,4556380765750017
360496,4504918467543297
4292656,13793454991606017
8486960,4522372946199297
819248,4785293932626192
1343536,4503836136833280
2392112,4785293932630272
2654256,5348106178662672
8945712,4802748411282192
17334320,5348106447094032
5275696,13792372660896000
9470000,4521290615489280
10518576,4802748411286272
18907184,5348106447098112
37781552,13792355748479232
25198640,4802748679717632
41975856,4521273703072512
50364464,4785157030609152
458800,13512109132349697
1245232,13511980015943937
8585264,13529563611005697
4784176,14356327635616017
5308464,13793386273177857
9502768,4522304227771137
6357040,14356327635620097
12648496,13810969868239617
21037104,14356327904051457
917552,13792484597432592
2490416,13792484597436672
4587568,31806883106914560
1703984,13792355481026832
2752560,14355296843469072
4849712,32369695352946960
9044016,13809939076088592
17432624,14355297111900432
3276848,13792355481030912
5374000,31806753990508800
17956912,13792355749462272
34734128,13510880772817152
6422576,32369695352951040
10616880,13809939076092672
19005488,14355297111904512
12714032,31824337585570560
21102640,32369695621382400
25296944,13809939344524032
42074160,13528464367878912
50462768,13792347695415552
4980784,14355297111900432
17563696,5348098394030352
5505072,13792355749462272
9699376,4521273704055552
18087984,4785157031592192
34865200,4503682054947072
6553648,14355297111904512
19136560,5348098394034432
12845104,13809939344524032
38010928,13792347695415552
25428016,4802740626653952
42205232,4521265650008832
3670064,5348037460234512
9961520,4802679692854032
18350128,5348037728665872
6815792,15481128030834960
11010096,5365621055296272
21495856,15481128299266320
38273072,14355228392489232
25690160,5365621323727632
50855984,5348029674619152
11534384,4802679692858112
19922992,5348037728669952
38797360,13792287030051072
26214448,4802679961289472
42991664,4521204984644352
51380272,4785088312180992
23068720,15481128299270400
39845936,14355228392493312
27263024,5365621323731712
52428848,5348029674623232
46137392,13809870625112832
58720304,4802671907242752
16848,4838950943326467
66000,4805965594493187
4194768,14373915779399937
8389072,4838950943326977
16777680,5366717061529857
1744,13511898713555217
2768,4506898482069777
66256,4506898448515347
17616,13529490866045187
263376,13511967936348417
1049808,13511902977065217
8389840,13529490866045697
16778448,13793374193582337
33555664,13511899216937217
18640,4524490634559747
67792,4511296495026435
133328,13514166422733057
264400,4506967704862977
1050832,4506902745579777
4196560,13795572679966977
8390864,4524490634560257
16779472,4788373962096897
33556688,4506898985451777
69840,4506967151214867
135376,13512104821653777
266448,4504906103783697
24784,4557544686092547
73936,4524559337259267
139472,13529697007698177
270544,4522498289828097
8397008,4557544686093057
82128,4524490617782535
147664,13529559568744707
278736,4522360850874627
1065168,4522295891591427
4210896,13810965825978627
16793808,4803767108108547
33571024,4522292131463427
98512,4506971446182147
164048,13512109116621057
295120,4504910398750977
1081552,4504781014958337
590032,4788373408448787
2162896,4788373408452867
1179856,13511971679764737
8519888,13529559568745217
16908496,13793442896281857
33685712,13511967919636737
1310928,4504772961894657
4456656,13793442896281857
8650960,4522360850875137
4718800,14356323593355537
17301712,5349124875485457
5243088,13793377936998657
9437392,4522295891591937
17826000,4786179219128577
34603216,4504704242483457
6291664,14356323593359617
18874576,5349124875489537
12583120,13810965825979137
37748944,13793374176870657
25166032,4803767108109057
41943248,4522292131463937
1872,13809866363633937
17232,4837851447427347
525136,5365617028759857
4195152,14372816283500817
8389456,4837851447427857
16778064,5365617565630737
3408,13810965875261697
9552,13845119421645057
66896,13810965841707267
263504,13809935586427137
525648,14372816283500817
2098512,14372816283504897
4195664,32387214792982785
33555792,13809866867015937
18768,4838950959055107
67920,4805965610221827
4196688,14373915795128577
8390992,4838950959055617
16779600,5366717077258497
12624,4838057589080337
20816,4837920150126867
135504,13810072471732497
266576,4802873753862417
528720,5365685731459377
4198736,14372884986200337
8393040,4837920150127377
16781648,5365686268330257
24912,4908288894304515
41296,4838061884047617
74064,4839019661754627
532816,5400870103548177
2105680,5400870103552257
8397136,4908288894305025
33562960,4837920687063297
49488,4837924445094147
82256,4838950942277895
1065296,4837855726665987
164176,13810076766699777
295248,4802878048829697
4227408,14372889281167617
8421712,4837924445094657
16810320,5365690563297537
196944,13811034544406787
328016,4803835826536707
590160,5366716523610387
2163024,5366716523614467
33620304,4803767107125507
655696,14372884986200337
2228560,14372884986204417
4325712,32387283495682305
33685840,13809935569715457
786768,5365686268330257
2359632,5365686268334337
17039696,5365687342072065
4718928,15498716173566225
17301840,6491517455696145
34079056,5365617548919057
5243216,14372820562739457
9437520,4837855726666497
17826128,5365621844869377
6291792,15498716173570305
18874704,6491517455700225
35651920,5365617548923137
50331984,5365618622660865
3664,13511898779615505
9808,13528460106400017
34384,13510872215322897
132688,31525266429837585
1050192,13510803496894737
2098768,13792274177593617
4195920,31806672687071505
6736,4504768177242417
19024,4522291643810067
133712,13511967431983377
264784,4504768714113297
526928,4786174434476337
4196944,13793373689217297
8391248,4522291643810577
16779856,4786174971347217
33557072,4504699994702097
12880,4521398257058097
21072,4521260818104627
37456,4503810365980977
70224,4504768143687987
4198992,13792342863511857
8393296,4521260818105137
16781904,4785144145641777
33559120,4503669168996657
25168,4556445190193427
139856,13528597511799057
270928,4521398793928977
8397392,4556445190193937
148048,13528460072845587
279120,4521261354975507
541264,4802667075338547
4211280,13809866330079507
16794192,4802667612209427
33571408,4521192635564307
164432,13511009620721937
295504,4503810902851857
197200,13511967398428947
328272,4504768680558867
590416,4786174400921907
4260432,13793373655662867
8454736,4522291610256147
16843344,4786174937792787
33620560,4504699961147667
655952,13792342863511857
8520272,13528460072846097
16908880,13792343400382737
33686096,13510868423737617
787024,4785144145641777
4457040,13792343400382737
8651344,4521261354976017
2622032,5348024842719537
8913488,4802667075339057
34079312,4785075426230577
6292048,14355224097460497
18874960,5348025379590417
12583504,13809866330080017
37749328,13792274680971537
25166416,4802667612209937
41943632,4521192635564817
7248,13511967431983377
11344,13529559618027777
35920,13511971726950657
134224,31526365941465345
527440,13793373689217297
1051728,13511903008522497
2100304,13793373689221377
4197456,31807772198699265
13392,13528597511799057
21584,13528460072845587
37968,13511009620721937
70736,13511967398428947
136272,31525403835236625
529488,13792342863511857
8393808,13528460072846097
16782416,13792343400382737
33559632,13510868423737617
42064,13528601806766337
74832,13529559584473347
140368,31542996021281025
16786512,13809935586427137
33563728,13528460609782017
50256,13528464367812867
83024,13529490864996615
148560,31542858582327555
541776,13809866330079507
1066064,13528395649384707
2114640,13809866330083587
4211792,31824264839561475
99408,13511971693396227
164944,31525408130203905
1082448,13510880772751617
8422480,13528464367813377
16811088,13792347695350017
33588304,13510872718704897
197712,31526365907910915
590928,13793373655662867
1115216,13511902974968067
2163792,13793373655666947
4260944,31807772165144835
4326480,67835538391957761
8520784,31542858582328065
16909392,31806741909864705
33686608,31525266933219585
787536,13792343400382737
1311824,13510872719687937
2360400,13792343400386817
4457552,31806741909864705
17040464,13792344474124545
33817680,13510869497479425
2622544,14355224097460497
4719696,32369622606938385
8914000,13809866330080017
34079824,13792274680971537
9438288,13528395649385217
17826896,13792278976921857
34604112,13510804000276737
6292560,32369622606942465
10486864,13809866330084097
35652688,13792274680975617
12584016,31824264839561985
37749840,31806673190453505
50332752,13792275754713345
71760,4506967166943507
137296,13512104837382417
268368,4504906119512337
26704,4557544701821187
75856,4524559352987907
141392,13529697023426817
272464,4522498305556737
8398928,4557544701821697
84048,4524490633511175
149584,13529559584473347
280656,4522360866603267
4212816,13810965841707267
16795728,4803767123837187
33572944,4522292147192067
100432,4506971461910787
165968,13512109132349697
297040,4504910414479617
591952,4788373424177427
1116240,4506902743482627
2164816,4788373424181507
8521808,13529559584473857
16910416,13793442912010497
33687632,13511967935365377
4458576,13793442912010497
8652880,4522360866603777
4720720,14356323609084177
17303632,5349124891214097
6293584,14356323609088257
18876496,5349124891218177
12585040,13810965841707777
37750864,13793374192599297
25167952,4803767123837697
41945168,4522292147192577
77904,4522497751908627
143440,13528872372928785
274512,4521673655058705
536656,4802873216991537
4206672,13810072471732497
16789584,4802873753862417
33566800,4521398777217297
53328,4521402535248147
544848,4802735778038067
4214864,13809935032779027
16797776,4802736314908947
33574992,4521261338263827
102480,4504909860831507
168016,13511284481851665
299088,4504085763981585
561232,4785285325914417
1085520,4503818940186897
4231248,13792484580655377
8425552,4521402535248657
16814160,4785285862785297
33591376,4503810886140177
594000,4786243103621427
4264016,13793442358362387
8458320,4522360312955667
16846928,4786243640492307
33624144,4504768663847187
1183824,13511009604993297
2232400,13792480285692177
4329552,31806878795170065
1314896,4503810887123217
2363472,4785281567822097
17043536,4785282641559825
33820752,4503807664914705
2625616,5348093545419057
8917072,4802735778038577
34082896,4785144128930097
6295632,14355292800160017
18878544,5348094082289937
12587088,13809935032779537
37752912,13792343383671057
25170000,4802736314909457
41947216,4521261338264337
90192,4557544685043975
548944,4837920150126867
1073232,4556449469432067
2121808,4837920150130947
106576,4522502046875907
172112,13528876667896065
303184,4521677950025985
1089616,4521411126231297
4235344,13810076766699777
16818256,4802878048829697
33595472,4521403072184577
4268112,13811034544406787
16851024,4803835826536707
33628240,4522360849891587
663632,13810072471732497
1187920,13528601791037697
2236496,13810072471736577
4333648,31824470981214465
794704,4802873753862417
1318992,4521403073167617
2367568,4802873753866497
17047632,4802874827604225
33824848,4521399850959105
4726864,14372884986200337
8921168,4837920150127377
17309776,5365686268330257
9445456,4556449469432577
6299728,14372884986204417
10494032,4837920150131457
18882640,5365686268334337
37757008,13809935569715457
1097808,4521273687277827
4243536,13809939327746307
16826448,4802740609876227
33603664,4521265633231107
213072,13529559567696135
344144,4522360849826055
4276304,13810965824930055
16859216,4803767107059975
33636432,4522292130414855
671824,13809935032779027
1196112,13528464352084227
2244688,13809935032783107
4341840,31824333542260995
802896,4802736314908947
1327184,4521265634214147
2375760,4802736314913027
17055824,4802737388650755
33833040,4521262412005635
2637904,5365617011986707
34095184,4802667595497747
5259344,13809870609318147
17842256,4802671891448067
34619472,4521196914802947
35668048,4802667595501827
50348112,4802668669239555
1146960,4504781012861187
4292688,13793446653329667
8486992,4522364607922947
16875600,4786247935459587
33652816,4504772958814467
688208,13792484580655377
2261072,13792484580659457
4358224,31806883090137345
819280,4785285862785297
2392144,4785285862789377
17072208,4785286936527105
33849424,4503811959881985
4751440,14355297095123217
17334352,5348098377253137
5275728,13792355732685057
9470032,4521273687278337
17858640,4785157014814977
34635856,4503682038169857
6324304,14355297095127297
18907216,5348098377257217
12615760,13809939327746817
37781584,13792347678638337
25198672,4802740609876737
41975888,4521265633231617
720976,13793442358362387
1245264,13511971677667587
2293840,13793442358366467
4390992,31807840867844355
852048,4786243640492307
1376336,4504772959797507
2424912,4786243640496387
17104976,4786244714234115
33882192,4504769737588995
2687056,5349124337570067
8978512,4803766570189587
34144336,4786174921081107
5308496,13793377934901507
9502800,4522295889494787
17891408,4786179217031427
34668624,4504704240386307
10551376,4803766570193667
35717200,4786174921085187
50397264,4786175994822915
2752592,14355292800160017
4849744,32369691309637905
9044048,13809935032779537
34209872,13792343383671057
9568336,13528464352084737
17956944,13792347679621377
34734160,13510872702976257
6422608,32369691309641985
10616912,13809935032783617
35782736,13792343383675137
12714064,31824333542261505
37879888,31806741893153025
50462800,13792344457412865
2883664,5348094082289937
9175120,4802736314909457
17563728,5348095156027665
5505104,13792347679621377
9699408,4521265634214657
10747984,4802736314913537
19136592,5348095156031745
38010960,13792344457412865
25428048,4802737388651265
42205264,4521262412006145
50593872,4785147350155521
5767248,14355228376695057
18350160,5348029658824977
6815824,15481123987525905
11010128,5365617011987217
19398736,6473925269655825
36175952,5348025362878737
42467408,4802667595498257
50856016,5348026436616465
7340112,14355228376699137
19923024,5348029658829057
13631568,13809870609318657
38797392,13792278960210177
26214480,4802671891448577
42991696,4521196914803457
44040272,4802667595502337
52428880,5348026436620545
58720336,4802668669240065
1936,13810965607874832
2960,4805965376389392
525200,5366716273000752
4195216,14373915527741712
8389520,4838950691668752
9616,13846218665885952
17808,13846149946409217
66960,13813164597575937
525712,14373915527741712
1050000,13810969871384832
2098576,14373915527745792
4195728,32388314037223680
16778640,14373915796177152
10640,4841218434400512
18832,4841149714923777
133520,13813233317052672
526736,5368915296256272
1051024,4805969639899392
2099600,5368915296260352
16779664,5368915564691712
12688,4839156833321232
135568,13811171715973392
528784,5366784975700272
4198800,14373984230441232
8393104,4839019394368272
41360,4839161128288512
74128,4841218417623297
270736,4839157101756672
532880,5401969347789072
1057168,4839023691432192
2105744,5401969347793152
8397200,4909388138545920
16785808,5401969616224512
147856,13846218649108737
541072,5401900628312337
1065360,4838954971955457
2113936,5401900628316417
8405392,4909319419069185
16794000,5401900896747777
164240,13811176010940672
1081744,4803847909277952
4227472,14373988525408512
8421776,4839023689335552
197008,13813233300275457
590224,5368915279479057
1114512,4805969623122177
2163088,5368915279483137
16843152,5368915547914497
393616,13811171984408832
655760,14373984230441232
1180048,13811038574084352
2228624,14373984230445312
4325776,32388382739923200
16908688,14373984498876672
4456848,14373984498876672
8651152,4839019662803712
17039760,5366785781006592
1573264,5366720553287952
4718992,15499815417807120
3146128,5366720553292032
17826192,5366720821723392
6291856,15499815417811200
20971920,15499815686242560
37749136,14373915779465472
41943440,4838950943392512
50332048,5366717061595392
9872,13529559350640912
18064,13529490631164177
34448,13511971459563792
132752,31526365674078480
263824,13511967433031952
2098832,13793373421834512
4195984,31807771931312400
16778896,13793373690265872
33556112,13511898713620752
10896,4524559119155472
19088,4524490399678737
35472,4506971228078352
68240,4511296260145425
264848,4506967201546512
2099856,4788373190349072
16779920,4788373458780432
33557136,4506898482135312
12944,4522497501298992
37520,4504909610221872
70288,4506966899556657
266896,4504905583690032
1053328,4504772173365552
4199056,13793442107752752
8393360,4522360062346032
139920,13529696756039952
8397456,4557544434434832
82576,4524490366124307
8405648,4557475714958097
164496,13512108864962832
1082000,4504780763300112
197264,13514166154297617
590480,4788373156790577
1114768,4506902477144337
4260496,13795572411531537
8454800,4524490366124817
393872,13512104838430992
656016,13793442107752752
1180304,13511971428106512
8520336,13529559317086992
1573520,4786178430599472
2622096,5349124086960432
8913552,4803766319579952
17302160,5349124355391792
5243536,13793377685340432
9437840,4522295639933712
6292112,14356323341701392
12583568,13810965574320912
20972176,14356323610132752
13456,13529696756039952
38032,13512108864962832
70800,13514166154297617
136336,31526503079477520
267408,13512104838430992
529552,13793442107752752
1053840,13511971428106512
8393872,13529559317086992
25744,13564743689175297
42128,13529701051007232
74896,13531758340342017
140432,31544095265521920
271504,13529697024475392
1057936,13529563614150912
1066128,13529494894674177
99472,13514170449264897
165008,31526507374444800
296080,13512109133398272
8422544,13529563612054272
197776,31528564663779585
328848,13514166422733057
590992,13795572411531537
2163856,13795572411535617
4261008,31809970921013505
16843920,13795572679966977
33621136,13514097703321857
394384,31526503347912960
1180816,31526369937588480
4326544,67836637636198656
8520848,31543957826568960
1311888,13511971696541952
8651920,13529559585522432
17040528,13793442913059072
33817744,13511967936413952
1574032,13793377685340432
2622608,14356323341701392
4719760,32370721851179280
8914064,13810965574320912
17302672,14356323610132752
3146896,13793377685344512
5244048,31807776194822400
17826960,13793377953775872
34604176,13511902977130752
6292624,32370721851183360
10486928,13810965574324992
18875536,14356323610136832
12584080,31825364083802880
20972688,32370722119614720
25166992,13810965842756352
41944208,13529490866111232
50332816,13793374193647872
14480,4524696524554512
39056,4507108633477392
268432,4507104606945552
530576,4788441876267312
1054864,4506971196621072
4200592,13795641131008272
8394896,4524559085601552
26768,4559743457689857
43152,4524700819521792
272528,4524696792989952
1058960,4524563382665472
4204688,13813233317052672
84112,4528888412635395
149648,13531758340342017
1067152,4524494663188737
4212880,13813164597575937
297104,4507108901912832
4229264,13795645425975552
8423568,4524563380568832
198800,13518564200808705
1116304,4511300523655425
4262032,13799970458042625
8456336,4528888412635905
657552,13795641131008272
2230416,13795641131012352
4327568,31810039640490240
16910480,13795641399443712
33687696,13514166422798592
1312912,4506971465056512
4458640,13795641399443712
8652944,4524559354036992
17041552,4788442681573632
33818768,4506967704928512
1575056,4788377453854992
2623632,5351323110215952
8915088,4805965342835472
17303696,5351323378647312
3147920,4788377453859072
17827984,4788377722290432
34605200,4506902745645312
10487952,4805965342839552
18876560,5351323378651392
37750928,13795572680032512
25168016,4805965611270912
41945232,4524490634625792
50333840,4788373962162432
28816,4557681856610577
77968,4524696507777297
143504,13529971617169680
536720,4803972461232432
1061008,4522501781586192
4206736,13811171715973392
86160,4524559068823827
151696,13529696739262737
8409232,4557544417657617
102544,4507108616700177
168080,13512383726092560
561296,4786384570155312
4231312,13793583824896272
8425616,4522501779489552
331920,4507104590168337
594064,4788441859490097
1118352,4506971179843857
4264080,13795641114231057
8458384,4524559068824337
397456,13512379699560720
2232464,13793579529933072
4329616,31807978039410960
16912528,13793579798364432
33689744,13512104821719312
790672,4786380543623472
1314960,4504909863977232
4460688,13793579798364432
8654992,4522497752957712
17043600,4786381080494352
33820816,4504906103849232
1577104,4786247133298992
2625680,5349192789659952
8917136,4803835022279472
17305744,5349193058091312
5247120,13793446388039952
9441424,4522364342633232
6295696,14356392044400912
12587152,13811034277020432
20975760,14356392312832272
57488,4557686151577857
286864,4557682125046017
1073296,4557548714721537
4219024,13846218649108737
8413328,4627913161835265
106640,4524700802744577
172176,13529975912136960
4235408,13811176010940672
336016,4524696776212737
1122448,4524563365888257
4268176,13813233300275457
401552,13529971885605120
663696,13811171715973392
2236560,13811171715977472
4333712,31825570225455360
16916624,13811171984408832
33693840,13529697007763712
1319056,4522502050021632
4464784,13811171984408832
17047696,4803973266538752
33824912,4522498289893632
4726928,14373984230441232
8921232,4839019394368272
5251216,13811038574084352
6299792,14373984230445312
10494096,4839019394372352
20979856,14373984498876672
25174160,4839019662803712
41951376,4557544686158592
114832,4524563363791107
180368,13529701034230017
1097872,4522372932567297
8437904,4557548712624897
344208,4524559337259267
606352,4805965326057747
2179216,4805965326061827
16859280,4805965594493187
33636496,4524490617848067
409744,13529697007698177
1196176,13529563597373697
8667280,4557544686093057
4735120,14373915510964497
8929424,4838950674891537
5259408,13810969854607617
6307984,14373915510968577
10502288,4838950674895617
20988048,14373915779399937
25182352,4838950943326977
41959568,4557475966681857
360592,4507108885135617
4292752,13795645409198337
8487056,4524563363791617
426128,13512383994528000
688272,13793583824896272
2261136,13793583824900352
4358288,31807982334378240
16941200,13793584093331712
33718416,13512109116686592
4489360,13793584093331712
8683664,4522502047924992
17072272,4786385375461632
33849488,4504910398816512
1605776,4786255723233552
4751504,14356396339364112
3178640,4786255723237632
17858704,4786255991668992
34635920,4504781015023872
6324368,14356396339368192
12615824,13811038571987712
21004432,14356396607799552
721040,13795641114231057
2293904,13795641114235137
4391056,31810039623713025
16973968,13795641382666497
33751184,13514166406021377
1376400,4506971448279297
4522128,13795641382666497
8716432,4524559337259777
17105040,4788442664796417
33882256,4506967688151297
1638544,4788377437077777
2687120,5351323093438737
8978576,4805965326058257
17367184,5351323361870097
3211408,4788377437081857
17891472,4788377705513217
34668688,4506902728868097
10551440,4805965326062337
18940048,5351323361874177
37814416,13795572663255297
25231504,4805965594493697
42008720,4524490617848577
50397328,4788373945385217
917648,13793579798364432
2490512,13793579798368512
4587664,31807978307846400
1704080,13793446388039952
2752656,14356392044400912
4849808,32370790553878800
9044112,13811034277020432
17432720,14356392312832272
3276944,13793446388044032
5374096,31807844897521920
17957008,13793446656475392
34734224,13511971679830272
6422672,32370790553882880
10616976,13811034277024512
19005584,14356392312836352
12714128,31825432786502400
21102736,32370790822314240
25297040,13811034545455872
42074256,13529559568810752
50462864,13793442896347392
4980880,14356392312832272
17563792,5349193594962192
5505168,13793446656475392
9699472,4522364611068672
18088080,4786247938605312
34865296,4504772961960192
6553744,14356392312836352
19136656,5349193594966272
12845200,13811034545455872
38011024,13793442896347392
25428112,4803835827585792
42205328,4522360850940672
3670160,5349128367247632
9961616,4803770599867152
18350224,5349128635678992
6815888,15482223231766800
11010192,5366716256228112
21495952,15482223500198160
38273168,14356323593421072
25690256,5366716524659472
50856080,5349124875550992
11534480,4803770599871232
19923088,5349128635683072
38797456,13793377937064192
26214544,4803770868302592
42991760,4522295891657472
51380368,4786179219194112
23068816,15482223500202240
39846032,14356323593425152
27263120,5366716524663552
52428944,5349124875555072
46137488,13810965826044672
58720400,4803767108174592
3856,13810965673935120
34576,13809939109642512
67344,13810965606826257
132880,31824333324157200
263952,13809935083110672
1050384,13809870391214352
33556240,13809866363699472
6928,4803835071562032
11024,4839019443650832
19216,4838950724174097
68368,4805965375340817
133904,13811034326302992
2099984,5366716305510672
16780048,5366716573942032
21264,4837919898468657
37648,4802877260300592
267024,4802873233768752
529168,5365685479801200
2102032,5365685479805232
16782096,5365685748236592
41744,4838061632389392
271120,4838057605857552
2106128,5400869851894032
8397584,4908288642646800
16786192,5400870120325392
82704,4838950690619667
148240,13845119153209617
2114320,5400801132417297
8405776,4908219923170065
16794384,5400801400848657
164624,13810076515041552
557840,5365689774768432
4227856,14372889029509392
8422160,4837924193436432
590608,5366716271952177
4260624,14373915526693137
8454928,4838950690620177
394000,13810072488509712
2229008,14372884734546192
4326160,32387283244024080
16909072,14372885002977552
787216,5365685748236592
4457232,14372885002977552
8651536,4837920166904592
17040144,5365686285107472
1573648,5365621056340272
2622224,6491516667171120
17302288,6491516935602480
34079504,5365617028825392
5243664,14372820311081232
9437968,4837855475008272
6292240,15498715921912080
20972304,15498716190343440
37749520,14372816283566352
41943824,4837851447493392
50332432,5365617565696272
7440,13811034326302992
36112,13811038621270272
134416,31825432835784960
265488,13811034594738432
1051920,13810969902842112
33557776,13810965875327232
21776,13845119153209617
38160,13810076515041552
136464,31824470729556240
267536,13810072488509712
2102544,14372884734546192
4199696,32387283244024080
16782608,14372885002977552
25872,13915487897387265
75024,13846218664837377
1058064,13845123449225472
33563920,13845119421710592
50448,13845123448176897
148752,31859517662691585
279824,13845119421645057
1066256,13845054729748737
33572112,13845050702233857
165136,31824475024523520
296208,13810076783476992
558352,14372889029509392
1082640,13809947667071232
2131216,14372889029513472
4228368,32387287538991360
16811280,14372889297944832
591120,14373915526693137
2163984,14373915526697217
4261136,32388314036175105
16844048,14373915795128577
394512,31824470997991680
656656,32387283244024080
2229520,32387283244028160
16909584,32387283512459520
787728,14372885002977552
2360592,14372885002981632
4457744,32387283512459520
33817872,13809935586492672
1574160,14372820311081232
2622736,15498715921912080
4719888,33513114431389968
17302800,15498716190343440
34080016,14372816283566352
3147024,14372820311085312
5244176,32387218820563200
17827088,14372820579516672
6292752,33513114431394048
18875664,15498716190347520
35652880,14372816283570432
20972816,33513114699825408
37750032,32387214793048320
14608,4839156849049872
137488,13811171731702032
530704,5366784991428912
4200720,14373984246169872
8395024,4839019410096912
43280,4839161144017152
76048,4841218433351937
272656,4839157117485312
534800,5401969363517712
2107664,5401969363521792
8399120,4909388154274560
16787728,5401969631953152
149776,13846218664837377
542992,5401900644040977
2115856,5401900644045057
8407312,4909319434797825
16795920,5401900912476417
166160,13811176026669312
4229392,14373988541137152
8423696,4839023705064192
198928,13813233316004097
592144,5368915295207697
2165008,5368915295211777
16845072,5368915563643137
395536,13811172000137472
657680,14373984246169872
2230544,14373984246173952
4327696,32388382755651840
16910608,14373984514605312
4458768,14373984514605312
8653072,4839019678532352
17041680,5366785796735232
4720912,15499815433535760
5245200,14373919822708992
9439504,4838954986636032
6293776,15499815433539840
20973840,15499815701971200
37751056,14373915795194112
41945360,4838950959121152
50333968,5366717077324032
28944,4908426064822545
45328,4838336493519120
78096,4839156832272657
274704,4838332466987280
1061136,4838061616660752
33566992,4838057589145872
53520,4838061615612177
86288,4839019393319187
282896,4838057589080337
2117904,5400869835116817
8409360,4908288625869585
16797968,5400870103548177
168208,13810351376171280
1085712,4802885834506512
2134288,5365827196948752
16814352,5365827465380112
200976,13811171714924817
594192,5366784974651697
4264208,14373984229392657
8458512,4839019393319697
397584,13810347349639440
1184016,13810076499312912
33689872,13810072471798032
2363664,5365823170416912
33820944,4802873753927952
1577232,5365689759039792
2625808,6491585369870640
17305872,6491585638302000
34083088,5365685731524912
5247248,14372889013780752
9441552,4837924177707792
6295824,15498784624611600
20975888,15498784893042960
37753104,14372884986265872
41947408,4837920150192912
50336016,5365686268395792
57616,4908430359789825
90384,4909388137496835
286992,4908426333257985
549136,5471238579290385
2122000,5471238579294465
16802064,5471238847725825
106768,4839161127239937
303376,4838336761954560
33595664,4838061884113152
336144,4839157100708097
598288,5401969346740497
2171152,5401969346744577
8462608,4909388137497345
16851216,5401969615175937
1319184,4838061885096192
1581328,5400874131128592
2629904,6526769741959440
17309968,6526770010390800
34087184,5400870103613712
3154192,5400874131132672
9445648,4908292921885440
17834256,5400874399564032
18882832,6526770010394880
35660048,5400870103617792
41951504,4908288894370560
114960,4839023688286467
311568,4838061884047617
573712,5400874130080017
1098000,4837932767641857
2146576,5400874130084097
8438032,4908292920836865
16826640,5400874398515457
344336,4839019661754627
1130768,4838954969858307
33636624,4838950942343427
1196304,13845123432448257
33702160,13845119404933377
803088,5400870103548177
2375952,5400870103552257
8667408,4908288894305025
33833232,4837920687063297
1589520,5400805411651857
2638096,6526701022482705
17318160,6526701290914065
34095376,5400801384136977
3162384,5400805411655937
9453840,4908224202408705
17842448,5400805680087297
18891024,6526701290918145
35668240,5400801384141057
41959696,4908220174893825
229648,13811176009892097
4292880,14373988524359937
8487184,4839023688286977
426256,13810351644606720
33718544,13810076766765312
819472,5365827465380112
1343760,4802886102941952
2392336,5365827465384192
33849616,4802878048895232
1605904,5365698348974352
4751632,15498788919574800
3178768,5365698348978432
17858832,5365698617409792
6324496,15498788919578880
21004560,15498789188010240
37781776,14372889281233152
41976080,4837924445160192
50364688,5365690563363072
459024,13811171983360257
721168,14373984229392657
2294032,14373984229396737
4391184,32388382738874625
16974096,14373984497828097
4522256,14373984497828097
8716560,4839019661755137
17105168,5366785779958017
4784400,15499815416758545
5308688,14373919805931777
9502992,4838954969858817
6357264,15499815416762625
21037328,15499815685193985
37814544,14373915778416897
42008848,4838950942343937
50397456,5366717060546817
1442064,13810076767748352
1704208,14372889013780752
2752784,15498784624611600
4849936,33513183134089488
17432848,15498784893042960
34210064,14372884986265872
3277072,14372889013784832
5374224,32387287523262720
17957136,14372889282216192
6422800,33513183134093568
19005712,15498784893047040
35782928,14372884986269952
21102864,33513183402524928
37880080,32387283495747840
4981008,15498784893042960
17563920,6491586175172880
34341136,5365686268395792
5505296,14372889282216192
9699600,4837924446143232
18088208,5365690564346112
6553872,15498784893047040
19136784,6491586175176960
35914000,5365686268399872
50594064,5365687342137600
5767440,15498720201146640
19398928,8743316732514576
38273296,15498716173631760
50856208,6491517455761680
7340304,15498720201150720
22020368,15498720469582080
38797584,14372820562804992
42991888,4837855726732032
51380496,5365621844934912
39846160,15498716173635840
52429072,6491517455765760
11792,13529559416701200
19984,13529490697224465
36368,13511971525624080
134672,31526365740138768
265744,13511967499092240
1052176,13511902807195920
2100752,13793373487894800
4197904,31807771997372688
16780816,13793373756326160
33558032,13511898779681040
75280,13529559349592337
1058320,13528464133980432
2106896,13809934814679312
4204048,31824333324157200
16786960,13809935083110672
33564176,13528460106465552
50704,13528464132931857
149008,31542858347446545
280080,13528460106400017
1066512,13528395414503697
2115088,13809866095202577
4212240,31824264604680465
16795152,13809866363633937
33572368,13528391386988817
99856,13511971458515217
2131472,13792346923602192
4228624,31806745433080080
16811536,13792347192033552
33588752,13510872215388432
198160,31526365673029905
329232,13511967431983377
1115664,13511902740087057
2164240,13793373420785937
4261392,31807771930263825
16844304,13793373689217297
33621520,13511898712572177
1181200,31525270457418000
2229776,31806741138116880
16909840,31806741406548240
33687056,31525266429903120
1312272,13510872216371472
2360848,13792342897070352
4458000,31806741406548240
3147280,13792278205174032
5244432,31806676714651920
17827344,13792278473605392
34604560,13510803496960272
35653136,13792274177659152
37750288,31806672687137040
23056,4522360094851377
530960,4786242885517680
1055248,4504772204822832
2103824,4786242885521712
16783888,4786243153953072
33561104,4504768177307952
27152,4557544466940177
43536,4522501828772112
76304,4524559118106897
272912,4522497802240272
535056,4803835071562032
4205072,13811034326302992
150032,13529559349592337
543248,4803766352085297
4213264,13810965606826257
100880,4506971227029777
297488,4504909911163152
559632,4786247180484912
1083920,4504780794757392
4229648,13793446435225872
8423952,4522364389819152
330256,4506967200497937
1116688,4506902508601617
2165264,4788373189300497
16845328,4788373457731857
33622544,4506898481086737
1182224,13511971459563792
2230800,13793442140262672
4327952,31807840649740560
16910864,13793442408694032
33688080,13511967432048912
789008,4786243153953072
4459024,13793442408694032
8653328,4522360363287312
17041936,4786243690823952
33819152,4504768714178832
1575440,4786178462056752
34081296,4786174434541872
5245456,13793377716797712
9439760,4522295671390992
10488336,4803766352089872
18876944,5349124387901712
37751312,13793373689282832
25168400,4803766620521232
41945616,4522291643876112
50334224,4786174971412752
45584,4521677161496880
78352,4522497500250417
274960,4521673134965040
537104,4802872965333360
1061392,4521402284638512
2109968,4802872965337392
16790032,4802873233768752
33567248,4521398257123632
53776,4521402283589937
86544,4522360061296947
283152,4521398257058097
4215312,13809934781120817
102928,4504909609173297
299536,4504085243887920
561680,4785285074256240
2134544,4785285074260272
16814608,4785285342691632
33591824,4503810366046512
332304,4504905582641457
4264464,13793442106704177
8458768,4522360061297457
791056,4785281047724400
1315344,4503810367029552
2363920,4785281047728432
2626064,5348093293760880
8917520,4802735526380400
17306128,5348093562192240
5247504,13792346891092272
9441808,4521264845685552
10490384,4802735526384432
18878992,5348093562196272
37753360,13792342863577392
25170448,4802735794815792
41947664,4521260818170672
50336272,4785144145707312
57872,4556586655678737
90640,4557544433385747
287248,4556582629146897
549392,4837919898468657
4219408,13845119153209617
8413712,4626813665936145
172560,13528876416237840
565776,4802877260300592
1090064,4521410874573072
4235792,13810076515041552
205328,13529696754991377
8462864,4557544433386257
401936,13528872389706000
1188368,13528601539379472
2236944,13810072220078352
4334096,31824470729556240
16917008,13810072488509712
33694224,13528597511864592
795152,4802873233768752
4465168,13810072488509712
17048080,4802873770639632
33825296,4521398793994512
2630160,5365685479805232
17310224,5365685748236592
9445904,4556449217774352
6300176,14372884734546192
10494480,4837919898473232
20980240,14372885002977552
25174544,4837920166904592
41951760,4556445190259472
180752,13528601538330897
8438288,4556449216725777
213520,13529559316037907
606736,4803766318530867
4276752,13810965573271827
410128,13528597511799057
672272,13809934781120817
8667664,4556445190193937
2638352,5365616760328497
17318416,5365617028759857
9454096,4556380498297617
6308368,14372816015069457
10502672,4837851178996497
20988432,14372816283500817
25182736,4837851447427857
41959952,4556376470782737
229904,13512108863914257
426512,13511284498628880
2261520,13792484329001232
4358672,31806882838479120
16941584,13792484597432592
33718800,13511009620787472
819728,4785285342691632
1344016,4503818956964112
4489744,13792484597432592
8684048,4521402552025872
17072656,4785285879562512
33849872,4503810902917392
1606160,4785156226285872
2654736,5348097588728112
8946192,4802739821347632
17334800,5348097857159472
5276176,13792355481026832
9470480,4521273435620112
6324752,14355296843469072
12616208,13809939076088592
21004816,14355297111900432
459280,13512104837382417
721424,13793442106704177
8585744,13529559316038417
2687504,5349124085911857
8978960,4803766318531377
17367568,5349124354343217
6357520,14356323340652817
12648976,13810965573272337
21037584,14356323609084177
1442320,13511009621770512
2490896,13792480302469392
4588048,31806878811947280
1704464,13792346891092272
34210320,13792342863577392
9568784,13528464100426512
6423056,32369691057983760
10617360,13809934781125392
19005968,14355292816937232
12714512,31824333290603280
21103120,32369691326415120
25297424,13809935049556752
42074640,13528460072911632
50463248,13792343400448272
2884112,5348093562196272
9175568,4802735794815792
34341392,4785144145707312
6554128,14355292816937232
19137040,5348094099067152
12845584,13809935049556752
38011408,13792343400448272
25428496,4802736331686672
42205712,4521261355041552
3670544,5348028870299952
9962000,4802671102919472
18350608,5348029138731312
19399184,6473924749562160
36176400,5348024842785072
42467856,4802667075404592
7340560,14355228125040912
13632016,13809870357660432
22020624,14355228393472272
23069200,15481124004303120
39846416,14355224097526032
27263504,5365617028764432
52429328,5348025379655952
46137872,13809866330145552
58720784,4802667612275472
23568,13529559349592337
1055760,13511971459563792
2104336,13793442140262672
4201488,31807840649740560
16784400,13793442408694032
33561616,13511967432048912
535568,13811034326302992
1059856,13529563645608192
2108432,13811034326307072
4205584,31825432835784960
16788496,13811034594738432
33565712,13529559618093312
52240,13529563644559617
150544,31543957859074305
281616,13529559618027777
543760,13810965606826257
1068048,13529494926131457
2116624,13810965606830337
4213776,31825364116308225
16796688,13810965875261697
33573904,13529490898616577
560144,13793446435225872
2133008,13793446435229952
4230160,31807844944707840
16813072,13793446703661312
33590288,13511971727016192
658448,31807840649740560
1182736,31526369969045760
2231312,31807840649744640
16911376,31807840918176000
33688592,31526365941530880
789520,13793442408694032
1313808,13511971727999232
2362384,13793442408698112
4459536,31807840918176000
1575952,13793377716797712
34081808,13793373689282832
3148816,13793377716801792
5245968,31807776226279680
17828880,13793377985233152
34606096,13511903008588032
35654672,13793373689286912
37751824,31807772198764800
46096,13528876416237840
78864,13529696754991377
144400,31543270630752528
275472,13528872389706000
1061904,13528601539379472
2110480,13810072220078352
4207632,31824470729556240
16790544,13810072488509712
33567760,13528597511864592
54288,13528601538330897
87056,13529559316037907
152592,31542995752845585
283664,13528597511799057
545808,13809934781120817
103440,13512108863914257
168976,31525682739675408
300048,13511284498628880
2135056,13792484329001232
4232208,31806882838479120
16815120,13792484597432592
33592336,13511009620787472
201744,31526503078428945
332816,13512104837382417
594960,13793442106704177
8459280,13529559316038417
398352,31525678713143568
1184784,31525407862817040
2233360,31806878543515920
16913424,31806878811947280
33690640,31525403835302160
1315856,13511009621770512
2364432,13792480302469392
4461584,31806878811947280
1578000,13792346891092272
34083856,13792342863577392
9442320,13528464100426512
6296592,32369691057983760
10490896,13809934781125392
18879504,14355292816937232
12588048,31824333290603280
20976656,32369691326415120
25170960,13809935049556752
41948176,13528460072911632
50336784,13792343400448272
549904,13845119153209617
1074192,13563648472514817
2122768,13845119153213697
4219920,31859517662691585
16802832,13845119421645057
33580048,13563644444999937
107536,13529701049958657
173072,31543274925719808
304144,13528876684673280
566288,13810076515041552
2139152,13810076515045632
4236304,31824475024523520
16819216,13810076783476992
33596432,13528601806831872
205840,31544095264473345
336912,13529697023426817
402448,31543270899187968
664592,31824470729556240
1188880,31543000048861440
2237456,31824470729560320
16917520,31824470997991680
33694736,31542996021346560
795664,13810072488509712
1319952,13528601807814912
2368528,13810072488513792
4465680,31824470997991680
2630672,14372884734546192
4727824,32387283244024080
17310736,14372885002977552
6300688,32387283244028160
18883600,14372885002981632
20980752,32387283512459520
50340880,13809935586492672
115728,13529563611005187
181264,31543000047812865
312336,13528601806766337
1098768,13528472690360577
214032,31543957825519875
345104,13529559584473347
607248,13810965573271827
1131536,13529494892577027
2180112,13810965573275907
4277264,31825364082753795
16860176,13810965841707267
33637392,13529490865062147
410640,31542996021281025
4342800,67853130309566721
17056784,13809935586427137
33834000,13528460609782017
2638864,14372816015069457
4736016,32387214524547345
17318928,14372816283500817
6308880,32387214524551425
18891792,14372816283504897
20988944,32387214792982785
50349072,13809866867015937
230416,31526507373396225
361488,13512109132349697
1147920,13511980015943937
8487952,13529563611005697
427024,31525683008110848
689168,31806882838479120
2262032,31806882838483200
16942096,31806883106914560
33719312,31525408130269440
820240,13792484597432592
2393104,13792484597436672
4490256,31806883106914560
1606672,13792355481026832
2655248,14355296843469072
4752400,32369695352946960
8946704,13809939076088592
17335312,14355297111900432
3179536,13792355481030912
5276688,31806753990508800
17859600,13792355749462272
34636816,13510880772817152
6325264,32369695352951040
10519568,13809939076092672
18908176,14355297111904512
12616720,31824337585570560
21005328,32369695621382400
25199632,13809939344524032
41976848,13528464367878912
50365456,13792347695415552
459792,31526503346864385
4391952,67836637635150081
8586256,31543957825520385
8717328,13529559584473857
17105936,13793442912010497
33883152,13511967935365377
2688016,14356323340652817
4785168,32370721850130705
8979472,13810965573272337
17368080,14356323609084177
9503760,13529494892577537
6358032,32370721850134785
10552336,13810965573276417
18940944,14356323609088257
12649488,31825364082754305
21038096,32370722118566145
25232400,13810965841707777
42009616,13529490865062657
50398224,13793374192599297
918544,31806878811947280
1442832,31525408131252480
2491408,31806878811951360
2753552,32369691057983760
9045008,31824333290603280
17433616,32369691326415120
5374992,67835542419538176
9569296,31542862609908480
10617872,31824333290607360
19006480,32369691326419200
37880848,67835538392023296
25297936,31824333559038720
42075152,31542858582393600
50463760,31806741909930240
2884624,14355292816937232
4981776,32369691326415120
9176080,13809935049556752
34341904,13792343400448272
9700368,13528464368861952
18088976,13792347696398592
34866192,13510872719753472
6554640,32369691326419200
10748944,13809935049560832
35914768,13792343400452352
12846096,31824333559038720
38011920,31806741909930240
50594832,13792344474190080
3671056,14355228125040912
5768208,32369626634518800
9962512,13809870357660432
18351120,14355228393472272
6816784,33495522245349648
19399696,15481124004303120
36176912,14355224097526032
21496848,33495522513781008
38274064,32369622607003920
42468368,13809866330145552
7341072,32369626634522880
11535376,13809870357664512
19923984,14355228393476352
13632528,31824268867142400
22021136,32369626902954240
26215440,13809870626095872
42992656,13528395649450752
51381264,13792278976987392
23069712,33495522513785088
39846928,32369622607008000
44041232,13809866330149632
46138384,31824264839627520
30736,4557681872339217
79888,4524696523505937
145424,13529971632898320
538640,4803972476961072
4208656,13811171731702032
88080,4524559084552467
153616,13529696754991377
8411152,4557544433386257
104464,4507108632428817
170000,13512383741821200
563216,4786384585883952
1087504,4504918200156432
4233232,13793583840624912
8427536,4522501795218192
333840,4507104605896977
595984,4788441875218737
4266000,13795641129959697
8460304,4524559084552977
399376,13512379715289360
1185808,13512108864962832
2234384,13793579545661712
4331536,31807978055139600
16914448,13793579814093072
33691664,13512104837447952
792592,4786380559352112
4462608,13793579814093072
8656912,4522497768686352
17045520,4786381096222992
33822736,4504906119577872
2627600,5349192805388592
8919056,4803835038008112
17307664,5349193073819952
6297616,14356392060129552
12589072,13811034292749072
20977680,14356392328560912
59408,4557686167306497
288784,4557682140774657
4220944,13846218664837377
8415248,4627913177563905
108560,4524700818473217
174096,13529975927865600
1091600,4522510386200832
4237328,13811176026669312
337936,4524696791941377
4270096,13813233316004097
403472,13529971901333760
665616,13811171731702032
1189904,13529701051007232
2238480,13811171731706112
4335632,31825570241184000
16918544,13811172000137472
33695760,13529697023492352
4466704,13811172000137472
17049616,4803973282267392
33826832,4522498305622272
4728848,14373984246169872
8923152,4839019410096912
9447440,4557548729402112
6301712,14373984246173952
10496016,4839019410100992
20981776,14373984514605312
25176080,4839019678532352
41953296,4557544701887232
116752,4524563379519747
182288,13529701049958657
8439824,4557548728353537
346128,4524559352987907
608272,4805965341786387
1132560,4524494661091587
2181136,4805965341790467
16861200,4805965610221827
33638416,4524490633576707
411664,13529697023426817
8669200,4557544701821697
4737040,14373915526693137
8931344,4838950690620177
9455632,4557480009925377
6309904,14373915526697217
10504208,4838950690624257
20989968,14373915795128577
25184272,4838950959055617
41961488,4557475982410497
362512,4507108900864257
1148944,4506979784458497
4294672,13795645424926977
8488976,4524563379520257
428048,13512384010256640
690192,13793583840624912
2263056,13793583840628992
4360208,31807982350106880
16943120,13793584109060352
33720336,13512109132415232
1345552,4504918468591872
4491280,13793584109060352
8685584,4522502063653632
17074192,4786385391190272
33851408,4504910414545152
4753424,14356396355092752
5277712,13793454992654592
9472016,4522372947247872
6326288,14356396355096832
12617744,13811038587716352
21006352,14356396623528192
722960,13795641129959697
1247248,13514170449264897
2295824,13795641129963777
4392976,31810039639441665
16975888,13795641398395137
33753104,13514166421750017
4524048,13795641398395137
8718352,4524559352988417
17106960,4788442680525057
33884176,4506967703879937
2689040,5351323109167377
8980496,4805965341786897
17369104,5351323377598737
5310480,13795576706498817
9504784,4524494661092097
10553360,4805965341790977
18941968,5351323377602817
37816336,13795572678983937
25233424,4805965610222337
42010640,4524490633577217
50399248,4788373961113857
919568,13793579814093072
1443856,13512109133398272
2492432,13793579814097152
4589584,31807978323575040
2754576,14356392060129552
4851728,32370790569607440
9046032,13811034292749072
17434640,14356392328560912
9570320,13529563612054272
6424592,32370790569611520
10618896,13811034292753152
19007504,14356392328564992
12716048,31825432802231040
21104656,32370790838042880
25298960,13811034561184512
42076176,13529559584539392
50464784,13793442912076032
4982800,14356392328560912
17565712,5349193610690832
6555664,14356392328564992
19138576,5349193610694912
12847120,13811034561184512
38012944,13793442912076032
25430032,4803835843314432
42207248,4522360866669312
5769232,14356327636664592
6817808,15482223247495440
11012112,5366716271956752
21497872,15482223515926800
38275088,14356323609149712
25692176,5366716540388112
50858000,5349124891279632
7342096,14356327636668672
13633552,13810969869288192
22022160,14356327905100032
23070736,15482223515930880
39847952,14356323609153792
27265040,5366716540392192
52430864,5349124891283712
46139408,13810965841773312
58722320,4803767123903232
61456,4556861516808465
290832,4556857490276625
1077264,4556586639950097
2125840,4838057320648977
16805904,4838057589080337
33583120,4556582612435217
307216,4522227168968976
569360,4803152121430320
1093648,4521685735702800
4239376,13810351376171280
208912,13529971616121105
602128,4803972460183857
4272144,13811171714924817
1191952,13528876400509200
2240528,13810347081208080
4337680,31824745590685968
16920592,13810347349639440
33697808,13528872372994320
798736,4803148094898480
4468752,13810347349639440
17051664,4803148631769360
33828880,4521673655124240
1585168,4802877244571952
34091024,4802873217057072
5255184,13810076499312912
18886672,5365823170416912
37761040,13810072471798032
50343952,4802873753927952
118800,4522501778440467
184336,13528876399460625
577552,4802877243523377
1101840,4521410857795857
4247568,13810076498264337
348176,4522497751908627
610320,4803835021230387
4280336,13811034275971347
413712,13528872372928785
1200144,13528601522602257
2248720,13810072203301137
4345872,31824470712779025
16928784,13810072471732497
33706000,13528597495087377
806928,4802873216991537
4476944,13810072471732497
17059856,4802873753862417
33837072,4521398777217297
2641936,5365685463028017
17322000,5365685731459377
9457680,4556449200997137
6311952,14372884717768977
10506256,4837919881696017
20992016,14372884986200337
25186320,4837920150127377
41963536,4556445173482257
233488,13512383725043985
626704,4786384569106737
1150992,4504918183379217
4296720,13793583823847697
8491024,4522501778440977
2265104,13792759190130960
4362256,31807157699608848
16945168,13792759458562320
33722384,13511284481917200
823312,4785560203821360
1347600,4504093818093840
4493328,13792759458562320
8687632,4521677413155600
17076240,4785560740692240
33853456,4504085764047120
34115600,4785285325979952
3182608,4785293648466192
17862672,4785293916897552
34639888,4503818940252432
10522640,4802877243527952
18911248,5348235279339792
37785616,13792484580720912
25202704,4802877511959312
41979920,4521402535314192
50368528,4785285862850832
462864,13512379698512145
1249296,13512108848185617
2297872,13793579528884497
4395024,31807978038362385
16977936,13793579797315857
33755152,13512104820670737
856080,4786380542574897
4526096,13793579797315857
8720400,4522497751909137
17109008,4786381079445777
33886224,4504906102800657
2691088,5349192788611377
8982544,4803835021230897
17371152,5349193057042737
6361104,14356392043352337
12652560,13811034275971857
21041168,14356392311783697
1445904,13511284482900240
2494480,13792755163599120
4591632,31807153673077008
3280912,13792484313272592
5378064,31806882822750480
17960976,13792484581703952
34738192,13511009605058832
35786768,13792480285757712
37883920,31806878795235600
1839120,4785285326962992
5509136,13792484581703952
9703440,4521402536297232
18092048,4785285863833872
34869264,4503810887188752
10752016,4802873216996112
35917840,4785281567887632
50597904,4785282641625360
3674128,5348097572999472
9965584,4802739805618992
18354192,5348097841430832
19402768,6473993452261680
36179984,5348093545484592
42471440,4802735778104112
7344144,14355296827740432
13635600,13809939060359952
22024208,14355297096171792
23072784,15481192707002640
39850000,14355292800225552
27267088,5365685731463952
52432912,5348094082355472
46141456,13809935032845072
58724368,4802736314974992
319504,4556861785243905
581648,4838061615612177
2154512,4838061615616257
16834576,4838061884047617
33611792,4556586907402497
614416,4839019393319187
1138704,4557548712624387
2187280,4839019393323267
16867344,4839019661754627
33644560,4557544685109507
811024,4838057589080337
1335312,4556586908385537
2383888,4838057589084417
2646032,5400869835116817
8937488,4908288625869585
17326096,5400870103548177
5267472,13845123432448257
9461776,4626817945174785
10510352,4908288625873665
18898960,5400870103552257
37773328,13845119404933377
25190416,4908288894305025
41967632,4626813917659905
50356240,4837920687063297
237584,13529975911088385
1155088,4522510369423617
4300816,13811176009892097
696336,13810351376171280
2269200,13810351376175360
4366352,31824749885653248
16949264,13810351644606720
33726480,13528876667961600
1351696,4521686004138240
4497424,13810351644606720
17080336,4803152926736640
33857552,4521677950091520
1613840,4802885834506512
2662416,5365827196948752
17342480,5365827465380112
3186704,4802885834510592
17866768,4802886102941952
34643984,4521411126296832
18915344,5365827465384192
37789712,13810076766765312
50372624,4802878048895232
466960,13529971884556545
729104,13811171714924817
1253392,13529701034230017
2301968,13811171714928897
4399120,31825570224406785
16982032,13811171983360257
33759248,13529697006715137
4530192,13811171983360257
17113104,4803973265490177
33890320,4522498288845057
4792336,14373984229392657
8986640,4839019393319697
9510928,4557548712624897
6365200,14373984229396737
10559504,4839019393323777
21045264,14373984497828097
25239568,4839019661755137
42016784,4557544685110017
925712,13810347349639440
1450000,13528876668944640
2498576,13810347349643520
4595728,31824745859121408
1712144,13810076499312912
34218000,13810072471798032
3285008,13810076499316992
5382160,31824475008794880
17965072,13810076767748352
34742288,13528601791103232
35790864,13810072471802112
37888016,31824470981280000
2891792,5365823170416912
34349072,4802873753927952
5513232,13810076767748352
18096144,4802878049878272
34873360,4521403073233152
35921936,4802873753932032
50602000,4802874827669760
5775376,14372889013780752
9969680,4837924177707792
6823952,15498784624611600
21504016,15498784893042960
38281232,14372884986265872
42475536,4837920150192912
50864144,5365686268395792
7348240,14372889013784832
11542544,4837924177711872
22028304,14372889282216192
26222608,4837924446143232
42999824,4556449469498112
23076880,15498784893047040
39854096,14372884986269952
44048400,4837920150196992
52437008,5365686268399872
376848,4522502046875907
1163280,4522372930470147
4309008,13811038570938627
442384,13528876667896065
704528,13810076498264337
2277392,13810076498268417
4374544,31824475007746305
16957456,13810076766699777
33734672,13528601790054657
1359888,4521411126231297
4505616,13810076766699777
17088528,4802878048829697
33865744,4521403072184577
4767760,14372889012732177
8962064,4837924176659217
5292048,13809947650294017
6340624,14372889012736257
10534928,4837924176663297
21020688,14372889281167617
25214992,4837924445094657
41992208,4556449468449537
737296,13811034275971347
1261584,13529563595276547
2310160,13811034275975427
4407312,31825432785453315
16990224,13811034544406787
33767440,13529559567761667
4538384,13811034544406787
17121296,4803835826536707
33898512,4522360849891587
2703376,5366716255179027
17383440,5366716523610387
5324816,13810969852510467
18956304,5366716523614467
37830672,13810965824995587
50413584,4803767107125507
933904,13810072471732497
1458192,13528601791037697
2506768,13810072471736577
4603920,31824470981214465
2768912,14372884717768977
4866064,32387283227246865
17448976,14372884986200337
6438928,32387283227250945
19021840,14372884986204417
21118992,32387283495682305
50479120,13809935569715457
4997136,14372884986200337
9191440,4837920150127377
17580048,5365686268330257
9715728,4556449469432577
6570000,14372884986204417
10764304,4837920150131457
19152912,5365686268334337
38027280,13809935569715457
5783568,14372820294304017
9977872,4837855458231057
6832144,15498715905134865
21512208,15498716173566225
38289424,14372816266789137
42483728,4837851430716177
50872336,5365617548919057
7356432,14372820294308097
11550736,4837855458235137
22036496,14372820562739457
26230800,4837855726666497
43008016,4556380750021377
23085072,15498716173570305
39862288,14372816266793217
44056592,4837851430720257
52445200,5365617548923137
491536,13512383993479425
753680,13793583823847697
2326544,13793583823851777
4423696,31807982333329665
17006608,13793584092283137
33783824,13512109115638017
1409040,4504918451814657
4554768,13793584092283137
8749072,4522502046876417
17137680,4786385374413057
33914896,4504910397767937
4816912,14356396338315537
5341200,13793454975877377
9535504,4522372930470657
6389776,14356396338319617
12681232,13811038570939137
21069840,14356396606750977
950288,13792759458562320
2523152,13792759458566400
4620304,31807157968044288
34242576,13792484580720912
35815440,13792484580724992
37912592,31806883090202880
1867792,4785293916897552
2916368,5348235279339792
9207824,4802877511959312
34373648,4785285862850832
3440656,4785293916901632
10780688,4802877511963392
35946512,4785285862854912
50626576,4785286936592640
3702800,5348106162934032
9994256,4802748395553552
18382864,5348106431365392
6848528,15481196733534480
11042832,5365689757995792
21528592,15481197001965840
38305808,14355297095188752
25722896,5365690026427152
50888720,5348098377318672
11567120,4802748395557632
19955728,5348106431369472
38830096,13792355732750592
26247184,4802748663988992
43024400,4521273687343872
51413008,4785157014880512
23101456,15481197001969920
39878672,14355297095192832
27295760,5365690026431232
52461584,5348098377322752
46170128,13809939327812352
58753040,4802740609942272
983056,13793579797315857
1507344,13512109116621057
2555920,13793579797319937
4653072,31807978306797825
2818064,14356392043352337
4915216,32370790552830225
9109520,13811034275971857
17498128,14356392311783697
9633808,13529563595277057
6488080,32370790552834305
10682384,13811034275975937
19070992,14356392311787777
12779536,31825432785453825
21168144,32370790821265665
25362448,13811034544407297
42139664,13529559567762177
50528272,13793442895298817
5046288,14356392311783697
17629200,5349193593913617
6619152,14356392311787777
19202064,5349193593917697
12910608,13811034544407297
38076432,13793442895298817
25493520,4803835826537217
42270736,4522360849892097
5832720,14356327619887377
6881296,15482223230718225
11075600,5366716255179537
21561360,15482223499149585
38338576,14356323592372497
25755664,5366716523610897
50921488,5349124874502417
7405584,14356327619891457
13697040,13810969852510977
22085648,14356327888322817
23134224,15482223499153665
39911440,14356323592376577
27328528,5366716523614977
52494352,5349124874506497
46202896,13810965824996097
58785808,4803767107126017
1966096,13792484581703952
3538960,13792484581708032
5636112,31806883091185920
3801104,14355296827740432
5898256,32369695337218320
10092560,13809939060359952
18481168,14355297096171792
6946832,33495590948049168
19529744,15481192707002640
36306960,14355292800225552
21626896,33495591216480528
38404112,32369691309703440
42598416,13809935032845072
7471120,32369695337222400
11665424,13809939060364032
20054032,14355297096175872
13762576,31824337569841920
22151184,32369695605653760
26345488,13809939328795392
43122704,13528464352150272
51511312,13792347679686912
23199760,33495591216484608
39976976,32369691309707520
44171280,13809935032849152
46268432,31824333542327040
6029328,14355297096171792
18612240,5348098378301712
7077904,15481192707002640
11272208,5365685731463952
19660816,6473993989132560
36438032,5348094082355472
42729488,4802736314974992
51118096,5348095156093200
7602192,14355297096175872
20185104,5348098378305792
13893648,13809939328795392
39059472,13792347679686912
26476560,4802740610925312
43253776,4521265634280192
44302352,4802736314979072
52690960,5348095156097280
58982416,4802737388716800
7864336,15481128015106320
12058640,5365621039567632
22544400,15481128283537680
39321616,14355228376760592
26738704,5365621307998992
51904528,5348029658890512
40370192,15481123987591440
27787280,6491516918829840
44564496,5365617012052752
52953104,6473925269721360
24117264,15481128283541760
40894480,14355228376764672
28311568,5365621308003072
53477392,5348029658894592
47185936,13809870609384192
59768848,4802671891514112
2528,302370312421377
16864,335355627700227
66016,302370278866947
1049056,300179847643137
16777696,863121745903617
2784,3303216775185
4832,1172845887537
17120,18696312455187
33504,1181435822097
262880,1173382758417
525024,282579103121457
16777952,282579639992337
33555168,1104663347217
3296,4506902844145665
17632,4522295939825667
34016,4504781063192577
132320,13511971727998977
263392,4504773010128897
4195552,13793377985232897
16778464,4786179267362817
33555680,4504704290717697
6368,3371869143057
10464,20964055187457
133344,4506971496513537
526560,284778126376977
2099424,284778126381057
4196576,4788377753747457
8390880,20895335710977
37088,1318841221137
69856,3371835588627
266464,1310788157457
1052896,1181404364817
24800,53949370466307
41184,18911027265537
73952,20964021633027
270560,18902974201857
1056992,18773590409217
49376,18773588312067
82144,20895302156295
278752,18765535248387
8405216,53880650989827
16793824,300171792482307
33571040,18696815837187
164064,4504918468591617
1081568,1198584233985
16810208,282656915849217
33587424,1181939204097
196832,4506971462959107
590048,284778092822547
2162912,284778092826627
4260064,4788377720193027
8454368,20895302156547
393440,4504910415527937
1179872,4504781031735297
1573088,282587661598737
17301728,845529559859217
3145952,282587661602817
5243104,4786187288969217
9437408,18704870932737
18874592,845529559863297
20971744,5349129187229697
4960,299140495966257
9056,334324868055057
33632,299149085900817
66400,300171288117267
263008,299141032837137
1049440,299080367472657
2098016,862021729914897
4195168,5365621357281297
8389472,334256148578577
33555296,299072313425937
9568,4837924495425537
34144,4802748713271297
66912,4803770915487747
132448,13809939378077697
263520,4802740660207617
525664,5365621357281297
1049952,4802679994843137
2098528,5365621357285377
8389984,4837855775949057
33555808,4802671940796417
10592,335424379682817
35168,300248597528577
264544,300240544464897
526688,863121241538577
1050976,300179879100417
2099552,863121241542657
4196704,5366720868909057
8391008,335355660206337
33556832,300171825053697
12640,334462273454097
20832,334324834500627
37216,299286491299857
266592,299278438236177
528736,862090415833137
16781664,862090952704017
24928,404693578678275
74080,335424346128387
139616,4838061900824577
532832,897274787921937
1057120,334333425483777
2105696,897274787926017
4202848,5400874415292417
33562976,334325371437057
82272,335355626651655
147808,4837924461871107
8405344,404624859201795
98656,300248563974147
164192,4802886118670337
557408,862099005767697
2130272,862099005771777
4227424,5365698633138177
8421728,334333424435457
33587552,299149589282817
328032,300240510910467
590176,863121207984147
1114464,300179845545987
2163040,863121207988227
4260192,5366720835354627
8454496,335355626651907
33620320,300171791499267
393568,4802878065606657
4325728,14372889297944577
16908640,5365690580074497
786784,862090952704017
1311072,299149590265857
2359648,862090952708097
4456800,5365690580074497
8651104,334325371371777
17039712,862092026445825
1573216,862030287339537
8913248,897206068445457
17301856,1987922140069905
34079072,862022233292817
3146080,862030287343617
5243232,5365629914710017
9437536,334264706007297
34603360,299080870854657
10486112,897206068449537
18874720,1987922140073985
35651936,862022233296897
12583264,5400805695815937
20971872,6491521767440385
37749088,5365621860663297
41943392,334256651960577
50332000,862023307034625
3680,4504703954059281
5728,4503673027690545
18016,4521196494258195
34400,4503681617625105
67168,4504703819841555
132704,13510872282431505
263776,4503673564561425
525920,4785079284924465
1050208,4503612899196945
4195936,13792278539665425
16778848,4785079821795345
33556064,4503604845150225
6752,1172911947825
19040,18696378515475
35424,1181501882385
264800,1173448818705
526944,282579169181745
1051232,1112783454225
16779872,282579706052625
33557088,1104729407505
528992,281548309921905
2101856,281548309925937
4199008,4785147937292337
8393312,17665519255857
74336,18765030883347
139872,4521402585579537
533088,299140495966257
1057376,17674110238737
8397408,52849891344657
16786016,299141032837137
33563232,17666056192017
82528,18696311406615
148064,4521265146626067
2114144,299071776493587
4211296,4802671403859987
1081952,99104063505
2130528,281556899860497
4227680,4785156527226897
8421984,17674109190417
197216,4504772472209427
2163296,282579102076947
4260448,4786178729443347
8454752,18696311406867
655968,4785147937292337
1180256,4503681551564817
4325984,13792347192033297
16908896,4785148474163217
33686112,4503673497518097
2359904,281548846796817
4457056,4785148474163217
8651360,17666056126737
17039968,281549920534545
33817184,74943889425
8913504,299071776489777
3146336,281488181432337
5243488,4785087808798737
9437792,17605390762257
6292064,5348029171240977
35652192,281480127385617
37749344,4785079754752017
25166432,299072313360657
41943648,17597336715537
50332256,281481201123345
19552,4522296005885955
35936,4504781129252865
134240,13511971794059265
265312,4504773076189185
1051744,4504712410824705
4197472,13793378051293185
16780384,4786179333423105
33557600,4504704356777985
13408,4521402585579537
21600,4521265146626067
70752,4504772472209427
529504,4785147937292337
1053792,4503681551564817
4199520,13792347192033297
16782432,4785148474163217
33559648,4503673497518097
74848,4522364658253827
1057888,4521273737609217
4203616,13809939378077697
8397920,4556449518715137
16786528,4802740660207617
33563744,4521265683562497
83040,4522295938777095
541792,4802671403859987
2114656,4802671403864067
558176,4785156527226897
1082464,4503698731433985
2131040,4785156527230977
8422496,4521273736560897
590944,4786178729443347
2163808,4786178729447427
8455264,4522295938777347
656480,13792347192033297
2229344,13792347192037377
4326496,31806745701515265
8520800,13528464401367297
787552,4785148474163217
2360416,4785148474167297
8651872,4521265683497217
17040480,4785149547905025
33817696,4503674571259905
1573984,4785087808798737
2622560,5348029171240977
34079840,4785079754752017
3146848,4785087808802817
9438304,4521205018132737
35652704,4785079754756097
12584032,13809870658601217
25166944,4802671940731137
41944160,4521196964086017
50332768,4785080828493825
14432,18902469836817
22624,18765030883347
137312,4504909911162897
530528,282647821549617
1054816,1181435822097
16783456,282648358420497
33560672,1173381775377
141408,4522502097207297
1058912,18773621866497
8398944,53949402972417
16787552,300240544464897
33564768,18765567819777
149600,4522364658253827
542816,300171288117267
2115680,300171288121347
4212832,4803770915487747
559200,282656411484177
1083488,1198615691265
2132064,282656411488257
4229216,4786256038854657
8423520,18773620818177
1181792,4504781063192577
4327520,13793446703661057
16910432,4786247985790977
33687648,4504773009145857
788576,282648358420497
2361440,282648358424577
4458592,4786247985790977
8652896,18765567754497
17041504,282649432162305
33818720,1174455517185
1575008,282587693056017
2623584,845529055498257
4720736,5349128682864657
34080864,282579639009297
3147872,282587693060097
5245024,4786187320426497
9439328,18704902390017
6293600,5349128682868737
35653728,282579639013377
37750880,4786179266379777
25167968,300171824988417
41945184,18696848343297
50333792,282580712751105
45152,18086392496145
77920,18902436282387
274528,18078339432465
536672,299277901365297
1060960,17811515637777
8400992,52987296743697
16789600,299278438236177
33566816,17803461591057
151648,4521402552025107
544864,299140462411827
1069152,17674076684307
8409184,52849857790227
16797792,299140999282707
33575008,17666022637587
168032,4504093833822225
1085536,236509462545
2134112,281694305259537
4231264,4785293932625937
8425568,17811514589457
200800,4504909877608467
594016,282647787995187
1118304,1181402267667
16846944,282648324866067
33624160,1173348220947
397408,4504085780758545
659552,4785285342691377
1183840,4503818956963857
4329568,13792484597432337
16912480,4785285879562257
33689696,4503810902917137
2363488,281686252195857
4460640,4785285879562257
8654944,17803461525777
17043552,281687325933585
33820768,212349288465
1577056,281556867350577
2625632,844498229792817
4722784,5348097857159217
34082912,281548813303857
17829984,281557404221457
34607200,82427576337
18878560,844498766663697
20975712,5348098394030097
90208,53949369417735
548960,334324834500627
2121824,334324834504707
4218976,4837924461871107
8413280,123218601967875
172128,4521686019866625
565344,299286491299857
1089632,17828695506945
2138208,299286491303937
4235360,4802886118670337
204896,4522502063652867
1122400,18773588312067
8462432,53949369417987
16851040,300240510910467
33628256,18765534265347
401504,4521677966802945
1187936,4521411143008257
4333664,13810076783476737
8527968,4556586924114177
16916576,4802878065606657
33693792,4521403088961537
794720,299278438236177
2367584,299278438240257
4464736,4802878065606657
17047648,299279511977985
33824864,17804535332865
17309792,862090952704017
9445472,52858448773377
17834080,299149590265857
34611296,17674613620737
18882656,862090952708097
20979808,5365690580074497
25174112,334325371371777
41951328,52850394726657
114784,18773587263495
573536,299149052346387
1097824,17691256553475
2146400,299149052350467
4243552,4802748679716867
344160,18765534199815
1130592,18704868835335
8470624,53880649941255
16859232,300171791433735
33636448,18696814788615
1196128,4521273704054787
4341856,13809939344523267
8536160,4556449485160707
16924768,4802740626653187
33701984,4521265650008067
802912,299140999282707
2375776,299140999286787
4472928,4802740626653187
17055840,299142073024515
33833056,17667096379395
1589344,299080333918227
2637920,862021696360467
4735072,5365621323726867
8929376,334256115024147
34095200,299072279871507
3162208,299080333922307
5259360,4802679961288707
6307936,5365621323730947
10502240,334256115028227
35668064,299072279875587
12599392,4837855742394627
37765216,4802671907241987
50348128,299073353613315
622688,282656377929747
1146976,1198582136835
2195552,282656377933827
4292704,4786256005300227
8487008,18773587263747
688224,4785293932625937
1212512,4503836136833025
2261088,4785293932630017
8552544,4521411141959937
2654304,844506819727377
4751456,5348106447093777
34111584,281557403238417
17858656,281574584090625
34635872,99607445505
6324320,5348106447097857
35684448,281557403242497
37781600,4785157030608897
25198688,299149589217537
41975904,17674612572417
50364512,281558476980225
1245280,4504781029638147
4391008,13793446670106627
16973920,4786247952236547
33751136,4504772975591427
852064,282648324866067
2424928,282648324870147
4522080,4786247952236547
8716384,18765534200067
17104992,282649398607875
33882208,1174421962755
1638496,282587659501587
2687072,845529021943827
4784224,5349128649310227
34144352,282579605454867
3211360,282587659505667
5308512,4786187286872067
9502816,18704868835587
6357088,5349128649314307
35717216,282579605458947
37814368,4786179232825347
25231456,300171791433987
42008672,18696814788867
50397280,282580679196675
917600,4785285879562257
2490464,4785285879566337
8781920,4521403088896257
17170528,4785286953304065
33947744,4503811976658945
4849760,14355297111900177
17432672,5348098394030097
5374048,13792355749462017
17956960,4785157031591937
34734176,4503682054946817
6422624,14355297111904257
19005536,5348098394034177
37879904,13792347695415297
1835104,281557404221457
2883680,844498766663697
4980832,5348098394030097
17563744,844499840401425
3407968,281557404225537
5505120,4785157031591937
9699424,17674613555457
18088032,281558477963265
34865248,83501318145
6553696,5348098394034177
19136608,844499840405505
21233760,5348099467771905
50593888,281552034529281
3670112,844438101299217
5767264,5348037728665617
35127392,281488684810257
19398752,1970329954029585
36175968,844430047252497
21495904,6473929581395985
38273120,5348029674618897
25690208,862022233227537
50856032,844431120990225
7340128,5348037728669697
36700256,281488684814337
38797408,4785088312180737
26214496,299080870789377
42991712,17605894144257
51380320,281489758552065
23068768,6473929581400065
39845984,5348029674622977
27263072,862022233231617
52428896,844431120994305
29360224,5365621860598017
54526048,5348030748360705
2976,302370111094800
5024,300239740207152
9120,335424112295952
17312,335355392819217
33696,300248330141712
66464,302370043985937
2098080,863120974155792
4195232,5366720601522192
8389536,335355392819472
16778144,863121242587152
3488,4805969738465280
9632,4839023739666432
17824,4838955020189697
34208,4803847957512192
66976,4805969671356417
132512,13811038622318592
525728,5366720601522192
2098592,5366720601526272
8390048,4838955020189952
16778656,5366720869957632
6560,302438763462672
68000,306768090497025
133536,4806038390833152
264608,302439031898112
33556896,302370312486912
12704,335561517694992
37280,300385735540752
528800,863189660074032
1053088,300248298684432
74144,337623101997057
139680,4839161145065472
270752,335561786130432
532896,898374032162832
2105760,898374032166912
4202912,5401973659533312
16785824,898374300598272
49568,335432668676097
541088,898305312686097
2113952,898305312690177
4211104,5401904940056577
16794016,898305581121537
98720,302447319842817
164256,4803985362911232
295328,300386003976192
557472,863198250008592
1081760,300265478553600
2130336,863198250012672
4227488,5366797877379072
8421792,335432668676352
16810400,863198518444032
590240,865319963852817
2163104,865319963856897
4260256,5368919591223297
8454560,337554382520577
16843168,865320232288257
1180064,4803847926054912
4325792,14373988542185472
1311136,300248567119872
17039776,863190465380352
8913312,898305312686352
34603424,300179847708672
10486176,898305312690432
12583328,5401904940056832
25166240,898305581121792
50332064,863121745969152
5792,4504772271931440
34464,4504780861866000
67232,4506902575710225
132768,13511971526672400
525984,4786178529165360
4196000,13793377783906320
10912,20963853860880
19104,20895134384145
68256,7700994850833
133792,4506971295186960
264864,3371936251920
2099872,284777925054480
4197024,4788377552420880
8391328,20895134384400
16779936,284778193485840
33557152,3303216840720
21152,18764763496497
529056,282647554162800
2101920,282647554166832
4199072,4786247181533232
8393376,18764763496752
16781984,282647822598192
33559200,1172845953072
25248,53949135585297
74400,20963786752017
139936,4522501829820432
271008,18902470885392
533152,300239740207152
8397472,53949135585552
49824,18773353431057
541344,300171020730417
8405664,53880416108817
2130592,282656144101392
4227744,4786255771467792
8422048,18773353431312
16810656,282656412532752
33587872,1181435887632
197280,4506971228078097
328352,3371869143057
2163360,284777857945617
4260512,4788377485312017
8454816,20895067275537
16843424,284778126376977
33620640,3303149731857
393888,4504909912211472
656032,4786247181533232
4326048,13793446436274192
787104,282647822598192
17040032,282648359469072
33817248,1173382823952
8913568,300171020730672
34079392,282579103186992
6292128,5349128415481872
18875040,845529056546832
20972192,5349128683913232
50332320,282579640057872
7328,4506971295186960
11424,4524563481231360
19616,4524494761754625
68768,4511300622221313
265376,4506971563622400
527520,4788377552420880
2100384,4788377552424960
8391840,4524494761754880
16780448,4788377820856320
33557664,4506902844211200
13472,4522501829820432
70816,4506971228078097
267424,4504909912211472
529568,4786247181533232
4199584,13793446436274192
25760,4557548762955777
74912,4524563414122497
271520,4522502098255872
4203680,13811038622318592
8397984,4557548762956032
50336,4522372980801537
148640,13529563645607937
4211872,13810969902841857
8406176,4557480043479297
558240,4786255771467792
2131104,4786255771471872
8422560,4522372980801792
16811168,4786256039903232
33588384,4504781063258112
328864,4506971496513537
591008,4788377485312017
2163872,4788377485316097
8455328,4524494694646017
16843936,4788377753747457
33621152,4506902777102337
656544,13793446436274192
2229408,13793446436278272
4326560,31807844945756160
8520864,13529563645608192
16909472,13793446704709632
33686688,13511971728064512
4457632,13793446704709632
17040544,4786247986839552
33817760,4504773010194432
2622624,5349128415481872
17302688,5349128683913232
18875552,5349128683917312
12584096,13810969902842112
37749920,13793377985298432
50332832,4786179267428352
22688,20963786752017
71840,7769647218705
2103456,284846577422352
4200608,4788446204788752
8394912,20963786752272
16783520,284846845853712
33560736,3371869208592
75936,25361833263105
534688,302438763462672
2107552,302438763466752
4204704,4806038390833152
16787616,302439031898112
33564832,20964055252992
149664,4524563414122497
280736,20964055187457
542880,302370043985937
2115744,302370043990017
4212896,4805969671356417
16795808,302370312421377
33573024,20895335776257
198816,4511369274589185
329888,7769915654145
592032,289175904452625
2164896,289175904456705
4262048,4792775531823105
8456352,25293113786625
16844960,289176172888065
33622176,7701196242945
657568,4788446204788752
2230432,4788446204792832
8521888,4524563414122752
16910496,4788446473224192
33687712,4506971496579072
788640,284846845853712
2361504,284846845857792
4458656,4788446473224192
8652960,20964055187712
8915104,302370043986192
34080928,284778126442512
10487968,302370043990272
35653792,284778126446592
12585120,4805969671356672
37750944,4788377753812992
25168032,302370312421632
41945248,20895335776512
28832,54086540984337
45216,19185636737040
77984,21101192151057
536736,300377145606192
8401056,54086540984592
53408,18910758830097
86176,20963753197587
1069216,18773321973777
168096,4505193078063120
299168,1593719128080
2134176,282793549500432
4231328,4786393176866832
8425632,18910758830352
16814240,282793817931792
33591456,1318841286672
200864,4507108633477137
331936,3509274542097
594080,284846543863857
659616,4786384586932272
4329632,13793583841673232
790688,282785227997232
17043616,282785764868112
33820832,1310788222992
2625696,845597474033712
4722848,5349197101400112
17305760,845597742465072
3149984,282656112644112
5247136,4786255740010512
9441440,18773321974032
17830048,282656381075472
34607264,1181404430352
155808,4557686168354817
286880,54086809419777
172192,4522785264107520
303264,19185905172480
565408,300385735540752
2138272,300385735544832
4235424,4803985362911232
16818336,300386003976192
33595552,18911027331072
204960,4524700819521537
336032,21101460586497
8462496,56148125286657
4333728,13811176027717632
8528032,4557686168355072
8659104,54086809420032
17047712,300377950912512
33824928,18902974267392
1581216,300248298684432
3154080,300248298688512
5251232,4803847926054912
17834144,300248567119872
34611360,18773590474752
180384,4522510386200577
311456,18911027265537
1097888,18790501842945
8437920,53957691965697
213152,4524563380568067
344224,20964021633027
606368,302370010431507
2179232,302370010435587
4276384,4805969637801987
16859296,302370278866947
33636512,20895302221827
1196192,4522372949344257
1327264,18773590409217
1589408,300179579207697
3162272,300179579211777
5259424,4803779206578177
17842336,300179847643137
34619552,18704870998017
622752,284855133798417
2195616,284855133802497
4292768,4788454761168897
8487072,20972343132417
16875680,284855402233857
33652896,3380425588737
426144,4505193346498560
688288,4786393176866832
2261152,4786393176870912
8552608,4522510386200832
16941216,4786393445302272
33718432,4504918468657152
819360,282793817931792
2392224,282793817935872
4489376,4786393445302272
8683680,18911027265792
1605792,282673292509200
2654368,845606063968272
4751520,5349205691334672
17334432,845606332399632
3178656,282673292513280
5275808,4786272919879680
9470112,18790501843200
17858720,282673560944640
34635936,1198584299520
6324384,5349205691338752
18907296,845606332403712
21004448,5349205959770112
50364576,282656915914752
458912,4507108901912577
4391072,13795645425975297
17105056,284847349170177
33882272,3372372525057
2687136,847727777812497
4784288,5351327405178897
17367200,847728046243857
6357152,5351327405182977
18940064,847728046247937
21037216,5351327673614337
50397344,284778629758977
4587680,13793584110108672
17170592,4786385392238592
33947808,4504910415593472
1704096,4786255740010512
4849824,14356396356141072
3276960,4786255740014592
9568416,4522372949344512
17957024,4786256008445952
34734240,4504781031800832
6422688,14356396356145152
21102752,14356396624576512
1835168,282656381075472
17563808,845598279335952
3408032,282656381079552
5505184,4786256008445952
9699488,18773590409472
19136672,845598279340032
21233824,5349197906706432
9961632,300179579207952
35127456,282587661664272
50856096,845529559924752
11534496,300179579212032
36700320,282587661668352
13631648,4803779206578432
38797472,4786187289034752
26214560,300179847643392
42991776,18704870998272
52428960,845529559928832
54526112,5349129187295232
3872,4803770848378896
5920,4802739922010160
10016,4837924294098960
18208,4837855574622225
34592,4802748511944720
132896,13809939176751120
1050400,4802679793516560
2098976,5365621155958800
8390432,4837855574622480
16779040,5365621424390160
6944,300239806267440
11040,335424178356240
19232,335355458879505
35616,300248396202000
68384,302370110046225
1051424,300179677773840
2100000,863121040216080
4197152,5366720667582480
8391456,335355458879760
16780064,863121308647440
70432,300239739158577
33559328,299140496031792
25376,404693343797265
74528,335424111247377
8397600,404693343797520
33563424,334324868120592
148256,4837924226990097
279328,334324868055057
8405792,404624624320785
33571616,334256148643857
99104,300248329093137
1082144,299165998383120
33588000,299149085966352
1114912,300179610664977
2163488,863120973107217
4260640,5366720600473617
8454944,335355391770897
16843552,863121241538577
394016,4802877562290192
1180448,4802748445884432
2229024,5365689808326672
8520480,4837924226990352
16909088,5365690076758032
1311520,299149086949392
2360096,862090449391632
4457248,5365690076758032
8651552,334324868055312
33817376,299141032902672
34603808,299080367538192
6292256,6491520995692560
18875168,1987921636757520
35652384,862021729980432
20972320,6491521264123920
37749536,5365621357346832
41943840,334256148644112
11552,4839023805726720
19744,4838955086249985
36128,4803848023572480
68896,4805969737416705
134432,13811038688378880
527648,5366720667582480
1051936,4803779305144320
2100512,5366720667586560
8391968,4838955086250240
16780576,5366720936017920
21792,4837924226990097
267552,4802877562290192
1053984,4802748445884432
2102560,5365689808326672
8394016,4837924226990352
16782624,5365690076758032
25888,4908292971167745
75040,4839023738617857
8398112,4908292971168000
33563936,4837924495491072
279840,4837924495425537
8406304,4908224251691265
33572128,4837855776014337
99616,4803847956463617
1082656,4802765625753600
33588512,4802748713336832
197920,13811038621270017
591136,5366720600473617
1115424,4803779238035457
2164000,5366720600477697
8455456,4838955019141377
16844064,5366720868909057
33686816,13809939378143232
787744,5365690076758032
1312032,4802748714319872
2360608,5365690076762112
8652064,4837924495425792
33817888,4802740660273152
2622752,6491520995692560
17302816,6491521264123920
34080032,5365621357346832
34604320,4802679994908672
18875680,6491521264128000
35652896,5365621357350912
41944352,4837855776014592
22816,335424111247377
71968,302438762414097
137504,4803976805482512
268576,300377446547472
1055008,300248330141712
2103584,863189692583952
4200736,5366789319950352
8395040,335424111247632
16783648,863189961015312
26912,405792855425025
8399136,405792855425280
33564960,335424379748352
149792,4839023738617857
280864,335424379682817
8407328,405724135948545
33573152,335355660271617
1083680,300265510010880
33589536,300248597594112
198944,4806038389784577
330016,302439030849537
33622304,302370311438337
395552,4803977073917952
657696,5366789319950352
1181984,4803847957512192
2230560,5366789319954432
8522016,4839023738618112
16910624,5366789588385792
788768,863189961015312
1313056,300248598577152
2361632,863189961019392
4458784,5366789588385792
8653088,335424379683072
33818912,300240544530432
2623776,1989020879949840
4720928,6492620507316240
17303840,1989021148381200
34081056,863121241604112
34605344,300179879165952
6293792,6492620507320320
18876704,1989021148385280
35653920,863121241608192
20973856,6492620775751680
37751072,5366720868974592
41945376,335355660271872
28960,404830749196305
78112,335561516646417
143648,4838336510296080
274720,334737151361040
8401184,404830749196560
33567008,334462273519632
86304,335424077692947
151840,4838061632389137
282912,334462273454097
1069344,334333157048337
2117920,897274519490577
4215072,5400874146856977
16797984,897274787921937
102688,300385734492177
168224,4803160728141840
299296,299561369206800
1085728,299303403782160
33591584,299286491365392
594208,863189659025457
1184032,4802885851283472
2232608,5365827213725712
8524064,4838061632389392
16912672,5365827482157072
1315104,299286492348432
2363680,862227854790672
4460832,5365827482157072
8655136,334462273454352
33820960,299278438301712
2625824,1987990054244400
4722976,6491589681610800
17305888,1987990322675760
34083104,862090415898672
3150112,862098738384912
5247264,5365698365751312
9441568,334333157048592
17830176,862099006816272
10490144,897274519490832
12587296,5400874146857232
25170208,897274787922192
50336032,862090952769552
90400,405792821870595
155936,4908430376566785
287008,404831017631745
549152,967643263664145
1073440,404701901225985
2122016,967643263668225
4219168,5471242891034625
8413472,545430798598401
16802080,967643532099585
205088,4839161144016897
336160,335561785081857
598304,898374031114257
1122592,335432668676097
2171168,898374031118337
4268320,5401973658484737
16851232,898374299549697
401696,4838336778731520
8528160,4908430376567040
33693984,4838061900890112
8659232,404831017632000
2629920,2023174426333200
4727072,6526774053699600
8921376,967643263664400
17309984,2023174694764560
34087200,897274787987472
9445664,404701901226240
34611488,334333425549312
6299936,6526774053703680
10494240,967643263668480
18882848,2023174694768640
35660064,897274787991552
12591392,5471242891034880
20980000,6526774322135040
37757216,5400874415357952
25174304,967643532099840
1098016,334350336917505
8438048,404701900177665
33603872,334333424500737
213280,4839023705063427
344352,335424346128387
8470816,405724102394115
33636640,335355626717187
409888,4838061900824577
672032,5400874146856977
1196320,4837932784418817
2244896,5400874146861057
16924960,5400874415292417
803104,897274787921937
1327392,334333425483777
2375968,897274787926017
4473120,5400874415292417
33833248,334325371437057
2638112,2023105706856465
4735264,6526705334222865
8929568,967574544187665
17318176,2023105975287825
34095392,897206068510737
9453856,404633181749505
34619680,334264706072577
6308128,6526705334226945
10502432,967574544191745
18891040,2023105975291905
35668256,897206068514817
12599584,5471174171558145
20988192,6526705602658305
37765408,5400805695881217
25182496,967574812623105
229664,4803985361862657
360736,300386002927617
622880,863198248960017
2195744,863198248964097
4292896,5366797876330497
8487200,335432667627777
16875808,863198517395457
426272,4803160996577280
1212704,4802903031152640
33718560,4802886118735872
1343776,299303672217600
1605920,862115918250000
2654496,1987998644178960
4751648,6491598271545360
17334560,1987998912610320
34111776,862099005833232
3178784,862115918254080
5275936,5365715545620480
9470240,334350336917760
17858848,862116186685440
6324512,6491598271549440
18907424,1987998912614400
35684640,862099005837312
21004576,6491598539980800
37781792,5365698633203712
41976096,334333424500992
4391200,14373988541136897
17105184,863190464331777
1638688,863129530531857
8978720,898305311637777
3211552,863129530535937
5308704,5366729157902337
9503008,335363949199617
17891616,863129798967297
10551584,898305311641857
12648736,5401904939008257
25231648,898305580073217
50397472,863121744920577
917792,5365827482157072
1442080,4802886119718912
2490656,5365827482161152
8782112,4838061900824832
33947936,4802878065672192
1704224,5365698365751312
4849952,15498788936351760
9044256,5400874146857232
3277088,5365698365755392
9568544,4837932784419072
17957152,5365698634186752
6422816,15498788936355840
10617120,5400874146861312
21102880,15498789204787200
37880096,14372889298010112
25297184,5400874415292672
50463008,5365690580140032
1835296,862099006816272
9175328,897274787922192
17563936,1987990859546640
34341152,862090952769552
3408160,862099006820352
5505312,5365698634186752
9699616,334333425484032
34865440,299149590331392
10748192,897274787926272
19136800,1987990859550720
35914016,862090952773632
12845344,5400874415292672
21233952,6491590486917120
38011168,5365690580140032
42205472,334325371437312
50594080,862092026511360
3670304,1987929925750800
5767456,6491529553117200
18350368,1987930194182160
35127584,862030287405072
6816032,8743320775823376
11010336,2023105706856720
19398944,4239721416888336
13107488,6526705334223120
21496096,8743321044254736
25690400,2023105975288080
42467616,897206068510992
50856224,1987922140135440
7340320,6491529553121280
19923232,1987930194186240
36700448,862030287409152
22020384,6491529821552640
38797600,5365629914775552
42991904,334264706072832
14680352,6526705334227200
23068960,8743321044258816
27263264,2023105975292160
44040480,897206068515072
52429088,1987922140139520
29360416,6526705602658560
46137632,5400805695881472
54526240,6491521767505920
11808,4522364591144976
20000,4522295871668241
265760,4504772673536016
2100768,4786178662338576
8392224,4522295871668496
16780832,4786178930769936
33558048,4504703954124816
22048,4521264945299505
71200,4504772270882865
529952,4785147735965808
2102816,4785147735969840
8394272,4521264945299760
16782880,4785148004401200
33560096,4503673027756080
26144,4556449317388305
271904,4521402652688400
534048,4802739922010160
1058336,4521273536282640
4204064,13809939176751120
8398368,4556449317388560
50720,4521273535234065
83488,4522295737450515
149024,13528464200040465
542240,4802671202533425
1066528,4521204816805905
4212256,13809870457274385
8406560,4556380597911825
99872,4504780860817425
1082912,4503698530107408
2131488,4785156325904400
8422944,4521273535234320
16811552,4785156594335760
33588768,4503681617690640
198176,13511971525623825
591392,4786178528116785
1115680,4504712142389265
4261408,13793377782857745
2229792,13792346990710800
4326944,31806745500188688
8521248,13528464200040720
16909856,13792347259142160
33687072,13510872282497040
788000,4785148004401200
1312288,4503681618673680
4458016,13792347259142160
17040928,4785148541272080
33818144,4503673564626960
8914464,4802671202533680
34080288,4785079284990000
3147296,4785087607476240
9438752,4521204816806160
17827360,4785087875907600
34604576,4503612899262480
18875936,5348029238349840
12584480,13809870457274640
37750304,13792278539730960
50333216,4785079821860880
23072,18764829556785
530976,282647620223088
2103840,282647620227120
4200992,4786247247593520
8395296,18764829557040
16783904,282647888658480
33561120,1172912013360
27168,53949201645585
76320,20963852812305
141856,4522501895880720
272928,18902536945680
535072,300239806267440
1059360,18773420539920
8399392,53949201645840
51744,18773419491345
543264,300171086790705
1067552,18704701063185
8407584,53880482169105
1083936,1198414364688
2132512,282656210161680
4229664,4786255837528080
8423968,18773419491600
16812576,282656478593040
33589792,1181501947920
199200,4506971294138385
330272,3371935203345
2165280,284777924005905
4262432,4788377551372305
8456736,20895133335825
16845344,284778192437265
33622560,3303215792145
395808,4504909978271760
657952,4786247247593520
1182240,4504780861866000
4327968,13793446502334480
789024,282647888658480
1313312,1181502930960
17041952,282648425529360
33819168,1173448884240
8915488,300171086790960
34081312,282579169247280
3148320,282587491733520
5245472,4786187119099920
9439776,18704701063440
17828384,282587760164880
34605600,1112783519760
6294048,5349128481542160
18876960,845529122607120
20974112,5349128749973520
50334240,282579706118160
545312,299140227530865
2118176,299140227534897
4215328,4802739854901297
16798240,299140495966257
33575456,17665519321137
594464,282647553114225
2167328,282647553118257
4264480,4786247180484657
8458784,18764762448177
16847392,282647821549617
33624608,1172844904497
8917536,299140227531120
34083360,281548309987440
10490400,299140227535152
35656224,281548309991472
12587552,4802739854901552
37753376,4785147937357872
25170464,299140495966512
41947680,17665519321392
2122272,334324599623697
4219424,4837924226990097
8413728,123218367086865
16802336,334324868055057
33579552,52849891409937
205344,4522501828771857
336416,18902469836817
598560,300239739158577
1122848,18773353431057
8462880,53949134536977
401952,4521677463486480
2236960,4802877293858832
16917024,4802877562290192
33694240,4521402585645072
2368032,299277934923792
4465184,4802877562290192
34087456,299140496031792
3154464,299148818518032
5251616,4802748445884432
17834528,299149086949392
34611744,17674110304272
6300192,5365689808326672
10494496,334324599623952
18883104,862090449391632
12591648,4837924226990352
20980256,5365690076758032
25174560,334324868055312
41951776,52849891410192
50340384,299141032902672
1098272,17691021672465
2146848,299148817469457
4244000,4802748444835857
16826912,299149085900817
33604128,17674109255697
213536,4522364389818387
344608,18765030883347
2179616,300171019685907
4276768,4803770647052307
16859680,300171288117267
33636896,18696311472147
410144,4521402585579537
672288,4802739854901297
1196576,4521273469173777
4342304,13809939109642257
8536608,4556449250279697
803360,299140495966257
1327648,17674110238737
8667680,52849891344657
17056288,299141032837137
33833504,17666056192017
34095648,299071776555057
3162656,299080099041297
5259808,4802679726407697
17842720,299080367472657
34619936,17605390827537
6308384,5365621088849937
10502688,334255880147217
18891296,862021729914897
12599840,4837855507513617
20988448,5365621357281297
25182752,334256148578577
41959968,52781171933457
50348576,299072313425937
1147424,1198347255825
2196000,282656143052817
4293152,4786255770419217
8487456,18773352382737
16876064,282656411484177
33653280,1181434839057
3179040,281573812342800
5276192,4785173439709200
9470496,17691021672720
17859104,281574080774160
34636320,99104129040
10519072,299148817469712
35684896,281556899926032
12616224,4802748444836112
37782048,4785156527292432
25199136,299149085901072
41976352,17674109255952
459296,4504909911162897
721440,4786247180484657
1245728,4504780794757137
4391456,13793446435225617
852512,282647821549617
1376800,1181435822097
17105440,282648358420497
33882656,1173381775377
8978976,300171019682097
34144800,282579102138417
3211808,282587424624657
5308960,4786187051991057
9503264,18704633954577
17891872,282587693056017
34669088,1112716410897
6357536,5349128414433297
18940448,845529055498257
21037600,5349128682864657
50397728,282579639009297
2490912,4785285376249872
8782368,4521402585579792
9044512,4802739854901552
34210336,4785147937357872
3277344,4785156259844112
9568800,4521273469174032
17957408,4785156528275472
34734624,4503681551630352
19005984,5348097890717712
12714528,13809939109642512
37880352,13792347192098832
50463264,4785148474228752
9175584,299140495966512
3408416,281556900909072
5505568,4785156528275472
9699872,17674110238992
6554144,5348097890717712
35914272,281548846862352
38011424,4785148474228752
25428512,299141032837392
42205728,17666056192272
50594336,281549920600080
42467872,299071776555312
11534880,299080099041552
36700704,281488181497872
13632032,4802679726407952
38797856,4785087808864272
26214944,299080367472912
42992160,17605390827792
14680608,5365621088850192
23069216,6473929078083600
39846432,5348029171306512
27263520,862021729915152
29360672,5365621357281552
58720800,299072313426192
15392,4522501895880720
72736,4506971294138385
269344,4504909978271760
531488,4786247247593520
1055776,4504780861866000
4201504,13793446502334480
27680,4557548829016065
76832,4524563480182785
273440,4522502164316160
1059872,4522373047910400
4205600,13811038688378880
8399904,4557548829016320
52256,4522373046861825
150560,13529563711668225
1068064,4522304328433665
4213792,13810969968902145
8408096,4557480109539585
560160,4786255837528080
1084448,4504798041735168
2133024,4786255837532160
8424480,4522373046862080
16813088,4786256105963520
33590304,4504781129318400
330784,4506971562573825
592928,4788377551372305
2165792,4788377551376385
8457248,4524494760706305
16845856,4788377819807745
33623072,4506902843162625
658464,13793446502334480
2231328,13793446502338560
4328480,31807845011816448
8522784,13529563711668480
16911392,13793446770769920
33688608,13511971794124800
1313824,4504781130301440
4459552,13793446770769920
17042464,4786248052899840
33819680,4504773076254720
1575968,4786187119099920
2624544,5349128481542160
17304608,5349128749973520
3148832,4786187119104000
9440288,4522304328433920
17828896,4786187387535360
34606112,4504712410890240
18877472,5349128749977600
12586016,13810969968902400
37751840,13793378051358720
50334752,4786179333488640
78880,4522501828771857
275488,4521677463486480
2110496,4802877293858832
16790560,4802877562290192
33567776,4521402585645072
87072,4522364389818387
283680,4521402585579537
545824,4802739854901297
1070112,4521273469173777
4215840,13809939109642257
8410144,4556449250279697
332832,4504909911162897
594976,4786247180484657
1119264,4504780794757137
4264992,13793446435225617
2364448,4785285376249872
8655904,4521402585579792
8918048,4802739854901552
34083872,4785147937357872
3150880,4785156259844112
9442336,4521273469174032
17830944,4785156528275472
34608160,4503681551630352
18879520,5348097890717712
12588064,13809939109642512
37753888,13792347192098832
50336800,4785148474228752
549920,4837924226990097
2122784,4837924226994177
8414240,4626817994457345
16802848,4837924495425537
33580064,4556449518780417
336928,4522502097207297
1123360,4522372980801537
4269088,13811038621270017
8463392,4557548761907457
795680,4802877562290192
2368544,4802877562294272
1582112,4802748445884432
2630688,5365689808326672
8922144,4837924226990352
17310752,5365690076758032
3154976,4802748445888512
17835040,4802748714319872
34612256,4521273737674752
10495008,4837924226994432
18883616,5365690076762112
37757984,13809939378143232
25175072,4837924495425792
41952288,4556449518780672
50340896,4802740660273152
574496,4802748444835857
1098784,4521290649042945
2147360,4802748444839937
16827424,4802748713271297
33604640,4521273736626177
345120,4522364658253827
607264,4803770647052307
2180128,4803770647056387
16860192,4803770915487747
33637408,4522295938842627
672800,13809939109642257
2245664,13809939109646337
4342816,31824337619124225
16925728,13809939378077697
33702944,13528464401432577
1328160,4521273737609217
4473888,13809939378077697
8668192,4556449518715137
17056800,4802740660207617
33834016,4521265683562497
1590304,4802679726407697
2638880,5365621088849937
8930336,4837855507513617
17318944,5365621357281297
3163168,4802679726411777
17843232,4802679994843137
34620448,4521205018198017
10503200,4837855507517697
18891808,5365621357285377
37766176,13809870658666497
25183264,4837855775949057
41960480,4556380799303937
50349088,4802671940796417
623648,4786255770419217
1147936,4504797974626305
2196512,4786255770423297
8487968,4522372979753217
16876576,4786256038854657
33653792,4504781062209537
1606688,4785173439709200
8946720,4802748444836112
34112544,4785156527292432
3179552,4785173439713280
9471008,4521290649043200
17859616,4785173708144640
34636832,4503698731499520
10519584,4802748444840192
35685408,4785156527296512
25199648,4802748713271552
41976864,4521273736626432
721952,13793446435225617
2294816,13793446435229697
4391968,31807844944707585
8586272,13529563644559617
16974880,13793446703661057
33752096,13511971727015937
1377312,4504781063192577
4523040,13793446703661057
17105952,4786247985790977
33883168,4504773009145857
1639456,4786187051991057
2688032,5349128414433297
17368096,5349128682864657
3212320,4786187051995137
9503776,4522304261325057
17892384,4786187320426497
34669600,4504712343781377
18940960,5349128682868737
12649504,13810969901793537
37815328,13793377984249857
50398240,4786179266379777
9045024,13809939109642512
34210848,13792347192098832
10617888,13809939109646592
35783712,13792347192102912
12715040,31824337619124480
37880864,31806745701580800
25297952,13809939378077952
42075168,13528464401432832
1836064,4785156528275472
2884640,5348097890717712
34341920,4785148474228752
3408928,4785156528279552
9700384,4521273737609472
35914784,4785148474232832
12846112,13809939378077952
25429024,4802740660207872
42206240,4521265683562752
50594848,4785149547970560
9962528,4802679726407952
35128352,4785087808864272
11011104,5365621088850192
19399712,6473929078083600
36176928,5348029171306512
25691168,5365621357281552
11535392,4802679726412032
36701216,4785087808868352
26215456,4802679994843392
42992672,4521205018198272
27264032,5365621357285632
46138400,13809870658666752
58721312,4802671940796672
145440,4522776706678800
276512,19177347743760
2111520,300377178116112
4208672,4803976805482512
16791584,300377446547472
33568800,18902469902352
153632,4522501828771857
284704,18902469836817
546848,300239739158577
1071136,18773353431057
8411168,53949134536977
2168864,284846576373777
4266016,4788446203740177
8460320,20963785703697
16848928,284846844805137
33626144,3371868160017
399392,4505184789069840
2234400,4786384619442192
8525856,4522501828772112
16914464,4786384887873552
33691680,4504909911228432
2365472,282785260507152
4462624,4786384887873552
8656928,18902469837072
8919072,300239739158832
34084896,282647821615152
3151904,282656144101392
5249056,4786255771467792
9443360,18773353431312
17831968,282656412532752
34609184,1181435887632
6297632,5349197133910032
18880544,845597774974992
20977696,5349197402341392
50337824,282648358486032
550944,335424111247377
2123808,335424111251457
4220960,4839023738617857
8415264,124317878714625
16803872,335424379682817
33581088,53949403037697
600096,302438762414097
2172960,302438762418177
4270112,4806038389784577
16853024,302439030849537
33630240,20964054204417
403488,4522776975114240
665632,4803976805482512
2238496,4803976805486592
16918560,4803977073917952
33695776,4522502097272832
796704,300377446547472
2369568,300377446551552
4466720,4803977073917952
1583136,300248330141712
2631712,863189692583952
4728864,5366789319950352
8923168,335424111247632
17311776,863189961015312
3156000,300248330145792
5253152,4803847957512192
17836064,300248598577152
34613280,18773621932032
6301728,5366789319954432
10496032,335424111251712
18884640,863189961019392
12593184,4839023738618112
20981792,5366789588385792
25176096,335424379683072
41953312,53949403037952
50341920,300240544530432
575520,300248329093137
1099808,18790533300225
2148384,300248329097217
4245536,4803847956463617
16828448,300248597528577
33605664,18773620883457
411680,4522502097207297
1198112,4522372980801537
4343840,13811038621270017
8538144,4557548761907457
1329184,18773621866497
8669216,53949402972417
17057824,300240544464897
33835040,18765567819777
1591328,300179610664977
2639904,863120973107217
4737056,5366720600473617
8931360,335355391770897
17319968,863121241538577
3164192,300179610669057
5261344,4803779238035457
17844256,300179879100417
34621472,18704902455297
6309920,5366720600477697
10504224,335355391774977
18892832,863121241542657
12601376,4838955019141377
20989984,5366720868909057
25184288,335355660206337
41961504,53880683561217
50350112,300171825053697
1607712,282673323966480
8947744,300248329093392
34113568,282656411549712
3180576,282673323970560
5277728,4786272951336960
9472032,18790533300480
17860640,282673592401920
34637856,1198615756800
10520608,300248329097472
35686432,282656411553792
12617760,4803847956463872
37783584,4786256038920192
25200672,300248597528832
41977888,18773620883712
722976,4788446203740177
2295840,4788446203744257
8587296,4524563413074177
16975904,4788446472175617
33753120,4506971495530497
854048,284846844805137
2426912,284846844809217
4524064,4788446472175617
8718368,20964054139137
8980512,302370042937617
34146336,284778125393937
10553376,302370042941697
35719200,284778125398017
12650528,4805969670308097
37816352,4788377752764417
25233440,302370311373057
42010656,20895334727937
919584,4786384887873552
2492448,4786384887877632
8783904,4522502097207552
1706016,4786255771467792
2754592,5349197133910032
17434656,5349197402341392
3278880,4786255771471872
9570336,4522372980801792
17958944,4786256039903232
34736160,4504781063258112
19007520,5349197402345472
12716064,13811038621270272
37881888,13793446703726592
50464800,4786247985856512
1837088,282656412532752
2885664,845597774974992
4982816,5349197402341392
34342944,282648358486032
3409952,282656412536832
5507104,4786256039903232
9701408,18773621866752
6555680,5349197402345472
35915808,282648358490112
38012960,4786247985856512
25430048,300240544465152
42207264,18765567820032
50595872,282649432227840
9963552,300179610665232
35129376,282587693121552
6817824,6475028321275920
11012128,863120973107472
19400736,1971428962340880
36177952,845529055563792
13109280,5366720600473872
21497888,6475028589707280
38275104,5349128682930192
25692192,863121241538832
11536416,300179610669312
36702240,282587693125632
13633568,4803779238035712
38799392,4786187320492032
26216480,300179879100672
42993696,18704902455552
14682144,5366720600477952
23070752,6475028589711360
39847968,5349128682934272
27265056,863121241542912
29362208,5366720868909312
58722336,300171825053952
159776,4556861533585425
290848,53262174650385
2125856,334462005022737
4223008,4838061632389137
8417312,123355772485905
16805920,334462273454097
33583136,52987296808977
110624,19185635688465
1093664,18103304978448
2142240,299561100775440
4239392,4803160728141840
16822304,299561369206800
33599520,18086392561680
602144,300377144557617
1126432,18910758830097
8466464,54086539936017
405536,4522227185745936
667680,4803152138207280
1191968,4521685752479760
4337696,13810351392948240
8532000,4556861533585680
798752,299552779272240
1323040,18086393544720
8663072,53262174650640
17051680,299553316143120
33828896,18078339498000
34091040,299277901430832
3158048,299286223917072
5255200,4802885851283472
17838112,299286492348432
34615328,17811515703312
6303776,5365827213725712
10498080,334462005022992
18886688,862227854790672
12595232,4838061632389392
20983840,5365827482157072
25178144,334462273454352
41955360,52987296809232
50343968,299278438301712
184352,4521685751431185
315424,18086392496145
1101856,17828427071505
2150432,299286222868497
4247584,4802885850234897
16830496,299286491299857
33607712,17811514654737
217120,4522501795217427
348192,18902436282387
610336,300239705604147
1134624,18773319876627
8474656,53949100982547
675872,4802877260300337
1200160,4521410874572817
4345888,13810076515041297
8540192,4556586655678737
806944,299277901365297
1331232,17811515637777
8671264,52987296743697
17059872,299278438236177
33837088,17803461591057
1593376,299148784959537
2641952,862090147401777
4739104,5365689774768177
8933408,334324566065457
17322016,862090415833137
9457696,52858180337937
233504,4505193077014545
364576,1593718079505
1151008,1335752654865
2199584,282793548451857
4296736,4786393175818257
8491040,18910757781777
16879648,282793816883217
33656864,1318840238097
1216544,4504110746304528
2265120,4785568542101520
8556576,4521685751431440
16945184,4785568810532880
33722400,4504093833887760
1347616,511387369488
2396192,281969183166480
4493344,4785568810532880
8687648,18086392496400
3182624,281711217741840
5279776,4785310845108240
9474080,17828427071760
17862688,281711486173200
34639904,236509528080
10522656,299286222868752
35688480,281694305325072
12619808,4802885850235152
37785632,4785293932691472
25202720,299286491300112
41979936,17811514654992
725024,4786384585883697
1249312,4504918200156177
4395040,13793583840624657
856096,282785226948657
1380384,1318841221137
17109024,282785763819537
33886240,1310787174417
1642528,282656110542897
2691104,845597472985137
4788256,5349197100351537
17371168,845597741416497
921632,4785560220598320
1445920,4504093834870800
4591648,13792759475339280
17174560,4785560757469200
33951776,4504085780824080
9048096,4802877260300592
34213920,4785285342756912
3280928,4785293665243152
9572384,4521410874573072
17960992,4785293933674512
34738208,4503818957029392
19009568,5348235296116752
12718112,13810076515041552
37883936,13792484597497872
50466848,4785285879627792
9179168,299277901365552
3412000,281694306308112
5509152,4785293933674512
9703456,17811515638032
6557728,5348235296116752
35917856,281686252261392
38015008,4785285879627792
25432096,299278438236432
42209312,17803461591312
50597920,281687325999120
9965600,299148784959792
35131424,281556867416112
6819872,6473997495570480
11014176,862090147402032
19402784,1970398136635440
36180000,844498229858352
13111328,5365689774768432
21499936,6473997764001840
38277152,5348097857224752
25694240,862090415833392
7344160,5348106179710992
19927072,844506820775952
22024224,5348106448142352
51384352,281557404286992
52432928,844498766729232
54530080,5348098394095632
614432,335424077692947
2187296,335424077697027
4284448,4839023705063427
8478752,124317845160195
16867360,335424346128387
33644576,53949369483267
417824,4556861802020865
679968,4838061632389137
2252832,4838061632393217
8544288,4626955399856385
16932896,4838061900824577
33710112,4556586924179457
811040,334462273454097
2383904,334462273458177
4481056,4838061900824577
8675360,123356040921345
1597472,334333157048337
2646048,897274519490577
4743200,5400874146856977
17326112,897274787921937
3170336,334333157052417
5267488,4837932784418817
9461792,123226924515585
17850400,334333425483777
34627616,52858448838657
6316064,5400874146861057
18898976,897274787926017
20996128,5400874415292417
50356256,334325371437057
237600,4522785263058945
368672,19185904123905
630816,300385734492177
1155104,18927938699265
2203680,300385734496257
4300832,4803985361862657
16883744,300386002927617
33660960,18911026282497
696352,4803160728141840
1220640,4521702932348928
2269216,4803160728145920
16949280,4803160996577280
33726496,4521686019932160
827424,299561369206800
1351712,18103573413888
2400288,299561369210880
4497440,4803160996577280
1613856,299303403782160
34119712,299286491365392
3186720,299303403786240
5283872,4802903031152640
17866784,299303672217600
34644000,17828695572480
35692576,299286491369472
37789728,4802886118735872
1253408,4522510386200577
4399136,13811176026669057
8593440,4557686167306497
1384480,18911027265537
8724512,54086808371457
17113120,300377949863937
33890336,18902973218817
9510944,53957691965697
1450016,4521686020915200
4595744,13810351661383680
8790048,4556861802021120
17178656,4803152943513600
33955872,4521677966868480
1712160,4802885851283472
2760736,5365827213725712
9052192,4838061632389392
17440800,5365827482157072
3285024,4802885851287552
17965088,4802886119718912
34742304,4521411143073792
10625056,4838061632393472
19013664,5365827482161152
37888032,13810076783542272
25305120,4838061900824832
42082336,4556586924179712
50470944,4802878065672192
1843232,299286492348432
2891808,862227854790672
4988960,5365827482157072
9183264,334462273454352
34349088,299278438301712
3416096,299286492352512
5513248,4802886119718912
6561824,5365827482161152
10756128,334462273458432
35921952,299278438305792
12853280,4838061900824832
38019104,4802878065672192
50602016,299279512043520
3678240,862098738384912
5775392,5365698365751312
9969696,334333157048592
18358304,862099006816272
11018272,897274519490832
13115424,5400874146857232
25698336,897274787922192
50864160,862090952769552
7348256,5365698365755392
11542560,334333157052672
19931168,862099006820352
13639712,4837932784419072
22028320,5365698634186752
26222624,334333425484032
42999840,52858448838912
51388448,299149590331392
14688288,5400874146861312
27271200,897274787926272
52437024,862090952773632
29368352,5400874415292672
54534176,5365690580140032
58728480,334325371437312
639008,300248295538707
1163296,18790499745795
2211872,300248295542787
4309024,4803847922909187
16891936,300248563974147
33669152,18773587329027
442400,4521686019866625
704544,4802885850234897
1228832,4521428054441985
2277408,4802885850238977
16957472,4802886118670337
33734688,4521411142025217
835616,299286491299857
1359904,17828695506945
2408480,299286491303937
4505632,4802886118670337
2670624,862098737336337
4767776,5365698364702737
8962080,334333156000017
17350688,862099005767697
9486368,52875360207105
6340640,5365698364706817
10534944,334333156004097
18923552,862099005771777
12632096,4837932783370497
21020704,5365698633138177
25215008,334333424435457
41992224,52858447790337
50380832,299149589282817
475168,4522502063652867
1261600,4522372947247107
4407328,13811038587715587
8601632,4557548728353027
1392672,18773588312067
8732704,53949369417987
17121312,300240510910467
33898528,18765534265347
1654816,300179577110547
2703392,863120939552787
4800544,5366720566919187
8994848,335355358216467
17383456,863121207984147
3227680,300179577114627
5324832,4803779204481027
17907744,300179845545987
34684960,18704868900867
6373408,5366720566923267
10567712,335355358220547
18956320,863121207988227
12664864,4838954985586947
21053472,5366720835354627
25247776,335355626651907
42024992,53880650006787
50413600,300171791499267
1458208,4521411143008257
4603936,13810076783476737
8798240,4556586924114177
17186848,4802878065606657
33964064,4521403088961537
4866080,14372889029509137
5390368,13809947667070977
9584672,4556457807708417
6438944,14372889029513217
12730400,13845123448176897
21119008,14372889297944577
17580064,862090952704017
9715744,52858448773377
18104352,299149590265857
34881568,17674613620737
19152928,862090952708097
21250080,5365690580074497
25444384,334325371371777
42221600,52850394726657
3686432,862030018908177
5783584,5365629646274577
9977888,334264437571857
18366496,862030287339537
11026464,897205800014097
13123616,5400805427380497
25706528,897206068445457
50872352,862022233292817
7356448,5365629646278657
11550752,334264437575937
19939360,862030287343617
13647904,4837864064942337
22036512,5365629914710017
26230816,334264706007297
43008032,52789729362177
51396640,299080870854657
14696480,5400805427384577
27279392,897206068449537
52445216,862022233296897
29376544,5400805695815937
54542368,5365621860663297
58736672,334256651960577
491552,4505193345449985
753696,4786393175818257
1277984,4504935380025345
2326560,4786393175822337
8618016,4522510385152257
17006624,4786393444253697
33783840,4504918467608577
884768,282793816883217
1409056,1336021090305
2457632,282793816887297
4554784,4786393444253697
8749088,18911026217217
2719776,845606062919697
4816928,5349205690286097
17399840,845606331351057
6389792,5349205690290177
18972704,845606331355137
21069856,5349205958721537
50429984,282656914866177
950304,4785568810532880
1474592,4504111014739968
2523168,4785568810536960
8814624,4521686019866880
1736736,4785310845108240
9076768,4802885850235152
34242592,4785293932691472
3309600,4785310845112320
9601056,4521428054442240
17989664,4785311113543680
34766880,4503836136898560
10649632,4802885850239232
35815456,4785293932695552
25329696,4802886118670592
42106912,4521411142025472
1867808,281711486173200
9207840,299286491300112
3440672,281711486177280
5537824,4785311113543680
9732128,17828695507200
10780704,299286491304192
12877856,4802886118670592
3702816,844523732209680
5799968,5348123359576080
18382880,844524000641040
6848544,6474006085505040
11042848,862098737336592
19431456,1970406726570000
36208672,844506819792912
13140000,5365698364702992
21528608,6474006353936400
38305824,5348106447159312
25722912,862099005767952
7372832,5348123359580160
19955744,844524000645120
22052896,5348123628011520
51413024,281574584156160
14712864,5365698364707072
23101472,6474006353940480
39878688,5348106447163392
27295776,862099005772032
29392928,5365698633138432
58753056,299149589283072
1507360,4504918468591617
4653088,13793584109060097
17236000,4786385391190017
34013216,4504910414544897
4915232,14356396355092497
5439520,13793454992654337
6488096,14356396355096577
21168160,14356396623527937
17629216,845598278287377
18153504,282656915849217
34930720,1181939204097
19202080,845598278291457
21299232,5349197905657857
3735584,845537344491537
5832736,5349136971857937
18415648,845537612922897
50921504,845529558876177
7405600,5349136971862017
19988512,845537612926977
22085664,5349137240293377
51445792,282588196438017
52494368,845529558880257
54591520,5349129186246657
1966112,4785293933674512
3014688,5348235296116752
34471968,4785285879627792
3538976,4785293933678592
9830432,4521411143008512
36044832,4785285879631872
12976160,13810076783476992
25559072,4802878065606912
42336288,4521403088961792
50724896,4785286953369600
3801120,5348106179710992
18481184,5348106448142352
6946848,15481196750311440
13238304,14372889029509392
21626912,15481197018742800
38404128,14355297111965712
50987040,5348098394095632
20054048,5348106448146432
13762592,13809947667071232
38928416,13792355749527552
51511328,4785157031657472
14811168,14372889029513472
23199776,15481197018746880
39976992,14355297111969792
52559904,5348098394099712
29491232,14372889297944832
3932192,844506820775952
6029344,5348106448142352
35389472,281557404286992
19660832,1970398673506320
36438048,844498766729232
21757984,6473998300872720
38535200,5348098394095632
25952288,862090952704272
51118112,844499840466960
7602208,5348106448146432
36962336,281557404291072
39059488,4785157031657472
26476576,299149590266112
43253792,17674613620992
51642400,281558478028800
23330848,6473998300876800
40108064,5348098394099712
27525152,862090952708352
52690976,844499840471040
29622304,5365690580074752
54788128,5348099467837440
7864352,6473937367076880
12058656,862030018908432
20447264,1970338008141840
37224480,844438101364752
14155808,5365629646274832
22544416,6473937635508240
39321632,5348037728731152
26738720,862030287339792
23592992,8725728858214416
52953120,1970329954095120
55050272,6473929581461520
59244576,862022233293072
15728672,5365629646278912
24117280,6473937635512320
40894496,5348037728735232
28311584,862030287343872
30408736,5365629914710272
59768864,299080870854912
56623136,6473929581465600
60817440,862022233297152
62914592,5365621860663552
3008,302366017454097
17344,335351332732947
66496,302365983899667
525248,863116914065457
16778176,863117450936337
3520,4805965644824577
17856,4838950960103427
67008,4805965611270147
4195776,14373915796176897
16778688,5366717078306817
10688,337619075465217
68032,306764030410755
264640,302435240247297
526784,865315937320977
1051072,302370280964097
2099648,865315937325057
4196800,5368915564691457
8391104,337550355988737
33556928,302366520836097
12736,335557474385937
20928,335420035432467
70080,302434686599187
266688,300373639168017
528832,863185616764977
16781760,863186153635857
25024,405788779610115
41408,335561769353217
139712,4839157101756417
532928,898369988853777
1057216,335424332496897
2105792,898369988857857
4202944,5401969616224257
33563072,335420572368897
49600,335424330399747
147904,4839019662802947
8405440,405720060133635
98752,302438981566467
295360,300377934135297
1081792,300248550342657
16810432,863190448603137
197056,4806034313969667
393664,4803973266538497
4325824,14373984498876417
16908736,5366785781006337
786880,863186153635857
1311168,300240497278977
2359744,863186153639937
4456896,5366785781006337
8651200,335420572303617
17039808,863187227377665
1573312,863121194352657
8913344,898301269377297
17301952,1989017341001745
34079168,863117434224657
3146176,863121194356737
5243328,5366720821723137
9437632,335355613020417
34603456,300171777867777
10486208,898301269381377
18874816,1989017341005825
35652032,863117434228737
12583360,5401900896747777
20971968,6492616968372225
37749184,5366717061595137
41943488,335351852892417
50332096,863118507966465
3776,4506898549178385
5824,4504768178290737
18112,4522291644858387
132800,13511967433031697
263872,4504768715161617
526016,4786174435524657
1050304,4504703755878417
4196032,13793373690265617
16778944,4786174972395537
33556160,4504699995750417
10944,20959760220177
35520,3371869143057
133824,4506967201546257
2099904,284773831413777
4197056,4788373458780177
8391360,20891040743697
12992,18898142363697
21184,18760703410227
37568,1310251286577
135872,4504905583689777
1053376,1172814430257
16782016,282644030947377
33559232,1169054302257
25280,53945075499027
74432,20959726665747
271040,18898679234577
82624,20891007189015
279232,18761240281107
541376,300166960644147
1065664,18696280997907
8405696,53876356022547
16794304,300167497515027
33571520,18692520869907
99008,3371835588627
295616,1310788157457
1082048,1181404364817
197312,4506967167991827
2163392,284773797859347
4260544,4788373425225747
8454848,20891007189267
393920,4504906120560657
787136,282644030947377
1311424,1173351301137
1573568,282579071664177
2622144,845524728025137
4719296,5349124355391537
34079424,282575311536177
17826496,282579608535057
34603712,1104631889937
18875072,845525264896017
20972224,5349124892262417
7360,4506967201546257
11456,4524559387590657
36032,4506971496513537
527552,4788373458780177
2100416,4788373458784257
8391872,4524490668114177
70848,4506967167991827
136384,13512104838430737
267456,4504906120560657
25792,4557544702869507
74944,4524559354036227
140480,13529697024475137
271552,4522498306605057
83136,4524490634559495
148672,13529559585521667
279744,4522360867651587
1066176,4522295908368387
4211904,13810965842755587
8406208,4557475983393027
16794816,4803767124885507
33572032,4522292148240387
99520,4506971462959107
165056,13512109133398017
296128,4504910415527937
1082560,4504781031735297
591040,4788373425225747
2163904,4788373425229827
8455360,4524490634559747
1180864,13511971696541697
16909504,13793442913058817
33686720,13511967936413697
1311936,4504772978671617
4457664,13793442913058817
4719808,14356323610132497
17302720,5349124892262417
5244096,13793377953775617
17827008,4786179235905537
34604224,4504704259260417
6292672,14356323610136577
18875584,5349124892266497
37749952,13793374193647617
14528,21097165619217
22720,20959726665747
39104,3509274542097
71872,7765587132435
137408,4507104606945297
530624,284842517332017
1054912,3371837685777
16783552,284843054202897
33560768,3368077557777
43200,21101460586497
75968,25357773176835
141504,4524696792989697
1059008,20964023730177
8399040,56144098754817
16787648,302435240247297
33564864,20960263602177
51392,20964021633027
84160,25289053700103
149696,4524559354036227
542912,302365983899667
2115776,302365983903747
4212928,4805965611270147
100544,7769882099715
166080,4507108901912577
16812224,284847349170177
33589440,3372372525057
198848,4511365214502915
592064,289171844366355
2164928,289171844370435
4262080,4792771471736835
8456384,25289053700355
1181888,4506971465056257
4327616,13795641399443457
16910528,4788442681573377
33687744,4506967704928257
788672,284843054202897
2361536,284843054206977
4458688,4788442681573377
8652992,20960263536897
17041600,284844127944705
33818816,3369151299585
1575104,284778094919697
2623680,847723751280657
4720832,5351323378647057
34080960,284774334791697
3147968,284778094923777
5245120,4788377722290177
9439424,20895304253697
6293696,5351323378651137
35653824,284774334795777
37750976,4788373962162177
25168064,302366520770817
41945280,20891544125697
50333888,284775408533505
274624,19173540364305
536768,300373102297137
1061056,18902422650897
8401088,54082497675537
16789696,300373639168017
33566912,18898662522897
53440,18902420553747
86208,20959709888535
151744,4522497752956947
544960,300235663343667
1069248,18764983697427
8409280,53945058722067
16797888,300236200214547
33575104,18761223569427
299200,1585649287185
561344,282785211220017
16814272,282785748090897
33591488,1310771445777
2166976,284842500558867
4264128,4788442127925267
8458432,20959709888787
397504,4505180981690385
659648,4786380543623217
1183936,4504909863976977
4329664,13793579798364177
16912576,4786381080494097
33689792,4504906103848977
2363584,282781453127697
4460736,4786381080494097
8655040,18898662457617
17043648,282782526865425
33820864,1307550220305
1577152,282647774363697
2625728,845593430724657
4722880,5349193058091057
34083008,282644014235697
17830080,282648311234577
34607296,1173334589457
18878656,845593967595537
20975808,5349193594961937
549056,335420035432467
2121920,335420035436547
4219072,4839019662802947
8413376,124313802899715
303296,19177835331585
8429760,54086792642817
16818368,300377934135297
33595584,18902957490177
598208,302434686599187
2171072,302434686603267
4268224,4806034313969667
401600,4522773167734785
1188032,4522502050021377
4333760,13811171984408577
8528064,4557682125046017
16916672,4803973266538497
33693888,4522498289893377
794816,300373639168017
2367680,300373639172097
4464832,4803973266538497
17047744,300374712909825
33824960,18899736264705
17309888,863186153635857
9445568,53949355786497
17834176,300240497278977
34611392,18765520633857
18882752,863186153639937
20979904,5366785781006337
25174208,335420572303617
41951424,53945595658497
114880,20964004855815
180416,4522502047924227
8437952,53949353689347
16826560,300240495181827
33603776,18765518536707
213184,4524559337259015
606400,302365967122455
2179264,302365967126535
4276416,4805965594492935
1196224,4522364611067907
4341952,13811034545455107
8536256,4557544686092547
16924864,4803835827585027
33702080,4522360850939907
803008,300236200214547
2375872,300236200218627
4473024,4803835827585027
17055936,300237273956355
33833152,18762297311235
1589440,300171240931347
2638016,863116897292307
4735168,5366716524658707
8929472,335351315955987
34095296,300167480803347
3162304,300171240935427
5259456,4803770868301827
6308032,5366716524662787
10502336,335351315960067
35668160,300167480807427
12599488,4838950943326467
37765312,4803767108173827
50348224,300168554545155
622784,284846795522067
2195648,284846795526147
4292800,4788446422892547
8487104,20964004856067
426176,4505185276657665
4358336,13793584093331457
16941248,4786385375461377
33718464,4504910398816257
819392,282785748090897
2392256,282785748094977
4489408,4786385375461377
8683712,18902957424897
17072320,282786821832705
33849536,1311845187585
1605824,282656364298257
17334464,845598262558737
3178688,282656364302337
5275840,4786255991668737
9470144,18773573632257
18907328,845598262562817
21004480,5349197889929217
721088,4788442127925267
2293952,4788442127929347
8585408,4524559337259267
8978624,302365967122707
10551488,302365967126787
12648640,4805965594493187
917696,4786381080494097
2490560,4786381080498177
8782016,4522498289828097
17170624,4786382154235905
33947840,4504907177590785
4849856,14356392312832017
17432768,5349193594961937
5374144,13793446656475137
17957056,4786247938605057
34734272,4504772961959937
6422720,14356392312836097
19005632,5349193594966017
37880000,13793442896347137
1835200,282648311234577
2883776,845593967595537
4980928,5349193594961937
17563840,845595041333265
3408064,282648311238657
5505216,4786247938605057
9699520,18765520568577
18088128,282649384976385
34865344,1174408331265
6553792,5349193594966017
19136704,845595041337345
21233856,5349194668703745
50593984,282647235461121
3670208,845529008312337
5767360,5349128635678737
35127488,282579591823377
19398848,1971425154961425
36176064,845525248184337
21496000,6475024782327825
38273216,5349124875550737
25690304,863117434159377
50856128,845526321922065
7340224,5349128635682817
36700352,282579591827457
38797504,4786179219193857
26214592,300171777802497
42991808,18696801157377
51380416,282580665565185
23068864,6475024782331905
39846080,5349124875554817
27263168,863117434163457
52428992,845526321926145
29360320,5366717061529857
54526144,5349125949292545
5952,4802735828369457
10048,4837920200458257
67392,4803766620520467
132928,13809935083110417
264000,4802736365240337
2099008,5365617062318097
8390464,4837851480981777
33556288,4802667645829137
6976,300235712626737
11072,335420084715537
265024,300236249497617
2100032,863116946575377
4197184,5366716573941777
8391488,335351365239057
33557312,300167530086417
37696,299277901365297
70464,300235679072307
136000,4802873233768497
529216,862086120865905
2102080,862086120869937
4199232,5365685748236337
8393536,334320539533617
33559360,299136704380977
25408,404689283710995
41792,334462273454097
74560,335420051161107
140096,4838057605857297
2106176,897270492958737
4203328,5400870120325137
33563456,334321076469777
49984,334324834500627
82752,335351331684375
148288,4837920166903827
1065792,334256116072467
8405824,404620564234515
295744,299278438236177
557888,862090415833137
16810816,862090952704017
328512,300236215943187
2163520,863116913020947
4260672,5366716540387347
8454976,335351331684627
33620800,300167496531987
394048,4802873770639377
656192,5365685748236337
4326208,14372885002977297
16909120,5365686285107217
2360128,862086657740817
4457280,5365686285107217
8651584,334321076404497
17040192,862087731478545
1573696,862021697404977
2622272,1987917308235825
4719424,6491516935602225
17826624,862022234275857
10486592,897201773482257
18875200,1987917845106705
35652416,862017938329617
12583744,5400801400848657
20972352,6491517472473105
37749568,5365617565696017
41943872,334252356993297
50332480,862019012067345
11584,4839019712086017
134464,13811034594738177
265536,4803835876868097
527680,5366716573941777
2100544,5366716573945857
8392000,4838950992609537
33557824,4803767157456897
13632,4838057605857297
21824,4837920166903827
136512,13810072488509457
267584,4802873770639377
529728,5365685748236337
4199744,14372885002977297
16782656,5365686285107217
25920,4908288911081475
42304,4838061900824577
75072,4839019678531587
533824,5400870120325137
2106688,5400870120329217
33563968,4837920703840257
50496,4837924461871107
83264,4838950959054855
1066304,4837855743442947
8406336,4908220191604995
165184,13810076783476737
296256,4802878065606657
4228416,14372889297944577
16811328,5365690580074497
197952,13811034561183747
329024,4803835843313667
591168,5366716540387347
2164032,5366716540391427
8455488,4838950959055107
33621312,4803767123902467
656704,14372885002977297
2229568,14372885002981377
4326720,32387283512459265
8521024,13845119421645057
33686848,13809935586492417
787776,5365686285107217
2360640,5365686285111297
8652096,4837920703774977
17040704,5365687358849025
4719936,15498716190343185
8914240,5400801400848657
17302848,6491517472473105
34080064,5365617565696017
5244224,14372820579516417
17827136,5365621861646337
6292800,15498716190347265
10487104,5400801400852737
18875712,6491517472477185
35652928,5365617565700097
41944384,4837851984363777
50332992,5365618639437825
14656,335557490114577
22848,335420051161107
72000,302434702327827
268608,300373654896657
530752,863185632493617
16783680,863186169364497
26944,405788795338755
43328,335561785081857
141632,4839157117485057
534848,898370004582417
2107712,898370004586497
4204864,5401969631952897
33564992,335420588097537
51520,335424346128387
149824,4839019678531587
1067328,335355627700227
8407360,405720075862275
100672,302438997295107
297280,300377949863937
16812352,863190464331777
198976,4806034329698307
1116480,302370278866947
395584,4803973282267137
4327744,14373984514605057
16910656,5366785796734977
788800,863186169364497
2361664,863186169368577
4458816,5366785796734977
8653120,335420588032257
17041728,863187243106305
8915264,898301285105937
17303872,1989017356730385
34081088,863117449953297
17828160,863121745903617
10488128,898301285110017
18876736,1989017356734465
35653952,863117449957377
12585280,5401900912476417
20973888,6492616984100865
37751104,5366717077323777
41945408,335351868621057
50334016,863118523695105
45376,334737134583825
143680,4838332466987025
1061184,334462257725457
8401216,404826705887505
86336,335420034383895
1069376,334324818771987
8409408,404689266934035
102720,300377396215827
299328,299553299365905
1085760,299286475571217
2134336,862227838013457
4231488,5365827465379857
8425792,334462256677137
33591616,299278421524497
201024,4803972728619027
2167104,863185615720467
4264256,5366785243086867
8458560,335420034384147
33624384,300236199231507
397632,4803148631769105
2232640,5365823170416657
8524096,4838057589080337
33689920,4802873753927697
1315136,299278422507537
33820992,299275200299025
1577280,862090400104497
2625856,1987986010935345
4723008,6491585638301745
17830208,862090936975377
10490176,897270476181777
18878784,1987986547806225
35656000,862086641029137
12587328,5400870103548177
20975936,6491586175172625
37753152,5365686268395537
41947456,334321059692817
50336064,862087714766865
90432,405788778561543
1073472,404693562949635
172352,4838336761954305
8429888,404831000854785
1122624,335424330399747
8462656,405788778561795
1188160,4838061885095937
8528192,4908426333257985
1581376,897274772193297
2629952,2023170383024145
4727104,6526770010390545
8921408,967639220355345
3154240,897274772197377
5251392,5400874399563777
34611520,334325355708417
6299968,6526770010394625
10494272,967639220359425
12591424,5471238847725825
41951552,404689803870465
115008,335424329351175
8438080,404693561901315
213312,4839019661754375
1130816,335355610923015
8470848,405720059085063
1196352,4837924446142467
8536384,4908288894304515
9453888,404624843473155
229696,4803977023586307
622912,863189910683667
1147200,300248548245507
2195776,863189910687747
4292928,5366789538054147
8487232,335424329351427
33653056,300240494198787
426304,4803152926736385
688448,5365827465379857
1212736,4802886102941697
2261312,5365827465383937
8552768,4838061884047617
33718592,4802878048894977
33849664,299279495266305
1605952,862098990039057
8945984,897274771144977
17334592,1987990842769425
34111808,862090935992337
3178816,862098990043137
5275968,5365698617409537
9470272,334333408706817
34636096,299149573554177
10518848,897274771149057
18907456,1987990842773505
35684672,862090935996417
12616000,5400874398515457
21004608,6491590470139905
37781824,5365690563362817
41976128,334325354660097
50364736,862092009734145
721216,5366785243086867
2294080,5366785243090947
8585536,4839019661754627
33751360,4803835826601987
1376576,300240495181827
33882432,300237272973315
1638720,863121192255507
2687296,1989016803086355
4784448,6492616430452755
3211584,863121192259587
5308736,5366720819625987
9503040,335355610923267
34668864,300171775770627
6357312,6492616430456835
1442112,4802878049878017
33947968,4802874827669505
4849984,15498784893042705
9044288,5400870103548177
17432896,6491586175172625
34210112,5365686268395537
5374272,14372889282215937
17957184,5365690564345857
6422848,15498784893046785
10617152,5400870103552257
19005760,6491586175176705
35782976,5365686268399617
42074432,4837920687063297
50463040,5365687342137345
1835328,862090936975377
2883904,1987986547806225
4981056,6491586175172625
17563968,1987987621543953
34341184,862087714766865
3408192,862090936979457
5505344,5365690564345857
9699648,334325355643137
18088256,862092010717185
6553920,6491586175176705
19136832,1987987621548033
35914048,862087714770945
21233984,6491587248914433
38011200,5365687342137345
42205504,334322133434625
9961792,897206052716817
18350400,1987922124341265
35127616,862022217564177
6816064,8743316732514321
11010368,2023101663547665
36176192,1987917828395025
13107520,6526701290914065
38273344,6491517455761425
50856256,1987918902132753
11534656,897206052720897
19923264,1987922124345345
36700480,862022217568257
13631808,5400805680087297
22020416,6491521751711745
38797632,5365621844934657
42991936,334256636231937
51380544,862023291305985
14680384,6526701290918145
39846208,6491517455765505
52429120,1987918902136833
54526272,6491518529503233
7744,4504768244351025
20032,4522291710918675
134720,13511967499091985
265792,4504768781221905
527936,4786174501584945
4197952,13793373756325905
16780864,4786175038455825
33558080,4504700061810705
529984,4785143642325105
1054272,4503672961630257
2102848,4785143642329137
8394304,4521260851659057
42560,4521402585579537
75328,4522360363286547
534080,4802735828369457
4204096,13809935083110417
8398400,4556445223747857
16787008,4802736365240337
33564224,4521261388595217
50752,4521265146626067
83520,4522291643809815
1066560,4521196428197907
2115136,4802667108896787
99904,4504772472209427
558656,4785147937292337
1082944,4503681551564817
4228672,13792347192033297
16811584,4785148474163217
33588800,4503673497518097
1115712,4504703753781267
2164288,4786174434480147
8455744,4522291643810067
1181248,13510872216371217
2229824,13792342897070097
4326976,31806741406547985
8521280,13528460106400017
1312320,4503673498501137
2360896,4785144179200017
8652352,4521261388529937
17040960,4785145252937745
33818176,4503670276292625
1574464,4785079218864177
8914496,4802667108892977
5244480,13792278473605137
17827392,4785079755735057
34604608,4503604779089937
35653184,4785075459788817
12584512,13809866363633937
25167424,4802667645763857
41944640,4521192669118737
50333248,4785076533526545
531008,282643526582385
1055296,1172845887537
2103872,282643526586417
4201024,4786243153952817
8395328,18760735916337
43584,18902469836817
141888,4522497802240017
535104,300235712626737
8399424,53945108005137
16788032,300236249497617
33565248,18761272852497
51776,18765030883347
150080,4522360363286547
1067584,18696312455187
2116160,300166993154067
4213312,4803766620520467
166464,4504909911162897
559680,282647821549617
1083968,1181435822097
16812608,282648358420497
33589824,1173381775377
657984,4786243153952817
4328000,13793442408693777
16910912,4786243690823697
33688128,4504768714178577
1313344,1173382758417
2361920,282644063457297
4459072,4786243690823697
8653376,18761272787217
17041984,282645137195025
33819200,1170160549905
1575488,282579103121457
8915520,300166993150257
17828416,282579639992337
34605632,1104663347217
6294080,5349124387901457
35654208,282575344046097
37751360,4786174971412497
25168448,300167530021137
41945664,18692553376017
50334272,282576417783825
45632,18077802561585
143936,4521673134964785
537152,299273606398065
1061440,17802925703217
2110016,299273606402097
4207168,4802873233768497
86592,18760702361655
545344,299136167444595
1069632,17665486749747
2118208,299136167448627
4215360,4802735794815027
168512,4504085243887665
561728,281685715320945
2134592,281685715324977
4231744,4785285342691377
8426048,17802924654897
594496,282643493027955
1118784,1172812333107
2167360,282643493031987
4264512,4786243120398387
8458816,18760702361907
660032,4785281047724145
1184320,4503810367029297
2232896,4785281047728177
8524352,4521398257058097
2626112,844493934825585
4723264,5348093562191985
34083392,281544518336625
17830464,281548814286897
34607680,73837641777
6296128,5348093562196017
35656256,281544518340657
37753408,4785144145707057
25170496,299136704315697
41947712,17661727670577
50336320,281545592078385
90688,53945074450455
1073728,52849858838547
2122304,334320539537427
4219456,4837920166903827
8413760,123214307000595
107072,18902436282387
303680,18078339432465
565824,299277901365297
1090112,17811515637777
8430144,52987296743697
16818752,299278438236177
33595968,17803461591057
205376,4522497768685587
598592,300235679072307
8462912,53945074450707
16851520,300236215943187
33628736,18761239298067
401984,4521673671835665
664128,4802873233768497
4334144,13810072488509457
8528448,4556582629146897
16917056,4802873770639377
33694272,4521398793994257
1319488,17803462574097
2368064,299274143272977
4465216,4802873770639377
17048128,299275217010705
33825344,17800240365585
2630208,862086120869937
4727360,5365685748236337
8921664,334320539533617
34087488,299136704380977
18883136,862086657740817
20980288,5365686285107217
25174592,334321076404497
41951808,52846099759377
180800,4521402552025107
574016,299140462411827
1098304,17674076684307
8438336,52849857790227
16826944,299140999282707
33604160,17666022637587
344640,18761239232535
606784,300166959595575
8471104,53876354973975
16859712,300167496466455
33636928,18692519821335
672320,4802735794815027
4342336,13809935049555987
8536640,4556445190193427
16925248,4802736331685907
33702464,4521261355040787
1327680,17666023620627
2376256,299136704319507
4473408,4802736331685907
17056320,299137778057235
33833536,17662801412115
1589824,299071743983667
9454144,52781139362067
17842752,299072280854547
34619968,17597304209427
6308416,5365617028763667
10502720,334251820060947
35668544,299067984908307
12599872,4837851447427347
37765696,4802667612274707
50348608,299069058646035
229952,4504909877608467
623168,282647787995187
1147456,1181402267667
16876096,282648324866067
33653312,1173348220947
426560,4504085780758545
688704,4785285342691377
1212992,4503818956963857
4358720,13792484597432337
16941632,4785285879562257
33718848,4503810902917137
2392640,281686252195857
4489792,4785285879562257
8684096,17803461525777
17072704,281687325933585
33849920,212349288465
1606208,281556867350577
2654784,844498229792817
4751936,5348097857159217
34112064,281548813303857
17859136,281557404221457
34636352,82427576337
18907712,844498766663697
21004864,5348098394030097
721472,4786243120398387
4391488,13793442375139347
16974400,4786243657269267
33751616,4504768680624147
1376832,1173349203987
2425408,282644029902867
4522560,4786243657269267
8716864,18761239232787
17105472,282645103640595
33882688,1170126995475
1638976,282579069567027
8979008,300166959595827
17891904,282579606437907
34669120,1104629792787
6357568,5349124354347027
35717696,282575310491667
37814848,4786174937858067
25231936,300167496466707
42009152,18692519821587
50397760,282576384229395
1442368,4503810903900177
2490944,4785281584599057
8782400,4521398793928977
17171008,4785282658336785
33948224,4503807681691665
2753088,5348093562196017
34210368,4785144145707057
6423104,14355292816936977
19006016,5348094099066897
37880384,13792343400448017
1835584,281548814286897
9175616,299136704315697
34341440,281545592078385
6554176,5348094099066897
19137088,844495545438225
21234240,5348095172804625
50594368,281547739562001
3670592,844429511364657
5767744,5348029138731057
35127872,281480094875697
6816320,6473924749561905
11010624,862017401393457
13107776,5365617028759857
42467904,299067984904497
19923520,844430048235537
22020672,5348029675601937
23069248,6473925286432785
39846464,5348025379655697
27263552,862017938264337
52429376,844426826027025
29360704,5365617565630737
54526528,5348026453393425
15424,4522497802240017
23616,4522360363286547
40000,4504909911162897
531520,4786243153952817
4201536,13793442408693777
16784448,4786243690823697
33561664,4504768714178577
44096,4522502097207297
4205632,13811034594738177
8399936,4557544735375617
16788544,4803835876868097
33565760,4522360900222977
52288,4522364658253827
543808,4803766620520467
1068096,4522295939825667
2116672,4803766620524547
1084480,4504781063192577
4230208,13793446703661057
16813120,4786247985790977
33590336,4504773009145857
658496,13793442408693777
1182784,13511971727998977
2231360,13793442408697857
4328512,31807840918175745
8522816,13529559618027777
789568,4786243690823697
1313856,4504773010128897
2362432,4786243690827777
8653888,4522360900157697
17042496,4786244764565505
33819712,4504769787920385
2624576,5349124387901457
34081856,4786174971412497
5246016,13793377985232897
17828928,4786179267362817
34606144,4504704290717697
35654720,4786174971416577
12586048,13810965875261697
25168960,4803767157391617
41946176,4522292180746497
50334784,4786176045154305
78912,4522497768685587
144448,13528872389705745
275520,4521673671835665
537664,4802873233768497
4207680,13810072488509457
8401984,4556582629146897
16790592,4802873770639377
33567808,4521398793994257
54336,4521402552025107
545856,4802735794815027
4215872,13809935049555987
8410176,4556445190193427
16798784,4802736331685907
33576000,4521261355040787
103488,4504909877608467
169024,13511284498628625
300096,4504085780758545
562240,4785285342691377
1086528,4503818956963857
4232256,13792484597432337
16815168,4785285879562257
33592384,4503810902917137
595008,4786243120398387
4265024,13793442375139347
16847936,4786243657269267
33625152,4504768680624147
1184832,13511009621770257
2233408,13792480302469137
4330560,31806878811947025
8524864,13528597511799057
1315904,4503810903900177
2364480,4785281584599057
8655936,4521398793928977
17044544,4785282658336785
33821760,4503807681691665
2626624,5348093562196017
34083904,4785144145707057
6296640,14355292816936977
18879552,5348094099066897
37753920,13792343400448017
91200,4557544701820935
549952,4837920166903827
1074240,4556449486209027
2122816,4837920166907907
8414272,4626813934371075
107584,4522502063652867
173120,13528876684673025
304192,4521677966802945
1090624,4521411143008257
4236352,13810076783476737
8430656,4556586924114177
16819264,4802878065606657
33596480,4521403088961537
4269120,13811034561183747
8463424,4557544701821187
16852032,4803835843313667
33629248,4522360866668547
664640,13810072488509457
1188928,13528601807814657
2237504,13810072488513537
4334656,31824470997991425
795712,4802873770639377
1320000,4521403089944577
2368576,4802873770643457
17048640,4802874844381185
33825856,4521399867736065
4727872,14372885002977297
17310784,5365686285107217
6300736,14372885002981377
18883648,5365686285111297
12592192,13845119421645057
37758016,13809935586492417
25175104,4837920703774977
41952320,4556445727129857
1098816,4521273704054787
4244544,13809939344523267
8438848,4556449485160707
16827456,4802740626653187
33604672,4521265650008067
214080,13529559584473095
345152,4522360866603015
4277312,13810965841707015
8471616,4557475982344455
16860224,4803767123836935
33637440,4522292147191815
672832,13809935049555987
1197120,13528464368861187
2245696,13809935049560067
4342848,31824333559037955
803904,4802736331685907
1328192,4521265650991107
2376768,4802736331689987
17056832,4802737405427715
33834048,4521262428782595
2638912,5365617028763667
8930368,4837851447427347
34096192,4802667612274707
5260352,13809870626095107
9454656,4556380766732547
17843264,4802671908225027
34620480,4521196931579907
10503232,4837851447431427
35669056,4802667612278787
50349120,4802668686016515
1147968,4504781029638147
4293696,13793446670106627
16876608,4786247952236547
33653824,4504772975591427
689216,13792484597432337
2262080,13792484597436417
4359232,31806883106914305
8553536,13528601806766337
820288,4785285879562257
2393152,4785285879566337
8684608,4521403088896257
17073216,4785286953304065
33850432,4503811976658945
4752448,14355297111900177
17335360,5348098394030097
5276736,13792355749462017
17859648,4785157031591937
34636864,4503682054946817
6325312,14355297111904257
18908224,5348098394034177
37782592,13792347695415297
721984,13793442375139347
1246272,13511971694444547
2294848,13793442375143427
4392000,31807840884621315
8586304,13529559584473347
853056,4786243657269267
1377344,4504772976574467
2425920,4786243657273347
8717376,4522360866603267
17105984,4786244731011075
33883200,4504769754365955
2688064,5349124354347027
34145344,4786174937858067
5309504,13793377951678467
17892416,4786179233808387
34669632,4504704257163267
35718208,4786174937862147
12649536,13810965841707267
25232448,4803767123837187
42009664,4522292147192067
50398272,4786176011599875
2753600,14355292816936977
4850752,32369691326414865
34210880,13792343400448017
17957952,13792347696398337
34735168,13510872719753217
6423616,32369691326418945
35783744,13792343400452097
37880896,31806741909929985
25297984,13809935586427137
42075200,13528460609782017
50463808,13792344474189825
2884672,5348094099066897
17564736,5348095172804625
5506112,13792347696398337
19137600,5348095172808705
12846144,13809935586427137
38011968,13792344474189825
50594880,4785147366932481
5768256,14355228393472017
18351168,5348029675601937
6816832,15481124004302865
19399744,6473925286432785
36176960,5348025379655697
13108288,14372816283500817
25691200,5365617565630737
50857024,5348026453393425
7341120,14355228393476097
19924032,5348029675606017
38798400,13792278976987137
14681152,14372816283504897
27264064,5365617565634817
52429888,5348026453397505
46138432,13809866867015937
276544,19173556092945
538688,300373118025777
8403008,54082513404177
16791616,300373654896657
33568832,18898678251537
55360,18902436282387
88128,20959725617175
153664,4522497768685587
546880,300235679072307
8411200,53945074450707
16799808,300236215943187
33577024,18761239298067
301120,1585665015825
563264,282785226948657
1087552,1318841221137
16816192,282785763819537
33593408,1310787174417
1120320,3371835588627
2168896,284842516287507
4266048,4788442143653907
8460352,20959725617427
399424,4505180997419025
661568,4786380559351857
4331584,13793579814092817
16914496,4786381096222737
33691712,4504906119577617
1316928,1310788157457
2365504,282781468856337
4462656,4786381096222737
8656960,18898678186257
17045568,282782542594065
33822784,1307565948945
2627648,845593446453297
4724800,5349193073819697
34084928,282644029964337
18880576,845593983324177
20977728,5349193610690577
550976,335420051161107
1075264,53949370466307
2123840,335420051165187
4220992,4839019678531587
8415296,124313818628355
305216,19177851060225
1091648,18911027265537
8431680,54086808371457
16820288,300377949863937
33597504,18902973218817
600128,302434702327827
1124416,20964021633027
2172992,302434702331907
4270144,4806034329698307
403520,4522773183463425
4335680,13811172000137217
8529984,4557682140774657
16918592,4803973282267137
33695808,4522498305622017
796736,300373654896657
1321024,18902974201857
2369600,300373654900737
4466752,4803973282267137
17049664,300374728638465
33826880,18899751993345
17311808,863186169364497
18884672,863186169368577
20981824,5366785796734977
25176128,335420588032257
41953344,53945611387137
116800,20964020584455
182336,4522502063652867
1099840,18773588312067
8439872,53949369417987
16828480,300240510910467
33605696,18765534265347
215104,4524559352987655
608320,302365982851095
1132608,20895302156295
2181184,302365982855175
4278336,4805965610221575
4343872,13811034561183747
8538176,4557544701821187
16926784,4803835843313667
33704000,4522360866668547
804928,300236215943187
1329216,18765535248387
2377792,300236215947267
4474944,4803835843313667
17057856,300237289684995
33835072,18762313039875
2639936,863116913020947
4737088,5366716540387347
8931392,335351331684627
34097216,300167496531987
9455680,53880650989827
17844288,300171792482307
34621504,18696815837187
6309952,5366716540391427
10504256,335351331688707
35670080,300167496536067
12601408,4838950959055107
37767232,4803767123902467
50350144,300168570273795
624704,284846811250707
2197568,284846811254787
4294720,4788446438621187
8489024,20964020584707
428096,4505185292386305
1214528,4504918468591617
4360256,13793584109060097
16943168,4786385391190017
33720384,4504910414544897
821312,282785763819537
2394176,282785763823617
4491328,4786385391190017
8685632,18902973153537
17074240,282786837561345
33851456,1311860916225
17336384,845598278287377
17860672,282656915849217
34637888,1181939204097
18909248,845598278291457
21006400,5349197905657857
723008,4788442143653907
1247296,4506971462959107
2295872,4788442143657987
8587328,4524559352987907
1640512,284778092822547
8980544,302365982851347
3213376,284778092826627
5310528,4788377720193027
9504832,20895302156547
10553408,302365982855427
12650560,4805965610221827
919616,4786381096222737
1443904,4504910415527937
2492480,4786381096226817
8783936,4522498305556737
17172544,4786382169964545
33949760,4504907193319425
4851776,14356392328560657
17434688,5349193610690577
6424640,14356392328564737
19007552,5349193610694657
37881920,13793442912075777
2885696,845593983324177
4982848,5349193610690577
17565760,845595057061905
6555712,5349193610694657
19138624,845595057065985
21235776,5349194684432385
50595904,282647251189761
18352192,845529559859217
19400768,1971425170690065
36177984,845525263912977
21497920,6475024798056465
38275136,5349124891279377
25692224,863117449888017
50858048,845526337650705
19925056,845529559863297
22022208,5349129187229697
23070784,6475024798060545
39848000,5349124891283457
27265088,863117449892097
52430912,845526337654785
29362240,5366717077258497
54528064,5349125965021185
110656,19177297412115
176192,4522227168968721
569408,299552762495025
1093696,18086376767505
8433728,53262157873425
16822336,299553299365905
33599552,18078322720785
208960,4522772629815315
1126464,18902420553747
2175040,300373101252627
4272192,4803972728619027
667712,4803148094898225
4337728,13810347349639185
8532032,4556857490276625
16920640,4803148631769105
33697856,4521673655123985
1323072,18078323703825
2371648,299549004402705
4468800,4803148631769105
17051712,299550078140433
33828928,18075101495313
1585216,299277885636657
9449536,52987281015057
17838144,299278422507537
34615360,17803445862417
6303808,5365823170416657
10498112,334457961713937
35663936,299274126561297
12595264,4838057589080337
37761088,4802873753927697
50344000,299275200299025
118848,18902419505175
184384,4521677413154835
2150464,299277884592147
4247616,4802877511958547
217152,4522497751908375
610368,300235662295095
8474688,53945057673495
16863296,300236199165975
33640512,18761222520855
1200192,4521402536296467
2248768,4802873216995347
1593408,299140446683187
9457728,52849842061587
17846336,299140983554067
34623552,17666006908947
6312000,5365685731463187
10506304,334320522760467
35672128,299136687607827
12603456,4837920150126867
37769280,4802736314974227
50352192,299137761345555
233536,4505184738738195
2199616,282785210175507
4296768,4786384837541907
8491072,18902419505427
692288,4785560203821105
1216576,4504093818093585
4362304,13792759458562065
16945216,4785560740691985
33722432,4504085764046865
2396224,281961113325585
4493376,4785560740691985
8687680,18078322655505
17076288,281962187063313
33853504,487210418193
8949824,299277884588337
3182656,281694289530897
5279808,4785293916897297
9474112,17811498860817
6328384,5348235279339537
35688512,281686235484177
37785664,4785285862850577
25202752,299278421459217
41979968,17803444814097
50368576,281687309221905
1249344,4504909861879827
2297920,4786380542578707
8589376,4522497751908627
1642560,282647772266547
8982592,300235662295347
17895488,282648309137427
34672704,1173332492307
6361152,5349193057046547
35721280,282644013191187
37818432,4786243640557587
25235520,300236199166227
42012736,18761222521107
50401344,282645086928915
1445952,4504085765029905
2494528,4785556445728785
8785984,4521673655058705
17174592,4785557519466513
33951808,4504082542821393
1708096,4785285326962737
9048128,4802873216991537
5378112,13792484581703697
17961024,4785285863833617
34738240,4503810887188497
35786816,4785281567887377
12718144,13810072471732497
25301056,4802873753862417
42078272,4521398777217297
50466880,4785282641625105
3412032,281686236467217
5509184,4785285863833617
9703488,17803445797137
18092096,281687310204945
34869312,212333559825
10752064,299274126496017
35917888,281683014258705
12849216,4802873753862417
38015040,4785282641625105
25432128,299275200233745
42209344,17800223588625
3674176,844498214064177
5771328,5348097841430577
35131456,281548797575217
6819904,6473993452261425
11014208,862086104092977
13111360,5365685731459377
42471488,299136687604017
19927104,844498750935057
22024256,5348098378301457
23072832,6473993989132305
39850048,5348094082355217
27267136,862086640963857
52432960,844495528726545
29364288,5365686268330257
54530112,5348095156092945
614464,335420034383895
1138752,53949353689095
2187328,335420034387975
4284480,4839019661754375
8478784,124313801851143
1597504,334324818771987
8937536,404689266934035
3170368,334324818776067
5267520,4837924446142467
9461824,123218586239235
10510400,404689266938115
12607552,4908288894304515
237632,4522776924782595
630848,300377396215827
2203712,300377396219907
4300864,4803977023586307
1220672,4521686004137985
4366400,13810351644606465
8560704,4556861785243905
16949312,4803152926736385
33726528,4521677950091265
827456,299553299365905
2400320,299553299369985
4497472,4803152926736385
17080384,299554373107713
33857600,18079396462593
1613888,299286475571217
2662464,862227838013457
4759616,5365827465379857
8953920,334462256677137
34119744,299278421524497
3186752,299286475575297
5283904,4802886102941697
6332480,5365827465383937
10526784,334462256681217
35692608,299278421528577
12623936,4838061884047617
37789760,4802878048894977
50372672,299279495266305
729152,4803972728619027
1253440,4522502047924227
2302016,4803972728623107
2695232,863185615720467
4792384,5366785243086867
8986688,335420034384147
34152512,300236199231507
9510976,53949353689347
17899584,300240495181827
34676800,18765518536707
6365248,5366785243090947
10559552,335420034388227
35725376,300236199235587
12656704,4839019661754627
37822528,4803835826601987
50405440,300237272973315
925760,4803148631769105
1450048,4521677951074305
2498624,4803148631773185
17178688,4803149705510913
33955904,4521674728865793
2760768,5365823170416657
9052224,4838057589080337
34218048,4802873753927697
5382208,13810076767748097
9576512,4556586908385537
17965120,4802878049878017
34742336,4521403073232897
10625088,4838057589084417
35790912,4802873753931777
50470976,4802874827669505
1843264,299278422507537
34349120,299275200299025
3416128,299278422511617
5513280,4802878049878017
18096192,299279496249345
34873408,17804519604225
35921984,299275200303105
38019136,4802874827669505
18358336,862090936975377
11018304,897270476181777
19406912,1987986547806225
36184128,862086641029137
13115456,5400870103548177
21504064,6491586175172625
38281280,5365686268395537
42475584,334321059692817
50864192,862087714766865
19931200,862090936979457
22028352,5365690564345857
26222656,334325355643137
42999872,52850378998017
14688320,5400870103552257
23076928,6491586175176705
39854144,5365686268399617
44048448,334321059696897
52437056,862087714770945
46145600,4837920687063297
54534208,5365687342137345
58728512,334322133434625
245824,4522502046875655
1163328,18773571534855
8503360,53949352640775
16891968,300240494133255
33669184,18765517488135
704576,4802877511958547
2277440,4802877511962627
1622080,299149036617747
2670656,862090399059987
4767808,5365690026426387
8962112,334324817723667
34127936,299140982571027
3194944,299149036621827
5292096,4802748663988227
6340672,5365690026430467
10534976,334324817727747
35700800,299140982575107
12632128,4837924445094147
37797952,4802740609941507
50380864,299142056312835
4407360,13811034544406535
8601664,4557544685043975
16990272,4803835826536455
33767488,4522360849891335
868416,300236199165975
1392704,18765518471175
2441280,300236199170055
4538432,4803835826536455
17121344,300237272907783
33898560,18762296262663
2703424,863116896243735
4800576,5366716523610135
8994880,335351314907415
34160704,300167479754775
9519168,53880634212615
17907776,300171775705095
34684992,18696799059975
6373440,5366716523614215
10567744,335351314911495
35733568,300167479758855
12664896,4838950942277895
37830720,4803767107125255
50413632,300168553496583
2768960,5365685731463187
9060416,4837920150126867
34226240,4802736314974227
5390400,13809939328794627
9584704,4556449469432067
17973312,4802740610924547
34750528,4521265634279427
10633280,4837920150130947
35799104,4802736314978307
50479168,4802737388716035
1851456,299140983554067
34357312,299137761345555
3424320,299140983558147
5521472,4802740610924547
18104384,299142057295875
34881600,17667080650755
35930176,299137761349635
38027328,4802737388716035
3686464,862021680631827
5783616,5365621307998227
9977920,334256099295507
35143744,299072264142867
6832192,6491516918829075
7356480,5365621308002307
11550784,334256099299587
36716608,299072264146947
13647936,4837855726665987
38813760,4802671891513347
51396672,299073337884675
753728,4786384837541907
2326592,4786384837545987
8618048,4522502046875907
1671232,282656362201107
2719808,845597724643347
4816960,5349197352009747
34177088,282648308154387
3244096,282656362205187
5341248,4786255989571587
9535552,18773571535107
6389824,5349197352013827
35749952,282648308158467
37847104,4786247935524867
25264192,300240494133507
42041408,18765517488387
50430016,282649381896195
950336,4785560740691985
2523200,4785560740696065
8814656,4521677950025985
17203264,4785561814433793
33980480,4504086837788673
1736768,4785293916897297
2785344,5348235279339537
34242624,4785285862850577
3309632,4785293916901377
9601088,4521411126231297
35815488,4785285862854657
12746816,13810076766699777
25329728,4802878048829697
42106944,4521403072184577
50495552,4785286936592385
9207872,299278421459217
34373696,281687309221905
10780736,299278421463297
35946560,281687309225985
12877888,4802878048829697
38043712,4785286936592385
25460800,299279495201025
42238016,17804518555905
3702848,844506803998737
5800000,5348106431365137
35160128,281557387509777
19431488,1970398656729105
36208704,844498749952017
21528640,6473998284095505
38305856,5348098377318417
25722944,862090935927057
50888768,844499823689745
7372864,5348106431369217
36732992,281557387513857
38830144,4785157014880257
26247232,299149573488897
43024448,17674596843777
51413056,281558461251585
23101504,6473998284099585
39878720,5348098377322497
27295808,862090935931137
52461632,844499823693825
29392960,5365690563297537
54558784,5348099451060225
2818112,5349193057046547
34275392,4786243640557587
5439552,13793446654377987
18022464,4786247936507907
34799680,4504772959862787
35848256,4786243640561667
12779584,13811034544406787
25362496,4803835826536707
42139712,4522360849891587
50528320,4786244714299395
1900608,282648309137427
9240640,300236199166227
34406464,282645086928915
3473472,282648309141507
5570624,4786247936507907
9764928,18765518471427
18153536,282649382879235
34930752,1174406234115
10813504,300236199170307
35979328,282645086932995
12910656,4803835826536707
38076480,4786244714299395
25493568,300237272908035
42270784,18762296262915
3735616,845529006215187
5832768,5349128633581587
35192896,282579589726227
6881344,6475024244412435
11075648,863116896243987
13172800,5366716523610387
42532928,300167479755027
7405632,5349128633585667
36765760,282579589730307
38862912,4786179217096707
26280000,300171775705347
43057216,18696799060227
51445824,282580663468035
14745664,5366716523614467
44105792,300167479759107
46202944,4803767107125507
58785856,300168553496835
1966144,4785285863833617
9306176,4802873753862417
34472000,4785282641625105
3539008,4785285863837697
9830464,4521403073167617
18219072,4785286937575425
34996288,4503811960930305
10879040,4802873753866497
36044864,4785282641629185
25559104,4802874827604225
42336320,4521399850959105
5898304,14355297096171537
18481216,5348098378301457
6946880,15481192707002385
19529792,6473993989132305
36307008,5348094082355217
13238336,14372884986200337
25821248,5365686268330257
50987072,5348095156092945
7471168,14355297096175617
20054080,5348098378305537
38928448,13792347679686657
14811200,14372884986204417
27394112,5365686268334337
52559936,5348095156097025
46268480,13809935569715457
3932224,844498750935057
6029376,5348098378301457
18612288,844499824672785
7077952,6473993989132305
11272256,862086640963857
19660864,1970395435503633
36438080,844495528726545
13369408,5365686268330257
21758016,6473995062870033
38535232,5348095156092945
25952320,862087714701585
7602240,5348098378305537
20185152,844499824676865
22282304,5348099452043265
51642432,281552018800641
14942272,5365686268334337
23330880,6473995062874113
40108096,5348095156097025
27525184,862087714705665
29622336,5365687342072065
58982464,299139908829441
20447296,1970329938300945
37224512,844430031523857
22544448,6473929565667345
39321664,5348029658890257
26738752,862022217498897
51904576,844431105261585
40370240,6473925269721105
27787328,1987917828329745
44564544,862017921552657
52953152,1970326716092433
29884480,6491517455696145
46661696,5365617548919057
55050304,6473926343458833
59244608,862018995290385
24117312,6473929565671425
40894528,5348029658894337
28311616,862022217502977
53477440,844431105265665
30408768,5365621844869377
55574592,5348030732632065
31457344,6491517455700225
48234560,5365617548923137
56623168,6473926343462913
60817472,862018995294465
62914624,5365618622660865
3968,4805965443498000
6016,4803835072610352
10112,4839019444699152
18304,4838950725222417
67456,4805965376389137
132992,13811034327351312
1050496,4803770650198032
2099072,5366716306558992
8390528,4838950725222672
16779136,5366716574990352
35712,302438763462672
68480,306763795529745
134016,4806034095865872
265088,302434736930832
33557376,302366017519632
21376,335419783774257
37760,300377145606192
70528,302434434940977
136064,4803972478009392
267136,300373119074352
529280,863185365106800
1053568,300239708749872
2102144,863185365110832
4199296,5366784992477232
8393600,335419783774512
16782208,863185633542192
41856,335561517694992
74624,337618807029777
140160,4839156850098192
271232,335557491163152
1057664,335424080838672
2106240,898369737199632
4203392,5401969364566032
16786304,898370005630992
1065856,335355361361937
2114432,898301017722897
4211584,5401900645089297
16794496,898301286154257
557952,863189660074032
1082240,300248298684432
1115008,302370012528657
2163584,865315668889617
4260736,5368915296256017
8455040,337550087553297
16843648,865315937320977
656256,5366784992477232
4326272,14373984247218192
787328,863185633542192
17040256,863186170413072
2622336,1989016552476720
4719488,6492616179843120
17302400,1989016820908080
34079616,863116914130992
3146624,863120942698512
5243776,5366720570064912
9438080,335355361362192
17826688,863121211129872
10486656,898301017723152
12583808,5401900645089552
25166720,898301286154512
50332544,863117451001872
7552,4806034095865872
36224,4806038390833152
68992,4810363422900225
265600,4806034364301312
33557888,4805965644890112
13696,4839156850098192
136576,13811171732750352
529792,5366784992477232
4199808,14373984247218192
42368,4839161145065472
75136,4841218434400257
271744,4839157118533632
533888,5401969364566032
1058176,4839023708209152
2106752,5401969364570112
16786816,5401969633001472
148864,13846218665885697
542080,5401900645089297
1066368,4838954988732417
2114944,5401900645093377
16795008,5401900913524737
165248,13811176027717632
1082752,4803847926054912
4228480,14373988542185472
198016,13813233317052417
591232,5368915296256017
1115520,4805969639899137
2164096,5368915296260097
8455552,4841149714923777
16844160,5368915564691457
394624,13811172001185792
656768,14373984247218192
1181056,13811038590861312
2229632,14373984247222272
4326784,32388382756700160
8521088,13846218665885952
16909696,14373984515653632
4457856,14373984515653632
17040768,5366785797783552
1574272,5366720570064912
4720000,15499815434584080
8914304,5401900645089552
3147136,5366720570068992
9438592,4838954988732672
17827200,5366720838500352
6292864,15499815434588160
10487168,5401900645093632
20972928,15499815703019520
37750144,14373915796242432
25167232,5401900913524992
50333056,5366717078372352
22912,337618807029777
39296,302576168861712
137600,4806171501264912
268672,302572142329872
1055104,302438732005392
2103680,865384388366352
4200832,5368984015732752
8395136,337618807030032
16783744,865384656797712
27008,407987551207425
76160,342016853540865
8399232,407987551207680
33565056,337619075530752
51584,337623101997057
149888,4841218434400257
280960,337619075465217
8407424,407918831730945
33573248,337550356054017
166272,4806175796232192
297344,302576437297152
559488,865388683329552
2132352,865388683333632
4229504,5368988310700032
8423808,337623101997312
16812416,865388951764992
592256,869713715396625
1116544,306768059039745
2165120,869713715400705
4262272,5373313342767105
8456576,341948134064385
16845184,869713983832065
395648,4806171769700352
657792,5368984015732752
1182080,4806038359375872
2230656,5368984015736832
8522112,4841218434400512
16910720,5368984284168192
788864,865384656797712
1313152,302439000440832
2361728,865384656801792
4458880,5368984284168192
8653184,337619075465472
33819008,302435240312832
2623872,1991215575732240
4721024,6494815203098640
17303936,1991215844163600
34081152,865315937386512
34605440,302370281029632
6293888,6494815203102720
18876800,1991215844167680
35654016,865315937390592
20973952,6494815471534080
37751168,5368915564756992
41945472,337550356054272
29056,405925950128145
45440,335836378824720
143744,4839431711227920
274816,335832352292880
8401280,405925950128400
33567104,335557474451472
53632,335561500917777
151936,4839156833320977
283008,335557474385937
1069440,335424064061457
2118016,898369720422417
4215168,5401969347788817
16798080,898369988853777
102784,302576152084497
2134400,863327082254352
4231552,5366926709620752
8425856,335561500918032
16814464,863327350685712
201088,4806171484487697
332160,302572125552657
1118592,302438715228177
2167168,865384371589137
4264320,5368983998955537
8458624,337618790252817
16847232,865384640020497
1184128,4803976758296592
2232704,5366922414657552
8524160,4839156833321232
16912768,5366922683088912
1315200,300377399361552
2363776,863323055722512
4460928,5366922683088912
8655232,335557474386192
33821056,300373639233552
2625920,1989085255176240
4723072,6492684882542640
17305984,1989085523607600
34083200,863185616830512
3150208,863189645398032
5247360,5366789272764432
9441664,335424064061712
17830272,863189913829392
10490240,898369720422672
12587392,5401969347789072
25170304,898369988854032
50336128,863186153701392
57728,405930245095425
156032,4909525577498625
287104,405926218563585
549248,968738464595985
1073536,405792808239105
2122112,968738464600065
4219264,5472338091966465
8413568,546525999530241
16802176,968738733031425
172416,4839436006195200
303488,335836647260160
8429952,405930245095680
33595776,335561769418752
8462720,407987534430465
33628544,337619058753537
401792,4839431979663360
8528256,4909525577498880
33694080,4839157101821952
8659328,405926218563840
2630016,2024269627265040
4727168,6527869254631440
8921472,968738464596240
17310080,2024269895696400
34087296,898369988919312
9445760,405792808239360
34611584,335424332562432
6300032,6527869254635520
10494336,968738464600320
18882944,2024269895700480
35660160,898369988923392
12591488,5472338091966720
20980096,6527869523066880
37757312,5401969616289792
25174400,968738733031680
180608,4839161128288257
311680,335561769353217
573824,898374015385617
2146688,898374015389697
4243840,5401973642756097
16826752,898374283821057
409984,4839157101756417
672128,5401969347788817
1196416,4839023691431937
2244992,5401969347792897
16925056,5401969616224257
803200,898369988853777
1327488,335424332496897
2376064,898369988857857
4473216,5401969616224257
33833344,335420572368897
2638208,2024200907788305
4735360,6527800535154705
8929664,968669745119505
17318272,2024201176219665
34095488,898301269442577
9453952,405724088762625
34619776,335355613085697
6308224,6527800535158785
10502528,968669745123585
18891136,2024201176223745
35668352,898301269446657
12599680,5472269372489985
20988288,6527800803590145
37765504,5401900896813057
25182592,968670013554945
229760,4806175779454977
360832,302576420519937
622976,865388666552337
2195840,865388666556417
4292992,5368988293922817
8487296,337623085220097
16875904,865388934987777
688512,5366926709620752
2261376,5366926709624832
8552832,4839161128288512
16941440,5366926978056192
819584,863327350685712
2392448,863327350689792
4489600,5366926978056192
8683904,335561769353472
33849728,300377934200832
8946048,898374015385872
34636160,300248550408192
10518912,898374015389952
12616064,5401973642756352
25198976,898374283821312
50364800,863190448668672
459136,4806171752923137
721280,5368983998955537
1245568,4806038342598657
2294144,5368983998959617
8585600,4841218417623297
16974208,5368984267390977
852352,865384640020497
1376640,302438983663617
2425216,865384640024577
4522368,5368984267390977
8716672,337619058688257
33882496,302435223535617
2687360,1991215558955025
4784512,6494815186321425
17367424,1991215827386385
34144640,865315920609297
34668928,302370264252417
6357376,6494815186325505
18940288,1991215827390465
35717504,865315920613377
21037440,6494815454756865
37814656,5368915547979777
42008960,337550339277057
917888,5366922683088912
1442176,4803977026732032
2490752,5366922683092992
8782208,4839157101756672
33948032,4803973266604032
1704320,5366789272764432
4850048,15499884137283600
9044352,5401969347789072
3277184,5366789272768512
9568640,4839023691432192
17957248,5366789541199872
6422912,15499884137287680
10617216,5401969347793152
21102976,15499884405719040
37880192,14373984498941952
25297280,5401969616224512
50463104,5366785781071872
1835392,863189913829392
9175424,898369988854032
17564032,1989086060478480
34341248,863186153701392
3408256,863189913833472
5505408,5366789541199872
9699712,335424332497152
34865536,300240497344512
10748288,898369988858112
19136896,1989086060482560
35914112,863186153705472
12845440,5401969616224512
21234048,6492685687848960
38011264,5366785781071872
42205568,335420572369152
50594176,863187227443200
3670400,1989020832763920
5767552,6492620460130320
18350464,1989021101195280
35127680,863121194418192
6816128,8744415976755216
11010432,2024200907788560
19399040,4240816617820176
13107584,6527800535154960
21496192,8744416245186576
25690496,2024201176219920
42467712,898301269442832
50856320,1989017341067280
7340416,6492620460134400
19923328,1989021101199360
36700544,863121194422272
22020480,6492620728565760
38797696,5366720821788672
42992000,335355613085952
14680448,6527800535159040
23069056,8744416245190656
27263360,2024201176224000
44040576,898301269446912
52429184,1989017341071360
29360512,6527800803590400
46137728,5401900896813312
54526336,6492616968437760
11904,4524559186264080
20096,4524490466787345
36480,4506971295186960
69248,4511296327254033
265856,4506967268655120
2100864,4788373257457680
8392320,4524490466787600
16780928,4788373525889040
33558144,4506898549243920
22144,4522360095899697
530048,4786242886566000
2102912,4786242886570032
8394368,4522360095899952
16782976,4786243155001392
33560192,4504768178356272
26240,4557544467988497
42624,4522501829820432
75392,4524559119155217
272000,4522497803288592
534144,4803835072610352
1058432,4522364392964112
4204160,13811034327351312
8398464,4557544467988752
149120,13529559350640657
542336,4803766353133617
1066624,4522295673487377
4212352,13810965607874577
8406656,4557475748512017
99968,4506971228078097
296576,4504909912211472
558720,4786247181533232
4228736,13793446436274192
329344,4506967201546257
2164352,4788373190348817
8455808,4524490399678737
16844416,4788373458780177
33621632,4506898482135057
2229888,13793442141310992
4327040,31807840650788880
8521344,13529559350640912
16909952,13793442409742352
33687168,13511967433097232
788096,4786243155001392
1312384,4504772475355152
4458112,13793442409742352
17041024,4786243691872272
33818240,4504768715227152
8914560,4803766353133872
34080384,4786174435590192
3147392,4786178464157712
9438848,4522295673487632
17827456,4786178732589072
34604672,4504703755943952
18876032,5349124388950032
12584576,13810965607874832
37750400,13793373690331152
50333312,4786174972461072
76416,25357538295825
2108032,302434468499472
4205184,4806034095865872
16788096,302434736930832
33565312,20959760285712
51840,20963786752017
150144,4524559119155217
281216,20959760220177
2116224,302365749022737
4213376,4805965376389137
16796288,302366017454097
33573504,20891040808977
100992,7769647218705
2132608,284846577422352
4229760,4788446204788752
8424064,20963786752272
16812672,284846845853712
33589888,3371869208592
199296,4511364979621905
330368,7765620686865
2165376,289171609489425
4262528,4792771236855825
8456832,25288818819345
16845440,289171877920785
33622656,7696901275665
2230912,4788441909825552
8522368,4524559119155472
16910976,4788442178256912
33688192,4506967201611792
2361984,284842550890512
4459136,4788442178256912
8653440,20959760220432
10488448,302365749022992
35654272,284773831479312
12585600,4805965376389392
37751424,4788373458845712
25168512,302366017454352
41945728,20891040809232
45696,19177046802480
144000,4522772379205680
275072,19173020270640
537216,300372850638960
2110080,300372850642992
4207232,4803972478009392
16790144,300373119074352
33567360,18898142429232
53888,18902168895537
152192,4522497501298737
283264,18898142363697
1069696,18764732039217
8409728,53944807063857
168576,4505184488128560
299648,1585129193520
561792,282784959561840
2134656,282784959565872
4231808,4786384586932272
8426112,18902168895792
16814720,282785227997232
33591936,1310251352112
594560,284842248896625
2167424,284842248900657
4264576,4788441876267057
8458880,20959458230577
16847488,284842517332017
33624704,3367540686897
397952,4505180461596720
660096,4786380291965040
2232960,4786380291969072
8524416,4522497501298992
16913024,4786380560400432
33690240,4504905583755312
791168,282780933030000
2364032,282780933034032
4461184,4786380560400432
8655488,18898142363952
1577600,282647522705520
2626176,845593179066480
4723328,5349192806432880
17306240,845593447497840
3150464,282647522709552
5247616,4786247150075952
9441920,18764732039472
17830528,282647791140912
34607744,1172814495792
6296192,5349192806436912
18879104,845593447501872
20976256,5349193074868272
50336384,282644031012912
57984,54086540984337
156288,4557681873387537
287360,54082514452497
549504,335419783774257
1073792,53949104128017
107136,21101192151057
565888,300377145606192
8430208,54086540984592
205440,4524696524554257
336512,21097165619217
598656,302434434940977
1122944,20963755294737
8462976,56143830319377
664192,4803972478009392
1188480,4522501798363152
4334208,13811171732750352
8528512,4557681873387792
795264,300373119074352
1319552,18902439428112
8659584,54082514452752
17048192,300373655945232
33825408,18898679300112
1581696,300239708749872
2630272,863185365110832
4727424,5366784992477232
8921728,335419783774512
17310336,863185633542192
9446016,53949104128272
115328,20963753197587
1098368,18773321973777
213632,4524559085600787
344704,20959726665747
2179712,302365715468307
4276864,4805965342834707
16859776,302365983899667
33636992,20891007254547
1589888,300170989273137
2638464,863116645634097
4735616,5366716273000497
8929920,335351064297777
17318528,863116914065457
9454208,53880384651537
230016,4507108633477137
361088,3509274542097
623232,284846543863857
688768,4786384586932272
4358784,13793583841673232
819840,282785227997232
17072768,282785764868112
33849984,1310788222992
2654848,845597474033712
4752000,5349197101400112
17334912,845597742465072
3179136,282656112644112
5276288,4786255740010512
9470592,18773321974032
17859200,282656381075472
34636416,1181404430352
459392,4507104606945297
721536,4788441876267057
1245824,4506971196620817
4391552,13795641131008017
852608,284842517332017
1376896,3371837685777
17105536,284843054202897
33882752,3368077557777
8979072,302365715464497
34144896,284773797920817
3211904,284777826488337
5309056,4788377453854737
9503360,20895035818257
17891968,284778094919697
34669184,3303118274577
6357632,5351323110215697
18940544,847723751280657
21037696,5351323378647057
50397824,284774334791697
918144,4786380560400432
1442432,4504909880754192
4588160,13793579815141392
17171072,4786381097271312
33948288,4504906120626192
1704576,4786247150075952
2753152,5349192806436912
17433216,5349193074868272
5374592,13793446404816912
6423168,14356392061177872
21103232,14356392329609232
1835648,282647791140912
2884224,845593447501872
4981376,5349193074868272
34341504,282644031012912
18088576,282648328011792
34865792,1173351366672
19137152,845593984372752
21234304,5349193611739152
9962112,300170989273392
35127936,282579071729712
6816384,6475023993802800
11010688,863116645634352
19399296,1971424634867760
36176512,845524728090672
13107840,5366716273000752
21496448,6475024262234160
38273664,5349124355457072
25690752,863116914065712
7340672,5349128384024592
19923584,845529025089552
22020736,5349128652455952
51380864,282579608600592
52429440,845525264961552
54526592,5349124892327952
23680,4524559119155217
72832,4511364979621905
2104448,4788441909825552
8395904,4524559119155472
16784512,4788442178256912
33561728,4506967201611792
76928,4528957165666305
535680,4806034095865872
2108544,4806034095869952
16788608,4806034364301312
33565824,4524559387656192
52352,4524563414122497
281728,4524559387590657
543872,4805965376389137
2116736,4805965376393217
16796800,4805965644824577
33574016,4524490668179457
101504,4511369274589185
560256,4788446204788752
2133120,4788446204792832
8424576,4524563414122752
16813184,4788446473224192
33590400,4506971496579072
330880,4511365248057345
593024,4792771236855825
2165888,4792771236859905
8457344,4528888446189825
16845952,4792771505291265
33623168,4511296528646145
789632,4788442178256912
2362496,4788442178260992
8653952,4524559387590912
8916096,4805965376389392
34081920,4788373458845712
10488960,4805965376393472
35654784,4788373458849792
25169024,4805965644824832
41946240,4524490668179712
29824,4557681873387537
78976,4524696524554257
144512,13529971633946640
537728,4803972478009392
1062016,4522501798363152
4207744,13811171732750352
8402048,4557681873387792
87168,4524559085600787
152704,13529696756039697
103552,4507108633477137
169088,13512383742869520
562304,4786384586932272
4232320,13793583841673232
332928,4507104606945297
595072,4788441876267057
1119360,4506971196620817
4265088,13795641131008017
398464,13512379716337680
2233472,13793579546710032
4330624,31807978056187920
8524928,13529696756039952
16913536,13793579815141392
33690752,13512104838496272
791680,4786380560400432
1315968,4504909880754192
4461696,13793579815141392
17044608,4786381097271312
33821824,4504906120626192
1578112,4786247150075952
2626688,5349192806436912
17306752,5349193074868272
5248128,13793446404816912
6296704,14356392061177872
20976768,14356392329609232
58496,4557686168354817
287872,4557682141822977
1074304,4557548731498497
4220032,13846218665885697
107648,4524700819521537
173184,13529975928913920
4236416,13811176027717632
8430720,4557686168355072
337024,4524696792989697
1123456,4524563382665217
4269184,13813233317052417
8463488,4559743457689857
402560,13529971902382080
664704,13811171732750352
2237568,13811171732754432
4334720,31825570242232320
16917632,13811172001185792
33694848,13529697024540672
1320064,4522502066798592
4465792,13811172001185792
8660096,4557682141823232
17048704,4803973283315712
33825920,4522498306670592
4727936,14373984247218192
5252224,13811038590861312
9446528,4557548731498752
6300800,14373984247222272
12592256,13846218665885952
20980864,14373984515653632
115840,4524563380568067
181376,13529701051006977
1098880,4522372949344257
345216,4524559354036227
607360,4805965342834707
2180224,4805965342838787
16860288,4805965611270147
33637504,4524490634625027
410752,13529697024475137
1197184,13529563614150657
8537216,13564743689175297
4736128,14373915527741457
5260416,13810969871384577
9454720,4557480012022017
6308992,14373915527745537
12600448,13846149946409217
20989056,14373915796176897
361600,4507108901912577
4293760,13795645425975297
427136,13512384011304960
689280,13793583841673232
2262144,13793583841677312
4359296,31807982351155200
8553600,13529701051007232
16942208,13793584110108672
33719424,13512109133463552
4490368,13793584110108672
17073280,4786385392238592
33850496,4504910415593472
1606784,4786255740010512
4752512,14356396356141072
3179648,4786255740014592
9471104,4522372949344512
17859712,4786256008445952
34636928,4504781031800832
6325376,14356396356145152
21005440,14356396624576512
722048,13795641131008017
2294912,13795641131012097
4392064,31810039640489985
8586368,13531758340342017
16974976,13795641399443457
33752192,13514166422798337
1377408,4506971465056257
4523136,13795641399443457
17106048,4788442681573377
33883264,4506967704928257
1639552,4788377453854737
2688128,5351323110215697
17368192,5351323378647057
3212416,4788377453858817
9503872,4524494663188737
17892480,4788377722290177
34669696,4506902745645057
18941056,5351323378651137
12649600,13813164597575937
37815424,13795572680032257
50398336,4788373962162177
918656,13793579815141392
2491520,13793579815145472
4588672,31807978324623360
8782976,13529697024475392
1705088,13793446404816912
2753664,14356392061177872
4850816,32370790570655760
17433728,14356392329609232
3277952,13793446404820992
5375104,31807844914298880
9569408,13529563614150912
17958016,13793446673252352
34735232,13511971696607232
6423680,32370790570659840
19006592,14356392329613312
21103744,32370790839091200
50463872,13793442913124352
4981888,14356392329609232
17564800,5349193611739152
5506176,13793446673252352
18089088,4786247955382272
34866304,4504772978737152
6554752,14356392329613312
19137664,5349193611743232
38012032,13793442913124352
3671168,5349128384024592
18351232,5349128652455952
6816896,15482223248543760
13108352,14373915527741712
21496960,15482223516975120
38274176,14356323610198032
50857088,5349124892327952
19924096,5349128652460032
13632640,13810969871384832
38798464,13793377953841152
51381376,4786179235971072
14681216,14373915527745792
23069824,15482223516979200
39847040,14356323610202112
52429952,5349124892332032
29361280,14373915796177152
47232,21376070058000
80000,25494943694865
145536,4524971402461200
276608,21372043526160
2111616,302571873898512
4208768,4806171501264912
16791680,302572142329872
33568896,21097165684752
55424,21101192151057
88192,25357504741395
153728,4524696524554257
284800,21097165619217
546944,302434434940977
1071232,20963755294737
8411264,56143830319377
104576,7907052617745
170112,4507383511384080
301184,3784152449040
2136192,284983982821392
4233344,4788583610187792
8427648,21101192151312
16816256,284984251252752
33593472,3509274607632
202880,4511502385020945
333952,7903026085905
596096,289240295407665
1120384,7769615761425
399488,4507379484852240
2234496,4788579315224592
8525952,4524696524554512
16914560,4788579583655952
33691776,4507104607010832
2365568,284979956289552
4462720,4788579583655952
8657024,21097165619472
8919168,302434434941232
34084992,284842517397552
3152000,284846545965072
5249152,4788446173331472
9443456,20963755294992
17832064,284846814396432
34609280,3371837751312
6297728,5351391829692432
18880640,847792470757392
20977792,5351392098123792
50337920,284843054268432
551040,337618807029777
2123904,337618807033857
4221056,4841218434400257
8415360,126512574497025
16803968,337619075465217
33581184,56144098820097
108672,25499238662145
174208,4524975697428480
305280,21376338493440
567424,302576168861712
2140288,302576168865792
4237440,4806175796232192
16820352,302576437297152
33597568,21101460652032
206976,4529094571065345
338048,25495212130305
1124480,25361801805825
8464512,60541876830465
403584,4524971670896640
665728,4806171501264912
2238592,4806171501268992
16918656,4806171769700352
33695872,4524696793055232
796800,302572142329872
2369664,302572142333952
4466816,4806171769700352
1583232,302438732005392
2631808,865384388366352
4728960,5368984015732752
8923264,337618807030032
17311872,865384656797712
3156096,302438732009472
5253248,4806038359375872
17836160,302439000440832
34613376,20964023795712
6301824,5368984015736832
10496128,337618807034112
18884736,865384656801792
12593280,4841218434400512
20981888,5368984284168192
25176192,337619075465472
41953408,56144098820352
50342016,302435240312832
116864,25361799708675
182400,4524700819521537
313472,21101460586497
8439936,56148125286657
215168,4528957132111875
346240,25357773176835
608384,306763761975315
2181248,306763761979395
4278400,4810363389345795
16861312,306764030410755
33638528,25289053765635
411776,4524696792989697
1198208,4524563382665217
4343936,13813233317052417
8538240,4559743457689857
1329280,20964023730177
8669312,56144098754817
17057920,302435240247297
33835136,20960263602177
1591424,302370012528657
2640000,865315668889617
4737152,5368915296256017
8931456,337550087553297
17320064,865315937320977
3164288,302370012532737
5261440,4805969639899137
17844352,302370280964097
34621568,20895304318977
6310016,5368915296260097
10504320,337550087557377
18892928,865315937325057
12601472,4841149714923777
20990080,5368915564691457
25184384,337550355988737
41961600,56075379343617
50350208,302366520836097
231552,4511506679988225
362624,7907321053185
428160,4507383779819520
690304,4788583610187792
2263168,4788583610191872
8554624,4524700819521792
16943232,4788583878623232
33720448,4507108901978112
821376,284984251252752
2394240,284984251256832
4491392,4788583878623232
8685696,21101460586752
2656384,847796497289232
4753536,5351396124655632
17336448,847796765720592
6326400,5351396124659712
18909312,847796765724672
21006464,5351396393091072
50366592,284847349235712
460928,4511502653456385
1247360,4511369243131905
4393088,13800039177519105
1378432,7769884196865
17107072,289241100713985
33884288,7766124068865
1640576,289175872995345
2689152,852121529356305
4786304,5355721156722705
17369216,852121797787665
3213440,289175872999425
5310592,4792775500365825
9504896,25293082329345
17893504,289176141430785
34670720,7701164785665
6359168,5355721156726785
18942080,852121797791745
21039232,5355721425158145
50399360,289172381302785
919680,4788579583655952
2492544,4788579583660032
8784000,4524696792989952
1706112,4788446173331472
2754688,5351391829692432
17434752,5351392098123792
3278976,4788446173335552
9570432,4524563382665472
17959040,4788446441766912
34736256,4506971465121792
19007616,5351392098127872
12716160,13813233317052672
37881984,13795641399508992
50464896,4788442681638912
1837184,284846814396432
2885760,847792470757392
4982912,5351392098123792
34343040,284843054268432
3410048,284846814400512
5507200,4788446441766912
9701504,20964023730432
6555776,5351392098127872
35915904,284843054272512
38013056,4788442681638912
25430144,302435240247552
42207360,20960263602432
50595968,284844128010240
9963648,302370012528912
35129472,284778094985232
6817920,6477223017058320
11012224,865315668889872
19400832,1973623658123280
36178048,847723751346192
13109376,5368915296256272
21497984,6477223285489680
38275200,5351323378712592
25692288,865315937321232
11536512,302370012532992
36702336,284778094989312
13633664,4805969639899392
38799488,4788377722355712
26216576,302370280964352
42993792,20895304319232
14682240,5368915296260352
23070848,6477223285493760
39848064,5351323378716672
27265152,865315937325312
29362304,5368915564691712
58722432,302366520836352
61568,54361402114065
159872,4557956734517265
290944,54357375582225
2125952,335557205954577
4223104,4839156833320977
8417408,124450973417745
16806016,335557474385937
33583232,54082497740817
110720,21376053280785
176256,4523326413209616
307328,19727054274576
569472,300652006735920
8433792,54361402114320
209024,4524971385683985
340096,21372026748945
2175104,302571857121297
4272256,4806171484487697
16855168,302572125552657
33632384,21097148907537
405632,4523322386677776
667776,4804247339139120
1192064,4522776659492880
4337792,13811446593880080
8532096,4557956734517520
798848,300647980204080
1323136,19177300557840
8663168,54357375582480
17051776,300648517074960
33828992,19173540429840
34091136,300373102362672
3158144,300377130930192
5255296,4803976758296592
17838208,300377399361552
34615424,18902422716432
6303872,5366922414657552
10498176,335557205954832
18886784,863323055722512
12595328,4839156833321232
20983936,5366922683088912
25178240,335557474386192
41955456,54082497741072
50344064,300373639233552
577664,300377128828977
8441984,54086524207377
2183296,302434418167827
4280448,4806034045534227
16863360,302434686599187
33640576,20959709954067
675968,4803972461232177
1200256,4522501781585937
4345984,13811171715973137
8540288,4557681856610577
807040,300373102297137
1331328,18902422650897
8671360,54082497675537
17059968,300373639168017
33837184,18898662522897
1593472,300239691972657
2642048,863185348333617
4739200,5366784975700017
8933504,335419766997297
17322112,863185616764977
9457792,53949087351057
233600,4507383494606865
364672,3784135671825
2199680,284983966044177
4296832,4788583593410577
8491136,21101175374097
16879744,284984234475537
33656960,3509257830417
430208,4505734495600656
692352,4786659448062000
4362368,13793858702802960
823424,283060089126960
17076352,283060625997840
33853568,1585649352720
8949888,300377128829232
34115712,282785211285552
6328448,5349334523580432
18911360,845735164645392
21008512,5349334792011792
50368640,282785748156432
462976,4507379468075025
2297984,4788579298447377
8589440,4524696507777297
16978048,4788579566878737
33755264,4507104590233617
2429056,284979939512337
4526208,4788579566878737
8720512,21097148842257
8982656,302434418164017
34148480,284842500620337
3215488,284846529187857
5312640,4788446156554257
9506944,20963738517777
17895552,284846797619217
34672768,3371820974097
6361216,5351391812915217
18944128,847792453980177
21041280,5351392081346577
50401408,284843037491217
921728,4786655421530160
1446016,4505184741883920
4591744,13793854676271120
17174656,4786655958401040
33951872,4505180981755920
9048192,4803972461232432
34214016,4786380543688752
3281024,4786384572256272
9572480,4522501781586192
17961088,4786384840687632
34738304,4504909864042512
19009664,5349330497048592
12718208,13811171715973392
37884032,13793579798429712
50466944,4786381080559632
9179264,300373102297392
3412096,282785213321232
5509248,4786384840687632
9703552,18902422651152
6557824,5349330497048592
35917952,282781453193232
38015104,4786381080559632
25432192,300373639168272
42209408,18898662523152
50598016,282782526930960
9965696,300239691972912
35131520,282647774429232
6819968,6475092696502320
11014272,863185348333872
19402880,1971493337567280
36180096,845593430790192
13111424,5366784975700272
21500032,6475092964933680
38277248,5349193058156592
25694336,863185616765232
7344256,5349197086724112
19927168,845597727789072
22024320,5349197355155472
51384448,282648311300112
52433024,845593967661072
54530176,5349193595027472
188544,4557961029484545
319616,54361670549505
581760,335561500917777
2154624,335561500921857
4251776,4839161128288257
8446080,124455268385025
16834688,335561769353217
33611904,54086792708097
417920,4557957002952705
680064,4839156833320977
2252928,4839156833325057
8544384,4628050600788225
16932992,4839157101756417
33710208,4557682125111297
811136,335557474385937
2384000,335557474390017
4481152,4839157101756417
8675456,124451241853185
1597568,335424064061457
2646144,898369720422417
4743296,5401969347788817
17326208,898369988853777
3170432,335424064065537
5267584,4839023691431937
9461888,124317831528705
17850496,335424332496897
34627712,53949355851777
6316160,5401969347792897
18899072,898369988857857
20996224,5401969616224257
50356352,335420572368897
237696,4524975680651265
368768,21376321716225
630912,302576152084497
2203776,302576152088577
4300928,4806175779454977
16883840,302576420519937
33661056,21101443874817
434304,4523326681645056
4366464,13811450888847360
8560768,4557961029484800
8691840,54361670549760
17080448,300652812042240
33857664,19177835397120
2662528,863327082254352
4759680,5366926709620752
8953984,335561500918032
17342592,863327350685712
6332544,5366926709624832
10526848,335561500922112
18915456,863327350689792
12624000,4839161128288512
21012608,5366926978056192
25206912,335561769353472
41984128,54086792708352
50372736,300377934200832
467072,4524971654119425
729216,4806171484487697
2302080,4806171484491777
16982144,4806171752923137
33759360,4524696776278017
860288,302572125552657
2433152,302572125556737
4530304,4806171752923137
1646720,302438715228177
2695296,865384371589137
4792448,5368983998955537
8986752,337618790252817
17375360,865384640020497
3219584,302438715232257
5316736,4806038342598657
17899648,302438983663617
34676864,20964007018497
6365312,5368983998959617
10559616,337618790256897
18948224,865384640024577
12656768,4841218417623297
21045376,5368984267390977
25239680,337619058688257
42016896,56144082043137
50405504,302435223535617
1450112,4522776927928320
4595840,13811446862315520
8790144,4557957002952960
17178752,4804248144445440
33955968,4522773167800320
1712256,4803976758296592
2760832,5366922414657552
9052288,4839156833321232
17440896,5366922683088912
3285120,4803976758300672
17965184,4803977026732032
34742400,4522502050086912
10625152,4839156833325312
19013760,5366922683092992
37888128,13811171984474112
25305216,4839157101756672
42082432,4557682125111552
50471040,4803973266604032
1843328,300377399361552
2891904,863323055722512
4989056,5366922683088912
9183360,335557474386192
34349184,300373639233552
3416192,300377399365632
5513344,4803977026732032
6561920,5366922683092992
10756224,335557474390272
35922048,300373639237632
12853376,4839157101756672
38019200,4803973266604032
50602112,300374712975360
3678336,863189645398032
5775488,5366789272764432
9969792,335424064061712
18358400,863189913829392
11018368,898369720422672
13115520,5401969347789072
25698432,898369988854032
50864256,863186153701392
7348352,5366789272768512
11542656,335424064065792
19931264,863189913833472
13639808,4839023691432192
22028416,5366789541199872
26222720,335424332497152
42999936,53949355852032
51388544,300240497344512
14688384,5401969347793152
27271296,898369988858112
52437120,863186153705472
29368448,5401969616224512
54534272,5366785781071872
58728576,335420572369152
639104,302438713131027
2211968,302438713135107
4309120,4806038340501507
16892032,302438981566467
33669248,20964004921347
4374656,13811176010940417
8568960,4557686151577857
8700032,54086792642817
17088640,300377934135297
33865856,18902957490177
1622144,300248281907217
3195008,300248281911297
5292160,4803847909277697
17875072,300248550342657
34652288,18773573697537
737408,4806034045534227
2310272,4806034045538307
16990336,4806034313969667
33767552,4524559337324547
868480,302434686599187
2441344,302434686603267
4538496,4806034313969667
34160768,302365967187987
35733632,302365967192067
37830784,4805965594558467
1458304,4522502050021377
4604032,13811171984408577
8798336,4557682125046017
17186944,4803973266538497
33964160,4522498289893377
4866176,14373984230440977
5390464,13811038574084097
9584768,4557548714721537
6439040,14373984230445057
12730496,13846218649108737
21119104,14373984498876417
17580160,863186153635857
9715840,53949355786497
18104448,300240497278977
34881664,18765520633857
19153024,863186153639937
21250176,5366785781006337
25444480,335420572303617
42221696,53945595658497
3686528,863120925921297
5783680,5366720553287697
9977984,335355344584977
18366592,863121194352657
11026560,898301000945937
13123712,5401900628312337
25706624,898301269377297
50872448,863117434224657
7356544,5366720553291777
11550848,335355344589057
19939456,863121194356737
13648000,4838954971955457
22036608,5366720821723137
26230912,335355613020417
43008128,53880636375297
51396736,300171777867777
14696576,5401900628316417
27279488,898301269381377
52445312,863117434228737
29376640,5401900896747777
54542464,5366717061595137
58736768,335351852892417
491648,4507383763042305
753792,4788583593410577
2326656,4788583593414657
8618112,4524700802744577
17006720,4788583861846017
33783936,4507108885200897
884864,284984234475537
2457728,284984234479617
4554880,4788583861846017
8749184,21101443809537
2719872,847796480512017
4817024,5351396107878417
17399936,847796748943377
6389888,5351396107882497
18972800,847796748947457
21069952,5351396376313857
50430080,284847332458497
4620416,13793858971238400
17203328,4786660253368320
33980544,4505185276723200
2785408,5349334523580432
17465472,5349334792011792
19038336,5349334792015872
12746880,13811176010940672
37912704,13793584093396992
50495616,4786385375526912
2916480,845735164645392
5013632,5349334792011792
34373760,282785748156432
6586496,5349334792015872
35946624,282785748160512
38043776,4786385375526912
25460864,300377934135552
42238080,18902957490432
50626688,282786821898240
9994368,300248281907472
35160192,282656364363792
50888832,845598262624272
11567232,300248281911552
36733056,282656364367872
13664384,4803847909277952
38830208,4786255991734272
26247296,300248550342912
43024512,18773573697792
52461696,845598262628352
54558848,5349197889994752
983168,4788579566878737
2556032,4788579566882817
8847488,4524696776212737
1769600,4788446156554257
2818176,5351391812915217
17498240,5351392081346577
3342464,4788446156558337
9633920,4524563365888257
18022528,4788446424989697
34799744,4506971448344577
19071104,5351392081350657
12779648,13813233300275457
37945472,13795641382731777
50528384,4788442664861697
1900672,284846797619217
2949248,847792453980177
5046400,5351392081346577
34406528,284843037491217
3473536,284846797623297
5570688,4788446424989697
9764992,20964006953217
6619264,5351392081350657
35979392,284843037495297
38076544,4788442664861697
25493632,302435223470337
42270848,20960246825217
50659456,284844111233025
10027136,302369995751697
35192960,284778078208017
6881408,6477223000281105
11075712,865315652112657
19464320,1973623641346065
36241536,847723734568977
13172864,5368915279479057
21561472,6477223268712465
38338688,5351323361935377
25755776,865315920544017
11600000,302369995755777
36765824,284778078212097
13697152,4805969623122177
38862976,4788377705578497
26280064,302370264187137
43057280,20895287542017
14745728,5368915279483137
23134336,6477223268716545
39911552,5351323361939457
27328640,865315920548097
29425792,5368915547914497
58785920,302366504059137
1966208,4786384840687632
3014784,5349330497048592
34472064,4786381080559632
3539072,4786384840691712
9830528,4522502050021632
36044928,4786381080563712
12976256,13811171984408832
25559168,4803973266538752
42336384,4522498289893632
50724992,4786382154301440
3801216,5349197086724112
18481280,5349197355155472
6946944,15482291951243280
13238400,14373984230441232
21627008,15482292219674640
38404224,14356392312897552
50987136,5349193595027472
20054144,5349197355159552
13762688,13811038574084352
38928512,13793446656540672
51511424,4786247938670592
14811264,14373984230445312
23199872,15482292219678720
39977088,14356392312901632
52560000,5349193595031552
29491328,14373984498876672
3932288,845597727789072
6029440,5349197355155472
35389568,282648311300112
19660928,1971493874438160
36438144,845593967661072
21758080,6475093501804560
38535296,5349193595027472
25952384,863186153636112
51118208,845595041398800
7602304,5349197355159552
36962432,282648311304192
39059584,4786247938670592
26476672,300240497279232
43253888,18765520634112
51642496,282649385041920
23330944,6475093501808640
40108160,5349193595031552
27525248,863186153640192
52691072,845595041402880
29622400,5366785781006592
54788224,5349194668769280
7864448,6475028274090000
12058752,863120925921552
20447360,1971428915154960
37224576,845529008377872
14155904,5366720553287952
22544512,6475028542521360
39321728,5349128635744272
26738816,863121194352912
23593088,8726824059146256
52953216,1971425155026960
55050368,6475024782393360
59244672,863117434224912
15728768,5366720553292032
24117376,6475028542525440
40894592,5349128635748352
28311680,863121194356992
30408832,5366720821723392
59768960,300171777868032
56623232,6475024782397440
60817536,863117434228992
62914688,5366717061595392
7936,4803835138670640
12032,4839019510759440
20224,4838950791282705
69376,4805965442449425
134912,13811034393411600
2100992,5366716372619280
8392448,4838950791282960
16781056,5366716641050640
71424,4803835071561777
1054464,4802739855949872
33560320,4802735828434992
26368,4908288676200465
75520,4839019443650577
1058560,4837924228038672
8398592,4908288676200720
33564416,4837920200523792
50944,4837924226990097
280320,4837920200458257
1066752,4837855508561937
8406784,4908219956723985
33572608,4837851481047057
296704,4802877562290192
1083136,4802748445884432
2131712,5365689808326672
8423168,4837924226990352
16811776,5365690076758032
198400,13811034326302737
2164480,5366716305510417
8455936,4838950724174097
16844544,5366716573941777
1181440,13809939110690832
33687296,13809935083175952
2361088,5365685781794832
8652544,4837920200458512
33818368,4802736365305872
3147520,5365621089898512
9438976,4837855508562192
17827584,5365621358329872
18876160,6491516969160720
35653376,5365617062383632
41944832,4837851481047312
1055488,300239740207152
33561344,300235712692272
27392,405788560457745
1059584,335424112295952
8399616,405788560458000
33565440,335420084781072
51968,335424111247377
150272,4839019443650577
281344,335420084715537
1067776,335355392819217
8407808,405719840981265
33573632,335351365304337
101120,302438762414097
166656,4803976805482512
297728,300377446547472
1084160,300248330141712
2132736,863189692583952
4229888,5366789319950352
8424192,335424111247632
16812800,863189961015312
199424,4806034094817297
330496,302434735882257
1116928,302370043985937
33622784,302366016471057
396032,4803972778950672
2231040,5366785024987152
8522496,4839019443650832
16911104,5366785293418512
2362112,863185666052112
4459264,5366785293418512
8653568,335420084715792
33819392,300236249563152
3148544,863120974155792
5245696,5366720601522192
9440000,335355392819472
17828608,863121242587152
6294272,6492616212353040
18877184,1989016853418000
35654400,863116946640912
20974336,6492616480784400
37751552,5366716574007312
41945856,335351365304592
1069824,334324567113777
8409856,404689015275825
33575680,334320539598897
103168,300377144557617
168704,4803152138207280
299776,299552779272240
33592064,299277901430832
201472,4803972476960817
332544,300373118025777
594688,863185364058225
2167552,863185364062257
4264704,5366784991428657
8459008,335419782725937
16847616,863185632493617
398080,4803148111675440
1184512,4802877261348912
33690368,4802873233834032
1315584,299277902413872
1577728,862090148446320
2626304,1987985759277168
4723456,6491585386643568
17306368,1987986027708528
34083584,862086120931440
3150592,862090148450352
5247744,5365689775816752
9442048,334324567114032
17830656,862090416881712
6296320,6491585386647600
18879232,1987986027712560
35656448,862086120935472
20976384,6491585655078960
37753600,5365685748301872
41947904,334320539599152
58112,404830749196305
90880,405788526903315
156416,4908426081599505
287488,404826722664465
2122496,967638968700945
4219648,5471238596067345
8413952,545426503631121
16802560,967639237132305
107264,335561516646417
172800,4838336510296080
303872,334737151361040
8430336,404830749196560
33596160,334462273519632
205568,4839156849049617
336640,335557490114577
2171648,898369736151057
4268800,5401969363517457
16851712,898370004582417
402176,4838332483764240
1188608,4838061633437712
8528640,4908426081599760
33694464,4838057605922832
1319680,334462274502672
8659712,404826722664720
3154688,897274520539152
5251840,5400874147905552
17834752,897274788970512
6300416,6526769758736400
10494720,967638968701200
18883328,2023170399801360
35660544,897270493024272
12591872,5471238596067600
20980480,6526770027167760
37757696,5400870120390672
25174784,967639237132560
115456,335424077692947
180992,4838061632389137
312064,334462273454097
1098496,334333157048337
2147072,897274519490577
4244224,5400874146856977
16827136,897274787921937
213760,4839019410096147
344832,335420051161107
1131264,335355359264787
8471296,405719807426835
33637120,335351331749907
410368,4838057605857297
2245376,5400869851893777
16925440,5400870120325137
2376448,897270492958737
4473600,5400870120325137
33833728,334321076469777
3162880,897205801062417
5260032,5400805428428817
17842944,897206069493777
6308608,6526701039259665
10502912,967570249224465
18891520,2023101680324625
35668736,897201773547537
12600064,5471169876590865
20988672,6526701307691025
37765888,5400801400913937
25182976,967570517655825
623360,863189659025457
1213184,4802885851283472
2261760,5365827213725712
8553216,4838061632389392
16941824,5365827482157072
1344256,299286492348432
2392832,862227854790672
4489984,5365827482157072
8684288,334462273454352
33850112,299278438301712
2654976,1987990054244400
4752128,6491589681610800
17335040,1987990322675760
34112256,862090415898672
3179264,862098738384912
5276416,5365698365751312
9470720,334333157048592
17859328,862099006816272
10519296,897274519490832
12616448,5400874146857232
25199360,897274787922192
50365184,862090952769552
721664,5366784991428657
4391680,14373984246169617
852736,863185632493617
17105664,863186169364497
1639168,863120940597297
2687744,1989016551428145
4784896,6492616178794545
17367808,1989016819859505
34145024,863116913082417
10552064,898301016674577
12649216,5401900644040977
25232128,898301285105937
50397952,863117449953297
2491136,5365823187193872
8782592,4838057605857552
33948416,4802873770704912
1704704,5365689775816752
2753280,6491585386647600
17433344,6491585655078960
34210560,5365685748301872
5374720,14372889030557712
6423296,15498784641388560
10617600,5400869851894032
21103360,15498784909819920
37880576,14372885003042832
25297664,5400870120325392
50463488,5365686285172752
1835776,862090416881712
2884352,1987986027712560
4981504,6491585655078960
18088704,862090953752592
10748672,897270492958992
19137280,1987986564583440
35914496,862086657806352
12845824,5400870120325392
21234432,6491586191949840
38011648,5365686285172752
42205952,334321076470032
50594560,862087731544080
3670784,1987921335816240
5767936,6491520963182640
18350848,1987921604247600
35128064,862021697470512
36176640,1987917308301360
38273792,6491516935667760
11535104,897205801062672
13632256,5400805428429072
26215168,897206069494032
51380992,862022234341392
14680832,6526701039259920
23069440,8743316749291536
27263744,2023101680324880
44040960,897201773547792
52429568,1987917845172240
29360896,6526701307691280
46138112,5400801400914192
54526720,6491517472538640
23808,4839019443650577
40192,4803976805482512
72960,4806034094817297
269568,4803972778950672
2104576,5366785024987152
8396032,4839019443650832
16784640,5366785293418512
27904,4909388187828225
1060096,4839023739666432
8400128,4909388187828480
33565952,4839019712151552
52480,4839023738617857
281856,4839019712086017
1068288,4838955020189697
8408320,4909319468351745
33574144,4838950992674817
101632,4806038389784577
298240,4803977073917952
560384,5366789319950352
1084672,4803847957512192
2133248,5366789319954432
8424704,4839023738618112
16813312,5366789588385792
331008,4806034363252737
1117440,4805969671356417
33623296,4805965643841537
1182976,13811038622318592
33688832,13811034594803712
789760,5366785293418512
2362624,5366785293422592
8654080,4839019712086272
33819904,4803835876933632
1576192,5366720601522192
2624768,6492616212353040
17304832,6492616480784400
34082048,5366716574007312
3149056,5366720601526272
9440512,4838955020189952
17829120,5366720869957632
18877696,6492616480788480
35654912,5366716574011392
41946368,4838950992675072
29952,4908426081599505
46336,4838336510296080
79104,4839156849049617
275712,4838332483764240
1062144,4838061633437712
8402176,4908426081599760
33568000,4838057605922832
54528,4838061632389137
87296,4839019410096147
283904,4838057605857297
2118912,5400869851893777
16798976,5400870120325137
169216,13810351392948240
1086720,4802885851283472
2135296,5365827213725712
8426752,4838061632389392
16815360,5365827482157072
201984,13811171731701777
595200,5366784991428657
4265216,14373984246169617
398592,13810347366416400
1185024,13810076516089872
33690880,13810072488574992
2364672,5365823187193872
8656128,4838057605857552
33821952,4802873770704912
1578240,5365689775816752
2626816,6491585386647600
17306880,6491585655078960
34084096,5365685748301872
5248256,14372889030557712
6296832,15498784641388560
10491136,5400869851894032
20976896,15498784909819920
37754112,14372885003042832
25171200,5400870120325392
50337024,5365686285172752
58624,4908430376566785
91392,4909388154273795
288000,4908426350034945
550144,5471238596067345
2123008,5471238596071425
8414464,5049026131001601
16803072,5471238864502785
107776,4839161144016897
304384,4838336778731520
8430848,4908430376567040
33596672,4838061900890112
337152,4839157117485057
599296,5401969363517457
2172160,5401969363521537
16852224,5401969631952897
1320192,4838061901873152
8660224,4908426350035200
1582336,5400874147905552
2630912,6526769758736400
8922368,5471238596067600
17310976,6526770027167760
34088192,5400870120390672
3155200,5400874147909632
17835264,5400874416340992
10495232,5471238596071680
18883840,6526770027171840
35661056,5400870120394752
25175296,5471238864503040
115968,4839023705063427
312576,4838061900824577
574720,5400874146856977
1099008,4837932784418817
2147584,5400874146861057
16827648,5400874415292417
345344,4839019678531587
1131776,4838954986635267
8471808,4909319434797315
33637632,4838950959120387
1197312,13845123449225217
8537344,13915487897387265
33703168,13845119421710337
804096,5400870120325137
2376960,5400870120329217
33834240,4837920703840257
1590528,5400805428428817
2639104,6526701039259665
8930560,5471169876590865
17319168,6526701307691025
34096384,5400801400913937
3163392,5400805428432897
17843456,5400805696864257
10503424,5471169876594945
18892032,6526701307695105
35669248,5400801400918017
25183488,5471170145026305
230656,13811176026669057
4293888,14373988541136897
427264,13810351661383680
33719552,13810076783542272
820480,5365827482157072
1344768,4802886119718912
2393344,5365827482161152
8684800,4838061900824832
33850624,4802878065672192
1606912,5365698365751312
4752640,15498788936351760
8946944,5400874146857232
3179776,5365698365755392
9471232,4837932784419072
17859840,5365698634186752
6325504,15498788936355840
10519808,5400874146861312
21005568,15498789204787200
37782784,14372889298010112
25199872,5400874415292672
50365696,5365690580140032
460032,13811172000137217
722176,14373984246169617
2295040,14373984246173697
4392192,32388382755651585
8586496,13846218664837377
16975104,14373984514605057
4523264,14373984514605057
17106176,5366785796734977
4785408,15499815433535505
8979712,5401900644040977
5309696,14373919822708737
6358272,15499815433539585
10552576,5401900644045057
21038336,15499815701970945
37815552,14373915795193857
25232640,5401900912476417
50398464,5366717077323777
1443072,13810076784525312
1705216,14372889030557712
2753792,15498784641388560
4850944,33513183150866448
17433856,15498784909819920
34211072,14372885003042832
3278080,14372889030561792
5375232,32387287540039680
9569536,13845123449225472
17958144,14372889298993152
6423808,33513183150870528
19006720,15498784909824000
35783936,14372885003046912
21103872,33513183419301888
37881088,32387283512524800
42075392,13845119421710592
4982016,15498784909819920
9176320,5400870120325392
17564928,6491586191949840
34342144,5365686285172752
5506304,14372889298993152
18089216,5365690581123072
6554880,15498784909824000
10749184,5400870120329472
19137792,6491586191953920
35915008,5365686285176832
42206464,4837920703840512
50595072,5365687358914560
5768448,15498720217923600
9962752,5400805428429072
11011328,6526701039259920
19399936,8743316749291536
38274304,15498716190408720
25691392,6526701307691280
42468608,5400801400914192
50857216,6491517472538640
7341312,15498720217927680
11535616,5400805428433152
22021376,15498720486359040
38798592,14372820579581952
26215680,5400805696864512
51381504,5365621861711872
39847168,15498716190412800
27264256,6526701307695360
44041472,5400801400918272
52430080,6491517472542720
30976,405925965856785
47360,335836394553360
145664,4839431726956560
276736,335832368021520
1063168,335561517694992
8403200,405925965857040
33569024,335557490180112
55552,335561516646417
153856,4839156849049617
284928,335557490114577
2119936,898369736151057
4217088,5401969363517457
16800000,898370004582417
104704,302576167813137
1087744,300385735540752
2136320,863327097982992
4233472,5366926725349392
8427776,335561516646672
16816384,863327366414352
203008,4806171500216337
334080,302572141281297
2169088,865384387317777
4266240,5368984014684177
8460544,337618805981457
16849152,865384655749137
2234624,5366922430386192
8526080,4839156849049872
16914688,5366922698817552
2365696,863323071451152
4462848,5366922698817552
8657152,335557490114832
33822976,300373654962192
1579264,863189660074032
2627840,1989085270904880
4724992,6492684898271280
17307904,1989085539336240
34085120,863185632559152
10492160,898369736151312
12589312,5401969363517712
25172224,898370004582672
50338048,863186169430032
59648,405930260824065
157952,4909525593227265
289024,405926234292225
551168,968738480324625
2124032,968738480328705
4221184,5472338107695105
8415488,546526015258881
16804096,968738748760065
174336,4839436021923840
305408,335836662988800
8431872,405930260824320
33597696,335561785147392
1124608,337623101997057
8464640,407987550159105
33630464,337619074482177
403712,4839431995392000
1190144,4839161145065472
8530176,4909525593227520
33696000,4839157117550592
1321216,335561786130432
8661248,405926234292480
1583360,898374032162832
2631936,2024269642993680
4729088,6527869270360080
8923392,968738480324880
17312000,2024269911425040
34089216,898370004647952
3156224,898374032166912
5253376,5401973659533312
17836288,898374300598272
6301952,6527869270364160
10496256,968738480328960
18884864,2024269911429120
35662080,898370004652032
12593408,5472338107695360
20982016,6527869538795520
37759232,5401969632018432
25176320,968738748760320
182528,4839161144016897
313600,335561785081857
575744,898374031114257
1100032,335432668676097
2148608,898374031118337
4245760,5401973658484737
16828672,898374299549697
411904,4839157117485057
674048,5401969363517457
2246912,5401969363521537
16926976,5401969631952897
805120,898370004582417
2377984,898370004586497
4475136,5401969631952897
33835264,335420588097537
1591552,898305312686097
2640128,2024200923516945
4737280,6527800550883345
8931584,968669760848145
17320192,2024201191948305
34097408,898301285171217
3164416,898305312690177
5261568,5401904940056577
17844480,898305581121537
6310144,6527800550887425
10504448,968669760852225
18893056,2024201191952385
35670272,898301285175297
12601600,5472269388218625
20990208,6527800819318785
37767424,5401900912541697
25184512,968670029283585
231680,4806175795183617
362752,302576436248577
624896,865388682280977
1149184,302447319842817
2197760,865388682285057
4294912,5368988309651457
8489216,337623100948737
16877824,865388950716417
690432,5366926725349392
1214720,4803985362911232
2263296,5366926725353472
8554752,4839161144017152
16943360,5366926993784832
821504,863327366414352
1345792,300386003976192
2394368,863327366418432
4491520,5366926993784832
8685824,335561785082112
33851648,300377949929472
1607936,863198250008592
8947968,898374031114512
3180800,863198250012672
5277952,5366797877379072
9472256,335432668676352
17860864,863198518444032
10520832,898374031118592
12617984,5401973658484992
25200896,898374299549952
50366720,863190464397312
461056,4806171768651777
723200,5368984014684177
2296064,5368984014688257
8587520,4841218433351937
16976128,5368984283119617
854272,865384655749137
2427136,865384655753217
4524288,5368984283119617
8718592,337619074416897
33884416,302435239264257
1640704,865319963852817
2689280,1991215574683665
4786432,6494815202050065
17369344,1991215843115025
34146560,865315936337937
3213568,865319963856897
5310720,5368919591223297
9505024,337554382520577
17893632,865320232288257
6359296,6494815202054145
18942208,1991215843119105
35719424,865315936342017
21039360,6494815470485505
37816576,5368915563708417
42010880,337550355005697
919808,5366922698817552
2492672,5366922698821632
8784128,4839157117485312
33949952,4803973282332672
4851968,15499884153012240
9046272,5401969363517712
5376256,14373988542185472
6424832,15499884153016320
10619136,5401969363521792
21104896,15499884421447680
37882112,14373984514670592
25299200,5401969631953152
50465024,5366785796800512
9177344,898370004582672
17565952,1989086076207120
34343168,863186169430032
18090240,863190465380352
10750208,898370004586752
19138816,1989086076211200
35916032,863186169434112
12847360,5401969631953152
21235968,6492685703577600
38013184,5366785796800512
42207488,335420588097792
50596096,863187243171840
9963776,898305312686352
6818048,8744415992483856
11012352,2024200923517200
19400960,4240816633548816
13109504,6527800550883600
21498112,8744416260915216
25692416,2024201191948560
42469632,898301285171472
50858240,1989017356795920
11536640,898305312690432
13633792,5401904940056832
26216704,898305581121792
51382528,863121745969152
14682368,6527800550887680
23070976,8744416260919296
27265280,2024201191952640
44042496,898301285175552
52431104,1989017356800000
29362432,6527800819319040
46139648,5401900912541952
54528256,6492616984166400
61696,405105610326033
160000,4908700942729233
291072,405101583794193
1077504,404830733467665
33583360,404826705952785
110848,335836377776145
8433920,405105610326288
33599744,334737134649360
209152,4839431710179345
340224,335832351244305
1126656,335561500917777
8466688,405925949079825
33632512,335557473402897
1192192,4838336494567440
8532224,4908700942729488
33698048,4838332467052560
1323264,334737135632400
8663296,405101583794448
9449728,404830733467920
34615552,334462257790992
41955584,404826705953040
184576,4838336493518865
315648,334737134583825
8442112,404830732419345
33607936,334462256742417
1134848,335424061964307
8474880,405788510126355
33640704,335420034449427
413952,4838332466987025
1200384,4838061616660497
8540416,4908426064822545
33706240,4838057589145617
1331456,334462257725457
8671488,404826705887505
3166464,897274503761937
5263616,5400874131128337
17846528,897274772193297
6312192,6526769741959185
10506496,967638951923985
18895104,2023170383024145
35672320,897270476247057
12603648,5471238579290385
20992256,6526770010390545
37769472,5400870103613457
25186560,967639220355345
1151232,300385718763537
2199808,863327081205777
4296960,5366926708572177
8491264,335561499869457
16879872,863327349637137
430336,4803702145679376
1216768,4803160712413200
2265344,5366102074855440
8556800,4838336493519120
16945408,5366102343286800
1347840,299561353478160
2396416,862502715920400
4493568,5366102343286800
8687872,334737134584080
33853696,299553299431440
34640128,299286475636752
6328576,6491727103791120
18911488,1988127744856080
35688704,862227838078992
21008640,6491727372222480
37785856,5365827465445392
41980160,334462256742672
2298112,5366922413608977
8589568,4839156832272657
16978176,5366922682040337
2429184,863323054673937
4526336,5366922682040337
8720640,335557473337617
33886464,300373638184977
1642752,863189643296817
2691328,1989085254127665
4788480,6492684881494065
17371392,1989085522559025
34148608,863185615781937
10555648,898369719374097
12652800,5401969346740497
25235712,898369987805457
50401536,863186152652817
2494720,5366098048323600
8786176,4838332466987280
33952000,4803148631834640
3281152,5365827197997072
9572608,4838061616660752
17961216,5365827466428432
19009792,6491723077259280
35787008,5365823170482192
42078464,4838057589145872
3412224,862227839062032
5509376,5365827466428432
9703680,334462257725712
34869504,299278422573072
6557952,6491723077259280
3674368,1987990038515760
5771520,6491589665882160
18354432,1987990306947120
35131648,862090400170032
36180224,1987986011000880
38277376,6491585638367280
11538688,897274503762192
13635840,5400874131128592
26218752,897274772193552
51384576,862090937040912
14684416,6526769741959440
23073024,8743385451991056
27267328,2023170383024400
44044544,897270476247312
52433152,1987986547871760
29364480,6526770010390800
46141696,5400870103613712
54530304,6491586175238160
188672,4908705237696513
319744,405105878761473
33612032,404831000920065
1138944,405792806141955
33644800,405788778627075
418048,4908701211164673
1204480,4908430360838145
33710336,4908426333323265
1335552,404831001903105
1597696,967643247935505
2646272,2093538858766353
4743424,6597138486132753
17326336,2093539127197713
34103552,967639220420625
3170560,967643247939585
5267712,5471242875305985
9462016,545430782869761
17850624,967643516370945
6316288,6597138486136833
18899200,2093539127201793
35676416,967639220424705
20996352,6597138754568193
37773568,5471238847791105
41967872,545426755354881
237824,4839436005146625
368896,335836646211585
8495360,405930244047105
33661184,335561768370177
8560896,4908705237696768
33726720,4838336762019840
8691968,405105878761728
41984256,404831000920320
467200,4839431978614785
1253632,4839161128288257
8593664,4909525576450305
33759488,4839157100773377
1384704,335561769353217
8724736,405926217515265
1646848,898374015385617
2695424,2024269626216465
4792576,6527869253582865
8986880,968738463547665
17375488,2024269894647825
34152704,898369987870737
3219712,898374015389697
5316864,5401973642756097
17899776,898374283821057
6365440,6527869253586945
10559744,968738463551745
18948352,2024269894651905
35725568,898369987874817
12656896,5472338090918145
21045504,6527869522018305
37822720,5401969615241217
25239808,968738731983105
1450240,4838336763002880
8790272,4908701211164928
9576704,4908430360838400
34742528,4838061885161472
42082560,4908426333323520
9707776,404831001903360
3678464,2023174410604560
5775616,6526774037970960
9969920,967643247935760
18358528,2023174679035920
35135744,897274772258832
11018496,2093538858766608
36184320,2023170383089680
13115648,6597138486133008
38281472,6526770010456080
25698560,2093539127197968
42475776,967639220420880
7348480,6526774037975040
11542784,967643247939840
19931392,2023174679040000
36708608,897274772262912
13639936,5471242875306240
22028544,6526774306406400
38805760,5400874399629312
26222848,967643516371200
14688512,6597138486137088
39854336,6526770010460160
27271424,2093539127202048
44048640,967639220424960
29368576,6597138754568448
46145792,5471238847791360
8503552,405792805093635
33669376,335424329416707
442624,4838336761954305
8569088,4908430359789825
33734912,4838061884112897
8700160,404831000854785
2670848,2023174409555985
4768000,6526774036922385
8962304,967643246887185
17350912,2023174677987345
34128128,897274771210257
9486592,404701884449025
34652416,334333408772097
6340864,6526774036926465
10535168,967643246891265
18923776,2023174677991425
35700992,897274771214337
12632320,5471242874257665
21020928,6526774305357825
37798144,5400874398580737
25215232,967643515322625
1261824,4839023689334787
8601856,4909388137496835
33767680,4839019661819907
1392896,335424330399747
8732928,405788778561795
9519360,405724086665475
34685184,335355610988547
42025216,405720059150595
1458432,4838061885095937
8798464,4908426333257985
1720576,5400874131128337
2769152,6526769741959185
9060608,5471238579290385
17449216,6526770010390545
34226432,5400870103613457
3293440,5400874131132417
17973504,5400874399563777
10633472,5471238579294465
19022080,6526770010394625
35799296,5400870103617537
25313536,5471238847725825
1851648,897274772193297
2900224,2023170383024145
4997376,6526770010390545
9191680,967639220355345
3424512,897274772197377
5521664,5400874399563777
34881792,334325355708417
6570240,6526770010394625
10764544,967639220359425
12861696,5471238847725825
42221824,404689803870465
3686656,2023105691127825
5783808,6526705318494225
9978112,967574528459025
18366720,2023105959559185
35143936,897206052782097
11026688,2093470139289873
36192512,2023101663612945
13123840,6597069766656273
38289664,6526701290979345
25706752,2093470407721233
42483968,967570500944145
7356672,6526705318498305
11550976,967574528463105
19939584,2023105959563265
36716800,897206052786177
13648128,5471174155829505
22036736,6526705586929665
38813952,5400805680152577
26231040,967574796894465
14696704,6597069766660353
39862528,6526701290983425
27279616,2093470407725313
44056832,967570500948225
29376768,6597070035091713
46153984,5471170128314625
753920,5366926708572177
1278208,4803985346134017
2326784,5366926708576257
8618240,4839161127239937
17006848,5366926977007617
884992,863327349637137
1409280,300385987198977
2457856,863327349641217
4555008,5366926977007617
8749312,335561768304897
33915136,300377933152257
1671424,863198233231377
9011456,898374014337297
3244288,863198233235457
5341440,5366797860601857
9535744,335432651899137
17924352,863198501666817
10584320,898374014341377
12681472,5401973641707777
25264384,898374282772737
50430208,863190447620097
950528,5366102343286800
1474816,4803160980848640
2523392,5366102343290880
8814848,4838336761954560
33980672,4803152926801920
2785536,6491727103791120
17465600,6491727372222480
34242816,5365827465445392
34767104,4802886103007232
19038464,6491727372226560
35815680,5365827465449472
42107136,4838061884113152
2916608,1988127744856080
5013760,6491727372222480
6586624,6491727372226560
3703040,1987998628450320
5800192,6491598255816720
18383104,1987998896881680
35160320,862098990104592
6848768,8743389478522896
11043072,2023174409556240
19431680,4239790119587856
13140224,6526774036922640
21528832,8743389746954256
25723136,2023174677987600
42500352,897274771210512
50888960,1987990842834960
7373056,6491598255820800
19955968,1987998896885760
36733184,862098990108672
22053120,6491598524252160
38830336,5365698617475072
43024640,334333408772352
14713088,6526774036926720
23101696,8743389746958336
27296000,2023174677991680
44073216,897274771214592
52461824,1987990842839040
29393152,6526774305358080
46170368,5400874398580992
54558976,6491590470205440
983296,5366922682040337
2556160,5366922682044417
8847616,4839157100708097
34013440,4803973265555457
4915456,15499884136235025
9109760,5401969346740497
5439744,14373988525408257
6488320,15499884136239105
10682624,5401969346744577
21168384,15499884404670465
37945600,14373984497893377
25362688,5401969615175937
50528512,5366785780023297
9240832,898369987805457
17629440,1989086059429905
34406656,863186152652817
18153728,863190448603137
10813696,898369987809537
19202304,1989086059433985
35979520,863186152656897
12910848,5401969615175937
21299456,6492685686800385
38076672,5366785780023297
42270976,335420571320577
50659584,863187226394625
10027264,898305295909137
6881536,8744415975706641
11075840,2024200906739985
19464448,4240816616771601
13172992,6527800534106385
21561600,8744416244138001
25755904,2024201175171345
42533120,898301268394257
50921728,1989017340018705
11600128,898305295913217
13697280,5401904923279617
26280192,898305564344577
51446016,863121729191937
14745856,6527800534110465
23134464,8744416244142081
27328768,2024201175175425
44105984,898301268398337
52494592,1989017340022785
29425920,6527800802541825
46203136,5401900895764737
54591744,6492616967389185
1966336,5365827466428432
3014912,6491723077259280
3539200,5365827466432512
9830656,4838061885096192
34996480,4802878049943552
5898496,15498788920623120
10092800,5400874131128592
11141376,6526769741959440
19529984,8743385451991056
38404352,15498784893108240
25821440,6526770010390800
42598656,5400870103613712
50987264,6491586175238160
7471360,15498788920627200
11665664,5400874131132672
22151424,15498789189058560
38928640,14372889282281472
26345728,5400874399564032
51511552,5365690564411392
39977216,15498784893112320
27394304,6526770010394880
44171520,5400870103617792
52560128,6491586175242240
10223872,897274772193552
18612480,1987990843818000
35389696,862090937040912
7078144,8743385451991056
11272448,2023170383024400
36438272,1987986547871760
13369600,6526770010390800
38535424,6491586175238160
51118336,1987987621609488
11796736,897274772197632
20185344,1987990843822080
36962560,862090937044992
13893888,5400874399564032
22282496,6491590471188480
39059712,5365690564411392
43254016,334325355708672
51642624,862092010782720
14942464,6526770010394880
40108288,6491586175242240
52691200,1987987621613568
54788352,6491587248979968
7864576,8743320760094736
12058880,2023105691128080
20447488,4239721401159696
14156032,6526705318494480
22544640,8743321028526096
26738944,2023105959559440
43516160,897206052782352
51904768,1987922124406800
23593216,8743316732514320
40370432,8743316732579856
44564736,2023101663613200
46661888,6526701290979600
15728896,6526705318498560
24117504,8743321028530176
28311808,2023105959563520
45089024,897206052786432
53477632,1987922124410880
30408960,6526705586929920
47186176,5400805680152832
55574784,6491521751777280
48234752,6526701290983680
24064,4522360161959985
531968,4786242952626288
1056256,4504772271931440
2104832,4786242952630320
8396288,4522360161960240
16784896,4786243221061680
33562112,4504768244416560
28160,4557544534048785
44544,4522501895880720
77312,4524559185215505
273920,4522497869348880
536064,4803835138670640
4206080,13811034393411600
8400384,4557544534049040
151040,13529559416700945
544256,4803766419193905
4214272,13810965673934865
8408576,4557475814572305
101888,4506971294138385
298496,4504909978271760
560640,4786247247593520
1084928,4504780861866000
4230656,13793446502334480
331264,4506967267606545
1117696,4506902575710225
2166272,4788373256409105
8457728,4524490465739025
16846336,4788373524840465
33623552,4506898548195345
1183232,13511971526672400
2231808,13793442207371280
4328960,31807840716849168
8523264,13529559416701200
16911872,13793442475802640
33689088,13511967499157520
790016,4786243221061680
4460032,13793442475802640
17042944,4786243757932560
33820160,4504768781287440
1576448,4786178529165360
8916480,4803766419194160
34082304,4786174501650480
5246464,13793377783906320
18877952,5349124455010320
12586496,13810965673935120
37752320,13793373756391440
50335232,4786175038521360
546304,4802735559934065
1070592,4521264879239217
2119168,4802735559938097
16799232,4802735828369457
33576448,4521260851724337
595456,4786242885517425
1119744,4504772204822577
2168320,4786242885521457
8459776,4522360094851377
16848384,4786243153952817
33625600,4504768177307697
1578496,4785147669905520
8918528,4802735559934320
34084352,4785143642390640
3151360,4785147669909552
9442816,4521264879239472
17831424,4785147938340912
34608640,4503672961695792
10491392,4802735559938352
35657216,4785143642394672
25171456,4802735828369712
41948672,4521260851724592
1074688,4556449251328017
2123264,4837919932026897
8414720,4626813699490065
16803328,4837920200458257
33580544,4556445223813137
108032,4522501828771857
304640,4521677463486480
2139648,4802877293858832
16819712,4802877562290192
33596928,4521402585645072
337408,4522497802240017
599552,4803835071561777
4269568,13811034326302737
8463872,4557544466940177
1320448,4521402586628112
2369024,4802873267326992
1582592,4802739855949872
34088448,4802735828434992
5252608,13809939110690832
9446912,4556449251328272
10495488,4837919932027152
18884096,5365685781794832
37758464,13809935083175952
25175552,4837920200458512
41952768,4556445223813392
50341376,4802736365305872
116224,4522364389818387
312832,4521402585579537
574976,4802739854901297
1099264,4521273469173777
4244992,13809939109642257
8439296,4556449250279697
345600,4522360363286547
1132032,4522295671390227
2180608,4803766352089107
16860672,4803766620520467
33637888,4522291643875347
1197568,13528464133980177
2246144,13809934814679057
4343296,31824333324156945
16926208,13809935083110417
33703424,13528460106465297
804352,4802735828369457
4474368,13809935083110417
8668672,4556445223747857
17057280,4802736365240337
33834496,4521261388595217
1590784,4802671136473137
34096640,4802667108958257
5260800,13809870391214097
9455104,4556380531851537
10503680,4837851212550417
18892288,5365617062318097
37766656,13809866363699217
25183744,4837851480981777
41960960,4556376504336657
50349568,4802667645829137
361984,4504909911162897
624128,4786247180484657
1148416,4504780794757137
4294144,13793446435225617
2393600,4785285376249872
8685056,4521402585579792
8947200,4802739854901552
34113024,4785147937357872
3180032,4785156259844112
9471488,4521273469174032
17860096,4785156528275472
34637312,4503681551630352
18908672,5348097890717712
12617216,13809939109642512
37783040,13792347192098832
50365952,4785148474228752
1246720,13511971459563537
2295296,13793442140262417
4392448,31807840649740305
8586752,13529559349592337
16975360,13793442408693777
33752576,13511967432048657
853504,4786243153952817
4523520,13793442408693777
17106432,4786243690823697
33883648,4504768714178577
1639936,4786178462056497
8979968,4803766352085297
34145792,4786174434541617
5309952,13793377716797457
18941440,5349124387901457
12649984,13810965606826257
37815808,13793373689282577
50398720,4786174971412497
3278336,13792346924650512
5375488,31806745434128400
9569792,13528464133980432
17958400,13792347193081872
34735616,13510872216436752
10618368,13809934814679312
35784192,13792342897135632
12715520,31824333324157200
37881344,31806741406613520
25298432,13809935083110672
42075648,13528460106465552
1836544,4785147938340912
9176576,4802735828369712
5506560,13792347193081872
18089472,4785148475211792
34866688,4503673498566672
35915264,4785144179265552
12846592,13809935083110672
25429504,4802736365240592
42206720,4521261388595472
50595328,4785145253003280
9963008,4802671136473392
35128832,4785079218929712
42468864,4802667108958512
19924480,5348029172289552
13633024,13809870391214352
38798848,13792278473670672
51381760,4785079755800592
27264512,5365617062318352
46138880,13809866363699472
58721792,4802667645829392
547328,300235444191345
1071616,18764763496497
2120192,300235444195377
4217344,4803835071561777
16800256,300235712626737
33577472,18760735981617
1579520,282647554162800
8919552,300235444191600
34085376,282643526647920
3152384,282647554166832
5249536,4786247181533232
9443840,18764763496752
17832448,282647822598192
34609664,1172845953072
10492416,300235444195632
35658240,282643526651952
12589568,4803835071562032
37755392,4786243154018352
25172480,300235712626992
41949696,18760735981872
1075712,53949135585297
2124288,335419816284177
4221440,4839019443650577
8415744,124313583747345
16804352,335420084715537
33581568,53945108070417
174592,4522776706678800
305664,19177347743760
2140672,300377178116112
4237824,4803976805482512
16820736,300377446547472
33597952,18902469902352
1124864,20963786752017
2173440,302434467450897
4270592,4806034094817297
16853504,302434735882257
33630720,20959759237137
403968,4522772680146960
1190400,4522501829820432
2238976,4803972510519312
16919040,4803972778950672
33696256,4522497802305552
1321472,18902470885392
2370048,300373151584272
4467200,4803972778950672
1583616,300239740207152
34089472,300235712692272
9447936,53949135585552
6302208,5366785024987152
10496512,335419816284432
18885120,863185666052112
12593664,4839019443650832
20982272,5366785293418512
25176576,335420084715792
41953792,53945108070672
50342400,300236249563152
182784,4522501828771857
313856,18902469836817
576000,300239739158577
1100288,18773353431057
8440320,53949134536977
412160,4522497802240017
674304,4803835071561777
4344320,13811034326302737
8538624,4557544466940177
805376,300235712626737
8669696,53945108005137
17058304,300236249497617
33835520,18761272852497
1591808,300171020730417
34097664,300166993215537
9456128,53880416108817
6310400,5366716305510417
10504704,335351096807697
18893312,863116946575377
12601856,4838950724174097
20990464,5366716573941777
25184768,335351365239057
41961984,53876388593937
50350592,300167530086417
2198016,284846576373777
4295168,4788446203740177
8489472,20963785703697
16878080,284846844805137
33655296,3371868160017
428544,4505184789069840
2263552,4786384619442192
8555008,4522501828772112
16943616,4786384887873552
33720832,4504909911228432
2394624,282785260507152
4491776,4786384887873552
8686080,18902469837072
8948224,300239739158832
34114048,282647821615152
3181056,282656144101392
5278208,4786255771467792
9472512,18773353431312
17861120,282656412532752
34638336,1181435887632
6326784,5349197133910032
18909696,845597774974992
21006848,5349197402341392
50366976,282648358486032
1247744,4506971228078097
2296320,4788441908776977
8587776,4524559118106897
16976384,4788442177208337
33753600,4506967200563217
1378816,3371869143057
2427392,284842549841937
4524544,4788442177208337
8718848,20959759171857
3213824,284777857945617
5310976,4788377485312017
9505280,20895067275537
17893888,284778126376977
34671104,3303149731857
10553856,302365747974417
35719680,284773830430737
12651008,4805965375340817
37816832,4788373457797137
25233920,302366016405777
42011136,20891039760657
1444352,4504909912211472
2492928,4786380592910352
8784384,4522497802240272
1706496,4786247181533232
9046528,4803835071562032
34212352,4786243154018352
5376512,13793446436274192
19008000,5349193107378192
12716544,13811034326302992
37882368,13793442408759312
50465280,4786243690889232
1837568,282647822598192
9177600,300235712626992
18090496,282648359469072
34867712,1173382823952
6556160,5349193107378192
35916288,282644063522832
38013440,4786243690889232
25430528,300236249497872
42207744,18761272852752
50596352,282645137260560
9964032,300171020730672
35129856,282579103186992
42469888,300166993215792
7342592,5349128415481872
19925504,845529056546832
22022656,5349128683913232
51382784,282579640057872
14682624,5366716305510672
23071232,6475024294744080
39848448,5349124387966992
27265536,863116946575632
29362688,5366716573942032
58722816,300167530086672
111104,19177045753905
569856,299552510836848
2142720,299552510840880
4239872,4803152138207280
16822784,299552779272240
33600000,18077802627120
209408,4522772378157105
340480,19173019222065
602624,300372849590385
1126912,18902168895537
2175488,300372849594417
4272640,4803972476960817
16855552,300373118025777
33632768,18898141380657
668160,4803147843240048
1192448,4521677162545200
2241024,4803147843244080
16921088,4803148111675440
33698304,4521673135030320
799232,299548484305008
1323520,18077803610160
2372096,299548484309040
4469248,4803148111675440
1585664,299277633978480
34091520,299273606463600
3158528,299277633982512
5255680,4802877261348912
17838592,299277902413872
34615808,17802925768752
35664384,299273606467632
37761536,4802873233834032
184832,4521677161496625
315904,18077802561585
578048,299277632929905
2150912,299277632933937
4248064,4802877260300337
16830976,299277901365297
33608192,17802924720177
610816,300235410636915
1135104,18764729942067
2183680,300235410640947
4280832,4803835038007347
16863744,300235679072307
33640960,18760702427187
414208,4521673134964785
676352,4802872965333105
1200640,4521402284638257
2249216,4802872965337137
16929280,4802873233768497
33706496,4521398257123377
807424,299273606398065
1331712,17802925703217
2380288,299273606402097
4477440,4802873233768497
2642432,862085852434545
4739584,5365685479800945
8933888,334320271098225
17322496,862086120865905
9458176,52849590403377
6312448,5365685479804977
10506752,334320271102257
18895360,862086120869937
12603904,4837919898468657
20992512,5365685748236337
25186816,334320539533617
41964032,52845562888497
50352640,299136704380977
233984,4505184487079985
365056,1585128144945
627200,282784958513265
2200064,282784958517297
4297216,4786384585883697
8491520,18902167847217
16880128,282785226948657
33657344,1310250303537
692736,4785559952162928
2265600,4785559952166960
8557056,4521677161496880
16945664,4785560220598320
33722880,4504085243953200
823808,281960593227888
2396672,281960593231920
4493824,4785560220598320
8688128,18077802561840
8950272,299277632930160
34116096,281685715386480
10523136,299277632934192
35688960,281685715390512
12620288,4802877260300592
37786112,4785285342756912
25203200,299277901365552
41980416,17802924720432
463360,4505180460548145
725504,4786380290916465
1249792,4504909610221617
2298368,4786380290920497
8589824,4522497500250417
16978432,4786380559351857
33755648,4504905582706737
856576,282780931981425
1380864,1310251286577
2429440,282780931985457
4526592,4786380559351857
8720896,18898141315377
2691584,845593178017905
4788736,5349192805384305
17371648,845593446449265
6361600,5349192805388337
18944512,845593446453297
21041664,5349193073819697
50401792,282644029964337
922112,4785555925631088
1446400,4504085244936240
2494976,4785555925635120
8786432,4521673134965040
1708544,4785285075304560
9048576,4802872965333360
34214400,4785281047789680
3281408,4785285075308592
9572864,4521402284638512
17961472,4785285343739952
34738688,4503810367094832
10621440,4802872965337392
35787264,4785281047793712
25301504,4802873233768752
42078720,4521398257123632
1839616,281685716369520
9179648,299273606398320
3412480,281685716373552
5509632,4785285343739952
9703936,17802925703472
10752512,299273606402352
12849664,4802873233768752
3674624,844497962406000
5771776,5348097589772400
18354688,844498230837360
6820352,6473993200603248
11014656,862085852434800
19403264,1970393841668208
36180480,844493934891120
13111808,5365685479801200
21500416,6473993469034608
38277632,5348093562257520
25694720,862086120866160
7344640,5348097589776432
19927552,844498230841392
22024704,5348097858207792
51384832,281548814352432
14684672,5365685479805232
23073280,6473993469038640
39850496,5348093562261552
27267584,862086120870192
29364736,5365685748236592
58724864,299136704381232
188928,4556861533585425
320000,53262174650385
2155008,334462005022737
4252160,4838061632389137
8446464,123355772485905
16835072,334462273454097
33612288,52987296808977
1139200,53949102030867
2187776,335419782729747
4284928,4839019410096147
8479232,124313550192915
16867840,335420051161107
33645056,53945074515987
418304,4556857507053585
1204736,4556586656727057
2253312,4838057337425937
8544768,4626951104889105
16933376,4838057605857297
33710592,4556582629212177
1335808,52987297792017
2384384,334457978490897
4481536,4838057605857297
8675840,123351745954065
1597952,334324567113777
8937984,404689015275825
34103808,334320539598897
6316544,5400869851893777
18899456,897270492958737
20996608,5400870120325137
50356736,334321076469777
631296,300377144557617
1155584,18910758830097
8495616,54086539936017
434688,4522227185745936
696832,4803152138207280
1221120,4521685752479760
4366848,13810351392948240
8561152,4556861533585680
827904,299552779272240
1352192,18086393544720
8692224,53262174650640
17080832,299553316143120
33858048,18078339498000
34120192,299277901430832
3187200,299286223917072
5284352,4802885851283472
17867264,299286492348432
34644480,17811515703312
6332928,5365827213725712
10527232,334462005022992
18915840,862227854790672
12624384,4838061632389392
21012992,5365827482157072
25207296,334462273454352
41984512,52987296809232
50373120,299278438301712
729600,4803972476960817
4399616,13811171731701777
8593920,4557681872339217
860672,300373118025777
8724992,54082513404177
17113600,300373654896657
33890816,18898678251537
2695680,863185364062257
4792832,5366784991428657
8987136,335419782725937
17375744,863185632493617
926208,4803148111675440
4596224,13810347366416400
8790528,4556857507053840
17179136,4803148648546320
33956352,4521673671901200
1712640,4802877261348912
34218496,4802873233834032
5382656,13810076516089872
9576960,4556586656727312
10625536,4838057337426192
19014144,5365823187193872
37888512,13810072488574992
25305600,4838057605857552
42082816,4556582629212432
50471424,4802873770704912
1843712,299277902413872
9708032,52987297792272
18096640,299278439284752
34873856,17803462639632
6562304,5365823187193872
10756608,334457978491152
35922432,299274143338512
12853760,4838057605857552
38019584,4802873770704912
50602496,299275217076240
3678720,862090148450352
5775872,5365689775816752
9970176,334324567114032
18358784,862090416881712
6824448,6491585386647600
19407360,1987986027712560
36184576,862086120935472
21504512,6491585655078960
38281728,5365685748301872
42476032,334320539599152
14688768,5400869851894032
27271680,897270492958992
52437504,862086657806352
29368832,5400870120325392
54534656,5365686285172752
58728960,334321076470032
246272,4522501795217427
377344,18902436282387
639488,300239705604147
1163776,18773319876627
8503808,53949100982547
705024,4802877260300337
1229312,4521410874572817
4375040,13810076515041297
8569344,4556586655678737
836096,299277901365297
1360384,17811515637777
8700416,52987296743697
17089024,299278438236177
33866240,17803461591057
1622528,299148784959537
2671104,862090147401777
4768256,5365689774768177
8962560,334324566065457
17351168,862090415833137
9486848,52858180337937
475648,4522497768685587
737792,4803835038007347
4407808,13811034292748307
8602112,4557544433385747
868864,300235679072307
8733184,53945074450707
17121792,300236215943187
33899008,18761239298067
1655296,300170987175987
34161152,300166959661107
9519616,53880382554387
6373888,5366716271955987
10568192,335351063253267
18956800,863116913020947
12665344,4838950690619667
21053952,5366716540387347
25248256,335351331684627
42025472,53876355039507
50414080,300167496531987
934400,4802873233768497
4604416,13810072488509457
8798720,4556582629146897
17187328,4802873770639377
33964544,4521398793994257
2769408,5365685479804977
9060864,4837919898468657
17449472,5365685748236337
6439424,14372884734545937
12730880,13845119153209617
21119488,14372885002977297
2900480,862086120869937
4997632,5365685748236337
9191936,334320539533617
34357760,299136704380977
19153408,862086657740817
21250560,5365686285107217
25444864,334321076404497
42222080,52846099759377
3686912,862021428973617
5784064,5365621056340017
9978368,334255847637297
18366976,862021697404977
6832640,6491516667170865
19415552,1987917308235825
36192768,862017401458737
21512704,6491516935602225
38289920,5365617028825137
42484224,334251820122417
14696960,5400801132417297
27279872,897201773482257
52445696,862017938329617
29377024,5400801400848657
54542848,5365617565696017
58737152,334252356993297
754176,4786384585883697
1278464,4504918200156177
4424192,13793583840624657
885248,282785226948657
1409536,1318841221137
17138176,282785763819537
33915392,1310787174417
1671680,282656110542897
2720256,845597472985137
4817408,5349197100351537
17400320,845597741416497
950784,4785560220598320
1475072,4504093834870800
4620800,13792759475339280
17203712,4785560757469200
33980928,4504085780824080
9077248,4802877260300592
34243072,4785285342756912
3310080,4785293665243152
9601536,4521410874573072
17990144,4785293933674512
34767360,4503818957029392
19038720,5348235296116752
12747264,13810076515041552
37913088,13792484597497872
50496000,4785285879627792
9208320,299277901365552
3441152,281694306308112
5538304,4785293933674512
9732608,17811515638032
6586880,5348235296116752
35947008,281686252261392
38044160,4785285879627792
25461248,299278438236432
42238464,17803461591312
50627072,281687325999120
9994752,299148784959792
35160576,281556867416112
6849024,6473997495570480
11043328,862090147402032
19431936,1970398136635440
36209152,844498229858352
13140480,5365689774768432
21529088,6473997764001840
38306304,5348097857224752
25723392,862090415833392
7373312,5348106179710992
19956224,844506820775952
22053376,5348106448142352
51413504,281557404286992
52462080,844498766729232
54559232,5348098394095632
983552,4786380559351857
4653568,13793579814092817
17236480,4786381096222737
34013696,4504906119577617
2818560,5349192805388337
17498624,5349193073819697
6488576,14356392060129297
21168640,14356392328560657
2949632,845593446453297
5046784,5349193073819697
34406912,282644029964337
19202560,845593983324177
21299712,5349193610690577
3736064,845528754556977
5833216,5349128381923377
18416128,845529022988337
6881792,6475023992754225
11076096,863116644585777
19464704,1971424633819185
36241920,845524727042097
13173248,5366716271952177
21561856,6475024261185585
38339072,5349124354408497
25756160,863116913017137
52494848,845525263912977
54592000,5349124891279377
1966592,4785285343739952
9306624,4802873233768752
5636608,13792484598480912
18219520,4785285880610832
34996736,4503810903965712
36045312,4785281584664592
12976640,13810072488509712
25559552,4802873770639632
42336768,4521398793994512
50725376,4785282658402320
3801600,5348097589776432
18481664,5348097858207792
11141632,5365685479805232
19530240,6473993469038640
36307456,5348093562261552
25821696,5365685748236592
7471616,14355296844517392
22151680,14355297112948752
14811648,14372884734546192
23200256,15481192723779600
39977472,14355292817002512
52560384,5348094099132432
29491712,14372885002977552
3932672,844498230841392
6029824,5348097858207792
35389952,281548814352432
7078400,6473993469038640
11272704,862086120870192
13369856,5365685748236592
42729984,299136704381232
20185600,844498767712272
22282752,5348098395078672
23331328,6473994005909520
40108544,5348094099132432
27525632,862086657741072
52691456,844495545503760
29622784,5365686285107472
54788608,5348095172870160
7864832,6473928777142320
12059136,862021428973872
20447744,1970329418207280
37224960,844429511430192
14156288,5365621056340272
22544896,6473929045573680
39322112,5348029138796592
26739200,862021697405232
15204864,6491516667171120
40370688,6473924749627440
27787776,1987917308236080
44564992,862017401458992
29884928,6491516935602480
46662144,5365617028825392
53477888,844430048301072
55575040,5348029675667472
56623616,6473925286498320
60817920,862017938329872
62915072,5365617565696272
48128,4522776706678800
277504,4522772680146960
1063936,4522501829820432
2112512,4803972510519312
16792576,4803972778950672
33569792,4522497802305552
56320,4522501828771857
285696,4522497802240017
547840,4803835071561777
4217856,13811034326302737
8412160,4557544466940177
302080,4505184789069840
2137088,4786384619442192
8428544,4522501828772112
16817152,4786384887873552
33594368,4504909911228432
1121280,4506971228078097
2169856,4788441908776977
8461312,4524559118106897
16849920,4788442177208337
33627136,4506967200563217
1317888,4504909912211472
2366464,4786380592910352
8657920,4522497802240272
1580032,4786247181533232
8920064,4803835071562032
34085888,4786243154018352
5250048,13793446436274192
18881536,5349193107378192
12590080,13811034326302992
37755904,13793442408759312
50338816,4786243690889232
551936,4839019443650577
1076224,4557548762955777
2124800,4839019443654657
8416256,4627913211117825
16804864,4839019712086017
33582080,4557544735440897
306176,4522776975114240
568320,4803976805482512
2141184,4803976805486592
16821248,4803977073917952
33598464,4522502097272832
601088,4806034094817297
1125376,4524563414122497
2173952,4806034094821377
16854016,4806034363252737
33631232,4524559386607617
797696,4803972778950672
1321984,4522502098255872
2370560,4803972778954752
2632704,5366785024987152
8924160,4839019443650832
17312768,5366785293418512
5254144,13811038622318592
9448448,4557548762956032
10497024,4839019443654912
18885632,5366785293422592
37760000,13811034594803712
25177088,4839019712086272
41954304,4557544735441152
50342912,4803835876933632
314368,4522502097207297
1100800,4522372980801537
4246528,13811038621270017
8440832,4557548761907457
674816,13811034326302737
1199104,13529563645607937
2247680,13811034326306817
4344832,31825432835784705
16927744,13811034594738177
33704960,13529559618093057
4475904,13811034594738177
8670208,4557544735375617
17058816,4803835876868097
33836032,4522360900222977
2640896,5366716305510417
8932352,4838950724174097
17320960,5366716573941777
5262336,13810969902841857
9456640,4557480043479297
10505216,4838950724178177
18893824,5366716573945857
37768192,13810965875326977
25185280,4838950992609537
41962496,4557476015964417
50351104,4803767157456897
625664,4788446203740177
2198528,4788446203744257
8489984,4524563413074177
16878592,4788446472175617
33655808,4506971495530497
822272,4786384887873552
2395136,4786384887877632
8686592,4522502097207552
1608704,4786255771467792
2657280,5349197133910032
17337344,5349197402341392
3181568,4786255771471872
9473024,4522372980801792
17861632,4786256039903232
34638848,4504781063258112
18910208,5349197402345472
12618752,13811038621270272
37784576,13793446703726592
50367488,4786247985856512
855040,4788442177208337
1379328,4506971496513537
2427904,4788442177212417
8719360,4524559386542337
1641472,4788377485312017
8981504,4805965375340817
34147328,4788373457797137
3214336,4788377485316097
9505792,4524494694646017
17894400,4788377753747457
34671616,4506902777102337
10554368,4805965375344897
35720192,4788373457801217
25234432,4805965643776257
42011648,4524490667131137
1707008,13793446436274192
9047040,13811034326302992
34212864,13793442408759312
3279872,13793446436278272
5377024,31807844945756160
9571328,13529563645608192
17959936,13793446704709632
34737152,13511971728064512
10619904,13811034326307072
35785728,13793442408763392
12717056,31825432835784960
37882880,31807840918241280
25299968,13811034594738432
42077184,13529559618093312
2886656,5349193107378192
34343936,4786243690889232
5508096,13793446704709632
18091008,4786247986839552
34868224,4504773010194432
35916800,4786243690893312
12848128,13811034594738432
25431040,4803835876868352
42208256,4522360900223232
50596864,4786244764631040
3673088,5349128415481872
18353152,5349128683913232
11013120,5366716305510672
19401728,6475024294744080
36178944,5349124387966992
25693184,5366716573942032
19926016,5349128683917312
13634560,13810969902842112
38800384,13793377985298432
51383296,4786179267428352
27266048,5366716573946112
46140416,13810965875327232
58723328,4803767157457152
62464,4556861533585425
291840,4556857507053585
1078272,4556586656727057
2126848,4838057337425937
8418304,4626951104889105
16806912,4838057605857297
33584128,4556582629212177
308224,4522227185745936
570368,4803152138207280
1094656,4521685752479760
4240384,13810351392948240
8434688,4556861533585680
209920,13529971632898065
603136,4803972476960817
4273152,13811171731701777
8467456,4557681872339217
1192960,13528876417286160
2241536,13810347097985040
4338688,31824745607462928
16921600,13810347366416400
33698816,13528872389771280
799744,4803148111675440
4469760,13810347366416400
8664064,4556857507053840
17052672,4803148648546320
33829888,4521673671901200
1586176,4802877261348912
34092032,4802873233834032
5256192,13810076516089872
9450496,4556586656727312
10499072,4838057337426192
18887680,5365823187193872
37762048,13810072488574992
25179136,4838057605857552
41956352,4556582629212432
50344960,4802873770704912
119808,4522501795217427
185344,13528876416237585
578560,4802877260300337
1102848,4521410874572817
4248576,13810076515041297
8442880,4556586655678737
349184,4522497768685587
611328,4803835038007347
4281344,13811034292748307
8475648,4557544433385747
414720,13528872389705745
1201152,13528601539379217
2249728,13810072220078097
4346880,31824470729555985
16929792,13810072488509457
33707008,13528597511864337
807936,4802873233768497
4477952,13810072488509457
8672256,4556582629146897
17060864,4802873770639377
33838080,4521398793994257
2642944,5365685479804977
8934400,4837919898468657
17323008,5365685748236337
6312960,14372884734545937
12604416,13845119153209617
20993024,14372885002977297
234496,13512383741820945
627712,4786384585883697
1152000,4504918200156177
4297728,13793583840624657
2266112,13792759206907920
4363264,31807157716385808
8557568,13528876416237840
16946176,13792759475339280
33723392,13511284498694160
824320,4785560220598320
1348608,4504093834870800
4494336,13792759475339280
17077248,4785560757469200
33854464,4504085780824080
8950784,4802877260300592
34116608,4785285342756912
3183616,4785293665243152
9475072,4521410874573072
17863680,4785293933674512
34640896,4503818957029392
18912256,5348235296116752
12620800,13810076515041552
37786624,13792484597497872
50369536,4785285879627792
463872,13512379715289105
1250304,13512108864962577
2298880,13793579545661457
4396032,31807978055139345
8590336,13529696754991377
16978944,13793579814092817
33756160,13512104837447697
857088,4786380559351857
4527104,13793579814092817
17110016,4786381096222737
33887232,4504906119577617
2692096,5349192805388337
17372160,5349193073819697
6362112,14356392060129297
21042176,14356392328560657
1446912,13511284499677200
2495488,13792755180376080
4592640,31807153689853968
8786944,13528872389706000
3281920,13792484330049552
5379072,31806882839527440
9573376,13528601539379472
17961984,13792484598480912
34739200,13511009621835792
10621952,13810072220078352
35787776,13792480302534672
12719104,31824470729556240
37884928,31806878812012560
25302016,13810072488509712
42079232,13528597511864592
1840128,4785285343739952
9180160,4802873233768752
5510144,13792484598480912
18093056,4785285880610832
34870272,4503810903965712
35918848,4785281584664592
12850176,13810072488509712
25433088,4802873770639632
42210304,4521398793994512
50598912,4785282658402320
3675136,5348097589776432
18355200,5348097858207792
11015168,5365685479805232
19403776,6473993469038640
36180992,5348093562261552
25695232,5365685748236592
7345152,14355296844517392
22025216,14355297112948752
14685184,14372884734546192
23073792,15481192723779600
39851008,14355292817002512
52433920,5348094099132432
29365248,14372885002977552
320512,4556861802020865
582656,4838061632389137
2155520,4838061632393217
8446976,4626955399856385
16835584,4838061900824577
33612800,4556586924179457
615424,4839019410096147
1139712,4557548729401347
2188288,4839019410100227
8479744,4627913177563395
16868352,4839019678531587
33645568,4557544701886467
812032,4838057605857297
1336320,4556586925162497
2384896,4838057605861377
8676352,4626951373324545
2647040,5400869851893777
17327104,5400870120325137
5268480,13845123449225217
18899968,5400870120329217
12608512,13915487897387265
37774336,13845119421710337
50357248,4837920703840257
238592,13529975927865345
1156096,4522510386200577
4301824,13811176026669057
8496128,4557686167306497
697344,13810351392948240
2270208,13810351392952320
4367360,31824749902430208
16950272,13810351661383680
33727488,13528876684738560
1352704,4521686020915200
4498432,13810351661383680
8692736,4556861802021120
17081344,4803152943513600
33858560,4521677966868480
1614848,4802885851283472
2663424,5365827213725712
8954880,4838061632389392
17343488,5365827482157072
3187712,4802885851287552
17867776,4802886119718912
34644992,4521411143073792
10527744,4838061632393472
18916352,5365827482161152
37790720,13810076783542272
25207808,4838061900824832
41985024,4556586924179712
50373632,4802878065672192
467968,13529971901333505
730112,13811171731701777
1254400,13529701051006977
2302976,13811171731705857
4400128,31825570241183745
16983040,13811172000137217
33760256,13529697023492097
4531200,13811172000137217
8725504,4557682140774657
17114112,4803973282267137
33891328,4522498305622017
4793344,14373984246169617
6366208,14373984246173697
12657664,13846218664837377
21046272,14373984514605057
926720,13810347366416400
1451008,13528876685721600
2499584,13810347366420480
4596736,31824745875898368
1713152,13810076516089872
34219008,13810072488574992
3286016,13810076516093952
5383168,31824475025571840
17966080,13810076784525312
34743296,13528601807880192
35791872,13810072488579072
37889024,31824470998056960
2892800,5365823187193872
9184256,4838057605857552
34350080,4802873770704912
5514240,13810076784525312
9708544,4556586925162752
18097152,4802878066655232
34874368,4521403090010112
10757120,4838057605861632
35922944,4802873770708992
50603008,4802874844446720
5776384,14372889030557712
6824960,15498784641388560
11019264,5400869851894032
21505024,15498784909819920
38282240,14372885003042832
25699328,5400870120325392
50865152,5365686285172752
7349248,14372889030561792
13640704,13845123449225472
22029312,14372889298993152
23077888,15498784909824000
39855104,14372885003046912
27272192,5400870120329472
52438016,5365686285176832
46146560,13845119421710592
58729472,4837920703840512
377856,4522502063652867
1164288,4522372947247107
4310016,13811038587715587
8504320,4557548728353027
443392,13528876684673025
705536,13810076515041297
2278400,13810076515045377
4375552,31824475024523265
16958464,13810076783476737
33735680,13528601806831617
1360896,4521411143008257
4506624,13810076783476737
8700928,4556586924114177
17089536,4802878065606657
33866752,4521403088961537
4768768,14372889029509137
5293056,13809947667070977
9487360,4556457807708417
6341632,14372889029513217
12633088,13845123448176897
21021696,14372889297944577
738304,13811034292748307
1262592,13529563612053507
2311168,13811034292752387
4408320,31825432802230275
16991232,13811034561183747
33768448,13529559584538627
4539392,13811034561183747
8733696,4557544701821187
17122304,4803835843313667
33899520,4522360866668547
2704384,5366716271955987
8995840,4838950690619667
17384448,5366716540387347
5325824,13810969869287427
9520128,4557480009924867
10568704,4838950690623747
18957312,5366716540391427
37831680,13810965841772547
25248768,4838950959055107
42025984,4557475982409987
50414592,4803767123902467
934912,13810072488509457
1459200,13528601807814657
2507776,13810072488513537
4604928,31824470997991425
2769920,14372884734545937
4867072,32387283244023825
9061376,13845119153209617
17449984,14372885002977297
9585664,13563648472514817
6439936,32387283244027905
10634240,13845119153213697
19022848,14372885002981377
12731392,31859517662691585
21120000,32387283512459265
25314304,13845119421645057
42091520,13563644444999937
50480128,13809935586492417
4998144,14372885002977297
17581056,5365686285107217
6571008,14372885002981377
19153920,5365686285111297
12862464,13845119421645057
38028288,13809935586492417
25445376,4837920703774977
42222592,4556445727129857
5784576,14372820311080977
6833152,15498715921911825
11027456,5400801132417297
21513216,15498716190343185
38290432,14372816283566097
25707520,5400801400848657
50873344,5365617565696017
7357440,14372820311085057
13648896,13845054729748737
22037504,14372820579516417
23086080,15498716190347265
39863296,14372816283570177
27280384,5400801400852737
52446208,5365617565700097
46154752,13845050702233857
58737664,4837851984363777
492544,13512384010256385
754688,13793583840624657
2327552,13793583840628737
4424704,31807982350106625
8619008,13529701049958657
17007616,13793584109060097
33784832,13512109132414977
1410048,4504918468591617
4555776,13793584109060097
17138688,4786385391190017
33915904,4504910414544897
4817920,14356396355092497
5342208,13793454992654337
6390784,14356396355096577
21070848,14356396623527937
951296,13792759475339280
2524160,13792759475343360
4621312,31807157984821248
8815616,13528876684673280
9077760,13810076515041552
34243584,13792484597497872
10650624,13810076515045632
35816448,13792484597501952
12747776,31824475024523520
37913600,31806883106979840
25330688,13810076783476992
42107904,13528601806831872
1868800,4785293933674512
2917376,5348235296116752
34374656,4785285879627792
3441664,4785293933678592
9733120,4521411143008512
35947520,4785285879631872
12878848,13810076783476992
25461760,4802878065606912
42238976,4521403088961792
50627584,4785286953369600
3703808,5348106179710992
18383872,5348106448142352
6849536,15481196750311440
13140992,14372889029509392
21529600,15481197018742800
38306816,14355297111965712
50889728,5348098394095632
19956736,5348106448146432
13665280,13809947667071232
38831104,13792355749527552
51414016,4785157031657472
14713856,14372889029513472
23102464,15481197018746880
39879680,14355297111969792
52462592,5348098394099712
29393920,14372889297944832
984064,13793579814092817
1508352,13512109133398017
2556928,13793579814096897
4654080,31807978323574785
8848384,13529697023426817
2819072,14356392060129297
4916224,32370790569607185
17499136,14356392328560657
6489088,32370790569611265
19072000,14356392328564737
21169152,32370790838042625
50529280,13793442912075777
5047296,14356392328560657
17630208,5349193610690577
6620160,14356392328564737
19203072,5349193610694657
38077440,13793442912075777
5833728,14356327636664337
6882304,15482223247495185
13173760,14373915526693137
21562368,15482223515926545
38339584,14356323609149457
50922496,5349124891279377
7406592,14356327636668417
22086656,14356327905099777
14746624,14373915526697217
23135232,15482223515930625
39912448,14356323609153537
52495360,5349124891283457
29426688,14373915795128577
1967104,13792484598480912
9307136,13810072488509712
3539968,13792484598484992
5637120,31806883107962880
9831424,13528601807814912
10880000,13810072488513792
12977152,31824470997991680
3802112,14355296844517392
5899264,32369695353995280
18482176,14355297112948752
6947840,33495590964826128
11142144,14372884734546192
19530752,15481192723779600
36307968,14355292817002512
13239296,32387283244024080
21627904,33495591233257488
38405120,32369691326480400
25822208,14372885002977552
7472128,32369695353999360
20055040,14355297112952832
22152192,32369695622430720
51512320,13792347696463872
14812160,32387283244028160
23200768,33495591233261568
39977984,32369691326484480
27395072,14372885002981632
29492224,32387283512459520
58852352,13809935586492672
6030336,14355297112948752
18613248,5348098395078672
7078912,15481192723779600
19661824,6473994005909520
36439040,5348094099132432
13370368,14372885002977552
25953280,5365686285107472
51119104,5348095172870160
7603200,14355297112952832
20186112,5348098395082752
39060480,13792347696463872
14943232,14372885002981632
27526144,5365686285111552
52691968,5348095172874240
46400512,13809935586492672
7865344,15481128031883280
14156800,14372820311081232
22545408,15481128300314640
39322624,14355228393537552
51905536,5348029675667472
15205376,15498715921912080
40371200,15481124004368400
52954112,6473925286498320
29885440,15498716190343440
46662656,14372816283566352
59245568,5365617565696272
15729664,14372820311085312
24118272,15481128300318720
40895488,14355228393541632
53478400,5348029675671552
30409728,14372820579516672
31458304,15498716190347520
48235520,14372816283570432
60818432,5365617565700352
63488,54361417842705
161792,4557956750245905
292864,54357391310865
1079296,54086540984337
2127872,335557221683217
4225024,4839156849049617
8419328,124450989146385
16807936,335557490114577
33585152,54082513469457
112640,21376069009425
178176,4523326428938256
309248,19727070003216
571392,300652022464560
1095680,19185636737040
8435712,54361417842960
210944,4524971401412625
342016,21372042477585
1128448,21101192151057
2177024,302571872849937
4274176,4806171500216337
16857088,302572141281297
33634304,21097164636177
407552,4523322402406416
669696,4804247354867760
4339712,13811446609608720
8534016,4557956750246160
800768,300647995932720
8665088,54357391311120
17053696,300648532803600
33830912,19173556158480
1587200,300377145606192
34093056,300373118091312
9451520,54086540984592
6305792,5366922430386192
10500096,335557221683472
18888704,863323071451152
12597248,4839156849049872
20985856,5366922698817552
25180160,335557490114832
41957376,54082513469712
50345984,300373654962192
579584,300377144557617
1103872,18910758830097
8443904,54086539936017
1136640,20963753197587
2185216,302434433896467
4282368,4806034061262867
16865280,302434702327827
33642496,20959725682707
677888,4803972476960817
4347904,13811171731701777
8542208,4557681872339217
808960,300373118025777
8673280,54082513404177
17061888,300373654896657
33839104,18898678251537
2643968,863185364062257
4741120,5366784991428657
8935424,335419782725937
17324032,863185632493617
235520,4507383510335505
366592,3784151400465
2201600,284983981772817
4298752,4788583609139217
8493056,21101191102737
16881664,284984250204177
33658880,3509273559057
432128,4505734511329296
694272,4786659463790640
1218560,4505193078063120
4364288,13793858718531600
825344,283060104855600
1349632,1593719128080
17078272,283060641726480
33855488,1585665081360
8951808,300377144557872
34117632,282785227014192
3184640,282793549500432
5281792,4786393176866832
9476096,18910758830352
17864704,282793817931792
34641920,1318841286672
6330368,5349334539309072
18913280,845735180374032
21010432,5349334807740432
50370560,282785763885072
464896,4507379483803665
1251328,4507108633477137
2299904,4788579314176017
8591360,4524696523505937
16979968,4788579582607377
33757184,4507104605962257
1382400,3509274542097
2430976,284979955240977
4528128,4788579582607377
8722432,21097164570897
1644544,284846543863857
8984576,302434433892657
34150400,284842516348977
6363136,5351391828643857
18946048,847792469708817
21043200,5351392097075217
50403328,284843053219857
923648,4786655437258800
4593664,13793854691999760
17176576,4786655974129680
33953792,4505180997484560
1710080,4786384586932272
9050112,4803972476961072
34215936,4786380559417392
5380096,13793583841673232
19011584,5349330512777232
12720128,13811171731702032
37885952,13793579814158352
50468864,4786381096288272
1841152,282785227997232
9181184,300373118026032
18094080,282785764868112
34871296,1310788222992
6559744,5349330512777232
35919872,282781468921872
38017024,4786381096288272
25434112,300373654896912
42211328,18898678251792
50599936,282782542659600
3676160,845597474033712
5773312,5349197101400112
18356224,845597742465072
6821888,6475092712230960
11016192,863185364062512
19404800,1971493353295920
36182016,845593446518832
13113344,5366784991428912
21501952,6475092980662320
38279168,5349193073885232
25696256,863185632493872
52434944,845593983389712
54532096,5349193610756112
190464,4557961045213185
321536,54361686278145
583680,335561516646417
2156544,335561516650497
4253696,4839161144016897
8448000,124455284113665
16836608,335561785081857
33613824,54086808436737
419840,4557957018681345
681984,4839156849049617
1206272,4557686168354817
2254848,4839156849053697
8546304,4628050616516865
16934912,4839157117485057
33712128,4557682140839937
813056,335557490114577
1337344,54086809419777
2385920,335557490118657
4483072,4839157117485057
8677376,124451257581825
2648064,898369736151057
4745216,5401969363517457
17328128,898370004582417
6318080,5401969363521537
18900992,898370004586497
20998144,5401969631952897
50358272,335420588097537
239616,4524975696379905
370688,21376337444865
632832,302576167813137
2205696,302576167817217
4302848,4806175795183617
16885760,302576436248577
33662976,21101459603457
436224,4523326697373696
1222656,4522785264107520
4368384,13811450904576000
8562688,4557961045213440
1353728,19185905172480
8693760,54361686278400
17082368,300652827770880
33859584,19177851125760
1615872,300385735540752
2664448,863327097982992
4761600,5366926725349392
8955904,335561516646672
17344512,863327366414352
3188736,300385735544832
5285888,4803985362911232
17868800,300386003976192
34646016,18911027331072
6334464,5366926725353472
10528768,335561516650752
18917376,863327366418432
12625920,4839161144017152
21014528,5366926993784832
25208832,335561785082112
41986048,54086808436992
50374656,300377949929472
468992,4524971669848065
731136,4806171500216337
1255424,4524700819521537
2304000,4806171500220417
16984064,4806171768651777
33761280,4524696792006657
862208,302572141281297
1386496,21101460586497
2435072,302572141285377
4532224,4806171768651777
2697216,865384387317777
4794368,5368984014684177
8988672,337618805981457
17377280,865384655749137
9512960,56148125286657
6367232,5368984014688257
10561536,337618805985537
18950144,865384655753217
12658688,4841218433351937
21047296,5368984283119617
25241600,337619074416897
42018816,56144097771777
50407424,302435239264257
4597760,13811446878044160
8792064,4557957018681600
17180672,4804248160174080
33957888,4522773183528960
2762752,5366922430386192
9054208,4839156849049872
17442816,5366922698817552
5384192,13811176027717632
9578496,4557686168355072
10627072,4839156849053952
19015680,5366922698821632
37890048,13811172000202752
25307136,4839157117485312
42084352,4557682140840192
50472960,4803973282332672
2893824,863323071451152
4990976,5366922698817552
9185280,335557490114832
34351104,300373654962192
9709568,54086809420032
18098176,300377950912512
34875392,18902974267392
6563840,5366922698821632
10758144,335557490118912
35923968,300373654966272
12855296,4839157117485312
38021120,4803973282332672
50604032,300374728704000
11020288,898369736151312
13117440,5401969363517712
25700352,898370004582672
50866176,863186169430032
14690304,5401969363521792
27273216,898370004586752
52439040,863186169434112
29370368,5401969631953152
54536192,5366785796800512
58730496,335420588097792
641024,302438728859667
2213888,302438728863747
4311040,4806038356230147
16893952,302438997295107
33671168,20964020649987
1230848,4522510386200577
4376576,13811176026669057
8570880,4557686167306497
1361920,18911027265537
8701952,54086808371457
17090560,300377949863937
33867776,18902973218817
9488384,53957691965697
739328,4806034061262867
1263616,4524563380568067
2312192,4806034061266947
16992256,4806034329698307
33769472,4524559353053187
870400,302434702327827
1394688,20964021633027
2443264,302434702331907
4540416,4806034329698307
1656832,302370010431507
34162688,302365982916627
3229696,302370010435587
5326848,4805969637801987
17909760,302370278866947
34686976,20895302221827
35735552,302365982920707
37832704,4805965610287107
4605952,13811172000137217
8800256,4557682140774657
17188864,4803973282267137
33966080,4522498305622017
4868096,14373984246169617
6440960,14373984246173697
12732416,13846218664837377
21121024,14373984514605057
17582080,863186169364497
19154944,863186169368577
21252096,5366785796734977
25446400,335420588032257
42223616,53945611387137
11028480,898301016674577
13125632,5401900644040977
25708544,898301285105937
50874368,863117449953297
14698496,5401900644045057
27281408,898301285110017
52447232,863117449957377
29378560,5401900912476417
54544384,5366717077323777
58738688,335351868621057
493568,4507383778770945
755712,4788583609139217
2328576,4788583609143297
8620032,4524700818473217
17008640,4788583877574657
33785856,4507108900929537
886784,284984250204177
2459648,284984250208257
4556800,4788583877574657
8751104,21101459538177
1673216,284855133798417
2721792,847796496240657
4818944,5351396123607057
17401856,847796764672017
3246080,284855133802497
5343232,4788454761168897
9537536,20972343132417
17926144,284855402233857
34703360,3380425588737
6391808,5351396123611137
18974720,847796764676097
21071872,5351396392042497
50432000,284847348187137
1476608,4505193346498560
4622336,13793858986967040
17205248,4786660269096960
33982464,4505185292451840
1738752,4786393176866832
2787328,5349334539309072
17467392,5349334807740432
3311616,4786393176870912
9603072,4522510386200832
17991680,4786393445302272
34768896,4504918468657152
19040256,5349334807744512
12748800,13811176026669312
37914624,13793584109125632
50497536,4786385391255552
1869824,282793817931792
2918400,845735180374032
5015552,5349334807740432
34375680,282785763885072
3442688,282793817935872
5539840,4786393445302272
9734144,18911027265792
6588416,5349334807744512
35948544,282785763889152
38045696,4786385391255552
25462784,300377949864192
42240000,18902973219072
50628608,282786837626880
3704832,845606063968272
5801984,5349205691334672
18384896,845606332399632
50890752,845598278352912
7374848,5349205691338752
19957760,845606332403712
22054912,5349205959770112
51415040,282656915914752
52463616,845598278356992
54560768,5349197905723392
985088,4788579582607377
1509376,4507108901912577
2557952,4788579582611457
8849408,4524696791941377
2820096,5351391828643857
17500160,5351392097075217
5441536,13795645425975297
19073024,5351392097079297
12781568,13813233316004097
37947392,13795641398460417
50530304,4788442680590337
2951168,847792469708817
5048320,5351392097075217
34408448,284843053219857
18155520,284847349170177
34932736,3372372525057
6621184,5351392097079297
35981312,284843053223937
38078464,4788442680590337
25495552,302435239198977
42272768,20960262553857
50661376,284844126961665
3737600,847727777812497
5834752,5351327405178897
18417664,847728046243857
6883328,6477223016009745
11077632,865315667841297
19466240,1973623657074705
36243456,847723750297617
13174784,5368915295207697
21563392,6477223284441105
38340608,5351323377664017
25757696,865315936272657
7407616,5351327405182977
19990528,847728046247937
22087680,5351327673614337
51447808,284778629758977
14747648,5368915295211777
23136256,6477223284445185
39913472,5351323377668097
27330560,865315936276737
29427712,5368915563643137
58787840,302366519787777
3016704,5349330512777232
34473984,4786381096288272
5638144,13793584110108672
18221056,4786385392238592
34998272,4504910415593472
36046848,4786381096292352
12978176,13811172000137472
25561088,4803973282267392
42338304,4522498305622272
50726912,4786382170030080
5900288,14356396356141072
6948864,15482291966971920
13240320,14373984246169872
21628928,15482292235403280
38406144,14356392328626192
50989056,5349193610756112
7473152,14356396356145152
22153216,14356396624576512
14813184,14373984246173952
23201792,15482292235407360
39979008,14356392328630272
52561920,5349193610760192
29493248,14373984514605312
18614272,845598279335952
19662848,1971493890166800
36440064,845593983389712
21760000,6475093517533200
38537216,5349193610756112
25954304,863186169364752
51120128,845595057127440
20187136,845598279340032
22284288,5349197906706432
23332864,6475093517537280
40110080,5349193610760192
27527168,863186169368832
52692992,845595057131520
29624320,5366785796735232
54790144,5349194684497920
51906560,845529559924752
23595008,8726824074874896
52955136,1971425170755600
55052288,6475024798122000
59246592,863117449953552
53479424,845529559928832
55576576,5349129187295232
56625152,6475024798126080
60819456,863117449957632
62916608,5366717077324032
2158592,334736866152465
4255744,4838336493518865
8450048,123630633615633
16838656,334737134583825
33615872,53262157938705
1208320,4556861517856785
2256896,4838332198555665
8548352,4627225966018833
16936960,4838332466987025
33714176,4556857490341905
1339392,53262158921745
2387968,334732839620625
4485120,4838332466987025
8679424,123626607083793
3174400,334461989294097
5271552,4838061616660497
9465856,123355756757265
17854464,334462257725457
34631680,52987281080337
10514432,404826437456145
35680256,334457961779217
12611584,4908426064822545
37777408,4838057589145617
25194496,404826705887505
41971712,123351729242385
241664,4523326412161041
372736,19727053226001
634880,300652005687345
1159168,19185619959825
8499200,54361401065745
438272,4523326680596496
2273280,4803701877248016
16953344,4803702145679376
33730560,4522227169034256
2404352,300102518312976
4501504,4803702145679376
34123776,299552762560560
3190784,299561085046800
5287936,4803160712413200
17870848,299561353478160
34648064,18086376833040
6336512,5366102074855440
10530816,334736866152720
18919424,862502715920400
12627968,4838336493519120
21016576,5366102343286800
25210880,334737134584080
41988096,53262157938960
50376704,299553299431440
471040,4523322385629201
733184,4804247338090545
4403200,13811446592831505
8597504,4557956733468945
864256,300647979155505
8728576,54357374533905
17117184,300648516026385
33894400,19173539381265
1650688,300377128828977
34156544,300373101314097
9515008,54086524207377
6369280,5366922413608977
10563584,335557204906257
18952192,863323054673937
12660736,4839156832272657
21049344,5366922682040337
25243648,335557473337617
42020864,54082496692497
50409472,300373638184977
1454080,4522227170017296
2502656,4803697850716176
1716224,4803152122478640
34222080,4803148094963760
5386240,13810351377219600
9580544,4556861517857040
10629120,4838332198555920
19017728,5366098048323600
37892096,13810347349704720
25309184,4838332466987280
42086400,4556857490342160
50475008,4803148631834640
1847296,299552763543600
9711616,53262158922000
18100224,299553300414480
34877440,18078323769360
6565888,5366098048323600
10760192,334732839620880
35926016,299549004468240
12857344,4838332466987280
38023168,4803148631834640
50606080,299550078205968
35139584,299277885702192
7352320,5365827197997072
11546624,334461989294352
19935232,862227839062032
13643776,4838061616660752
22032384,5365827466428432
26226688,334462257725712
43003904,52987281080592
51392512,299278422573072
23080960,6491723077259280
39858176,5365823170482192
44052480,334457961779472
46149632,4838057589145872
249856,4522776656347155
380928,19177297412115
2215936,300377127784467
4313088,4803976755150867
16896000,300377396215827
33673216,18902419570707
446464,4522227168968721
708608,4803152121430065
1232896,4521685735702545
4378624,13810351376171025
8572928,4556861516808465
839680,299552762495025
1363968,18086376767505
8704000,53262157873425
17092608,299553299365905
33869824,18078322720785
34131968,299277884653617
3198976,299286207139857
5296128,4802885834506257
17879040,299286475571217
34656256,17811498926097
6344704,5365827196948497
10539008,334461988245777
18927616,862227838013457
12636160,4838061615612177
21024768,5365827465379857
25219072,334462256677137
41996288,52987280032017
50384896,299278421524497
479232,4522772629815315
1265664,4522501779488787
2314240,4803972460187667
16994304,4803972728619027
33771520,4522497751973907
1396736,18902420553747
2445312,300373101252627
4542464,4803972728619027
1658880,300239689875507
34164736,300235662360627
9523200,53949085253907
6377472,5366784974655507
10571776,335419765952787
18960384,863185615720467
12668928,4839019393319187
21057536,5366785243086867
25251840,335420034384147
42029056,53945057739027
50417664,300236199231507
937984,4803148094898225
4608000,13810347349639185
8802304,4556857490276625
17190912,4803148631769105
33968128,4521673655123985
1724416,4802877244571697
34230272,4802873217056817
5394432,13810076499312657
9588736,4556586639950097
10637312,4838057320648977
19025920,5365823170416657
37900288,13810072471797777
25317376,4838057589080337
42094592,4556582612435217
50483200,4802873753927697
1855488,299277885636657
9719808,52987281015057
18108416,299278422507537
34885632,17803445862417
6574080,5365823170416657
10768384,334457961713937
35934208,299274126561297
12865536,4838057589080337
38031360,4802873753927697
50614272,299275200299025
3690496,862090131673137
5787648,5365689759039537
9981952,334324550336817
18370560,862090400104497
6836224,6491585369870385
19419136,1987986010935345
36196352,862086104158257
21516288,6491585638301745
38293504,5365685731524657
42487808,334320522821937
14700544,5400869835116817
27283456,897270476181777
52449280,862086641029137
29380608,5400870103548177
54546432,5365686268395537
58740736,334321059692817
495616,4505734494552081
757760,4786659447013425
1282048,4505193061285905
4427776,13793858701754385
888832,283060088078385
1413120,1593702350865
17141760,283060624949265
33918976,1585648304145
9015296,300377127780657
34181120,282785210236977
3248128,282793532723217
5345280,4786393160089617
9539584,18910742053137
17928192,282793801154577
34705408,1318824509457
6393856,5349334522531857
18976768,845735163596817
21073920,5349334790963217
50434048,282785747107857
2527232,4786109959639056
8818688,4522227168968976
9080832,4803152121430320
34246656,4785560203886640
3313664,4785568526372880
9605120,4521685735702800
17993728,4785568794804240
34770944,4504093818159120
19042304,5348510157246480
12750848,13810351376171280
37916672,13792759458627600
50499584,4785560740757520
9211904,299552762495280
3444736,281969167437840
5541888,4785568794804240
9736192,18086376767760
6590464,5348510157246480
35950592,281961113391120
38047744,4785560740757520
25464832,299553299366160
42242048,18078322721040
50630656,281962187128848
42504192,299277884653872
11571200,299286207140112
36737024,281694289596432
13668352,4802885834506512
38834176,4785293916962832
26251264,299286475571472
43028480,17811498926352
14716928,5365827196948752
23105536,6474135186182160
39882752,5348235279405072
27299840,862227838013712
29396992,5365827465380112
58757120,299278421524752
987136,4786655420481585
4657152,13793854675222545
17240064,4786655957352465
34017280,4505180980707345
1773568,4786384570155057
9113600,4803972460183857
34279424,4786380542640177
5443584,13793583824896017
19075072,5349330496000017
12783616,13811171714924817
37949440,13793579797381137
50532352,4786381079511057
1904640,282785211220017
9244672,300373101248817
18157568,282785748090897
34934784,1310771445777
6623232,5349330496000017
35983360,282781452144657
38080512,4786381079511057
25497600,300373638119697
42274816,18898661474577
50663424,282782525882385
3739648,845597457256497
5836800,5349197084622897
18419712,845597725687857
6885376,6475092695453745
11079680,863185347285297
19468288,1971493336518705
36245504,845593429741617
13176832,5366784974651697
21565440,6475092963885105
38342656,5349193057108017
25759744,863185615716657
52498432,845593966612497
54595584,5349193593978897
1970176,4785560204869680
9310208,4803148094898480
5640192,13792759459610640
18223104,4785560741740560
35000320,4504085765095440
36048896,4785556445794320
12980224,13810347349639440
25563136,4803148631769360
42340352,4521673655124240
50728960,4785557519532048
10096640,4802877244571952
35262464,4785285327028272
42602496,4802873217057072
20058112,5348235280388112
13766656,13810076499312912
38932480,13792484581769232
51515392,4785285863899152
27398144,5365823170416912
46272512,13810072471798032
58855424,4802873753927952
10227712,299277885636912
7606272,5348235280388112
36966400,281686236532752
39063552,4785285863899152
26480640,299278422507792
43257856,17803445862672
51646464,281687310270480
14946304,5365823170416912
44306432,299274126561552
46403584,4802873753927952
58986496,299275200299280
7868416,6473997479841840
12062720,862090131673392
20451328,1970398120906800
37228544,844498214129712
14159872,5365689759039792
22548480,6473997748273200
39325696,5348097841496112
26742784,862090400104752
15208448,6491585369870640
40374272,6473993452326960
27791360,1987986010935600
44568576,862086104158512
29888512,6491585638302000
46665728,5365685731524912
53481472,844498751000592
55578624,5348098378366992
56627200,6473993989197840
60821504,862086641029392
62918656,5365686268395792
712704,4838336493518865
2285568,4838336493522945
8577024,4627230260986113
16965632,4838336761954305
33742848,4556861785309185
843776,334737134583825
2416640,334737134587905
4513792,4838336761954305
8708096,123630902051073
8970240,404830732419345
34136064,334462256742417
10543104,404830732423425
35708928,334462256746497
12640256,4908430359789825
37806080,4838061884112897
25223168,404831000854785
42000384,123356024209665
1662976,335424061964307
9003008,405788510126355
34168832,335420034449427
3235840,335424061968387
5332992,4839023689334787
9527296,124317829431555
17915904,335424330399747
34693120,53949353754627
10575872,405788510130435
35741696,335420034453507
12673024,4909388137496835
37838848,4839019661819907
25255936,405788778561795
42033152,124313801916675
942080,4838332466987025
1466368,4556861786292225
2514944,4838332466991105
8806400,4627226234454273
1728512,4838061616660497
9068544,4908426064822545
34234368,4838057589145617
3301376,4838061616664577
9592832,4626955384127745
17981440,4838061885095937
34758656,4556586908450817
10641408,4908426064826625
35807232,4838057589149697
25321472,4908426333257985
42098688,4626951356612865
1859584,334462257725457
9199616,404826705887505
3432448,334462257729537
5529600,4838061885095937
9723904,123356025192705
10772480,404826705891585
12869632,4908426333257985
3694592,897274503761937
5791744,5400874131128337
18374656,897274772193297
6840320,6526769741959185
11034624,967638951923985
19423232,2023170383024145
36200448,897270476247057
13131776,5471238579290385
21520384,6526770010390545
38297600,5400870103613457
25714688,967639220355345
7364608,5400874131132417
19947520,897274772197377
22044672,5400874399563777
51404800,334325355708417
14704640,5471238579294465
23093248,6526770010394625
39870464,5400870103617537
27287552,967639220359425
29384704,5471238847725825
58744832,404689803870465
499712,4523326680596481
1286144,4522785247330305
4431872,13811450887798785
8626176,4557961028436225
1417216,19185888395265
8757248,54361669501185
17145856,300652810993665
33923072,19177834348545
1679360,300385718763537
2727936,863327081205777
4825088,5366926708572177
9019392,335561499869457
17408000,863327349637137
3252224,300385718767617
5349376,4803985346134017
17932288,300385987198977
34709504,18911010553857
6397952,5366926708576257
10592256,335561499873537
18980864,863327349641217
12689408,4839161127239937
21078016,5366926977007617
25272320,335561768304897
42049536,54086791659777
50438144,300377933152257
958464,4803702145679376
2531328,4803702145683456
1744896,4803160712413200
2793472,5366102074855440
9084928,4838336493519120
17473536,5366102343286800
3317760,4803160712417280
17997824,4803160980848640
34775040,4521686004203520
10657792,4838336493523200
19046400,5366102343290880
37920768,13810351644672000
25337856,4838336761954560
42115072,4556861785309440
50503680,4803152926801920
1875968,299561353478160
2924544,862502715920400
5021696,5366102343286800
9216000,334737134584080
34381824,299553299431440
3448832,299561353482240
5545984,4803160980848640
6594560,5366102343290880
10788864,334737134588160
35954688,299553299435520
12886016,4838336761954560
38051840,4803152926801920
50634752,299554373173248
35168256,299286475636752
6856704,6491727103791120
19439616,1988127744856080
36216832,862227838078992
21536768,6491727372222480
38313984,5365827465445392
42508288,334462256742672
36741120,299286475640832
38838272,4802886103007232
23109632,6491727372226560
39886848,5365827465449472
44081152,334462256746752
46178304,4838061884113152
4661248,13811446861266945
8855552,4557957001904385
17244160,4804248143396865
34021376,4522773166751745
2826240,5366922413608977
9117696,4839156832272657
17506304,5366922682040337
5447680,13811176010940417
9641984,4557686151577857
10690560,4839156832276737
19079168,5366922682044417
37953536,13811171983425537
25370624,4839157100708097
42147840,4557682124062977
50536448,4803973265555457
2957312,863323054673937
5054464,5366922682040337
9248768,335557473337617
34414592,300373638184977
9773056,54086792642817
18161664,300377934135297
34938880,18902957490177
6627328,5366922682044417
10821632,335557473341697
35987456,300373638189057
12918784,4839157100708097
38084608,4803973265555457
50667520,300374711926785
11083776,898369719374097
13180928,5401969346740497
25763840,898369987805457
50929664,863186152652817
14753792,5401969346744577
27336704,898369987809537
52502528,863186152656897
29433856,5401969615175937
54599680,5366785780023297
58793984,335420571320577
3022848,5366098048323600
9314304,4838332466987280
34480128,4803148631834640
5644288,13810351645655040
9838592,4556861786292480
18227200,4803152927784960
35004416,4521677951139840
10887168,4838332466991360
36052992,4803148631838720
50733056,4803149705576448
3809280,5365827197997072
10100736,4838061616660752
18489344,5365827466428432
19537920,6491723077259280
36315136,5365823170482192
42606592,4838057589145872
11673600,4838061616664832
20062208,5365827466432512
38936576,13810076767813632
26353664,4838061885096192
43130880,4556586908451072
51519488,4802878049943552
44179456,4838057589149952
3940352,862227839062032
6037504,5365827466428432
10231808,334462257725712
35397632,299278422573072
7086080,6491723077259280
7610368,5365827466432512
11804672,334462257729792
36970496,299278422577152
13901824,4838061885096192
39067648,4802878049943552
51650560,299279496314880
12066816,897274503762192
14163968,5400874131128592
26746880,897274772193552
51912704,862090937040912
15212544,6526769741959440
23601152,8743385451991056
27795456,2023170383024400
44572672,897270476247312
52961280,1987986547871760
29892608,6526770010390800
46669824,5400870103613712
55058432,6491586175238160
15736832,5400874131132672
28319744,897274772197632
53485568,862090937044992
30416896,5400874399564032
55582720,5365690564411392
59777024,334325355708672
31465472,6526770010394880
48242688,5400870103617792
56631296,6491586175242240
507904,4522776924782595
770048,4803976755150867
2342912,4803976755154947
17022976,4803977023586307
33800192,4522502046941187
901120,300377396215827
2473984,300377396219907
4571136,4803977023586307
1687552,300248279810067
2736128,863189642252307
4833280,5366789269618707
9027584,335424060915987
17416192,863189910683667
3260416,300248279814147
5357568,4803847907180547
17940480,300248548245507
34717696,18773571600387
6406144,5366789269622787
10600448,335424060920067
18989056,863189910687747
12697600,4839023688286467
21086208,5366789538054147
25280512,335424329351427
42057728,53949352706307
50446336,300240494198787
1490944,4521686004137985
4636672,13810351644606465
8830976,4556861785243905
17219584,4803152926736385
33996800,4521677950091265
1753088,4802885834506257
2801664,5365827196948497
9093120,4838061615612177
17481728,5365827465379857
3325952,4802885834510337
18006016,4802886102941697
34783232,4521411126296577
10665984,4838061615616257
19054592,5365827465383937
37928960,13810076766765057
25346048,4838061884047617
42123264,4556586907402497
50511872,4802878048894977
1884160,299286475571217
2932736,862227838013457
5029888,5365827465379857
9224192,334462256677137
34390016,299278421524497
3457024,299286475575297
5554176,4802886102941697
6602752,5365827465383937
10797056,334462256681217
35962880,299278421528577
12894208,4838061884047617
38060032,4802878048894977
50642944,299279495266305
3719168,862098721607697
5816320,5365698348974097
10010624,334333140271377
18399232,862098990039057
11059200,897274502713617
13156352,5400874130080017
25739264,897274771144977
50905088,862090935992337
7389184,5365698348978177
11583488,334333140275457
19972096,862098990043137
13680640,4837932767641857
22069248,5365698617409537
26263552,334333408706817
43040768,52858432061697
51429376,299149573554177
14729216,5400874130084097
27312128,897274771149057
52477952,862090935996417
29409280,5400874398515457
54575104,5365690563362817
58769408,334325354660097
999424,4803972728619027
1523712,4522502047924227
2572288,4803972728623107
2834432,5366784974655507
9125888,4839019393319187
17514496,5366785243086867
5455872,13811038571986947
9650176,4557548712624387
10698752,4839019393323267
19087360,5366785243090947
37961728,13811034544472067
25378816,4839019661754627
42156032,4557544685109507
50544640,4803835826601987
2965504,863185615720467
5062656,5366785243086867
9256960,335420034384147
34422784,300236199231507
9781248,53949353689347
18169856,300240495181827
34947072,18765518536707
6635520,5366785243090947
10829824,335420034388227
35995648,300236199235587
12926976,4839019661754627
38092800,4803835826601987
50675712,300237272973315
3751936,863120923824147
5849088,5366720551190547
10043392,335355342487827
18432000,863121192255507
6897664,6492616162021395
19480576,1989016803086355
36257792,863116896309267
21577728,6492616430452755
38354944,5366716523675667
42549248,335351314972947
7421952,5366720551194627
11616256,335355342491907
20004864,863121192259587
13713408,4838954969858307
22102016,5366720819625987
26296320,335355610923267
43073536,53880634278147
51462144,300171775770627
23150592,6492616430456835
39927808,5366716523679747
44122112,335351314977027
46219264,4838950942343427
3031040,5365823170416657
9322496,4838057589080337
34488320,4802873753927697
5652480,13810076767748097
9846784,4556586908385537
18235392,4802878049878017
35012608,4521403073232897
10895360,4838057589084417
36061184,4802873753931777
50741248,4802874827669505
5914624,14372889013780497
6963200,15498784624611345
11157504,5400869835116817
21643264,15498784893042705
38420480,14372884986265617
25837568,5400870103548177
51003392,5365686268395537
7487488,14372889013784577
13778944,13845123432448257
22167552,14372889282215937
23216128,15498784893046785
39993344,14372884986269697
27410432,5400870103552257
52576256,5365686268399617
46284800,13845119404933377
58867712,4837920687063297
18628608,862090936975377
11288576,897270476181777
19677184,1987986547806225
36454400,862086641029137
13385728,5400870103548177
21774336,6491586175172625
38551552,5365686268395537
42745856,334321059692817
51134464,862087714766865
20201472,862090936979457
22298624,5365690564345857
26492928,334325355643137
43270144,52850378998017
14958592,5400870103552257
23347200,6491586175176705
40124416,5365686268399617
44318720,334321059696897
52707328,862087714770945
46415872,4837920687063297
54804480,5365687342137345
58998784,334322133434625
12075008,897205784285457
14172160,5400805411651857
26755072,897206052716817
51920896,862022217564177
15220736,6526701022482705
23609344,8743316732514321
27803648,2023101663547665
44580864,897201756770577
52969472,1987917828395025
29900800,6526701290914065
46678016,5400801384136977
55066624,6491517455761425
15745024,5400805411655937
28327936,897206052720897
53493760,862022217568257
30425088,5400805680087297
55590912,5365621844934657
59785216,334256636231937
31473664,6526701290918145
48250880,5400801384141057
56639488,6491517455765505
1540096,4505193329721345
4685824,13793858970189825
17268736,4786660252319745
34045952,4505185275674625
1802240,4786393160089617
2850816,5349334522531857
17530880,5349334790963217
3375104,4786393160093697
9666560,4522510369423617
18055168,4786393428525057
34832384,4504918451879937
19103744,5349334790967297
12812288,13811176009892097
37978112,13793584092348417
50561024,4786385374478337
1933312,282793801154577
2981888,845735163596817
5079040,5349334790963217
34439168,282785747107857
3506176,282793801158657
5603328,4786393428525057
9797632,18911010488577
6651904,5349334790967297
36012032,282785747111937
38109184,4786385374478337
25526272,300377933086977
42303488,18902956441857
50692096,282786820849665
3768320,845606047191057
5865472,5349205674557457
18448384,845606315622417
50954240,845598261575697
7438336,5349205674561537
20021248,845606315626497
22118400,5349205942992897
51478528,282656899137537
52527104,845598261579777
54624256,5349197888946177
1998848,4785568794804240
3047424,5348510157246480
34504704,4785560740757520
3571712,4785568794808320
9863168,4521686004138240
36077568,4785560740761600
13008896,13810351644606720
25591808,4803152926736640
42369024,4521677950091520
50757632,4785561814499328
10125312,4802885834506512
35291136,4785293916962832
11173888,5365827196948752
19562496,6474135186182160
36339712,5348235279405072
25853952,5365827465380112
11698176,4802885834510592
36864000,4785293916966912
26378240,4802886102941952
43155456,4521411126296832
27426816,5365827465384192
46301184,13810076766765312
58884096,4802878048895232
10256384,299286475571472
7110656,6474135186182160
11304960,862227838013712
13402112,5365827465380112
42762240,299278421524752
11829248,299286475575552
13926400,4802886102941952
14974976,5365827465384192
44335104,299278421528832
46432256,4802878048895232
59015168,299279495266560
7897088,6474006069776400
12091392,862098721607952
20480000,1970406710841360
37257216,844506804064272
14188544,5365698348974352
22577152,6474006338207760
39354368,5348106431430672
26771456,862098990039312
23625728,8725797560913936
52985856,1970398656794640
55083008,6473998284161040
59277312,862090935992592
15761408,5365698348978432
24150016,6474006338211840
40927232,5348106431434752
28344320,862098990043392
30441472,5365698617409792
59801600,299149573554432
56655872,6473998284165120
60850176,862090935996672
62947328,5365690563363072
3080192,5349330496000017
34537472,4786381079511057
5701632,13793584093331457
18284544,4786385375461377
35061760,4504910398816257
36110336,4786381079515137
13041664,13811171983360257
25624576,4803973265490177
42401792,4522498288845057
50790400,4786382153252865
5963776,14356396339363857
7012352,15482291950194705
13303808,14373984229392657
21692416,15482292218626065
38469632,14356392311848977
51052544,5349193593978897
7536640,14356396339367937
22216704,14356396607799297
14876672,14373984229396737
23265280,15482292218630145
40042496,14356392311853057
52625408,5349193593982977
29556736,14373984497828097
18677760,845598262558737
19726336,1971493873389585
36503552,845593966612497
21823488,6475093500755985
38600704,5349193593978897
26017792,863186152587537
51183616,845595040350225
20250624,845598262562817
22347776,5349197889929217
23396352,6475093500760065
40173568,5349193593982977
27590656,863186152591617
52756480,845595040354305
29687808,5366785779958017
54853632,5349194667720705
51970048,845529543147537
23658496,8726824058097681
53018624,1971425153978385
55115776,6475024781344785
59310080,863117433176337
53542912,845529543151617
55640064,5349129170518017
56688640,6475024781348865
60882944,863117433180417
62980096,5366717060546817
4063232,5348235280388112
35520512,4785285863899152
11403264,5365823170416912
42860544,4802873753927952
37093376,4785285863903232
14024704,13810076767748352
26607616,4802878049878272
43384832,4521403073233152
51773440,4785286937640960
44433408,4802873753932032
59113472,4802874827669760
7995392,15481196734582800
14286848,14372889013780752
22675456,15481197003014160
39452672,14355297096237072
52035584,5348098378366992
15335424,15498784624611600
40501248,15481192707067920
53084160,6473993989197840
30015488,15498784893042960
46792704,14372884986265872
59375616,5365686268395792
15859712,14372889013784832
24248320,15481197003018240
41025536,14355297096241152
53608448,5348098378371072
30539776,14372889282216192
31588352,15498784893047040
48365568,14372884986269952
60948480,5365686268399872
20709376,1970398657777680
37486592,844498751000592
22806528,6473998285144080
39583744,5348098378366992
27000832,862090936975632
52166656,844499824738320
40632320,6473993989197840
28049408,1987986547806480
44826624,862086641029392
53215232,1970395435569168
30146560,6491586175172880
46923776,5365686268395792
55312384,6473995062935568
59506688,862087714767120
24379392,6473998285148160
41156608,5348098378371072
28573696,862090936979712
53739520,844499824742400
30670848,5365690564346112
55836672,5348099452108800
31719424,6491586175176960
48496640,5365686268399872
56885248,6473995062939648
61079552,862087714771200
63176704,5365687342137600
24641536,8725728842485776
54001664,1970329938366480
56098816,6473929565732880
60293120,862022217564432
31981568,8743316732514576
61341696,1987917828395280
63438848,6491517455761680
57671680,6473929565736960
61865984,862022217568512
63963136,5365621844934912
65011712,6491517455765760
