66095,3311470187315
102415,3517578285875
2686991,847727760061235
33556583,3312275624705
33620071,3312242070275
2099495,865328586371840
2621991,845537377071920
6292519,14356336259183360
33818663,3380995101440
2623527,847736400327440
6293543,5351336027697920
18876455,847736668762880
35653671,284786715472640
50333735,284787252335360
52428839,845538148954880
34603207,3312228438785
360519,3518383592195
33652807,3380944769795
34668615,3312226341635
18939975,847728565367555
35717191,284778612077315
3146119,865328539185920
33849479,3518384771840
34865287,3380947915520
3670151,847736353141520
7340167,5351335980512000
19923079,847736621576960
36700295,284786668286720
51380359,284787205149440
52428935,847728566547200
2138375,898520043303680
2179335,900504318194435
39431,3517628617520
2624007,847727810392880
166919,13514316510728960
6294535,14358526692504320
33851399,3518400500480
52430855,847728582275840
2658311,845743485170480
122887,56294136419075
33914887,3518383723265
6455303,14356542367281920
19169287,845744290476800
35946503,282794337186560
52461575,845606851654400
52494343,847728565498625
53477383,845538133226240
66107,4506911097489203
66619,13514110352230163
67099,13514101762295603
102427,4507117205587763
200731,13514307870394163
229403,13514316460328723
4784155,14358526642095923
747,3311739601715
2667,3311805662003
66155,3311738553143
262763,1181971645235
16777835,282588228879155
33555051,1113252234035
6251,3380458029875
264299,3380994900755
526443,284786715263795
16779371,284787252134675
33556587,3312275489555
266347,1319377044275
17301611,845538148746035
17067,20903657210675
66219,7709517677363
1049259,3328653132593
67755,16505610699539
17195,335363981706035
66347,302378632872755
18731,337563004961555
526635,865328586294065
540971,898313901572915
590123,865328552739635
3627,4506911298814769
67115,4506911164597043
18987,20903723270963
68139,7709583737651
70187,3380189594483
25131,53957724472115
74283,20972375638835
82475,20903656162103
8405547,53889004996403
98859,3397369463603
197163,4506979816964915
328235,3380458029875
590379,284786446828403
1114667,3328651035443
2163243,284786446832435
4260395,4788386074198835
8454699,20903656163123
16843307,284786715263795
33620523,3311738618675
70699,4506979816964915
136235,13512117487403825
197675,13514179071705875
590891,4788386074198835
4260907,13795585328939795
4719659,14356336259105585
14379,21109814592305
22571,20972375638835
38955,3534808417073
71723,7778236105523
137259,4507117255918385
268331,3517896983345
26667,56156747727635
542763,302378632872755
8407083,56088028251923
591915,289184493339443
2623531,847736400253745
4720683,5351336027620145
17303595,847736668685105
28715,54095129871155
77867,21109781037875
102443,3534774862643
200747,4507117222363955
331819,3517863428915
2687019,847736366699315
4784171,5351335994065715
17367083,847736635130675
1049291,3311708144435
37067,3517847700275
266443,3509794636595
1052875,3380410843955
295115,3518384571155
1310923,3380947714835
1573067,284786668077875
17301707,847728566338355
17825995,284787204948755
34603211,3312228303635
35403,3380458029875
264779,3372404966195
1051211,3311739601715
16779851,284778662200115
33557067,3303685554995
295499,1319377044275
38987,3517863428915
268363,3509810365235
297035,3518400299795
17303627,847728582066995
102475,3517846651703
299083,1594238174003
16814155,282794336977715
33591371,1319360332595
331851,3509793588023
1314891,1319361315635
360523,3518383522583
819275,282794336977715
17334347,845606851445555
17367115,847728565289783
18350155,845538133017395
541067,900504319165235
1065355,337562957775635
1573259,865328539108145
1050251,4506911100633905
68235,16497020764979
1051275,7709519774513
1065611,20903625753395
1114763,7709486220083
1116299,16505579242259
28811,56285547463475
1061003,21109767406385
53387,21109765309235
1069195,20972328452915
102539,7915625775923
1085579,3534761231153
1118347,7778188919603
1183883,4507117208732465
1314955,3517849797425
57483,56294137398035
1073291,56156700541715
1589387,302378585686835
9453707,56087981066003
1638539,289184446153523
3670155,847736353067825
5767307,5351335980434225
18350219,847736621499185
19211,337554415026995
542987,900504334893875
78091,337760523125555
53515,335570089804595
102667,302584740971315
106763,337769113060115
565515,898520043225905
598283,900573037593395
573707,898382604272435
606475,900504318116663
1589515,898313885844275
622859,865397255439155
1638667,865328537010995
8978699,900504318117683
99851,4506979816964915
165387,13512117487403825
198155,13514170481771315
1115659,4506911098536755
4261387,13795576739005235
39435,3517628547953
27147,56148157793075
43531,21109814592305
51723,20972375638835
1067531,20903657210675
8407563,56079438317363
100875,7778236105523
166411,4507117255918385
297483,3517896983345
1116683,7709517677363
102923,3517594993523
57867,54095129871155
107019,21109781037875
229899,4507117222363955
360971,3517863428915
39947,4507117255918385
138251,13514307920724785
166923,13514316510659345
4721675,14358526692426545
103435,4507117222363955
201739,13514307887170355
230411,13514316477104915
4785163,14358526658872115
30731,56285563192115
55307,21109781037875
104459,7915641504563
59403,56294153126675
61451,54369991000883
94219,56285546414903
1077259,54095114142515
110603,21384642167603
1126411,21109765309235
8466443,56285546415923
118795,21109764260663
8441867,54095113094963
233483,4507392083493683
364555,3792724558643
626699,284992554926963
1150987,3534759134003
2199563,284992554930995
4296715,4788592182297395
8491019,21109764261683
16879627,284992823362355
33656843,3517846717235
1249291,4507117206635315
4395019,13795782847103795
1380363,3517847700275
17109003,284984770298675
33886219,3509793653555
122891,56294136349463
581643,335570089804595
630795,302584740971315
8495115,56294136350483
753675,4788592182297395
4423691,13795791437038355
884747,284992823362355
17137675,284993360233235
33914891,3518383588115
2719755,847805069398835
4816907,5351404696765235
17399819,847805337830195
4882443,14356542367204145
17596427,845744290399025
4915211,14358595361571635
17629195,847797284766515
3735563,847736350970675
5832715,5351335978337075
18415627,847736619402035
50921483,847728565355315
66675,13514110620665603
1049779,13514127535245056
8389811,13531702539325184
8389939,13846162863820544
4196659,14376127468406528
8390963,4841162632335104
12583219,14409112783687424
3635,13514110553556752
135731,13512117487404848
4719155,14356336259106608
8391731,13531702605385472
8397875,13564756606586624
82995,13531702538274563
8406067,13564687887109889
8455219,13531702538276609
137267,13514316510660368
141363,13531908696704768
8398899,4559756375101184
8407091,4559687655624449
165939,13514333690529536
395315,13514316779095808
8521779,13531771257753344
4720691,14358535282362128
6293555,14358535282366208
12585011,13813177514987264
20973619,14358535550797568
8527923,13564894011985664
8470579,4559687622070019
229459,13514316728764163
360531,4507118010894083
458835,13514308675700483
21037139,14358527447402243
5243283,14376127421220608
9437587,4841162585149184
12583315,14411303201279744
1050259,13514110355375888
1051795,13518508401886976
9438355,13531702507867904
1183891,13514316463474448
8429715,4559893764771584
1187987,13531908649518848
8528019,13567084429577984
9445523,4559756327915264
9453715,4559687608438529
1212563,13514333643343616
8552595,13531908647423744
1441939,13514316731909888
9568403,13531771210567424
5767315,14358535235176208
7340179,14358535235180288
13631635,13813177467801344
22020243,14358535503611648
8391955,13848353297141504
12585235,14411303217008384
4235539,14409318925338368
4276499,14411303200229123
8552723,13846368971919104
12615955,14409181486386944
12648723,14411303200231169
13631763,14409112767958784
38419,13512117487404848
39443,4507117255919408
137747,13514307920725808
166419,13514316510660368
4721171,14358526692427568
39955,13514316510660368
44051,13531908696704768
8399891,13566947039907584
8408083,13566878320430849
166931,31528715020142336
298003,13514316779095808
8424467,13531771257753344
9440275,13531702539325184
8430611,13564894011985664
8471571,13566878286876419
8431635,4559893780500224
8529939,13567084445306624
8554515,13531908663152384
4755475,14356542367205168
122899,4559893763720963
221203,13567084428527363
8495123,4559893763723009
8560659,13565168873115392
12623891,13846368971919104
8593427,13567084428529409
9576467,13564893996257024
245779,13531908646373123
8503315,4559756324769539
8568851,13564893995208449
8601619,13566946989575939
9519123,4559687606341379
12664851,13848353246809859
8618003,13531908646375169
21266451,14356543172511488
67811,16505879134979
18787,337563273396995
16779619,865329391600385
16793955,898314706879235
16843107,865329358045955
70243,3380458029875
266851,1319410598705
328291,3380994900755
590435,284786715263795
16843363,284787252134675
33620579,3312275489555
17302115,845538182300465
197731,13514179340141315
328803,4506980622271235
4260963,13795585597375235
16843875,4788386879505155
33621091,4506911902860035
394339,13512118292710145
20972643,14356337064411905
268387,3518433854225
26723,56157016163075
272483,21110619898625
280675,20973180945155
8407139,56088296687363
16795747,302379438179075
33572963,20904461533955
297059,3535613723393
329827,7779041411843
16844899,289185298645763
33622115,7710322000643
395363,4507118061224705
17303651,847737205555985
18876515,847737205560065
20973667,5351336832926465
331875,3518400299795
286819,54095935177475
335971,21110586344195
360547,3535580168963
458851,4507118027670275
17367139,847737172001555
18940003,847737172005635
21037155,5351336799372035
525219,865328587342640
4195747,14376127469454080
12963,21109815640880
37539,3534809465648
135843,4507117256966960
266915,3517898031920
1053347,3397372609328
1082019,3431732347664
1573539,284803629843248
2622115,847736401302320
4719267,5351336028668720
17302179,847736669733680
136355,13514316511707920
140451,13531908697752320
165027,13514333691577088
1082531,4507031359718144
394403,13514316780143360
1180835,13514196254720768
4719779,14358535283409680
5244067,13795602511954688
6292643,14358535283413760
20972707,14358535551845120
84131,34097796743939
1083555,7829778858752
1116323,16522792665857
1085603,3569137746704
1089699,21161323791104
1212579,4507168765117184
1343651,3569406182144
527139,865328653402928
13091,335570140136240
533283,898382654604080
82723,337563004961555
541475,898313935127345
590627,865328586294065
8913699,898313935128368
4197667,14376127535514368
140579,13846369022247680
4203811,14409181536715520
83235,4841162632332035
4212003,14409112817238785
4261155,14376127468405505
12584227,14409112817239808
14627,337769163391760
530723,865397305770800
43299,337786343260928
141603,4841368790762240
272675,337769431827200
534819,900581677859600
2107683,900581677863680
4204835,5404181305230080
16787747,900581946295040
84259,341961051472643
543011,900512958382865
2115875,900512958386945
4213027,5404112585753345
16795939,900513226818305
4327715,14376196187882240
17041699,865398111077120
8915235,900512958383888
10488099,900512958387968
12585251,5404112585754368
25168163,900513226819328
50333987,865329391665920
536867,898520060003120
4333859,14409318942114560
17047843,898520865309440
606499,900512924828435
2179363,900512924832515
4276515,5404112552198915
16859427,900513193263875
7715,4506980018291504
134691,13514179273032464
527907,4788386275525424
4197923,13795585530266384
136739,13512117554512688
4720163,14356336326214448
14883,21109881701168
39459,3534875525936
137763,4507117323027248
268835,3517964092208
2624035,847736467362608
4721187,5351336094729008
17304099,847736735793968
29219,54095163425585
78371,21109814592305
8401443,54095163426608
86563,20972375638835
102947,3534808417073
1085987,1370145948464
201251,4507117255918385
332323,3517896983345
4330019,13793592464114480
17044003,282794387309360
33821219,1319410664240
90659,56156747727635
606755,302378632872755
8471075,56088028251923
2687523,847736400253745
4784675,5351336027620145
17367587,847736668685105
4850211,14356404978582320
17564195,845606901777200
50856483,845538182366000
138275,13514316577768208
142371,13531908763812608
166947,13514333757637376
396323,13514316846203648
4721699,14358535349469968
6294563,14358535349474048
20974627,14358535617905408
201763,13514316510659345
660515,13793592464114480
4723747,14356404978582320
91171,4559756375098115
156707,13564894045537025
205859,13531908696703745
8528931,13564894045538048
214051,13531771257750275
4277283,13813177514984195
8471587,4559687655622403
230435,13514333690528513
1213475,13512169028059904
459811,13514316779094785
4785187,14358535282361105
6358051,14358535282365185
21038115,14358535550796545
17171491,13793593269420800
33948707,13512118292775680
21234723,14356405783888640
54527011,14356337064477440
30755,56294186681105
538659,302584791302960
8402979,56294186682128
563235,285009785127728
1087523,3569169203984
661539,4788592232629040
4331555,13795791487370000
792611,284992873694000
17045539,284993410564880
33822755,3518433919760
2627619,847805119730480
4724771,5351404747096880
17307683,847805388161840
59427,56311366550273
92195,60554794238723
157731,4559893814051585
288803,56294455116545
1091619,21161355248384
8431651,56311366551296
4335651,13813383673414400
8529955,4559893814052608
8661027,56294455117568
17049635,302585596609280
33826851,21110619964160
8472611,60486074763011
1214499,4507168796574464
4360227,13795808667239168
1345571,3569437639424
17074211,285010590434048
33851427,3535613788928
4589603,13795791755805440
17172515,4788593037935360
33949731,4507118061290240
4851747,14358604001837840
6424611,14358604001841920
21104675,14358604270273280
17565731,847805925032720
19138595,847805925036800
21235747,5351405552403200
50858019,847737205621520
52430883,847737205625600
54528035,5351336832992000
94243,56294153126675
4853795,14356542383981360
17567779,845744307176240
122915,56311332995843
221219,4559893780497155
352291,56294421562115
21364771,14356543189287680
1065411,337563226211075
16794051,900505124471555
17826243,865329344414465
1116355,16505847677699
1315011,3518386668305
57539,56294405833475
286915,56286352769795
1073347,56156968977155
1319107,21110572712705
311491,21110570615555
1327299,20973133759235
9453763,56088249501443
17842371,302379390993155
34619587,20904414348035
360643,7916431082243
1343683,3535566537473
1376451,7778994225923
17891523,289185251459843
34668739,7710274814723
1441987,4507118014038785
18350275,847737158370065
19923139,847737158374145
22020291,5351336785740545
16795971,900505140200195
106819,337769381495555
16818499,898520848532225
336195,337761328431875
16851267,900573842899715
311619,335570895110915
16826691,898383409578755
16859459,900505123422983
17842499,898314691150595
360771,302585546277635
16875843,865398060745475
17891651,865329342317315
25231683,900505123424003
39491,3517896983345
268867,3509843919665
297539,3518433854225
17304131,847728615621425
102979,3517863428915
332355,3509810365235
361027,3518400299795
17367619,847728582066995
166979,13514316779094785
298051,4507118061224705
396355,13514308726031105
20974659,14358527497732865
230467,13514316745540355
361539,4507118027670275
459843,13514308692476675
21038147,14358527464178435
59459,56294421562115
288835,56286368498435
313411,21110586344195
362563,7916446810883
364611,3793261429523
626755,284992823362355
16879683,284993360233235
33656899,3518383588115
17338435,845744290399025
856131,284984770298675
1380419,3518384571155
17371203,847797284766515
122947,56294404784903
319555,54370796307203
16834627,335570895110915
33611843,54095918465795
352323,56286351721223
1335363,54095919448835
368707,21385447473923
8495171,56294404785923
16883779,302585546277635
33660995,21110569632515
1384515,21110570615555
8724547,56286351722243
376899,21110569566983
8699971,54095918401283
491587,4507392888800003
4423747,13795791705473795
17006659,4788592987603715
33783875,4507118010958595
884803,284993360233235
1409091,3535564440323
2457667,284993360237315
4554819,4788592987603715
8749123,21110569568003
17137731,284994433975043
33914947,3519457329923
17399875,847805874701075
18972739,847805874705155
21069891,5351405502071555
21135427,14356543172510465
1507395,4507118011941635
4653123,13795783652410115
21168195,14358596166877955
18415683,847737156272915
19988547,847737156276995
22085699,5351336783643395
1573763,865328555885360
5244291,14376127437996800
536963,900710477595440
1061251,337769116205840
561539,865534695441200
1577347,865397258584880
565635,900719067530000
1089923,337786296075008
2138499,900719067534080
4235651,5404318694900480
16818563,900719335965440
1188227,4841368743576320
4333955,14411509359706880
1319299,337769384641280
17047939,900711282901760
1581443,900581630673680
3154307,900581630677760
5251459,5404181258044160
17834371,900581899109120
1130883,341961004286723
1589635,900512911196945
3162499,900512911201025
5259651,5404112538567425
17842563,900513179632385
4358531,14376333577552640
17072515,865535500747520
5374339,14376196140696320
18088323,865398063891200
9961859,900512911197968
11534723,900512911202048
13631875,5404112538568448
26214787,900513179633408
51380611,865329344480000
38531,4507117256966960
136835,13514307921773360
1054339,4506979820110640
165507,13514316511707920
1181315,13514179074851600
1574531,4788386077344560
4720259,14358526693475120
5244547,13795585332085520
39555,7915676107568
1055363,7778239251248
1116803,16505612796689
1575555,289184496485168
1061507,21109784183600
1086083,3534778008368
1184387,4507117225509680
1315459,3517866574640
3670659,847736369845040
5767811,5351335997211440
18350723,847736638276400
167043,13518714558219008
1117315,4520105240167169
1182851,13518577121362688
5246083,13799983378596608
1184899,13514316480250640
1188995,13531908666295040
1213571,13514333660119808
1442947,13514316748686080
5768323,14358535251952400
7341187,14358535251956480
22021251,14358535520387840
1132675,34097765286659
1077379,56294139495185
1585283,302584744117040
9449603,56294139496208
1609859,285009737941808
2658435,847942509400880
4755587,5351542136767280
17338499,847942777832240
1708163,4788592185443120
4853891,14358732801573680
5378179,13795791440184080
1839235,284992826508080
17567875,847934724768560
18092163,284993363378960
34869379,3518386733840
3674243,847805072544560
5771395,5351404699910960
18354307,847805340975920
123011,60692183909123
1106051,56311319364353
1138819,60554747052803
1204355,4559893766865665
1335427,56294407930625
9478275,56311319365376
5382275,13813383626228480
9576579,4559893766866688
9707651,56294407931648
18096259,302585549423360
34873475,21110572778240
9519235,60486027577091
4882563,14358741391508240
5406851,13795808620053248
6455427,14358741391512320
21135491,14358741659943680
17596547,847943314703120
18120835,285010543248128
34898051,3535566603008
19169411,847943314707200
21266563,5351542942073600
5636227,13795791708619520
18219139,4788592990749440
34996355,4507118014104320
21364867,14358733606880000
5898371,14358603954651920
7471235,14358603954656000
22151299,14358604223087360
18612355,847805877846800
20185219,847805877850880
22282371,5351405505217280
51904643,847737158435600
53477507,847737158439680
55574659,5351336785806080
15107,337760573457200
39683,302584791302960
43779,337769163391760
535299,900573087925040
543491,900504368448305
559875,865397305770800
1575683,865328587342640
8915715,900504368449328
566019,898520060003120
606979,900504334893875
44291,4841368790762240
142595,13848559455568640
4205827,14411371970036480
4214019,14411303250559745
167171,13813383673414400
4230403,14376196187882240
5246211,14376127469454080
12586243,14411303250560768
4236547,14409318942114560
4277507,14411303217005315
538883,900710493324080
563459,865534711169840
567555,900719083258640
2140419,900719083262720
4237571,5404318710629120
16820483,900719351694080
4335875,14411509375435520
17049859,900711298630400
4360451,14376333593281280
17074435,865535516476160
569603,898794921132848
602371,900710476546865
1585411,898520044274480
119043,337769113060115
577795,898520043225905
610563,900573037593395
626947,865534694392625
8950019,898520043226928
123139,408137857237763
631043,900719066481425
2203907,900719066485505
4301059,5404318693851905
16883971,900719334916865
4366595,14409593803244288
17080579,898795726439168
50372867,898520848597760
4399363,14411509358658305
17113347,900711281853185
5382403,14409318926385920
18096387,898520849580800
246019,4841368740430595
377091,337769381495555
639235,900581627527955
2212099,900581627532035
4309251,5404181254898435
16892163,900581895963395
4374787,14409318925337345
17088771,898520848532225
4407555,14411371919704835
17121539,900573842899715
1655043,900512909099795
3227907,900512909103875
5325059,5404112536470275
17907971,900513177535235
50413827,900505123488515
4423939,14376333576504065
17137923,865535499698945
12747011,14409318925338368
25460995,898520848533248
40451,4507117323027248
138755,13514307987833648
167427,13514316577768208
4722179,14358526759535408
103939,4507117255918385
169475,13512392365310768
4232707,13793592464114480
202243,13514307920724785
1185283,13512117488452400
230915,13514316510659345
689667,13793592464114480
4752899,14356404978582320
4785667,14358526692426545
5768707,14356336260154160
31235,56285596746545
47619,21384692499248
1063427,21109815640880
8403459,56285596747568
55811,21109814592305
104963,7915675058993
170499,4507392133825328
301571,3792774890288
563715,284992605258608
1088003,3534809465648
2136579,284992605262640
4233731,4788592232629040
8428035,21109814593328
16816643,284992873694000
33593859,3517897048880
1186307,4507117256966960
4332035,13795782897435440
1317379,3517898031920
17046019,284984820630320
33823235,3509843985200
59907,56294186681105
567811,302584791302960
8432131,56294186682128
690691,4788592232629040
4360707,13795791487370000
821763,284992873694000
17074691,284993410564880
33851907,3518433919760
2656771,847805119730480
4753923,5351404747096880
17336835,847805388161840
4852227,14358595411903280
17566211,847797335098160
3672579,847736401302320
5769731,5351336028668720
18352643,847736669733680
50858499,847728615686960
94723,56285563192115
119299,21109781037875
123395,56294153126675
4882947,14356542383981360
17596931,845744307176240
171011,13514591388566288
564227,4788592232629040
4234243,13795791487370000
662531,13795782897435440
1186819,13514316511707920
4725763,14358595411903280
60419,4559893814051585
158723,13567084478857985
175107,13532183574610688
4238339,13813383673414400
8432643,4559893814052608
1190915,13531908697752320
8530947,13567084478859008
183299,13531908696703745
232451,13518714557170433
429059,13514591657001728
691203,13795791487370000
1215491,13514333691577088
2264067,13795791487374080
4361219,31810189996851968
8555523,13531908696704768
16944131,13795791755805440
33721347,13514316779160320
4492291,13795791755805440
17075203,4788593037935360
33852419,4507118061290240
4754435,14358604001837840
6327299,14358604001841920
21007363,14358604270273280
1444867,13514316780143360
17173507,13795783702741760
33950723,13514308726096640
21236739,14358596217209600
5770243,14358535283409680
7343107,14358535283413760
22023171,14358535551845120
54529027,14358527497798400
4756483,14356542383981360
123907,4559893780497155
222211,13567084445303555
246787,13531908663149315
21267459,14356543189287680
2660355,847942525129520
4757507,5351542152495920
17340419,847942793560880
4855811,14358732817302320
17569795,847934740497200
124931,60692199637763
4884483,14358741407236880
6457347,14358741407240960
21137411,14358741675672320
17598467,847943330431760
19171331,847943330435840
21268483,5351542957802240
21366787,14358733622608640
126979,56569014256403
618499,337760523125555
1142787,56294137398035
643075,302584740971315
8507395,56294136350483
2723843,847942508352305
4820995,5351542135718705
17403907,847942776783665
4886531,14356817245111088
17600515,846019168305968
50892803,845744290464560
4919299,14358732800525105
17633283,847934723719985
5902339,14356542368252720
18616323,845744291447600
253955,4560168641626883
385027,56569282691843
647171,337769113060115
1171459,56311317267203
2220035,337769113064195
4317187,4841368740430595
8511491,126662880528131
16900099,337769381495555
33677315,56294404850435
1269763,4559893764768515
4415491,13848559405236995
1400835,56294405833475
17129475,337761328431875
33906691,56286351786755
4440067,13813383623082755
8634371,4559893763720963
8765443,56294404785923
17154051,302585546277635
33931267,21110569632515
4947971,14358741390459665
6520835,14358741390463745
21200899,14358741658895105
17661955,847943313654545
19234819,847943313658625
21331971,5351542941025025
21397507,14356818050417408
54689795,14356543172576000
21430275,14358733605831425
22413315,14356543173559040
67101,13514097467396915
200733,13514303575495475
2687005,5351323092464435
4784157,14358522347197235
6357021,14358522347205395
33557069,3299390722355
36175949,845525247275315
8978701,900500023218995
10551565,900500023227155
8407565,56075143418675
8466445,56281251517235
33886221,3505498820915
11026445,898300999971635
11075597,865315651138355
36241421,847723733659955
50921485,847724270522675
52494349,847724270530835
1049781,13514110355444480
165941,13514316510728960
6293557,14358526692504320
33557589,13514098272834305
33621077,13514098239279875
458837,13514304380801795
33751125,13514166941979395
6357077,14358522615640835
18939989,5351323897770755
35717205,4788373944480515
21037141,14358523152503555
37814357,13795573199213315
39845973,14356324129387265
1212565,13514316463543040
33947797,13514304381981440
7340181,14358526645318400
39846037,14358522616820480
52428949,5351323898950400
54526101,14358523153683200
2100501,14376114583581440
2236693,14409306040513280
2179349,5404099650597635
4276501,14411298905330435
2622997,14356323374281520
137749,13514303625827120
2624021,5351323142796080
4721173,14358522397528880
6294037,14358522397537040
33819669,13514166992311040
2624533,14358522397537040
6294549,32372920907019008
18877461,14358522665972480
35654677,13795572712682240
50334741,13795573249544960
52429845,14356324146164480
33949717,13514304397710080
39847957,14358522632549120
52430869,5351323914679040
54528021,14358523169411840
2756629,14356529482380080
221205,13567080133628675
6373397,14376114533249795
34013205,13514304380932865
39911445,14358522615771905
52494357,5351323897901825
54591509,14358523152634625
19267605,14356530287686400
36044821,13793580334396160
52559893,14356392848864000
40108053,14356392848864000
56623125,15482224036229888
10488101,900504368526080
8431653,56294186750720
33851429,3518434054400
52430885,847728615829760
41959621,56075899572995
35668293,898301805408515
10551621,900500291662595
35717445,865316456575235
25231685,900500828525315
42008901,337550875235075
44040517,898301805409025
41961541,56075915301635
8724549,56282056823555
42016837,56144618001155
42025029,56075898524423
27279429,898301805277955
44056645,335351851987715
36241477,847724270530835
39911493,5351323897901315
27328581,865316456444675
44105797,302366503154435
52494405,847725344272643
11534725,900504321340160
44040581,900500292842240
58720645,900500829704960
9478277,56294139564800
42213509,56282058003200
34898053,3518386868480
53477509,847728568643840
60817541,865316457624320
8915717,900500073550640
10488581,900500073558800
10489093,5404099700929280
12586245,14411298955662080
44042501,900500308570880
58722565,900500845433600
35922181,898507963838720
10567941,970868767404803
35733765,900500291793155
50413829,900500828655875
44105989,900500291793665
58786053,900500828656385
44302597,898370524885760
60817669,2024201712251648
8403461,56281301848880
33823237,3505549152560
11012613,865315701470000
36178437,847723783991600
50858501,847724320854320
52431365,847724320862480
8530949,13567080183960320
33950725,13514304431264000
14683141,14376114583581440
39848965,14358522666103040
52431877,5351323948232960
54529029,14358523202965760
42215429,56282073731840
60819461,865316473352960
11022341,898507158401840
36442117,845731405705520
33906693,56282056954115
42278917,56282056954625
14819333,14409306040513280
27533317,898507963708160
44310533,335558010417920
60825605,898370524885760
42287109,56144618001155
11091973,900500023227155
14761989,5404099650597635
27344901,900500291662595
44122117,337550338372355
52510725,865316456575235
58802181,337550875235075
60833797,898301805409025
60882949,865316456575745
40239109,14356530287816960
1049273,4506911100633905
1049785,13514110355374865
3641,13514101963621169
67129,13514101829403443
98873,4506979816964915
164409,13512117487403825
197177,13514170481771315
1114681,4506911098536755
4260409,13795576739005235
37945,13512117487403825
70713,13514170481771315
99385,13514179071705875
590905,13795576739005235
1115193,13514110353277715
38969,4507117255918385
137273,13514307920724785
165945,13514316510659345
4720697,14358526692426545
102457,4507117222363955
200761,13514307887170355
229433,13514316477104915
4784185,14358526658872115
1753,13514097736811315
135385,13514303844909875
266457,4507105127039795
393433,13514304381780755
4718809,14358522616611635
17301721,5351323898741555
20971737,14358523153482515
3673,13514097802871603
67161,13514097735762743
263769,13511967968854835
16778841,13793374226088755
33556057,13511899249443635
133721,13514166455239475
264793,4506967737369395
4196953,13795572712473395
16779865,4788373994603315
33557081,4506899017958195
393817,13512105374253875
20972121,14356324145955635
7257,13514166455239475
265305,13514166992110355
527449,13795572712473395
16780377,13795573249344275
33557593,13514098272699155
267353,13512105374253875
17302617,14356324145955635
137305,13514303860638515
268377,4507105142768435
395353,13514304397509395
4720729,14358522632340275
17303641,5351323914470195
20973657,14358523169211155
200793,13514303843861303
331865,4507105125991223
397401,13512380235383603
16912473,13793580334187315
33689689,13512105357542195
4460633,13793580334187315
20975705,14356392848655155
458841,13514304380732183
4784217,14358522615563063
17367129,5351323897692983
21037145,14358523152433943
917593,13793580334187315
17432665,14356392848655155
4980825,14356392848655155
21495897,15482224036021043
38273113,14356324129243955
541081,5404099651568435
4211097,14411298906309395
18073,13531689654420275
67225,13518495514886963
1050265,13514101765440305
68249,4520092353168179
68761,13527291607909139
28825,4559880879866675
151705,13531895762518835
1085593,4507117208732465
200857,13518701622985523
1183897,13514307873538865
155801,13567080134607635
4735129,14376114534220595
1212569,13514316463473425
4784281,14362920394687283
5767321,14358526645240625
18201,13846149978915635
67353,13813164630082355
19225,4841149747430195
4197145,14376114583503665
4211481,14409099898782515
4260633,14376114549949235
19737,13848349002171155
527641,14376114583503665
541977,14409099898782515
591129,14376114549949235
543001,5404099667297075
4213017,14411298922038035
78105,4841355855528755
4206873,14409306040435505
151833,13846356087014195
4215065,14409168601482035
200985,13813370738180915
4264217,14376183252648755
205081,13848555110269715
598297,5404168369996595
4268313,14411367624737555
663833,14409306040435505
606489,5404099650519863
4276505,14411298905260823
672025,14409168601482035
4735257,15534999788847923
721177,14376183252648755
4784409,15502014440014643
8978713,5404099650520883
12648729,14411298905261843
19993,13531689720480563
69145,13518495580947251
71193,13514166186804083
26137,13564743721681715
75289,13531758372848435
83481,13531689653371703
8406553,13564675002206003
99865,13514170481771315
198169,31528564696286003
329241,13514166455239475
591385,13795572444038003
1115673,13514101763343155
2164249,13795572444042035
4261401,31809970953519923
8455705,13531689653372723
16844313,13795572712473395
33621529,13514097735828275
137753,13514303625757553
27161,4559743490196275
141849,13531895811801905
150041,13531758372848435
4213273,13813164630082355
8407577,4559674770720563
166425,13514307920724785
199193,13518564233315123
4262425,13799970490549043
395801,13514303894192945
4721177,14358522397459313
6294041,14358522397463345
20974105,14358522665894705
201241,13514303592203123
156185,13564881127080755
205337,13531895778247475
229913,13514307887170355
459289,13514303860638515
4784665,14358522363904883
6357529,14358522363908915
21037593,14358522632340275
15385,13531895811801905
23577,13531758372848435
39961,13514307920724785
72729,13518564233315123
138265,31528702135239473
269337,13514303894192945
27673,13566942744937235
543769,13813164630082355
8408089,13566874025461523
592921,13799970490549043
2624537,14358522397463345
4721689,32372920906941233
17304601,14358522665894705
29721,13564881127080755
78873,13531895778247475
103449,13514307887170355
201753,31528702101685043
332825,13514303860638515
2688025,14358522363908915
4785177,32372920873386803
17368089,14358522632340275
30745,4559880895595315
153625,13531895778247475
202777,13518701638714163
157721,13567080150336275
4737049,14376114549949235
4786201,14362920410415923
94233,4559880878818103
159769,13565155988210483
4223001,13846356087014195
208921,13532170639377203
4272153,13813370738180915
8466457,4559880878819123
217113,13531895761470263
8540185,13564881110304563
233497,13514582748300083
1151001,4507117206635315
4296729,13795782847103795
462873,13514578721768243
725017,13795778552136563
1249305,13514307871441715
2297881,13795778552140595
4395033,31810177061618483
8589337,13531895761471283
16977945,13795778820571955
33755161,13514303843926835
4526105,13795778820571955
17109017,4788580102701875
33886233,4507105126056755
4788249,14358591066604403
6361113,14358591066608435
21041177,14358591335039795
21237785,14356530287608625
221209,13567080133559063
679961,13846356087014195
4743193,14409168601482035
729113,13813370738180915
8593433,13567080133560083
4792345,14376183252648755
4800537,14376114533172023
13123609,14409099882006323
753689,13795782847103795
1277977,13514316461376275
4816921,14358595361571635
983065,13795778820571955
17235993,13795779357442835
34013209,13514304380797715
2818073,14358591066608435
4915225,32372989576086323
17498137,14358591335039795
5046297,14358591335039795
17629209,5351392617169715
21299225,14358591871910675
5832729,14358526643143475
6881305,15484422253974323
13172761,14376114533173043
21561369,15484422522405683
38338585,14358522615628595
50921497,5351323897758515
54591513,14358523152499475
17694745,14356530287608625
1049321,3311741698355
295529,1319410598195
39017,3517896982835
268393,3509843919155
297065,3518433853715
17303657,847728615620915
1065641,20903659307315
8405673,56079439364915
1114793,7709519774003
9437865,20903659307825
1116329,16505612796179
9453737,56087997842195
8454953,337554415026995
543017,900504368447795
8915241,900504368448305
8978729,900504334893875
8407593,56079505425203
102953,3517628547443
57897,54095163425075
107049,21109814591795
8430121,54095163425585
8462889,56148157793075
8438313,53957724472115
8471081,56079438316343
9454121,53889006043955
229929,4507117255917875
361001,3517896982835
8487465,20972375638835
9503273,20903657210675
103465,4507117255917875
201769,13514307920724275
230441,13514316510658835
4785193,14358526692426035
30761,56285596746035
8402985,56285596746545
55337,21109814591795
8411177,56148157793075
104489,7915675058483
8427561,21109814592305
59433,56294186680595
8431657,56294186681105
8439849,56156747727635
8931369,337554415026995
9455657,56088029299475
8466473,56285563192115
8441897,54095129871155
8491049,21109781037875
8495145,56294153126675
8913353,900500292633395
25166281,900500829504275
8401097,56281520931635
1085641,3517849796915
1315017,3509796733235
8655049,21097685713715
8659145,56282057802515
1343689,3518386667795
18350281,847728568434995
25690313,865316457415475
8391497,337550388495155
16780105,865316506698035
25166665,898301821977395
8915273,900500308362035
25168201,900500845232915
16789833,898507963629875
8655177,335558010209075
25170249,898370524676915
794953,898507963629875
606537,900500291584319
16859465,900500828455199
8978761,900500291584823
25231689,900500828455703
9175369,898370524676915
25690441,2024201712042803
42467657,898301805265715
394825,13512105407807795
20973129,14356324179509555
268873,3505548951923
272969,21097734996275
8399433,56144131261235
8407625,56075411784503
297545,3509843919155
395849,4507105176322355
8653385,20960296043315
17304137,847724320653683
18877001,847724320657715
20974153,5351323948024115
25168457,302366553277235
41945673,20891576632115
8659529,54083050275635
8471113,56075378230079
138313,13514303894192435
269385,4507105176322355
396361,13514304431063315
4721737,14358522665894195
17304649,5351323948024115
20974665,14358523202765075
8403017,56281536660275
8656969,21097701442355
8661065,56282073531155
25692233,865316473144115
94281,56281519882559
8466505,56281519883063
8663113,54357911405363
25178185,335558010209075
41955401,54083033563955
348233,21097684664639
8474697,56144080929599
8671305,54083033498423
8720457,21097684665143
21106761,14356530287608115
352329,56282056753439
8724553,56282056753943
9183305,335558010209075
25698377,898370524676915
8732745,56144617800479
8994889,337550338163519
17383497,865316456366399
25247817,337550875034399
42025033,56075898389279
25706569,898301805200183
25755721,865316456366903
5111881,14356530287608115
1589641,900504321261875
8929673,970868768375603
8978825,904898070709043
9961865,900504321262385
8406665,4559674771768115
8407689,60473190908723
1116809,16497022861619
8456841,34084911842099
9454217,56079407907635
1077385,56285549560115
8417417,126649996673843
8466569,60679299007283
9449609,56285549560625
1101961,21109767405875
8441993,56285547463475
8540297,4559880879866675
8671369,56281520931635
9457801,56148110607155
1151113,7915627872563
9474185,21109767406385
1106057,56294139494675
9478281,56294139495185
9486473,56156700541715
9977993,337554367841075
11026569,900500024202035
13123721,5404099651568435
25706633,900500292633395
4212489,14409099932336435
4261641,14376114583503155
8455945,4841149747430195
12584713,14409099932336945
543497,900500073480563
2116361,900500073484595
4213513,5404099700850995
8407817,407918864237363
16796425,900500341915955
8456969,341948166570803
8915721,900500073481073
10488585,900500073485105
12585737,5404099700851505
25168649,900500341916465
8979209,900500039926643
10552073,900500039930675
12649225,5404099667297075
25232137,900500308362035
544009,5404099700850995
4214025,14411298955591955
8916233,5404099700851505
12586249,14411298955592465
8979721,5404099667297075
12649737,14411298922038035
8931593,970868784104243
8980745,904898086437683
8417545,546663437435699
602377,900706181579123
2175241,900706181583155
4272393,5404305808949555
8466697,408124972335923
16855305,900706450014515
4346121,14409306040434995
17060105,898507963629875
8491273,337760523125555
4395273,14376320691601715
8589577,4841355855528755
8720649,337756496593715
17109257,865522614796595
8982793,900568742626163
10555657,900568742630195
12652809,5404168369996595
25235721,900569011061555
12718345,14409306040435505
25432329,898507963630385
8937737,1109475951903539
631049,900710476546355
729353,5404305808949555
4399369,14411505063690515
860425,900706450014515
17113353,900706986885395
8986889,970937486803763
8995081,970868767327031
9011465,900573037593395
9109769,5404168369996595
12779785,14411367624737555
9240841,900569011061555
25493769,900569547932435
10027273,900504319165235
11075849,2026399929996083
13173001,6529999557362483
25755913,2026400198427443
42533129,900500291650355
58786057,900500828521235
8408585,4559674837828403
202249,13514303625757043
157193,13564881160634675
206345,13531895811801395
8463881,4559743490196275
8529417,13564881160635185
8472073,4559674770719543
8537609,13564743721681715
12600841,13846149978915635
230921,13514307920724275
460297,13514303894192435
8586761,13531758372848435
4785673,14358522397458803
6358537,14358522397462835
12649993,13813164630082355
21038601,14358522665894195
31241,56281301778803
8403465,56281301779313
8411657,56143862825843
59913,56285596746035
158217,4559880929149235
289289,56281570214195
8415753,126512607003443
8432137,56285596746545
8464905,60541909336883
8530441,4559880929149745
8661513,56281570214705
8440329,56148157793075
8473097,60473189860151
8538633,4559743490196275
8669705,56144131261235
8931849,337550120059763
9456137,56079439364915
10504713,337550120063795
12601865,4841149747430195
25184777,337550388495155
41961993,56075411850035
8466953,56281268224883
8495625,56285563192115
8593929,4559880895595315
8725001,56281536660275
31753,4559880929149235
8403977,4559880929149745
154633,13531895811801395
8412169,4559743490196275
203785,13518701672268083
8526857,13531895811801905
158729,13567080183890195
8530953,13567080183890705
8539145,13566942744937235
4738057,14376114583503155
8932361,4841149747430195
12602377,13848349002171155
4787209,14362920443969843
13110281,14376114583503665
8467465,4559880895595315
8541193,13564881127080755
8590345,13531895778247475
8594441,13567080150336275
13124617,14409099898782515
13173769,14376114549949235
8419337,126650012402483
8468489,60679314735923
8443913,56285563192115
8542217,4559880895595315
8673289,56281536660275
11028489,900500039930675
13125641,5404099667297075
25708553,900500308362035
8482825,126649995625271
8499209,56560424321843
8597513,4560155756725043
8728585,56556397790003
8990729,337756228158323
9515017,56285547463475
10563593,337756228162355
12660745,4841355855528755
25243657,337756496593715
42020873,56281519948595
8507401,56285546414903
9490441,54095114142515
8605705,4559880878818103
8736777,56281519883063
12734473,13846356087014195
25448457,335558010209075
42225673,54083033563955
9539593,21109765309235
4919305,14358728505557363
6492169,14358728505561395
12783625,13813370738180915
21172233,14358728773992755
17633289,847930428752243
19206153,847930428756275
21303305,5351530056122675
25497609,302572661375795
42274825,21097684730675
4874249,14409306040434995
17588233,898507963629875
9019401,337760523125555
9543689,56294137398035
4923401,14376320691601715
9117705,4841355855528755
12787721,13848555110269715
9248777,337756496593715
17637385,865522614796595
25501705,337757033464595
42278921,56282056819475
11083785,900568742630195
13180937,5404168369996595
25763849,900569011061555
13246473,14409306040435505
25960457,898507963630385
11091977,900500023153463
13189129,5404099650519863
25772041,900500291584823
13254665,14409168601482035
25968649,898370524676915
59260937,898301805265715
4947977,14358732800524595
17661961,847934723719475
5177353,14358728773992755
17760265,5351530056122675
21430281,14358729310863635
13303817,14376183252648755
26017801,865385175843635
59310089,865316456432435
1049841,13514110623810305
99441,13514179340141315
296049,13512118292710145
328817,13514171287077635
1115249,13514110621713155
16843889,13795577544311555
33621105,13514102567666435
166001,13514316779094785
297073,4507118061224705
395377,13514308726031105
20973681,14358527497732865
229489,13514316745540355
360561,4507118027670275
458865,13514308692476675
21037169,14358527464178435
1050033,13813177518129920
5243313,14376127437996800
1050289,13514110422483728
37553,4507117256966960
135857,13514307921773360
1053361,4506979820110640
164529,13514316511707920
1180337,13514179074851600
1573553,4788386077344560
4719281,14358526693475120
5243569,13795585332085520
1051825,13518508468994816
38065,13514316511707920
1053873,13514179074851600
42161,13531908697752320
1057969,13531771260896000
1066161,13531702541419265
165041,31528715021189888
296113,13514316780143360
1082545,13514196254720768
1115313,13518508401885953
1180849,31528577584333568
1311921,13514179343287040
1574065,13795585332085520
3146929,13795585332089600
5244081,31809983841567488
9438385,13531702541420288
17826993,13795585600520960
34604209,13514110623875840
166065,13518714558219008
1116337,4520105240167169
1181873,13518577121362688
5245105,13799983378596608
1183921,13514316480250640
1188017,13531908666295040
1212593,13514333660119808
1441969,13514316748686080
5767345,14358535251952400
7340209,14358535251956480
22020273,14358535520387840
42289,13846369022247680
83249,13848353297138435
43313,4841368790762240
141617,13848559455568640
4204849,14411371970036480
4213041,14411303250559745
166193,13813383673414400
4229425,14376196187882240
5245233,14376127469454080
12585265,14411303250560768
4235569,14409318942114560
4276529,14411303217005315
7729,13514170683097904
36401,13514179273032464
527921,13795576940331824
1052209,13514110554604304
38449,13512117554512688
39473,4507117323027248
137777,13514307987833648
166449,13514316577768208
4721201,14358526759535408
102961,4507117255918385
168497,13512392365310768
4231729,13793592464114480
201265,13514307920724785
1184305,13512117488452400
229937,13514316510659345
688689,13793592464114480
4751921,14356404978582320
4784689,14358526692426545
5767729,14356336260154160
39985,13514316577768208
44081,13531908763812608
166961,31528715087250176
298033,13514316846203648
103473,13514316510659345
562225,13793592464114480
58417,13564894045537025
91185,13566947039904515
107569,13531908696703745
8430641,13564894045538048
115761,13531771257750275
1131569,13531702539322115
8471601,13566878320428803
230449,31528715020141313
361521,13514316779094785
4359217,67836787992560384
17073201,13793593269420800
33850417,13512118292775680
170033,13514591388566288
563249,4788592232629040
4233265,13795791487370000
661553,13795782897435440
1185841,13514316511707920
4724785,14358595411903280
59441,4559893814051585
157745,13567084478857985
174129,13532183574610688
4237361,13813383673414400
8431665,4559893814052608
1189937,13531908697752320
8529969,13567084478859008
182321,13531908696703745
231473,13518714557170433
428081,13514591657001728
690225,13795791487370000
1214513,13514333691577088
2263089,13795791487374080
4360241,31810189996851968
8554545,13531908696704768
16943153,13795791755805440
33720369,13514316779160320
4491313,13795791755805440
17074225,4788593037935360
33851441,4507118061290240
4753457,14358604001837840
6326321,14358604001841920
21006385,14358604270273280
1443889,13514316780143360
17172529,13795783702741760
33949745,13514308726096640
21235761,14358596217209600
5769265,14358535283409680
7342129,14358535283413760
22022193,14358535551845120
54528049,14358527497798400
4755505,14356542383981360
122929,4559893780497155
221233,13567084445303555
245809,13531908663149315
21266481,14356543189287680
4211153,14411299174744835
16794065,5404100456874755
68817,13527291876344579
155857,13567080403043075
286929,4559881685172995
409809,13531896567825155
20988113,14376115339526915
1212625,13514316731908865
1343697,4507118014038785
458961,13518702428291843
21037265,14362921199993603
1442001,13514308678845185
22020305,14358527450546945
19793,13848349270606595
16780625,14376115388809985
16794961,14409100704088835
16844113,14376115355255555
4213073,14411299190473475
16795985,5404100472603395
205137,13848555378705155
336209,4841356660835075
4268369,14411367893172995
16851281,5404169175302915
16916817,14409306845741825
4464977,14409306845741825
4276561,14411299173696263
16859473,5404100455826183
409937,13846356892320515
16925009,14409169406788355
4473169,14409169406788355
20988241,15535000594154243
37765457,14409100687377155
459089,13813371543487235
16974161,14376184057955075
4522321,14376184057955075
12648785,14411299173697283
21037393,15502015245320963
37814609,14376115338543875
25231697,5404100455827203
71249,13514166455239475
267857,13512105407808305
329297,13514166992110355
591441,13795572712473395
16844369,13795573249344275
33621585,13514098272699155
17303121,14356324179510065
137809,13514303894192945
268881,4507105176322865
395857,13514304431063825
4721233,14358522665894705
17304145,5351323948024625
20974161,14358523202765585
201297,13514303860638515
332369,4507105142768435
459345,13514304397509395
4784721,14358522632340275
17367633,5351323914470195
21037649,14358523169211155
269393,13514304431063825
27729,13566943013372675
273489,13531896617108225
281681,13531759178154755
8408145,13566874293896963
16796753,13813165435388675
33573969,13531690458743555
298065,13514308726031105
330833,13518565038621443
16845905,13799971295855363
33623121,13518496319210243
396369,31528702940545793
17304657,14358523202765585
18877521,14358523202769665
20974673,32372921712247553
332881,13514304397509395
287825,13564881932387075
336977,13531896583553795
361553,13514308692476675
459857,31528702906991363
17368145,14358523169211155
18941009,14358523169215235
21038161,32372921678693123
157777,13567080418771715
288849,4559881700901635
411729,13531896583553795
20990033,14376115355255555
460881,13518702444020483
21039185,14362921215722243
462929,13514579258639123
725073,13795778820571955
16978001,13795779357442835
33755217,13514304380797715
856145,4788580102701875
4526161,13795779357442835
4788305,14358591335039795
17371217,5351392617169715
21041233,14358591871910675
17436753,14356530287608625
4984913,14356530287608625
221265,13567080401994503
352337,4559881684124423
417873,13565156793516803
16932945,13846356892320515
33710161,13564881915675395
4481105,13846356892320515
20996177,14409169406788355
467025,13532171444683523
8593489,13567080401995523
16982097,13813371543487235
33759313,13531896566842115
4530257,13813371543487235
8724561,4559881684125443
21045329,14376184057955075
475217,13531896566776583
21053521,14376115338478343
8798289,13564881915610883
29376593,14409100687312643
491601,13514583553606403
1278033,13514316729811715
17006673,13795783652410115
33783889,13514308675764995
1409105,4507118011941635
4554833,13795783652410115
21069905,14358596166877955
983121,13795779357442835
1507409,13514308676748035
2555985,13795779357446915
4653137,31810177866924803
8847441,13531896566777603
17236049,13795780431184643
34013265,13514305454539523
17498193,14358591871910675
19071057,14358591871914755
21168209,32372990381392643
5046353,14358591871910675
6619217,14358591871914755
21299281,14358592945652483
21561425,15484423059276563
38338641,14358523152499475
22085713,14358527448449795
23134289,15484423059280643
39911505,14358523152503555
29425745,14376115338479363
54591569,14358524226241283
526225,14376114584552240
536977,5404305809998640
4206993,14411505064739600
659857,14376320692650800
1089937,4841368743576320
4235665,14411509359706880
663953,14411505064739600
1188241,13848559408382720
2236817,14411505064743680
4333969,32425903574221568
16916881,14411505333175040
4465041,14411505333175040
17047953,5404306615304960
5251473,14411371922850560
4276625,14415696952820483
5259665,14411303203373825
1212817,13813383626228480
5276049,14376196140696320
17170833,14376321497957120
13631889,14411303203374848
13969,13531895812850480
38545,13514307921773360
136849,31528702136288048
267921,13514303895241520
1054353,13514170484917040
1083025,13514179074851600
1574545,13795576742150960
2623121,14358522398511920
4720273,32372920907989808
17303185,14358522666943280
137873,13518701673317168
4721297,14362920445018928
1086097,4507117225509680
1184401,13514307890316080
1213073,13514316480250640
5767825,14358526662017840
85137,13544883793953539
1084561,13518577121362688
1117329,13527295904973569
1086609,13514316480250640
1090705,13531908666295040
1213585,31528714989732608
1344657,13514316748686080
1214609,13518714526761728
4731025,14376320692650800
1216657,13514591341380368
1609873,4788592185443120
4755601,14358732801573680
5279889,13795791440184080
1708177,13795782850249520
2756753,14358728506610480
4853905,32373127016088368
17436817,14358728775041840
4984977,14358728775041840
17567889,5351530057171760
21237905,14358729311912720
5771409,14358595364717360
1106065,4559893766865665
221329,13571478181118723
1204369,13567084431672065
1220753,13532183527424768
5283985,13813383626228480
9478289,4559893766866688
9576593,13567084431673088
21242001,14376321497957120
1228945,13531908649517825
1278097,13518714509984513
1474705,13514591609815808
1736849,13795791440184080
3309713,13795791440188160
5406865,31810189949666048
9601169,13531908649518848
17989777,13795791708619520
34766993,13514316731974400
5537937,13795791708619520
18120849,4788592990749440
34898065,4507118014104320
21266577,14358733606880000
5800081,14358603954651920
7372945,14358603954656000
22053009,14358604223087360
17694865,14358729311912720
18219153,13795783655555840
34996369,13514308678910720
19267729,14358729311916800
21364881,32373127821394688
22282385,14358596170023680
55574673,14358527450612480
528145,14376114650612528
14097,13846356137345840
534289,14409168651813680
83729,13848349002171155
542481,14409099932336945
591633,14376114583503665
8914705,14409099932337968
15121,4841355905860400
138001,13813370788512560
4201233,14376183302980400
142097,13848555160601360
535313,5404168420328240
4205329,14411367675069200
543505,5404099700851505
4213521,14411298955592465
658193,14376183302980400
4721425,15502014490346288
8915729,5404099700852528
12585745,14411298955593488
4207377,14409306057212720
664337,14409306057212720
606993,5404099667297075
4277009,14411298922038035
15633,13848555160601360
531729,14376183302980400
44305,13848559455568640
142609,31862953670083328
273681,13848555429036800
535825,14411367675069200
2108689,14411367675073280
4205841,32425766184551168
16788753,14411367943504640
85265,13852747048682243
544017,14411298955592465
2116881,14411298955596545
4214033,32425697465074433
16796945,14411299224027905
4328721,68419378831426304
17042705,14376184108286720
8916241,14411298955593488
10489105,14411298955597568
12586257,32425697465075456
25169169,14411299224028928
50334993,14376115388875520
537873,14409306057212720
4334865,68452501585658624
17048849,14409306862519040
607505,14411298922038035
2180369,14411298922042115
4277521,32425697431520003
16860433,14411299190473475
538897,5404305825727280
4208913,14411505080468240
661777,14376320708379440
4237585,14411509375435520
665873,14411505080468240
2238737,14411505080472320
4335889,32425903589950208
16918801,14411505348903680
4466961,14411505348903680
17049873,5404306631033600
4278545,14415696968549123
17172753,14376321513685760
602385,5404305808950065
4272401,14411505063691025
667921,14409580918342448
4731153,15535205947278128
217361,13848555110269715
610577,5404168369996595
4280593,14411367624737555
676113,14409306040435505
725265,14376320691602225
9048337,14409306040436528
221457,13918923854447363
4284689,14481736368915203
4301073,14411509358658305
5284113,14409318926385920
729361,14411505063691025
2302225,14411505063695105
4399377,32425903573172993
16982289,14411505332126465
4530449,14411505332126465
17113361,5404306614256385
17178897,14409581723648768
50471185,14409306845807360
21242129,15535206752584448
38019345,14409306845807360
246033,13848559405236995
4309265,14411371919704835
475409,13848555378705155
737553,14411367624737555
2310417,14411367624741635
4407569,32425766134219523
16990481,14411367893172995
4538641,14411367893172995
17121553,5404169175302915
4800785,15537198812103443
5325073,14411303201276675
6373649,15537198812107523
12665105,14481667649439491
21053713,15537199080538883
37830929,14411299173761795
50413841,5404100455891715
17187089,14409306845741825
17236241,14376321496908545
25559313,14409306845742848
15889,13531895878910768
40465,13514307987833648
138769,31528702202348336
269841,13514303961301808
2625041,14358522464572208
4722193,32372920974050096
17305105,14358522733003568
30225,13564881160635185
79377,13531895811801905
8402449,13564881160636208
87569,13531758372848435
103953,13514307920724785
1086993,13512117488452400
202257,31528702135239473
333329,13514303894192945
4331025,67836775107658544
17045009,13793580384518960
33822225,13512105407873840
91665,13566942744937235
607761,13813164630082355
8472081,13566874025461523
2688529,14358522397463345
4785681,32372920906941233
17368593,14358522665894705
4851217,68399587622126384
17565201,14356392898986800
50857489,14356324179575600
31249,4559880929149745
145937,13532170689708848
4209169,13813370788512560
8403473,4559880929150768
154129,13531895811801905
170513,13514582798631728
1088017,4507117256966960
4233745,13795782897435440
203281,13518701672268593
399889,13514578772099888
662033,13795778602468208
1186321,13514307921773360
2234897,13795778602472240
4332049,31810177111950128
8526353,13531895811802928
16914961,13795778870903600
33692177,13514303894258480
4463121,13795778870903600
17046033,4788580153033520
33823249,4507105176388400
4725265,14358591116936048
6298129,14358591116940080
20978193,14358591385371440
158225,13567080183890705
666129,13813370788512560
8530449,13567080183891728
4729361,14376183302980400
4737553,14376114583503665
690705,13795782897435440
1214993,13514316511707920
4753937,14358595411903280
4786705,14362920443970353
920081,13795778870903600
17173009,13795779407774480
33950225,13514304431129360
2755089,14358591116940080
4852241,32372989626417968
17435153,14358591385371440
4983313,14358591385371440
17566225,5351392667501360
21236241,14358591922242320
5769745,14358526693475120
6818321,15484422304305968
13109777,14376114583504688
21498385,15484422572737328
38275601,14358522665960240
50858513,5351323948090160
54528529,14358523202831120
94737,4559880895595315
217617,13531895778247475
21238289,14356530304385840
221713,13567080150336275
4801041,14376114549949235
17695249,14356530304385840
31761,13567080183890705
539665,13813370788512560
8403985,13567080183891728
564241,13795782897435440
1088529,13514316511707920
662545,31810177111950128
4332561,67838974130914064
793617,13795778870903600
17046545,13795779407774480
33823761,13514304431129360
2628625,14358591116940080
4725777,32372989626417968
17308689,14358591385371440
60433,13567084478857985
93201,13571340791448323
158737,31581478693372673
289809,13567080452326145
1092625,13531908697752320
8432657,13567084478859008
4336657,67856566316958464
8530961,31581478693373696
8662033,13567080452327168
17050641,13813371593818880
33827857,13531896617173760
8473617,13571272071972611
1215505,31528715021189888
4361233,67838978425881344
1346577,13514316780143360
17075217,13795783702741760
33852433,13514308726096640
4590609,67838974399349504
17173521,31810177917256448
33950737,31528702940611328
4852753,68401786645381904
6425617,68401786645385984
21105681,68401786913817344
17566737,14358591922242320
19139601,14358591922246400
21236753,32372990431724288
50859025,14358523202831120
52431889,14358523202835200
54529041,32372921712313088
95249,13567080150336275
4854801,68399725027525424
17568785,14356530304385840
123921,13567084445303555
222225,31581478659818243
353297,13567080418771715
21365777,68399725832831744
4732945,14376320708379440
4757521,14358732817302320
2758673,14358728522339120
4855825,32373127031817008
17438737,14358728790770480
4986897,14358728790770480
17569809,5351530072900400
21239825,14358729327641360
223249,13571478196847363
21243921,14376321513685760
21268497,14358733622608640
17696785,14358729327641360
19269649,14358729327645440
21366801,32373127837123328
225297,13567355011466003
618513,4841355855528755
4288529,13848555110269715
4747281,14409306040435505
4796433,14376320691602225
13119505,14409306040436528
741393,13813370738180915
8605713,13567080133560083
4804625,14376183252648755
4821009,14358732800525105
5804049,14356542368252720
2822161,14358728505561905
4919313,32373127015039793
17502225,14358728773993265
5050385,14358728773993265
17633297,5351530056123185
21303313,14358729310864145
17698833,14356805165515568
50991121,14356530287674160
21762065,15482430194451248
38539281,14356530287674160
253969,13567359306433283
1171473,4559893764768515
4317201,13848559405236995
483345,13567355279901443
745489,13848555110269715
1269777,13567084429574915
2318353,13848555110273795
4415505,31862953619751683
8609809,13637448877737731
16998417,13848555378705155
33775633,13567080402060035
4546577,13848555378705155
17129489,4841356660835075
33906705,4559881684189955
4808721,14411367624737555
6381585,14411367624741635
21061649,14411367893172995
21258257,14409306845741825
21307409,14376321496908545
29630481,14409306845742848
1294353,13531908647420675
8634385,13567084428527363
8863761,13567080401995523
17252369,13813371543487235
34029585,13531896566842115
21315601,14376184057955075
13189137,14411298905261843
14762001,14411298905265923
29442065,14411299173697283
54607889,14376115338543875
21331985,14358733605831425
22315025,14356543173559040
17760273,14358729310864145
19333137,14358729310868225
21430289,32373127820346113
1116385,16505881231619
9453793,56088266277635
16796001,900505173754115
25168225,900505173754625
25231713,900505140200195
103009,3517896982835
332385,3509843919155
361057,3518433853715
17367649,847728615620915
230497,13514316779094275
361569,4507118061224195
459873,13514308726030595
21038177,14358527497732355
59489,56294455116035
288865,56286402052355
8431713,56294455116545
8661089,56286402052865
313441,21110619898115
8439905,56157016163075
8669281,56148963099395
9455713,56088297734915
25184353,337555220333315
41961569,56080243688195
362593,7916480364803
8685665,21110619898625
8495201,56294421562115
8724577,56286368498435
8700001,54095935177475
8749153,21110586344195
1573793,865328589439280
8913825,900504369496880
9438113,337563008107280
5244321,14376127471550720
9438625,4841162635477760
12584353,14411303251608320
9439649,341961054618368
9961889,900512927974160
11534753,900512927978240
13631905,5404112555344640
26214817,900513196409600
1061537,21109817737520
8401569,56285597795120
1086113,3534811562288
8426145,21109815640880
1184417,4507117259063600
1315489,3517900128560
9441953,20972378784560
8430241,56294187729680
9446049,56156750873360
9454241,56088031396625
3670689,847736403398960
5767841,5351336030765360
9962145,302378636018480
18350753,847736671830320
1184929,13514316513804560
8430753,4559893815100160
1189025,13531908699848960
8529057,13567084479906560
9446561,4559756378243840
9454753,4559687658767105
1213601,13514333693673728
8553633,13531908697752320
1442977,13514316782240000
9569441,13531771260896000
5768353,14358535285506320
7341217,14358535285510400
13632673,13813177518129920
22021281,14358535553941760
8431777,60692234240768
9447585,60554797384448
1132705,34097798840579
8472737,69273578898179
9455777,60486077907713
9504929,34097798841089
9449633,56294156272400
9478305,56311336141568
9576609,4559893783642880
9707681,56294424707840
9519265,60486044353283
8915745,900504435557168
8426273,335570140136240
566049,898520093557040
607009,900504368447795
8946465,898382654604080
8979233,900504368448305
9962273,898313936175920
12586273,14411303317668608
4236577,14409318975668480
4277537,14411303250559235
8553761,13846369022247680
12616993,14409181536715520
12649761,14411303250559745
13632801,14409112818287360
538913,900710526878000
563489,865534744723760
8427809,337769163391760
8919329,900573087925040
567585,900719116812560
2140449,900719116816640
4237601,5404318744183040
8431905,408137907569408
16820513,900719385248000
4335905,14411509408989440
17049889,900711332184320
4360481,14376333626835200
8554785,4841368790762240
8685857,337769431827200
17074465,865535550030080
8948001,900581677859600
10520865,900581677863680
12618017,5404181305230080
25200929,900581946295040
12716321,14411371970036480
25430305,900573893231360
9963809,900512959431440
11536673,900512959435520
13633825,5404112586801920
26216737,900513227866880
58722593,900505173820160
8950049,898520060003120
12747041,14409318942114560
25461025,898520865309440
40481,4507117457244464
138785,13514308122050864
167457,13514316711985424
4722209,14358526893752624
8403489,56285663855408
8428065,21109881701168
8432161,56294253789968
94753,56285596746035
8434209,54370041332528
8466977,56285596746545
9450017,54095164474160
119329,21109814591795
8442401,54095163425585
8475169,56148157793075
8491553,21109814592305
123425,56294186680595
8495649,56294186681105
8954401,335570140136240
8503841,56156747727635
8995361,337554415026995
9519649,56088029299475
4882977,14356542417535280
17596961,845744340730160
8432673,4559893881160448
8530977,13567084545966848
8555553,13531908763812608
4756513,14356542417535280
123937,4559893814051075
222241,13567084478857475
8496161,4559893814051585
8561697,13565168923443968
12624929,13846369022247680
8594465,13567084478857985
9577505,13564894046585600
246817,13531908696703235
8504353,4559756375098115
8569889,13564894045537025
8602657,13566947039904515
9520161,4559687656669955
12665889,13848353297138435
8619041,13531908696703745
21267489,14356543222841600
8435745,56569064588048
8927265,337760573457200
9451553,56294187729680
8443937,56294186681105
2660385,847942558683440
4757537,5351542186049840
8951841,302584791302960
17340449,847942827114800
4855841,14358732850856240
17569825,847934774051120
124961,60692233191683
8448033,126662930858753
8497185,60692233192193
8562721,4560168691958528
8693793,56569333023488
8955937,337769163391760
9480225,56311367598848
10528801,337769163395840
12625953,4841368790762240
25208865,337769431827200
41986081,56294455182080
9578529,4559893815100160
12724257,13848559455568640
9709601,56294456165120
25438241,337761378763520
42215457,56286402118400
8505377,60554794238723
8570913,4559893814051585
8701985,56294455116545
9521185,60486075810563
4884513,14358741440790800
6457377,14358741440794880
12748833,13813383673414400
21137441,14358741709226240
17598497,847943363985680
19171361,847943363989760
21268513,5351542991356160
25462817,302585596609280
42240033,21110619964160
21366817,14358733656162560
8507425,56294153126675
8511521,126662897304323
8634401,4559893780497155
8765473,56294421562115
17842625,900505126568195
25182657,970869573681923
25231809,904898876015363
26214849,900505126568705
8671425,56282057802515
1106113,56294407930115
1335489,56286354866435
8675521,126650801980163
9478337,56294407930625
8724673,60680104313603
9707713,56286354866945
1360065,21110572712195
8700097,56286352769795
9486529,56156968977155
8798401,4559881685172995
9715905,56148915913475
25706689,900500829504275
26230977,337555173147395
43008193,56080196502275
27279553,900500829508355
29376705,5404100456874755
1409217,7916433178883
9732289,21110572712705
543553,900500341915955
16796481,900500878786835
8915777,900500341916465
25168705,900500878787345
8979265,900500308362035
25232193,900500845232915
4214081,14411299224027395
16796993,5404100506157315
12586305,14411299224027905
25169217,5404100506157825
12649793,14411299190473475
25232705,5404100472603395
25184577,970869589410563
25233729,904898891744003
602433,900706450014515
16855361,900706986885395
807233,898507963629875
856385,865522614796595
8720705,337757033464595
8982849,900569011061555
25235777,900569547932435
9179457,898507963630385
8675649,546664242742019
25190721,1109476757209859
16884033,900711281852675
4399425,14411505332125955
16982337,5404306614255875
860481,900706986885395
2433345,900706986889475
4530497,5404306614255875
8724801,408125777642243
17113409,900708060627203
25239873,970938292110083
25248065,970869572633351
4604225,14409306845741315
8749377,337761328431875
25264449,900573842899715
4653377,14376321496908035
8847681,4841356660835075
12779841,14411367893172995
25362753,5404169175302915
9240897,900569547932435
10813761,900569547936515
12910913,5404169175302915
25493825,900570621674243
25755969,2026400735298323
42533185,900500828521235
26280257,900505124471555
27328833,2026400735302403
44106049,900500828525315
29425985,6530000362668803
46203201,5404100455891715
58786113,900501902263043
12976449,14409306845741825
202305,13514303894192435
333377,4507105176322355
460353,13514304431063315
4785729,14358522665894195
17368641,5351323948024115
21038657,14358523202765075
31297,56281570214195
8403521,56281570214705
285249,21097734996275
8411713,56144131261235
334401,7903595462963
8657473,21097734996785
289345,56282107085075
8661569,56282107085585
8669761,56144668132115
8931905,337550388495155
17320513,865316506698035
25184833,337550925366035
41962049,56075948720915
17369665,852122367164723
25692737,865316506698545
8467009,56281536660275
8671809,54083050275635
8720961,21097701442355
8725057,56282073531155
25707073,898301821977395
25756225,865316473144115
158785,13567080452325635
289857,4559881734455555
8531009,13567080452326145
8662081,4559881734456065
412737,13531896617107715
8539201,13566943013372675
8670273,4559744295502595
12602433,13848349270606595
20991041,14376115388809475
25185345,4841150552736515
41962561,4559675576091395
461889,13518702477574403
21040193,14362921249276163
8784961,13531896617108225
29363265,14376115388809985
8594497,13567080418771715
8725569,4559881700901635
8799297,13564881932387075
29377601,14409100704088835
8848449,13531896583553795
29426753,14376115355255555
8673345,56282073531155
8677441,126650817708803
8726593,60680120042243
8702017,56286368498435
8800321,4559881700901635
25708609,900500845232915
27281473,900500845236995
29378625,5404100472603395
17330241,898507963629875
8728641,56556934660883
8990785,337756496593715
17379393,865522614796595
25243713,337757033464595
42020929,56282056819475
25702465,898507963630385
8736833,56282056753943
9195585,335558010209075
25710657,898370524676915
17403969,847934723719475
4919361,14358728773992755
17502273,5351530056122675
21172289,14358729310863635
2953281,847930428756275
5050433,5351530056122675
9244737,302572661375795
17633345,847931502494003
25759809,865385175843635
8740929,126650800931591
21127233,14409306845741315
8757313,56561229628163
9543745,56294405833475
25272385,337761328431875
42049601,56286351786755
8855617,4560156562031363
12787777,13848555378705155
21176385,14376321496908035
25370689,4841356660835075
42147905,4559881684189955
9248833,337757033464595
9773121,56286352769795
10821697,337757033468675
12918849,4841356660835075
25501761,337758107206403
42278977,56283130561283
25763905,900569547932435
27336769,900569547936515
29433921,5404169175302915
29499457,14409306845741825
8765505,56286351721223
9748545,54095919448835
8863809,4559881684124423
25772097,900500828455703
27344961,900500828459783
29442113,5404100455826183
12992577,13846356892320515
29507649,14409169406788355
21200961,14358733605830915
9797697,21110570615555
5177409,14358729310863635
6750273,14358729310867715
13041729,13813371543487235
21430337,14358730384605443
29556801,14376184057955075
8914817,5404099701900080
12584833,14411298956641040
8915841,904898121040688
9962369,900504338039600
12586369,14415697003152128
13632897,14411303220151040
1585537,900710479692080
8925569,971074926805808
1610113,865534697537840
8950145,900710477595440
9474433,337769116205840
9048449,5404305809998640
12718465,14411505064739600
9179521,900706451063600
25432449,900706987934480
9965953,900573040739120
1614209,900719069626640
3187073,900719069630720
5284225,5404318696997120
9478529,408137860383488
17867137,900719338062080
5382529,14411509361803520
12722561,14481873808917248
18096513,900711284998400
25436545,971075732112128
5407105,14376333579649280
9601409,4841368743576320
12747137,14411509359706880
9732481,337769384641280
18121089,865535502844160
25461121,900711282901760
9994625,900581630673680
11567489,900581630677760
13664641,5404181258044160
26247553,900581899109120
12976513,14411505333175040
25559425,5404306615304960
13762945,14411371922850560
26476929,900573846045440
59769217,900505126634240
8402561,4559880930198320
1087105,4507117259063600
1185409,13514307923870000
8525441,13531895812850480
8529537,13567080184939280
1214081,13514316513804560
5768833,14358526695571760
13108865,14376114584552240
8403585,60679349338928
1088129,7915678204208
8473217,69269283930899
9450113,56285566337840
9474689,21109784183600
9478785,56294156272400
8531073,13571478231450368
8473729,4572868911301379
1215617,13518714560315648
9479297,4559893783642880
9577601,13567084448449280
9602177,13531908666295040
9480321,60692202783488
9521281,69273547440899
9482369,56569017402128
9973889,337760526271280
11022465,900706182632240
13119617,5404305809998640
25702529,900706451063600
9490561,56294139495185
3707009,847942511497520
5804161,5351542138863920
9998465,302584744117040
18387073,847942779928880
5902465,14358732803670320
13242497,14376320692650800
18616449,847934726865200
25956481,865522615845680
1171585,60692186005763
9494657,126662883672833
9543809,60692186006273
9609345,4560168644772608
9740417,56569285837568
10002561,337769116205840
11575425,337769116209920
13672577,4841368743576320
26255489,337769384641280
43032705,56294407996160
13246593,14411505064739600
13770881,13848559408382720
14819457,14411505064743680
29499521,14411505333175040
25960577,900706987934480
26484865,337761331577600
43262081,56286354932480
27533441,900706987938560
29630593,5404306615304960
9552001,60554747052803
9617537,4559893766865665
9748609,56294407930625
5931137,14358741393604880
7504001,14358741393608960
13795457,13813383626228480
22184065,14358741662040320
18645121,847943316799760
20217985,847943316803840
22315137,5351542944170240
26509441,302585549423360
43286657,21110572778240
22413441,14358733608976640
29753473,14376321497957120
8916737,5404099767960368
12586753,14411299022701328
4208385,14409306090766640
8525569,13846356137345840
12588801,14409168651813680
665345,14409306090766640
608001,5404099700850995
4278017,14411298955591955
8980225,5404099700851505
12650241,14411298955592465
9045761,14409168651813680
13108993,15534999839179568
539393,900706231910768
2112257,900706231914800
4209409,5404305859281200
8403713,408125022667568
16792321,900706500346160
8428289,337760573457200
4332289,14376320741933360
8526593,4841355905860400
8657665,337756546925360
17046273,865522665128240
8919809,900568792957808
10492673,900568792961840
12589825,5404168420328240
25172737,900569061393200
568065,900710526878000
666369,5404305859281200
4336385,14411505114022160
797441,900706500346160
17050369,900707037217040
8923905,970937537135408
609025,904898119991603
8932097,970868817658673
8948481,900573087925040
8981249,904898119992113
9046785,5404168420328240
12716801,14411367675069200
9177857,900569061393200
25430785,900569598264080
9964289,900504369496880
11012865,2026399980327728
13110017,6529999607694128
25692929,2026400248759088
42470145,900500341982000
58723073,900500878852880
12718849,14409306057212720
25432833,898507980407600
8995585,970868784104243
539905,5404305859281200
4209921,14411505114022160
662785,14376320741933360
8527105,13848555160601360
8920321,5404168420328240
12590337,14411367675069200
4238593,14411509408989440
666881,14411505114022160
2239745,14411505114026240
4336897,32425903623504128
8531201,13918923904779008
16919809,14411505382457600
4467969,14411505382457600
17050881,5404306664587520
12594433,14481736419246848
4279553,14415697002103043
12602625,14481667699770113
8555777,13848559455568640
12619009,14411371970036480
12651777,14415697002103553
8785153,13848555429036800
17173761,14376321547239680
9047297,14411367675069200
10620161,14411367675073280
12717313,32425766184551168
25300225,14411367943504640
12848385,14411367943504640
25431297,5404169225634560
13110529,15537198862435088
13634817,14411303251608320
14683393,15537198862439168
29363457,15537199130870528
46140673,14411299224093440
58723585,5404100506223360
9049345,14409306057212720
12666113,14481667666215683
25560321,14409306862519040
8927489,971074942534448
8952065,900710493324080
9050369,5404305825727280
12720385,14411505080468240
9181441,900706466792240
25434369,900707003663120
12724481,14481873824645888
25438465,971075747840768
12749057,14411509375435520
25463041,900711298630400
12978433,14411505348903680
25561345,5404306631033600
618753,971074925756723
8483073,548862460691219
8941825,1109613390857009
8990977,971074925757233
643329,900710476546355
741633,5404305808949555
4411649,14411505063690515
872705,900706450014515
17125633,900706986885395
8999169,970937486803763
9015553,900710476546865
9998593,898520044274480
9113857,5404305808950065
12783873,14411505063691025
9244929,900706450015025
25497857,900706986885905
13242625,15535205947278128
25956609,2024407870473008
42733825,898507963695920
8511745,548866755658499
4415745,14481873807868163
8610049,5052462088061699
8741121,548862729126659
17129729,971075731063043
9003265,1111674975159059
10576129,1111674975163139
12673281,5615274602529539
25256193,1111675243594499
12738817,14620412272968449
25452801,1109614196163329
12787969,14481873807868673
25501953,971075731063553
4440321,14411509358657795
17154305,900711281852675
4669697,14411505332125955
17252609,5404306614255875
12796161,14481736368915203
25510145,970938292110083
58802433,970869572698883
12812545,14411509358658305
25526529,900711281853185
13795585,14409318926385920
26509569,898520849580800
13041921,14411505332126465
25624833,5404306614256385
29753601,15535206752584448
46530817,14409306845807360
8404481,4559880996258608
8527361,13531895878910768
8531457,13567080250999568
13110785,14376114650612528
95745,4559880929149235
8467969,4559880929149745
8533505,13565156038542128
12596737,13846356137345840
218625,13531895811801395
8476161,4559743490196275
8541697,13564881160635185
8590849,13531895811801905
21239297,14356530337939760
222721,13567080183890195
8594945,13567080183890705
9053697,13846356137345840
13116929,14409168651813680
8603137,13566942744937235
4802049,14376114583503155
8996353,4841149747430195
12666369,13848349002171155
13125121,14409099932336945
13174273,14376114583503665
17696257,14356530337939760
96769,60679348289843
8419841,126650045956913
8436225,56560474653488
8468993,60679348290353
8534529,4560155807056688
8665601,56556448121648
8927745,337756278489968
9452033,56285597795120
10500609,337756278494000
12597761,4841355905860400
25180673,337756546925360
41957889,56281570280240
8444417,56285596746545
8477185,60541909336883
8542721,4559880929149745
8673793,56281570214705
9476609,21109815640880
4856321,14358728555889008
6429185,14358728555893040
12720641,13813370788512560
21109249,14358728824324400
17570305,847930479083888
19143169,847930479087920
21240321,5351530106454320
25434625,302572711707440
42211841,21097735062320
8956417,337760573457200
9480705,56294187729680
4860417,14376320741933360
9054721,4841355905860400
12724737,13848555160601360
9185793,337756546925360
17574401,865522665128240
25438721,337757083796240
42215937,56282107151120
11020801,900568792961840
13117953,5404168420328240
25700865,900569061393200
8997377,341948166570803
11028993,900500073485105
13126145,5404099700851505
25709057,900500341916465
4884993,14358732850856240
17598977,847934774051120
5114369,14358728824324400
17697281,5351530106454320
21367297,14358729361195280
13240833,14376183302980400
25954817,865385226175280
59247105,865316506764080
8483329,126650012402483
8507905,56285563192115
8606209,4559880895595315
8737281,56281536660275
13246977,14409306057212720
25960961,898507980407600
11092481,900500039930675
13189633,5404099667297075
25772545,900500308362035
8535041,13567355061797648
4733953,14376320741933360
8928257,4841355905860400
12598273,13848555160601360
8543233,13567080183890705
4758529,14358732850856240
2759681,14358728555893040
4856833,32373127065370928
9051137,13813370788512560
17439745,14358728824324400
4987905,14358728824324400
17570817,5351530106454320
21240833,14358729361195280
13114369,14376183302980400
224257,13571478230401283
8547329,13637448928068353
8563713,13567359356764928
9481217,4559893815100160
12626945,13848559455568640
8596481,13571478230401793
8793089,13567355330233088
9055233,13848555160601360
9579521,13567084479906560
10628097,13848555160605440
12725249,31862953670083328
25308161,13848555429036800
42085377,13567080452391680
12856321,13848555429036800
21244929,14376321547239680
25439233,4841356711166720
42216449,4559881734521600
13118465,14411367675069200
14691329,14411367675073280
29371393,14411367943504640
8571905,13567084478857985
8604673,13571340791448323
12667905,13852747048682243
8801281,13567080452326145
13126657,14411298955592465
14699521,14411298955596545
29379585,14411299224027905
9604097,13531908697752320
21269505,14358733656162560
17697793,14358729361195280
19270657,14358729361199360
21367809,32373127870677248
25562113,13813371593818880
42339329,13531896617173760
29625345,14376184108286720
62917633,14376115388875520
13120513,14409306057212720
8606721,13567080150336275
8610817,13637448894513923
29631489,14409306862519040
8635393,13567084445303555
8864769,13567080418771715
13190145,14411298922038035
14763009,14411298922042115
29443073,14411299190473475
11024385,900706198360880
13121537,5404305825727280
25704449,900706466792240
13244417,14376320708379440
25958401,865522631574320
13248513,14411505080468240
14821377,14411505080472320
29501441,14411505348903680
25962497,900707003663120
27535361,900707003667200
29632513,5404306631033600
29755393,14376321513685760
2715649,900706181583155
4812801,5404305808949555
9007105,408124972335923
17395713,900706450014515
11087873,900706181583665
13185025,5404305808950065
25767937,900706450015025
13250561,14409580918342448
25964545,898782841537328
59256833,898507963695920
9031681,337760523125555
9555969,56294137398035
4935681,14376320691601715
9129985,4841355855528755
12800001,13848555110269715
9261057,337756496593715
17649665,865522614796595
25513985,337757033464595
42291201,56282056819475
11096065,900568742630195
13193217,5404168369996595
25776129,900569011061555
13258753,14409306040435505
25972737,898507963630385
13307905,14376320691602225
26021889,865522614797105
9560065,126662881575683
4939777,14411505063690515
6512641,14411505063694595
12804097,13918923854447363
21192705,14411505332125955
17653761,900706986885395
19226625,900706986889475
21323777,5404306614255875
25518081,408125777642243
42295297,126650800997123
13312001,14411505063691025
14884865,14411505063695105
29564929,14411505332126465
26025985,900706986885905
27598849,900706986889985
29696001,5404306614256385
29761537,14409581723648768
63053825,14409306845807360
9682945,4559893764768515
12828673,13848559405236995
9814017,56294405833475
25542657,337761328431875
42319873,56286351786755
13058049,13848555378705155
21446657,14376321496908035
25640961,4841356660835075
42418177,4559881684189955
13320193,14411367624737555
14893057,14411367624741635
29573121,14411367893172995
26034177,900569547932435
27607041,900569547936515
29704193,5404169175302915
59326465,900500828521235
60899329,900500828525315
62996481,5404100455891715
29769729,14409306845741825
29818881,14376321496908545
33555054,13740740915
8405550,52789493437235
33591374,219848839475
36175950,844430030614835
8441870,52995601535795
11026446,897205783311155
33555574,13510812622852865
2098486,14372828933600000
135734,13511017975845680
2622006,5348037492814640
4719158,14355236747547440
6292022,14355236747555600
33817654,13510881342329600
2622518,14355236747555600
6292534,32369635257037568
18875446,14355237015991040
35652662,13792287062700800
50332726,13792287599563520
6293558,14356336259183360
33947702,13511018747728640
39845942,14355236982567680
52428854,5348038264697600
54526006,14355237519430400
33718358,13511018730951425
39845974,14355228912726785
1051798,13514110355444480
7340182,14356336211997440
2138390,5401020159046400
4235542,14408219413779200
2236694,14408210823852800
2261270,14373035041698560
38422,13511017975845680
2622998,14355228157621040
33850390,13511018747728640
52429846,14355228929504000
2658326,5348243600913200
4755478,14355442855646000
6328342,14355442855654160
2756630,14355434265719600
6332438,14373035041698560
33980438,13511293608858368
2785302,14355442855654160
6455318,32369841365136128
19038230,14355443124089600
35815446,13792493170799360
50495510,13792493707662080
6586390,14355443124089600
19169302,5348244406219520
35946518,4785294452929280
21266454,14355443660952320
38043670,13792493707662080
39878678,14355305685267200
52461590,5348106967397120
54558742,14355306222129920
34996246,13511018732000000
19267606,14355435071025920
36044822,13792485117735680
52559894,14355297632203520
40108054,14355297632203520
40894486,14355236966839040
53477398,5348038248968960
55574550,14355237503701760
56623126,15481128819569408
33622118,3312275624195
41959526,52790265320195
8913702,897214423569200
10486566,897214423577360
10487078,5400814050947840
12584230,14408013305680640
10488102,898313935205120
44040486,897214658589440
58720550,897215195452160
8401446,52995651867440
33821222,219899171120
11010598,862030051488560
36176422,844438134010160
50856486,844438670872880
52429350,844438670881040
8528934,13563794533978880
33948710,13511018781282560
14681126,14372828933600000
39846950,14355237016121600
52429862,5348038298251520
54527014,14355237552984320
8472614,56088028320515
52430886,845538182508800
42213414,52996423750400
60817446,862030823371520
34668742,3312228438275
35668294,897206588748035
44040518,897206588748545
33611846,52996406972675
41984070,52996406973185
8699974,52996406842115
41992262,52858968019715
43008070,52790249591555
27279430,897206588617475
44056646,334256635327235
11534726,898313888019200
9519238,56087981134595
53477510,845538135322880
8950022,897420531667760
10522886,897420531675920
10526982,967789275853568
35692806,897420800241920
50372870,897421337104640
35922182,897412747178240
10649862,5401020159046400
12747014,14408219413779200
10780934,897420800111360
35946758,862236965024000
25460998,897421336974080
42238214,334471383683840
44073222,897283361288960
58753286,897283898151680
44302598,897275308225280
45089030,897214642860800
59769094,897215179723520
60817670,2023106495591168
11022342,897411941741360
11046918,862236159587120
36212742,844644242108720
50892806,844644778971440
52465670,844644778979600
36442118,844636189045040
42246150,53271284880128
11051014,897420531675920
14721030,5401020159046400
27303942,897420800111360
44081158,334470846821120
52469766,862236965024000
58761222,334471383683840
14819334,14408210823852800
43261958,52996408021760
27533318,897412747047680
44310534,334462793757440
60825606,897275308225280
42254342,52996406973185
60833798,897206588748545
14843910,14373035041698560
40009734,14355443124220160
52592646,5348244406350080
54689798,14355443661082880
36470790,844644778979600
40140806,5348244406350080
27557894,862236964893440
44335110,299287011603200
52723718,844645852721408
60850182,862099526071040
40239110,14355435071156480
61865990,862030807642880
1658,13510812152890163
131706,13510880805258035
262778,4503682087387955
4194938,13792287062491955
16777850,4785088344621875
33555066,4503613367976755
5242,13510880805258035
263290,13510881342128915
525434,13792287062491955
16778362,13792287599362835
33555578,13510812622717715
135290,13511018210657075
266362,4503819492786995
393338,13511018747527955
4718714,14355236982358835
17301626,5348038264488755
20971642,14355237519229715
66234,4506911098536755
66746,13514110353277715
17210,4837864097448755
4195130,14372828933522225
17722,13845063352189715
525626,14372828933522225
540986,5400814017315635
4211002,14408013272056595
3642,13511911530300209
17978,13528404070499123
67130,13511911396082483
68154,4506911164597043
135738,13511017975776113
25146,4556457840214835
139834,13528610161820465
148026,13528472722866995
4211258,13809878980100915
8405562,4556389120739123
164410,13511035155645233
197178,13511980048450355
4260410,13793386305684275
393786,13511018244211505
4719162,14355236747477873
6292026,14355236747481905
20972090,14355237015913265
68666,13514110419338003
13370,13528610161820465
21562,13528472722866995
37946,13511035155645233
70714,13511980048450355
136250,31525416485258033
267322,13511018244211505
25658,13563657094955795
541754,13809878980100915
8406074,13563588375480083
590906,13793386305684275
2622522,14355236747481905
4719674,32369635256959793
17302586,14355237015913265
71738,4506979816964915
137274,13512117487403825
198714,13514179071705875
591930,4788386074198835
4261946,13795585328939795
4720698,14356336259105585
28730,4556595245613875
151610,13528610128266035
200762,13512117453849395
155706,13563794500354835
4735034,14372828899967795
4784186,14356336225551155
34394,13510880805258035
263770,13510872752194355
1050202,13510812086829875
16778842,13792279009428275
33556058,13510804032783155
164442,13511018210657075
295514,4503819492786995
393818,13511010157593395
20972122,14355228929295155
37978,13511018210657075
267354,13511010157593395
296026,13511018747527955
17302618,14355228929295155
168026,13511293071786803
299098,4504094353916723
4231258,13792493170590515
16814170,4785294452720435
33591386,4503819476075315
397402,13511285018723123
1183834,13511018194928435
16912474,13792485117526835
33689690,13511010140881715
1314906,4503819477058355
4460634,13792485117526835
20975706,14355297631994675
426074,13511293608657683
688218,13792493170590515
16941146,13792493707461395
33718362,13511018730816275
819290,4785294452720435
4489306,13792493707461395
4751450,14355305685058355
17334362,5348106967188275
21004378,14355306221929235
917594,13792485117526835
1441882,13511018731799315
17432666,14355297631994675
4980826,14355297631994675
5767258,14355236966630195
18350170,5348038248760115
21495898,15481128819360563
38273114,14355228912583475
22020186,14355237503501075
67226,13514101763343155
1050266,13511911332119345
1051290,4506911100633905
1114778,4506911067079475
1051802,13514110355374865
1115290,13514110321820435
102554,4507117206635315
200858,13514307871441715
1118362,4506979769778995
1183898,13512117440217905
229530,13514316461376275
1245338,13514179024519955
1638554,4788386027012915
4784282,14358526643143475
5308570,13795585281753875
5767322,14356336211919665
18202,13845054762255155
4211482,14408004682122035
541978,14408004682122035
4206874,14408210823775025
53530,4838070205547315
151834,13845260870353715
4215066,14408073384821555
4231450,14373035041620785
565530,5401020158968625
4235546,14408219413709585
663834,14408210823775025
180506,13845269460288275
573722,5400882720015155
4243738,14408081974756115
672026,14408073384821555
1589530,5400814001586995
4735258,15533904572187443
5259546,14408013256327955
688410,14373035041620785
69146,13514101829403443
38426,13511017975776113
26138,13563648505021235
42522,13528610161820465
50714,13528472722866995
1066522,13528404004438835
8406554,13563579785545523
99866,13511980048450355
165402,31525416485258033
296474,13511018244211505
1115674,13511911330022195
100890,4506979816964915
166426,13512117487403825
199194,13514170481771315
1116698,4506911098536755
4262426,13795576739005235
57882,4556595245613875
156186,13563785910420275
180762,13528610128266035
229914,13512117453849395
39962,13512117487403825
72730,13514170481771315
101402,13514179071705875
592922,13795576739005235
1117210,13514110353277715
29722,13563785910420275
54298,13528610128266035
103450,13512117453849395
58394,13563794500354835
104474,4507117222363955
202778,13514307887170355
231450,13514316477104915
4786202,14358526658872115
61466,4556870106743603
159770,13564060771550003
1077274,4556595229885235
4223002,13845260870353715
176154,13529434745209649
184346,13528884989395763
4247578,13810085088199475
8441882,4556595228837683
1200154,13528610112537395
8540186,13563785893644083
233498,13512392314979123
4296730,13793592413782835
430106,13511842827600689
4755482,14355442855576433
6328346,14355442855580465
21008410,14355443124011825
1249306,13512117438120755
21237786,14355435070948145
188442,13564069361484563
581658,4838070205547315
4251674,13845269460288275
679962,13845260870353715
1204250,13563794484626195
4743194,14408073384821555
4759578,14373035041620785
704538,13810085088199475
8568858,13563794483578643
4767770,14372897602667315
5783578,14372828884239155
13123610,14408004665345843
753690,13793592413782835
4816922,14356404928250675
2785306,14355442855580465
4882458,32369841365058353
17465370,14355443124011825
5013530,14355443124011825
17596442,5348244406141745
21266458,14355443660882705
5832730,14356336209822515
17694746,14355435070948145
8389482,334264738513715
16778090,862030856716595
8913258,897214658380595
25166186,897215195251475
266858,219898970483
270954,17812085014835
8397418,52858481279795
8405610,52789761803063
295530,237078839603
393834,4503819526340915
8651370,17674646061875
17302122,844438670672243
18874986,844438670676275
20972138,5348038298042675
25166442,299080903295795
41943658,17605926650675
136298,13511018244210995
267370,4503819526340915
394346,13511018781081875
4719722,14355237015912755
17302634,5348038298042675
20972650,14355237552783635
268394,1319410598195
17303658,845538182299955
8401002,52995886678835
8654954,17812051460915
8659050,52996423549715
25690218,862030823162675
8405674,53889006043955
1114794,3328653132083
8454826,20903657210675
8407210,56088029299475
541482,897214423499123
2114346,897214423503155
4211498,5400814050869555
8405802,404633214255923
16794410,897214691934515
8454954,335363981706035
8913706,897214423499633
10486570,897214423503665
12583722,5400814050870065
25166634,897214691935025
541994,5400814050869555
4212010,14408013305610515
8914218,5400814050870065
12584234,14408013305611025
543018,898313935126835
592170,865328586293555
8456490,337563004961555
8915242,898313935127345
8929578,967583134122803
8978730,898313901572915
69162,4506911298814259
8406570,4556389187846963
8407594,53889072104243
8456746,20903723270963
29226,52995651797363
8401450,52995651797873
8409642,52858212844403
57898,53012831666483
156202,4556595279167795
287274,52995920232755
8413738,123226957022003
8430122,53012831666993
8462890,53957724472115
8528426,4556595279168305
8659498,52995920233265
8438314,52875392713523
8471082,53889004995383
8536618,4556457840214835
8667690,52858481279795
8929834,334264470078323
9454122,52806674285363
10502698,334264470082355
12599850,4837864097448755
25182762,334264738513715
41959978,52789761868595
29738,4556595279167795
8401962,4556595279168305
152618,13528610161819955
8410154,4556457840214835
201770,13512117487403315
8524842,13528610161820465
156714,13563794533908755
8528938,13563794533909265
8537130,13563657094955795
4736042,14372828933521715
8930346,4837864097448755
12600362,13845063352189715
4785194,14356336259105075
13108266,14372828933522225
30762,54095163425075
79914,21109814591795
8402986,54095163425585
8411178,53957724472115
104490,3534808416563
202794,4507117255917875
333866,3517896982835
8460330,20972375638835
8464426,56156747727635
8472618,56088028250903
8931370,335363981706035
2689066,847736400253235
4786218,5351336027619635
8980522,302378632872755
17369130,847736668684595
8417322,123364362421043
8466474,54095129871155
8441898,53012798112563
8540202,4556595245613875
8671274,52995886678835
11026474,897214389949235
13123626,5400814017315635
25706538,897214658380595
1051338,3311741698355
1315018,1319363412275
18350282,845538135114035
25166666,897206605316915
16789834,897412746969395
8425802,334470846612275
16814410,862236964815155
8655178,334462793548595
25170250,897275308016435
565578,897420800033075
16818506,897421336903955
794954,897412746969395
819530,862236964815155
8683850,334471383483155
8945994,897283361080115
25198922,897283897950995
9175370,897275308016435
9961802,897214642651955
25690442,2023106495382323
42467658,897206588605235
26214730,897215179522835
165450,13511018244210995
296522,4503819526340915
394826,13511010191147315
20973130,14355228962849075
297546,1319410598195
8430154,52995886678835
8659530,52987833615155
8684106,17812051460915
307274,18636668404019
8433738,53270747808563
8663114,53262694744883
9449546,52995870950195
25178186,334462793548595
41955402,52987816903475
8441930,52995869901623
8671306,52987816837943
430154,4504644109730099
8687690,18086912590643
17338442,844644778770803
18911306,844644778774835
21008458,5348244406141235
25202762,299287011394355
41979978,17812034749235
21106762,14355435070947635
9703498,17812035732275
8691786,53271284679443
8953930,334470846612275
17342538,862236964815155
25206858,334471383483155
41984074,52996406838035
9183306,334462793548595
9707594,52996407821075
25698378,897275308016435
8699978,52996406772503
25706570,897206588539703
4882506,14355443124011315
17465418,5348244406141235
21135434,14355443660882195
2916426,844644778774835
5013578,5348244406141235
9207882,299287011394355
17596490,844645852512563
25722954,862099525862195
5111882,14355435070947635
26738762,862030807434035
1589642,898313887940915
1638794,865328539107635
8978826,900504319165235
9503114,337562957775635
9961866,898313887941425
1115786,4506911100633395
1067658,20903659307315
8407690,56079439364915
1116810,7709519774003
9439882,20903659307825
9454218,53888974586675
9503370,20903625753395
9455754,56087997842195
1077386,54095116239155
1126538,21109767405875
8466570,56285547463475
9449610,54095116239665
8441994,54095114142515
9457802,53957677286195
1151114,3534761230643
8491146,21109765309235
1249418,4507117208731955
1380490,3517849796915
9506954,20972328452915
8495242,56294137398035
9511050,56156700541715
9519242,56087981064983
9977994,335363934520115
3735690,847736353067315
5832842,5351335980433715
10027146,302378585686835
18415754,847736621498675
4212490,14408004715675955
12584714,14408004715676465
8456970,337554415026995
8980746,900504334893875
8417546,545568220775219
577802,897420531597683
2150666,897420531601715
4247818,5401020158968115
8442122,404839322354483
16830730,897420800033075
4346122,14408210823774515
17060106,897412746969395
8491274,335570089804595
8950026,897420531598193
10522890,897420531602225
12620042,5401020158968625
25202954,897420800033585
12718346,14408210823775025
25432330,897412746969905
581898,967789275775283
8446218,545576810709779
8937738,1108380735243059
631050,898520043225395
8954122,967789275775793
704778,5401020158968115
4374794,14408219413709075
835850,897420800033075
17088778,897421336903955
8962314,967651836822323
9978122,967583118394163
9011466,898382604272435
9077002,5401020158968625
12747018,14408219413709585
9208074,897420800033585
25461002,897421336904465
10027274,898313885844275
58890,4556595279167795
157194,13563785943974195
8431114,4556595279168305
8529418,13563785943974705
181770,13528610161819955
8439306,4556457840214835
8537610,13563648505021235
9455114,4556389121786675
12600842,13845054762255155
230922,13512117487403315
8553994,13528610161820465
104970,3517628547443
59914,54095163425075
109066,21109814591795
8432138,54095163425585
8464906,56148157793075
8440330,53957724472115
8473098,56079438316343
9456138,53889006043955
231946,4507117255917875
363018,3517896982835
8489482,20972375638835
9505290,20903657210675
8442378,52995618243443
8446474,123364362421043
8495626,54095129871155
8569354,4556595245613875
8700426,52995886678835
105482,4507117255917875
203786,13514307920724275
232458,13514316510658835
4787210,14358526692426035
8442890,4556595245613875
8541194,13563785910420275
8569866,13563794500354835
13124618,14408004682122035
8468490,56285563192115
8443914,54095129871155
8493066,21109781037875
8497162,56294153126675
192522,4557419862556979
323594,53820503621939
8450058,123639223550771
9465866,123364346692403
8499210,54369991000883
8564746,4557419862557489
8695818,53820503622449
9515018,54095114142515
8507402,54095113093943
8572938,4556870106743603
8704010,53270747808563
8966154,334470578176883
9490442,53012782383923
10539018,334470578180915
12636170,4838070205547315
25219082,334470846612275
41996298,52995869967155
9588746,4556595229885235
12734474,13845260870353715
9719818,52995870950195
25448458,334462793548595
42225674,52987816903475
2678794,897420531601715
4775946,5401020158968115
8970250,404839322354483
17358858,897420800033075
4874250,14408210823774515
17588234,897412746969395
9019402,335570089804595
11051018,897420531602225
13148170,5401020158968625
25731082,897420800033585
13246474,14408210823775025
25960458,897412746969905
4898826,14373035041620275
9093130,4838070205547315
12763146,13845269460288275
9224202,334470846612275
17612810,862236964815155
25477130,334471383483155
42254346,52996406838035
11059210,897283092648755
13156362,5400882720015155
25739274,897283361080115
13254666,14408073384821555
25968650,897275308016435
12075018,897214374220595
14172170,5400814001586995
26755082,897214642651955
59260938,897206588605235
4947978,14356542367203635
17661962,845744290398515
13271050,14373035041620785
25985034,862236964815665
66802,13514110621713155
17778,13845063620625155
16778610,14372829738828545
4211058,14408013540492035
16793970,5400814822621955
135794,13511018244211505
266866,4503819526341425
393842,13511018781082385
4719218,14355237015913265
17302130,5348038298043185
20972146,14355237552784145
68722,13514110687773443
267378,13511018781082385
25714,13563657363391235
271474,13528610967126785
279666,13528473528173315
8406130,13563588643915523
16794738,13809879785407235
33571954,13528404808762115
296050,13511035960951553
328818,13511980853756675
16843890,13793387110990595
33621106,13511912134345475
394354,31525417290564353
17302642,14355237552784145
18875506,14355237552788225
20972658,32369636062266113
198770,13514179340141315
329842,4506980622271235
4262002,13795585597375235
16844914,4788386879505155
33622130,4506911902860035
395378,13512118292710145
20973682,14356337064411905
155762,13563794768790275
286834,4556596050920195
409714,13528610933572355
20988018,14372829705274115
458866,13512118259155715
21037170,14356337030857475
4196786,14376127469454080
3762,13514110554604304
135858,13512117488452400
4719282,14356336260154160
1051826,13514127602352896
83122,13531702539322115
1082546,13512031591203584
1115314,13514127535244033
137394,13514316511707920
141490,13531908697752320
166066,13514333691577088
1083570,4507031359718144
395442,13514316780143360
1181874,13514196254720768
4720818,14358535283409680
5245106,13795602511954688
6293682,14358535283413760
20973746,14358535551845120
1212594,13512168996602624
526130,14372829000631088
13106,4838070255878960
135986,13810085138531120
4199218,14372897652998960
140082,13845269510619920
533298,5400882770346800
4203314,14408082025087760
541490,5400814050870065
4211506,14408013305611025
656178,14372897652998960
4719410,15498728840364848
8913714,5400814050871088
12583730,14408013305612048
13618,13845269510619920
529714,14372897652998960
42290,13845286690489088
140594,31859668020101888
271666,13845269779055360
533810,14408082025087760
2106674,14408082025091840
4203826,32422480534569728
16786738,14408082293523200
83250,13846162863817475
542002,14408013305611025
2114866,14408013305615105
4212018,32422411815092993
16794930,14408013574046465
4326706,68416093181444864
17040690,14372898458305280
8914226,14408013305612048
10487090,14408013305616128
12584242,32422411815094016
25167154,14408013574047488
50332978,14372829738894080
141618,13846369022247680
4204850,14409181536715520
84274,4841162632332035
4213042,14409112817238785
4262194,14376127468405505
12585266,14409112817239808
536882,5401020175745840
4206898,14408219430486800
659762,14373035058398000
4235570,14408236610355968
663858,14408219430486800
2236722,14408219430490880
4333874,32422617939968768
16916786,14408219698922240
4464946,14408219698922240
17047858,5401020981052160
4276530,14409112783684355
17170738,14373035863704320
7730,13511980249776944
69170,13514110553555729
527922,13793386507010864
13874,13528610228929328
38450,13511035222754096
136754,31525416552366896
267826,13511018311320368
2623026,14355236814590768
4720178,32369635324068656
17303090,14355237083022128
137778,13512117554512688
4721202,14356336326214448
29234,4556595279168305
143922,13528885039727408
4207154,13810085138531120
8401458,4556595279169328
152114,13528610161820465
168498,13511310033552176
1086002,4503870261691184
4231730,13792510132355888
201266,13512117487403825
397874,13511293122118448
660018,13792492952486768
1184306,13511035156693808
2232882,13792492952490800
4330034,31806891461968688
8524338,13528610161821488
16912946,13792493220922160
33690162,13511018244277040
4461106,13792493220922160
17044018,4785294503052080
33821234,4503819526406960
4723250,14355305466954608
6296114,14355305466958640
20976178,14355305735390000
156210,13563794533909265
664114,13810085138531120
8528434,13563794533910288
4727346,14372897652998960
4735538,14372828933522225
688690,13792510132355888
1212978,13511069516432144
4751922,14355322646823728
4784690,14356336259105585
918066,13792493220922160
17170994,13792493757793040
33948210,13511018781147920
2753074,14355305466958640
4850226,32369703976436528
17433138,14355305735390000
4981298,14355305735390000
17564210,5348107017519920
21234226,14355306272260880
5767730,14355253928395568
6816306,15481136654324528
13107762,14372828933523248
21496370,15481136922755888
38273586,14355237015978800
50856498,5348038298108720
54526514,14355237552849680
85042,13531702605382403
29746,13563794533909265
537650,13810085138531120
8401970,13563794533910288
562226,13792510132355888
1086514,13511069516432144
660530,31806891461968688
4330546,67835688480932624
791602,13792493220922160
17044530,13792493757793040
33821746,13511018781147920
2626610,14355305466958640
4723762,32369703976436528
17306674,14355305735390000
58418,13563811713778433
91186,13564756606583555
156722,31578193043391233
287794,13563794802344705
1090610,13528661702476544
8430642,13563811713779456
4334642,67853280666977024
8528946,31578193043392256
8660018,13563794802345728
17048626,13810085943837440
33825842,13528610967192320
8471602,13564687887107843
1213490,31525468025914112
4359218,67835705660801792
1344562,13511069784867584
17073202,13792510937662208
33850418,13511035961017088
4588594,67835688749368064
17171506,31806892267275008
33948722,31525417290629888
4850738,68398500995400464
6423602,68398500995404544
21103666,68398501263835904
17564722,14355306272260880
19137586,14355306272264960
21234738,32369704781742848
50857010,14355237552849680
52429874,14355237552853760
54527026,32369636062331648
202802,13514316510659345
661554,13793592464114480
4724786,14356404978582320
92210,4559756375098115
157746,13564894045537025
206898,13531908696703745
8529970,13564894045538048
215090,13531771257750275
4278322,13813177514984195
8472626,4559687655622403
231474,13514333690528513
1214514,13512169028059904
460850,13514316779094785
4786226,14358535282361105
6359090,14358535282365185
21039154,14358535550796545
17172530,13793593269420800
33949746,13512118292775680
21235762,14356405783888640
54528050,14356337064477440
4730930,14373035058398000
4755506,14355460052222768
2756658,14355442872357680
4853810,32369841381835568
17436722,14355443140789040
4984882,14355443140789040
17567794,5348244422918960
21237810,14355443677659920
221234,13564894011982595
21241906,14373035863704320
21266482,14355460857529088
17694770,14355443677659920
19267634,14355443677664000
21364786,32369842187141888
1051858,13514110623810305
1115346,13514110590255875
229586,13514316729811715
360658,4507118011941635
458962,13514308676748035
1245394,13514179292955395
1376466,4506980575085315
5308626,13795585550189315
17891538,4788386832319235
34668754,4506911855674115
21037266,14358527448449795
1442002,13512118245524225
22020306,14356337017225985
16794962,14408005487428355
4235602,14408219682145025
16818514,5401020964274945
16916818,14408211629081345
4464978,14408211629081345
180562,13845269728723715
311634,4838071010853635
4243794,14408082243191555
16826706,5400883525321475
409938,13845261675660035
16925010,14408074190127875
4473170,14408074190127875
5259602,14408013524763395
17842514,5400814806893315
20988242,15533905377493763
37765458,14408005470716675
16941394,14373035846927105
4489554,14373035846927105
38482,13511018244211505
267858,13511010191147825
296530,13511018781082385
17303122,14355228962849585
101458,13514179340141315
298066,13512118292710145
330834,13514171287077635
1117266,13514110621713155
16845906,13795577544311555
33623122,13514102567666435
58450,13563794768790275
287826,13563786715726595
312402,13528610933572355
361554,13512118259155715
231506,13514316745540355
362578,4507118027670275
460882,13514308692476675
21039186,14358527464178435
430162,13511843364471569
4755538,14355443124011825
17338450,5348244406141745
21008466,14355443660882705
17436754,14355435070948145
4984914,14355435070948145
188498,13564069629920003
319570,4556870912049923
4251730,13845269728723715
16834642,4838071010853635
33611858,4556596034208515
417874,13564061576856323
1204306,13563794753061635
16932946,13845261675660035
33710162,13563786699014915
1335378,4556596035191555
4481106,13845261675660035
20996178,14408074190127875
434258,13529435550515969
21012562,14373035846927105
442450,13528885794702083
8568914,13563794752014083
16957522,13810085893505795
33734738,13528610916860675
4505682,13810085893505795
8699986,4556596034144003
21020754,14372898407973635
1458258,13528610917843715
8798290,13563786698950403
22036562,14372829689545475
29376594,14408005470652163
491602,13512393120285443
17006674,13793593219089155
33783890,13512118242444035
4554834,13793593219089155
21069906,14356405733556995
17465426,14355443660882705
19038290,14355443660886785
21135442,32369842170364673
5013586,14355443660882705
6586450,14355443660886785
21266514,14355444734624513
1507410,13512118243427075
22085714,14356337015128835
1052050,13813177518129920
5245330,14376127437996800
4235666,14409318926385920
1188242,13846368975061760
5251474,14409181489529600
1130898,4841162585146115
4276626,14411303201276675
5259666,14409112770052865
5308818,14376127421219585
13631890,14409112770053888
1052306,13514110422483728
38546,13512117488452400
1054354,13511980051596080
1115794,13514110355374865
1574546,13793386308830000
39570,4507117256966960
137874,13514307921773360
1055378,4506979820110640
166546,13514316511707920
1182354,13514179074851600
1575570,4788386077344560
4721298,14358526693475120
5245586,13795585332085520
1184402,13512117456995120
5767826,14356336228696880
40082,13514316511707920
1055890,13514179074851600
44178,13531908697752320
1059986,13531771260896000
1068178,13531702541419265
167058,31528715021189888
298130,13514316780143360
1084562,13514196254720768
1117330,13518508401885953
1182866,31528577584333568
1313938,13514179343287040
1576082,13795585332085520
3148946,13795585332089600
5246098,31809983841567488
9440402,13531702541420288
17829010,13795585600520960
34606226,13514110623875840
1131666,13531702507864835
1185938,13514316480250640
1190034,13531908666295040
1214610,13514333660119808
1443986,13514316748686080
5769362,14358535251952400
7342226,14358535251956480
22022290,14358535520387840
4755602,14356542368252720
1249426,13514316463473425
1708178,13793592416928560
5771410,14356404931396400
123026,4559893764768515
221330,13567084429574915
1138834,4559756327912195
1204370,13564893998351105
1253522,13531908649517825
9576594,13564893998352128
245906,13531908647420675
1261714,13531771210564355
5324946,13813177467798275
9519250,4559687608436483
1278098,13514333643342593
21266578,14356543173559040
1507474,13514316731908865
5832850,14358535235175185
7405714,14358535235179265
22085778,14358535503610625
18219154,13793593222234880
34996370,13512118245589760
22282386,14356405736702720
55574674,14356337017291520
14098,13845260920685360
38674,13810085138531120
42770,13845269510619920
534290,14408073435153200
542482,14408004715676465
558866,14372897652998960
1574674,14372828934570800
8914706,14408004715677488
4207378,14408210840552240
4231954,14373035058398000
566034,5401020175745840
4236050,14408219430486800
664338,14408210840552240
688914,14373035058398000
44306,13846369022247680
85266,13848353297138435
537874,14408210840552240
562450,14373035058398000
566546,14408219430486800
2139410,14408219430490880
4236562,32422617939968768
16819474,14408219698922240
4334866,68451406368998144
17048850,14408211645858560
4359442,68416230586843904
17073426,14373035863704320
4237586,14409318942114560
4278546,14411303217005315
176402,13846094094009104
569618,5401295036875568
4239634,14408494291616528
667922,14408485701681968
1585426,5401020160017200
4731154,15534110730617648
5255442,14408219414758160
577810,5401020158968625
4247826,14408219413709585
676114,14408210823775025
692498,14373309919527728
4755730,15498934948463408
8950034,5401020158969648
12620050,14408219413710608
1708306,14373035042669360
9048338,14408210823776048
4251922,14478588157887233
4301074,14409318925337345
434450,13846094362444544
696594,14408494291616528
2269458,14408494291620608
4366610,32422892801098496
16949522,14408494560051968
4497682,14408494560051968
17080594,5401295842181888
4759826,15534119320552208
5284114,14408236594627328
6332690,15534119320556288
12624146,14478588157888256
21012754,15534119588987648
37789970,14408219682210560
50372882,5401020964340480
17178898,14408486506988288
1712402,14408219414758160
3285266,14408219414762240
5382418,32422617924240128
17965330,14408219683193600
50471186,14408211629146880
5513490,14408219683193600
18096402,5401020965323520
21242130,15534111535923968
38019346,14408211629146880
246034,13846368971916035
4309266,14409181486383875
704786,14408219413709585
2277650,14408219413713665
4374802,32422617923191553
16957714,14408219682145025
4505874,14408219682145025
17088786,5401020964274945
5325074,14409112767955715
17187090,14408211629081345
17203474,14373310724834048
9077010,14408219413710608
10649874,14408219413714688
12747026,32422617923192576
25329938,14408219682146048
50495762,14373035846992640
12878098,14408219682146048
21266706,15498935753769728
38043922,14373035846992640
25461010,5401020964275968
18219282,14373035847975680
25559314,14408211629082368
40466,13512117554512688
30226,13563785943974705
46610,13528885039727408
1062418,13528610162869040
8402450,13563785943975728
54802,13528610161820465
103954,13512117487403825
169490,31525691363164976
300562,13511293122118448
562706,13792492952486768
1086994,13511035156693808
2135570,13792492952490800
4232722,31806891461968688
8427026,13528610161821488
16815634,13792493220922160
33592850,13511018244277040
1185298,31525416486306608
4331026,67835679890998064
1316370,13511018245260080
17045010,13792485167858480
33822226,13511010191213360
58898,13563794533909265
566802,13810085138531120
8431122,13563794533910288
689682,31806891461968688
4359698,67835688480932624
820754,13792493220922160
17073682,13792493757793040
33850898,13511018781147920
2655762,14355305466958640
4752914,32369703976436528
17335826,14355305735390000
4851218,68398492405465904
17565202,14355297682326320
3671570,14355236748530480
5768722,32369635258008368
18351634,14355237016961840
50857490,14355228962915120
104978,4507117255918385
170514,13512392365310768
4233746,13793592464114480
203282,13514307920724785
1186322,13512117488452400
231954,13514316510659345
690706,13793592464114480
4753938,14356404978582320
4786706,14358526692426545
5769746,14356336260154160
176658,13529434761986864
430610,13511842844377904
4755986,14355442872353648
6328850,14355442872357680
21008914,14355443140789040
21238290,14355435087725360
4760082,14373035058398000
2785810,14355442872357680
4882962,32369841381835568
17465874,14355443140789040
5014034,14355443140789040
17596946,5348244422918960
21266962,14355443677659920
17695250,14355435087725360
105490,13514316510659345
564242,13793592464114480
60434,13564894045537025
93202,13566947039904515
109586,13531908696703745
8432658,13564894045538048
117778,13531771257750275
1133586,13531702539322115
8473618,13566878320428803
232466,31528715020141313
363538,13514316779094785
4361234,67836787992560384
17075218,13793593269420800
33852434,13512118292775680
2659346,14355442872357680
4756498,32369841381835568
17339410,14355443140789040
4854802,68398629810864944
17568786,14355435087725360
123922,13564894011982595
4883474,68398638400799504
6456338,68398638400803584
21136402,68398638669234944
17597458,14355443677659920
19170322,14355443677664000
21267474,32369842187141888
21365778,68398630616171264
4757522,14356542383981360
124946,4559893780497155
223250,13567084445303555
247826,13531908663149315
21268498,14356543189287680
192530,13564619117298449
4747282,14408210823775025
700434,13810909721920304
8564754,13564619117299472
4763666,14373309919527728
5779474,14373035042669360
13119506,14408210823776048
4771858,14373035041620785
4821010,14356542367204145
954386,13793317804311344
17207314,13793318341182224
33984530,13511843364537104
2789394,14355717733487408
4886546,32370116242965296
17469458,14355718001918768
5017618,14355718001918768
17600530,5348519284048688
21270546,14355718538789648
5804050,14355460036494128
6852626,15481342762423088
13144082,14373035041621808
21532690,15481343030854448
38309906,14355443124077360
50892818,5348244406207280
54562834,14355443660948240
17698834,14355709948855088
3805202,14355442856629040
5902354,32369841366106928
18485266,14355443125060400
50991122,14355435071013680
6033426,14355443125060400
18616338,5348244407190320
21762066,15481334977790768
38539282,14355435071013680
22286354,14355443661931280
253970,13565168873112323
4317202,13846368971916035
450578,13564619385733889
4775954,14408219413709585
6348818,14408219413713665
21028882,14408219682145025
1269778,13564893996253955
21258258,14408211629081345
8822802,13564619385734912
17211410,13810910527226624
33988626,13529435550581504
21274642,14373310724834048
13148178,14408219413710608
14721042,14408219413714688
29401106,14408219682146048
54566930,14373035846992640
22290450,14373035847975680
29630482,14408211629082368
8634386,13564893995206403
21282834,14373035846927105
21331986,14356543172510465
17727506,14355718538789648
19300370,14355718538793728
21397522,32370117048271616
51019794,14355443660948240
52592658,14355443660952320
54689810,32369842170430208
21790738,15481343567725328
38567954,14355443660948240
22315026,14355460841800448
23363602,15481343567729408
40140818,14355443660952320
29655058,14373035846928128
54820882,14355444734690048
18743314,14355443661931280
20316178,14355443661935360
22413330,32369842171413248
8407266,56088297734915
541538,897214691934515
16794466,897215228805395
8913762,897214691935025
25166690,897215228805905
4212066,14408013574045955
16794978,5400814856175875
12584290,14408013574046465
25167202,5400814856176385
16796002,898314740433155
8456546,337563273396995
16845154,865329391599875
25168226,898314740433665
25182562,967583939429123
25231714,898314706879235
29282,52995920232755
8401506,52995920233265
283234,17812085014835
8409698,52858481279795
332386,1319410598195
8655458,17812085015345
287330,52996457103635
8659554,52996457104145
8667746,52859018150675
8929890,334264738513715
17318498,862030856716595
25182818,334265275384595
41960034,52790298739475
17367650,845538182299955
25690722,862030856717105
156770,13563794802344195
287842,4556596084474115
8528994,13563794802344705
8660066,4556596084474625
410722,13528610967126275
8537186,13563657363391235
8668258,4556458645521155
12600418,13845063620625155
20989026,14372829738828035
25183330,4837864902755075
41960546,4556389926109955
459874,13512118292709635
21038178,14356337064411395
8782946,13528610967126785
29361250,14372829738828545
333922,3518433853715
288866,54095968731395
338018,21110619898115
8464482,56157016163075
8661090,54095968731905
8472674,56088296686343
8669282,53958529778435
25184354,335364787012355
41961570,53889810367235
362594,3535613722883
460898,4507118061224195
8718434,20973180945155
17369186,847737205555475
18942050,847737205559555
21039202,5351336832925955
25233506,302379438179075
42010722,20904461533955
8671330,52996423549715
8675426,123365167727363
8724578,54095935177475
8700002,53013603418883
8798306,4556596050920195
25706594,897215195251475
27279458,897215195255555
29376610,5400814822621955
8913826,898313936175920
12584354,14409112818287360
8915362,900512959431440
9439650,337580187976448
10488226,900512959435520
12585378,5404112586801920
25168290,900513227866880
8401570,54095164474160
1086114,1370148045104
8471202,56088029299475
8529058,13564894046585600
8471714,4559687656669955
1213602,13512169030156544
8403106,56294187729680
1087650,3569171300624
1091746,21161357345024
8431778,56311367598848
8530082,4559893815100160
8661154,56294456165120
9447586,56173930742528
8472738,60486075810563
9455778,56105211265793
1214626,4507168798671104
1345698,3569439736064
9472162,21023918392064
9478306,54146672624384
9519266,56105177711363
8914722,5400814117978928
12584738,14408013372719888
8915746,898314002236208
537378,897420581929328
2110242,897420581933360
4207394,5401020209299760
8401698,404839372686128
16790306,897420850364720
8426274,334487808377648
4330274,14373035091951920
8524578,4838070255878960
8655650,334470896943920
17044258,862237015146800
8917794,897283142976368
10490658,897283142980400
12587810,5400882770346800
25170722,897283411411760
566050,897437761798448
664354,5401020209299760
4334370,14408219464040720
795426,897420850364720
17048354,897421387235600
8921890,967651887153968
607010,898313935126835
8930082,967583167677233
8946466,897300322845488
8979234,898313935127345
9044770,5400882770346800
12714786,14408082025087760
9175842,897283411411760
25428770,897283948282640
9962274,897231604417328
11010850,2023114330346288
13108002,6526713957712688
25690914,2023114598777648
42468130,897214692000560
58721058,897215228871440
12586274,14409112884347648
537890,5401020209299760
4207906,14408219464040720
660770,14373035091951920
8525090,13845269510619920
8918306,5400882770346800
12588322,14408082025087760
4236578,14408236643909888
664866,14408219464040720
2237730,14408219464044800
4334882,32422617973522688
8529186,13915638254797568
16917794,14408219732476160
4465954,14408219732476160
17048866,5401021014606080
12592418,14478450769265408
4277538,14409112817238275
12600610,14478382049788673
8553762,13845286690489088
12616994,14408099204956928
12649762,14409112817238785
8783138,13845269779055360
17171746,14373035897258240
9045282,14408082025087760
10618146,14408082025091840
12715298,32422480534569728
25298210,14408082293523200
12846370,14408082293523200
25429282,5400883575653120
13108514,15533913212453648
13632802,14408030486528768
14681378,15533913212457728
29361442,15533913480889088
46138658,14408013574112000
58721570,5400814856241920
538914,898520093557040
8919330,898382654604080
4335906,14409318975668480
17049890,898520898863360
608546,900512958382355
2181410,900512958386435
4278562,5404112585752835
8472866,407931749139203
16861474,900513226817795
8980770,900512958382865
10553634,900512958386945
12650786,5404112585753345
25233698,900513226818305
12716322,14409181536715520
25430306,898383459910400
58722594,898314740499200
8925474,967789292553008
8950050,897437728244528
9048354,5401020175745840
12718370,14408219430486800
9179426,897420816810800
25432354,897421353681680
12722466,14478588174664448
25436450,967790097859328
12747042,14408236610355968
25461026,897438533550848
12976418,14408219698922240
25559330,5401020981052160
138786,13512117688729904
4722210,14356336460431664
8402466,4556595346277168
8525346,13528610228929328
8529442,13563794601018128
13108770,14372829000631088
8403490,54095230534448
8473122,56088095359763
94754,54095163425075
8417826,123364395975473
8434210,53287709573936
8466978,54095163425585
8532514,4556870157075248
8663586,53270798140208
8925730,334470628508528
9450018,53012832715568
10498594,334470628512560
12595746,4838070255878960
25178658,334470896943920
41955874,52995920298800
8442402,53012831666993
8475170,53957724472115
8540706,4556595279168305
8671778,52995920233265
9474594,17862820365104
4854306,14355442905907568
6427170,14355442905911600
12718626,13810085138531120
21107234,14355443174342960
17568290,844644829102448
19141154,844644829106480
21238306,5348244456472880
25432610,299287061726000
42209826,17812085080880
8954402,334487808377648
9478690,53047192453904
4858402,14373035091951920
9052706,4838070255878960
12722722,13845269510619920
9183778,334470896943920
17572386,862237015146800
25436706,334471433814800
42213922,52996457169680
11018786,897283142980400
13115938,5400882770346800
25698850,897283411411760
8995362,335363981706035
11026978,897214423503665
13124130,5400814050870065
25707042,897214691935025
4882978,14355460085776688
17596962,844662008971568
5112354,14355443174342960
17695266,5348244456472880
21365282,14355443711213840
13238818,14372897652998960
25952802,862099576193840
59245090,862030856782640
8530978,13564894112645888
8473634,4559687722730243
8533026,13564069411816208
4731938,14373035091951920
8926242,4838070255878960
12596258,13845269510619920
8541218,13563794533909265
4756514,14355460085776688
2757666,14355442905911600
4854818,32369841415389488
9049122,13810085138531120
17437730,14355443174342960
4985890,14355443174342960
17568802,5348244456472880
21238818,14355443711213840
13112354,14372897652998960
222242,13564894045536515
8545314,13634163278086913
8561698,13564086591685376
9479202,4556646819824384
12624930,13845286690489088
8594466,13564894045537025
8791074,13564069680251648
9053218,13845269510619920
9577506,13563811714827008
10626082,13845269510624000
12723234,31859668020101888
25306146,13845269779055360
42083362,13563794802410240
12854306,13845269779055360
21242914,14373035897258240
25437218,4838071061185280
42214434,4556596084540160
13116450,14408082025087760
14689314,14408082025091840
29369378,14408082293523200
8569890,13563811713778433
8602658,13564756606583555
12665890,13846162863817475
8799266,13563794802344705
13124642,14408013305611025
14697506,14408013305615105
29377570,14408013574046465
9602082,13528661702476544
21267490,14355460891083008
17695778,14355443711213840
19268642,14355443711217920
21365794,32369842220695808
25560098,13810085943837440
42337314,13528610967192320
29623330,14372898458305280
62915618,14372829738894080
96290,56294186680595
8468514,56294186681105
8927266,335570140136240
8476706,56156747727635
4855842,14356542417535280
17569826,845744340730160
124962,56311366549763
223266,4559893814051075
354338,56294455116035
8480802,126525491905283
8497186,56311366550273
9480226,54146704081664
8595490,4559893814051585
8726562,56294455116545
12724258,13846369022247680
25438242,335570945442560
42215458,54095968797440
8505378,56173927596803
8603682,4559756375098115
8734754,56157016163075
8996898,337563004961555
9521186,56105209168643
10569762,337563004965635
12666914,4841162632332035
25249826,337563273396995
42027042,56088296751875
21366818,14356543222841600
11022370,897420548379440
13119522,5401020175745840
25702434,897420816810800
13242402,14373035058398000
25956386,862236981592880
13246498,14408219430486800
14819362,14408219430490880
29499426,14408219698922240
25960482,897421353681680
27533346,897421353685760
29630498,5401020981052160
29753378,14373035863704320
17842626,898314693247235
9503170,337563226211075
17891778,865329344413955
25231810,900505124471555
26214850,898314693247745
9455810,56088266277635
1380546,3518386667795
1335490,54095921545475
8495298,56294405833475
1384642,21110572712195
8724674,56286352769795
9511106,56156968977155
9707714,54095921545985
8700098,54095919448835
9519298,56088249500423
9715906,53958482592515
26230978,335364739826435
43008194,53889763181315
1409218,3535566536963
8749250,21110570615555
1507522,4507118014038275
9765058,20973133759235
18415810,847737158369555
19988674,847737158373635
22085826,5351336785740035
26280130,302379390993155
43057346,20904414348035
25233730,900505140200195
577858,897420800033075
16830786,897421336903955
807234,897412746969395
8950082,897420800033585
25203010,897421336904465
9179458,897412746969905
8446274,545577079145219
16834882,967790081081603
8675650,545569026081539
25190722,1108381540549379
16884034,898520848531715
25207106,967790081082113
4374850,14408219682144515
16957762,5401020964274435
835906,897421336903955
2408770,897421336908035
4505922,5401020964274435
8700226,404840127660803
17088834,897422410645763
25215298,967652642128643
4604226,14408211629080835
26231106,967583923700483
8749378,335570895110915
25264450,898383409578755
12747074,14408219682145025
25329986,5401020964274945
9208130,897421336904465
10780994,897421336908545
12878146,5401020964274945
25461058,897422410646273
26280258,898314691150595
12976450,14408211629081345
105026,3517896982835
334402,3509843919155
363074,3518433853715
17369666,847728615620915
8442434,52995886678835
8671810,52987833615155
8700482,52996423549715
25707074,897206605316915
232514,13514316779094275
363586,4507118061224195
461890,13514308726030595
21040194,14358527497732355
8569922,13563794768790275
8700994,4556596050920195
8799298,13563786715726595
29377602,14408005487428355
8497218,56294421562115
8726594,56286368498435
8702018,54095935177475
8751170,21110586344195
323650,53821040492819
17330242,897412746969395
8695874,53821040493329
25702466,897412746969905
8704066,53271284679443
8966210,334470846612275
17354818,862236964815155
25219138,334471383483155
41996354,52996406838035
9195586,334462793548595
9719874,52996407821075
25710658,897275308016435
17403970,845744290398515
25727042,862236964815665
450626,4557420667863299
8708162,123640028857091
17358914,897421336903955
18931778,897421336908035
21028930,5401020964274435
25223234,404840127660803
42000450,123365151015683
21127234,14408211629080835
9723970,123365151998723
8757314,54370796307203
25272386,335570895110915
42049602,54095918465795
8822850,4557420667863809
25731138,897421336904465
27304002,897421336908545
29401154,5401020964274945
9773122,54095919448835
29499458,14408211629081345
8765506,54095918400263
8831042,4556870912049923
12763202,13845269728723715
21151810,14373035846926595
25346114,4838071010853635
42123330,4556596034208515
9224258,334471383483155
9748546,53013587690243
10797122,334471383487235
12894274,4838071010853635
25477186,334472457224963
42254402,52997480579843
25739330,897283897950995
27312194,897283897955075
29409346,5400883525321475
9846850,4556596035191555
12992578,13845261675660035
29507650,14408074190127875
26755138,897215179522835
28328002,897215179526915
30425154,5400814806893315
21200962,14356543172509955
29524034,14373035846927105
1575810,865328589439280
8915842,900504369496880
9440130,337563008107280
9962370,898313904718640
5246338,14376127471550720
9440642,4841162635477760
12586370,14411303251608320
13632898,14409112786830080
9963906,900512927974160
11536770,900512927978240
13633922,5404112555344640
26216834,900513196409600
1585538,898520046371120
8950146,898520044274480
9965954,898382607418160
5382530,14409318928482560
18096514,898520851677440
1655170,900512911196435
3228034,900512911200515
5325186,5404112538566915
9519490,407931701953283
17908098,900513179631875
12747138,14409318926385920
25461122,898520849580800
10027394,900512911196945
11600258,900512911201025
13697410,5404112538567425
26280322,900513179632385
13762946,14409181489529600
26476930,898383412724480
59769218,898314693313280
1185410,13512117490549040
5768834,14356336262250800
1063554,21109817737520
8403586,56285597795120
1088130,3534811562288
8428162,21109815640880
1186434,4507117259063600
1317506,3517900128560
9443970,20972378784560
8432258,56294187729680
9448066,56156750873360
9456258,56088031396625
3672706,847736403398960
5769858,5351336030765360
9964162,302378636018480
18352770,847736671830320
9450114,54095133016880
9519746,56087997842195
1186946,13514316513804560
8432770,4559893815100160
1191042,13531908699848960
8531074,13567084479906560
9448578,4559756378243840
9456770,4559687658767105
1215618,13514333693673728
8555650,13531908697752320
1444994,13514316782240000
9571458,13531771260896000
5770370,14358535285506320
7343234,14358535285510400
13634690,13813177518129920
22023298,14358535553941760
9577602,13564894015128320
9520258,4559687625212675
9451650,56294156272400
9480322,56311336141568
9578626,4559893783642880
9709698,56294424707840
9521282,60486044353283
1142914,56294139494675
9515138,56294139495185
9973890,335570092950320
8507522,56294137398035
9523330,56156700541715
5902466,14356542370349360
18616450,845744293544240
1171586,56311319363843
8511618,126662881575683
1269890,4559893766865155
1400962,56294407930115
9527426,126525444719363
9543810,56311319364353
9642114,4559893766865665
9773186,56294407930625
13770882,13846368975061760
26484866,335570898256640
43262082,54095921611520
8634498,4559893764768515
8765570,56294405833475
9552002,56173880410883
9650306,4559756327912195
9781378,56156968977155
10043522,337562957775635
11616386,337562957779715
13713538,4841162585146115
26296450,337563226211075
43073666,56088249565955
22413442,14356543175655680
4208386,14408210874106160
4232962,14373035091951920
8427266,4838070255878960
8525570,13845260920685360
12588802,14408073435153200
567042,5401020209299760
4237058,14408219464040720
665346,14408210874106160
689922,14373035091951920
8554242,13845269510619920
8947458,5400882770346800
12617474,14408082025087760
9045762,14408073435153200
9963266,5400814051918640
13108994,15533904622519088
13633282,14408013306659600
8428290,335570140136240
568066,898520093557040
609026,900504368447795
8948482,898382654604080
8981250,900504368448305
9964290,898313936175920
8950530,897420548375408
10523394,897420548379440
12620546,5401020175745840
25203458,897420816810800
12718850,14408210840552240
25432834,897412763747120
8954626,967789292553008
9077506,5401020175745840
12747522,14408219430486800
9208578,897420816810800
25461506,897421353681680
4238594,14409318975668480
4279554,14411303250559235
8555778,13846369022247680
12619010,14409181536715520
12651778,14411303250559745
13634818,14409112818287360
8951042,5401020175745840
12621058,14408219430486800
9049346,14408210840552240
12625154,14478588174664448
9078018,14408219430486800
10650882,14408219430490880
12748034,32422617939968768
25330946,14408219698922240
12879106,14408219698922240
25462018,5401020981052160
25560322,14408211645858560
8952066,898520060003120
12749058,14409318942114560
25463042,898520865309440
8941826,1108518174196529
700674,5401844792688944
4370690,14409044047429904
831746,898245433753904
17084674,898245970624784
8958210,968064153682736
9974018,967789276824368
643330,898520043225395
8966402,967789275775793
9015554,898520043225905
9081090,5401295036875568
12751106,14408494291616528
9212162,897695677940528
25465090,897696214811408
9998594,897437712515888
11047170,2023320438444848
13144322,6526920065811248
25727234,2023320706876208
42504450,897420800099120
58757378,897421336970000
10096898,5401020160017200
13242626,15534110730617648
13766914,14408219414758160
10227970,897420801082160
25956610,2023312653812528
42733826,897412747035440
26480898,897421337953040
8511746,546676322337539
8970498,1108526764131089
10543362,1108526764135169
12640514,5612126391501569
25223426,1108527032566529
12738818,14619317056307969
25452802,1108518979502849
4628738,14409044315865344
17211650,5401845597995264
12755202,14478863035794176
25469186,968064958989056
58761474,967790081147648
13771010,14478588158935808
26484994,967790082130688
4440322,14409318925336835
17154306,898520848531715
12763394,14478588157887233
25477378,967790081082113
12812546,14409318925337345
25526530,898520848532225
13009154,14408494560051968
25592066,5401295842181888
13271298,15534119320552208
13795586,14408236594627328
14844162,15534119320556288
29524226,15534119588987648
46301442,14408219682210560
58884354,5401020964340480
25985282,2023321243747088
42762498,897421336970000
26509570,897438517822208
27558146,2023321243751168
44335362,897421336974080
29655298,6526920871117568
46432514,5401020964340480
59015426,897422410711808
14024962,14408219683193600
26607874,5401020965323520
29753602,15534111535923968
46530818,14408211629146880
177666,13529434795540784
8435202,4556870157075248
8533506,13564060821881648
9451010,4556595280216880
12596738,13845260920685360
8443394,4556595279168305
8541698,13563785943974705
431618,13511842877931824
8558082,13528885039727408
4756994,14355442905907568
6329858,14355442905911600
12621314,13810085138531120
21009922,14355443174342960
9573890,13528610162869040
21239298,14355435121279280
8562178,13564069411816208
4761090,14373035091951920
8955394,4838070255878960
12625410,13845269510619920
9053698,13845260920685360
9577986,13563794534957840
13116930,14408073435153200
8570370,13563794533909265
13125122,14408004715676465
2786818,14355442905911600
4883970,32369841415389488
9078274,13810085138531120
17466882,14355443174342960
5015042,14355443174342960
17597954,5348244456472880
21267970,14355443711213840
13141506,14372897652998960
17696258,14355435121279280
14157314,14372828934570800
96770,56285596746035
8436226,54370041332528
8468994,56285596746545
9452034,54095164474160
121346,21109814591795
8444418,54095163425585
8477186,56148157793075
8493570,21109814592305
125442,56294186680595
8497666,56294186681105
8956418,335570140136240
8505858,56156747727635
8997378,337554415026995
9521666,56088029299475
4884994,14356542417535280
17598978,845744340730160
8565250,4557419879334704
8696322,53820520399664
8507906,54095129871155
11051522,897420548379440
13148674,5401020175745840
25731586,897420816810800
13246978,14408210840552240
25960962,897412763747120
13271554,14373035058398000
25985538,862236981592880
4758530,14356542417535280
125954,4559893814051075
224258,13567084478857475
8498178,4559893814051585
8563714,13565168923443968
12626946,13846369022247680
8596482,13567084478857985
9579522,13564894046585600
248834,13531908696703235
8506370,4559756375098115
8571906,13564894045537025
8604674,13566947039904515
9522178,4559687656669955
12667906,13848353297138435
8621058,13531908696703745
21269506,14356543222841600
8565762,13564619134075664
13120514,14408210840552240
13145090,14373035058398000
8823810,13564619402511104
13149186,14408219430486800
14722050,14408219430490880
29402114,14408219698922240
29631490,14408211645858560
8635394,13564894011982595
29656066,14373035863704320
8509442,56294153126675
8513538,126662897304323
8636418,4559893780497155
8767490,56294421562115
4894722,14373859675341104
9089026,4838894839268144
12759042,13846094094009104
9220098,335295480333104
17608706,863061598535984
25473026,335296017203984
42250242,53821040558864
11055106,897695409509168
13152258,5401295036875568
25735170,897695677940528
13250562,14408485701681968
25964546,897687624876848
12070914,897420532650800
14168066,5401020160017200
26750978,897420801082160
59256834,897412747035440
9031682,335570089804595
11063298,897420531602225
13160450,5401020158968625
25743362,897420800033585
13258754,14408210823775025
25972738,897412746969905
5148674,14356267757732144
17731586,5349069039862064
21401602,14356268294603024
13275138,14373309919527728
25989122,862511842722608
59281410,862236964881200
14290946,14373035042669360
27004930,862236965864240
13017090,13846094362444544
21405698,14373860480647424
25600002,4838895644574464
42377218,4557420667929344
13279234,14408494291616528
14852098,14408494291620608
29532162,14408494560051968
25993218,897696214811408
27566082,897696214815488
29663234,5401295842181888
59285506,897421336970000
60858370,897421336974080
62955522,5401020964340480
29761538,14408486506988288
14295042,14408219414758160
15867906,14408219414762240
30547970,14408219683193600
63053826,14408211629146880
27009026,897421337953040
28581890,897421337957120
30679042,5401020965323520
12828674,13846368971916035
25542658,335570895110915
42319874,54095918465795
13287426,14408219413709585
14860290,14408219413713665
29540354,14408219682145025
26001410,897421336904465
27574274,897421336908545
29671426,5401020964274945
29769730,14408211629081345
29786114,14373310724834048
63078402,14373035846992640
30801922,14373035847975680
33556060,13510799737950515
33689692,13511005846049075
36175964,5348025363018035
38273116,14355224617750835
39845980,14355224617758995
8406556,13563575490646835
8540188,13563781598745395
11026460,5400801115714355
13123612,14408000370447155
14696476,14408000370455315
295532,219899039795
33587820,82460217395
34603628,13741789235
18874988,844430080815155
35652204,281480127524915
33591404,219865616435
36175980,844430047391795
1114796,3311473332275
2114348,897205833642035
57900,52995651866675
33849900,219899170865
52429356,844430080946225
104492,3517628616755
2689068,847727810392115
33557196,3299391770675
36176076,845525248323635
35652428,862017938468915
2109772,897407915208755
16789836,897408452071475
33567052,334458498781235
2363724,862224079990835
35656012,862086641168435
794956,897408452071475
2367820,897408452079635
34087244,897271013249075
35660108,897271013257235
34095436,897202293772343
35668300,897202293780503
19398988,4239717642088499
36176204,1987917828534323
42467660,897202293772595
44040524,897202293780755
394828,13511005896249395
33687116,13510868457426995
6293068,14355224131088435
18875980,5348025413218355
35653196,4785075459928115
20973132,14355224667951155
37750348,13792274714660915
33622604,3299390722103
18877004,845525297475635
35654220,282575344185395
36176460,844425752424563
39846476,5348025379794995
52429388,844426826166323
33690700,13511005862826035
36176972,5348025379794995
38274124,14355224634527795
39846988,14355224634535955
36177996,845525264052275
33583180,52983522070583
18886732,862224079990835
35663948,299274126700595
41955404,52983522070835
34639948,219849887795
18911308,844636188913715
35688524,281686235623475
6426700,14355430239186995
19009612,5348231521316915
35786828,4785281568026675
21106764,14355430776049715
37883980,13792480822759475
2887756,844631893946483
6557772,5348231521316915
19140684,844632967688243
35917900,281683014398003
50597964,281685161873459
36180044,844494455124083
39850060,5348094082494515
52432972,844495528865843
2891852,862224079990835
36184140,862086641168435
36192332,862017921691703
2916428,844636188913715
36208716,844498750091315
36241484,845525247275063
3014732,5348231521316915
5111884,14355430776049715
6684748,14355430776057875
36307020,5348094082494515
38404172,14355293337227315
39977036,14355293337235475
36438092,844495528865843
51118156,844497676341299
52691020,844497676349459
37224524,844430031663155
23593036,8725725083414579
40370252,6473925269860403
44564556,862017921691955
52953164,1970326716231731
1151116,3517581430835
33886348,3505499869235
3735692,847727763206195
36241548,847723734708275
50921612,847724271570995
52494476,847724271579155
2115340,5400801166045235
4212492,14408000420778035
2116364,898301050302515
2165516,865315701469235
35668748,897201773686835
50348812,897202310549555
2126092,967776390950963
2175244,898507158401075
35664140,897407915339825
50344204,897408452202545
2150668,897411941740595
2248972,5401007274143795
4346124,14408206528876595
2380044,897407915208755
17060108,897408452071475
33837324,334458498781235
35672332,897270476386355
50352396,897271013249075
35918092,862224080121905
34349324,897408452202545
35922188,897408452210705
34357516,897271013249075
35930380,897271013257235
6832396,8778500836241459
19415308,4274901477306419
36192524,2023101663752243
50872588,2023102200614963
52445452,2023102200623123
52953356,4239717642219569
157196,13563781649076275
6309388,14372816048697395
6358540,14356323374280755
33949196,13511005896380465
39847436,14355224131219505
52430348,5348025413349425
54527500,14355224668082225
33884684,3368110198835
2689548,847723515424883
6359564,5351323142795315
18942476,847723783860275
35719692,284773830570035
50399756,284774367432755
52431372,845525297606705
33841676,52983538847795
52445708,862017938468915
52494860,845525264052275
203788,13514303625826355
2690060,5351323142795315
4787212,14358522397528115
6360076,14358522397536275
33888268,3505515597875
36243468,847723750436915
50923532,847724287299635
52496396,847724287307795
33845260,53258399977523
2650124,897407646773363
6320140,5401007274143795
18903052,897407915208755
35680268,334457961918515
50360332,334458498781235
52441100,862224080121905
6443020,14373022156795955
19157004,862224079990835
35934220,299274126700595
42225676,52983522070835
52449292,862086641168435
52465676,844636189044785
6492172,14356529482379315
19206156,845731405574195
35983372,282781452283955
52498444,845593966751795
39981068,14355430239318065
52563980,5348231521447985
54661132,14355430776180785
36442124,844631894077553
40112140,5348231521447985
52695052,844632967819313
2678796,897411941740595
2777100,5401007274143795
4874252,14408206528876595
6447116,14408206528884755
2908172,897407915208755
17588236,897408452071475
34365452,334458498781235
19161100,897408452079635
35938316,334458498789395
36200460,897270476386355
50880524,897271013249075
52453388,897271013257235
36446220,862224080121905
36454412,862086641168435
44580876,897201756909875
52969484,1987917828534323
59260940,897202293772595
60833804,897202293780755
36470796,844636189044785
36503564,845593966751795
53018636,1971425154117683
36569100,5348231521447985
38666252,14355430776180785
40239116,14355430776188945
57147404,8725725083545649
10487092,14408004715754240
8430644,13563794533978880
33850420,13511018781282560
52429876,14355228963057920
35668308,5400801921151235
37765460,14408001175884035
44040532,5400801921151745
46137684,14408001175884545
33623124,13514098272833795
41960532,13563576262529795
33710164,13563782404182275
42082388,13563782404182785
8798292,13563782404051715
42090580,13563644965229315
14696532,14408000638890755
39862356,14372816803803395
27279444,5400801921020675
44056660,4837851967730435
29376596,14408001175753475
46153812,13845051222463235
39911508,14356324129386755
48234580,14372816803803905
8914708,14408000420778800
10487572,14408000420786960
10489108,14409099932414720
44041492,14408000655799040
58721556,14408001192661760
9048340,14408206528877360
10621204,14408206528885520
10625300,14478575273063168
35791124,14408206797451520
50471188,14408207334314240
35922196,5401008079581440
38019348,14408207334314240
10649876,14408210823852800
10879252,14408206797320960
36045076,14373022962233600
25559316,14408207334183680
42336532,13845257380893440
44171540,14408069358498560
58851604,14408069895361280
44302612,5400870640628480
46399764,14408069895361280
15204628,17785700090983184
31457556,17785700359418624
48234772,15533900545864448
56623380,17750516524331264
60817684,6526701827994368
62914836,15533901082727168
8402452,13563781649077040
33822228,13511005896380720
11011604,14372816048698160
36177428,14355224131219760
50857492,14355224668082480
52430356,14355224668090640
8473620,13566874025530115
52431892,14356324179718400
42214420,13563782420960000
60818452,14372816820581120
11022356,5401007274144560
13119508,14408206528877360
14692372,14408206528885520
11145236,14373022156796720
36311060,14355430239318320
50991124,14355430776181040
52563988,14355430776189200
36442132,5348231521448240
38539284,14355430776181040
40112148,14355430776189200
14721044,14408210823852800
42344468,13564057282089728
11149332,14408206528885520
14819348,32422605038367488
27402260,14408206797320960
44179476,13845256844030720
52568084,14373022962233600
58859540,13845257380893440
14950420,14408206797320960
40116244,14373022962233600
27533332,5401008079450880
44310548,4838058126160640
29630484,14408207334183680
46407700,13845257380893440
48242708,14408069358498560
60825620,5400870640628480
62922772,14408069895361280
14762004,14409099882083075
42352660,13563782404182785
48250900,14408000639021825
60833812,5400801921151745
62930964,14408001175884545
52592660,14355435071156480
40140820,14355435071156480
36569108,14355430776189200
40239124,32369829285671168
27656212,14373022962103040
44433428,13810073008812800
52822036,14355431849931008
60948500,14372885523280640
48496660,14372885523280640
57147412,17732924338286864
65011732,15498716710646528
34605284,3312278769665
34668772,3312245215235
35668324,897206605524995
33591908,219899170865
36176484,844430080946225
33719396,13511018781282305
39847012,14355228963057665
362596,3518433923075
33654884,3380995100675
34670692,3312276672515
18942052,847728615698435
35719268,284778662408195
33611876,52996423749635
3148196,865328589516800
3670692,845537380216880
7341220,14356336262328320
33851556,3518435102720
34867364,3380998246400
3672228,847736403472400
7342244,5351336030842880
19925156,847736671907840
36702372,284786718617600
51382436,284787255480320
52431012,847728616878080
53477540,845538152099840
2110244,897411992072240
2134820,862236209918000
566052,897420581998640
2138916,897420582006800
2139428,5401020209377280
4236580,14408219464110080
2237732,14408210874183680
2262308,14373035092029440
2140452,898520093634560
2181412,900504368525315
35692836,897420817018880
50372900,897421353881600
35922212,897412763955200
35946788,862236981800960
33853988,494777077808
2658852,844644023873648
6328868,5348243651244080
18911780,844644292309040
35688996,281694339018800
50369060,281694875881520
6427172,14355434316050480
34869796,219900219440
19141156,844636239245360
35918372,281686285955120
52433444,844498800422960
2662948,862236209918000
2785828,5348243651244080
4882980,14355442905976880
6455844,14355442905985040
2916900,844644292309040
17596964,844644829171760
34374180,281694875881520
19169828,844644829179920
35947044,281694875889680
36209188,844506853486640
50889252,844507390349360
52462116,844507390357520
36438564,844498800422960
37224996,844438135058480
51905060,844438671921200
52953636,1970329987788848
53477924,844438671929360
2659364,5348243651244080
4756516,14355442905976880
6329380,14355442905985040
2757668,14355434316050480
6333476,14373035092029440
33981476,13511293659189248
2786340,14355442905985040
6456356,32369841415467008
19039268,14355443174420480
35816484,13792493221130240
50496548,13792493757992960
6587428,14355443174420480
19170340,5348244456550400
35947556,4785294503260160
21267492,14355443711283200
38044708,13792493757992960
39879716,14355305735598080
52462628,5348107017728000
54559780,14355306272460800
34997284,13511018782330880
19268644,14355435121356800
36045860,13792485168066560
52560932,14355297682534400
40109092,14355297682534400
40895524,14355237017169920
53478436,5348038299299840
55575588,14355237554032640
56624164,15481128869900288
2660388,845743535501360
124964,56294186749955
33916964,3518434054145
6457380,14356542417612800
19171364,845744340807680
35948580,282794387517440
52463652,845606901985280
52496420,847728615829505
53479460,845538183557120
36212772,844644258885680
50892836,844644795748400
52465700,844644795756560
36442148,844636205822000
52469796,862236981800960
40009764,14355443140997120
52592676,5348244423127040
54689828,14355443677859840
36470820,844644795756560
40140836,5348244423127040
52723748,844645869498368
40239140,14355435087933440
35668420,898301806456835
35717572,865316457623555
1409220,3518386737155
34701508,3380947914755
36241604,847724271579155
19988676,847728568512515
36765892,284778615222275
39911620,5351323898949635
52494532,847725345320963
34095940,897202310549555
35668804,897202310557715
35669316,5400801937928195
37766468,14408001192660995
35670340,898301822185475
35719492,865316473352195
34091332,897408452202545
35664196,897408452210705
807236,897408452071475
2380100,897408452079635
34099524,897271013249075
35672388,897271013257235
2384196,967777196257283
35676484,967639757434883
35692868,897412747177985
2433348,898507963707395
35725636,898370524884995
35791172,5401008079581185
37888324,14408207334313985
35922244,897409525952513
50602308,897411673427969
2408772,897412747046915
35701060,897275308224515
35733828,898301805408263
2507076,5401008079450115
4604228,14408207334182915
35799364,5400870640627715
37896516,14408069895360515
35930436,897272086999043
50610500,897274234474499
19415364,4274902014177299
36192580,2023102200623123
36716868,897206589796355
23085380,8778501641547779
39862596,6526701827993603
44056900,967571037958403
52445508,2023103274364931
44106052,898301805408515
33691204,13511005896380465
36177476,5348025413349425
38274628,14355224668082225
39847492,14355224668090385
334404,3505549021235
33626692,3368110198835
2689604,847723783860275
17369668,847724320722995
34146884,284774367432755
18942532,847724320731155
35719748,284774367440915
36178500,845525297606705
33583684,52983538847795
36192836,862017938468915
36241988,845525264052275
461892,13514304431132675
33754180,13514166992310275
6360132,14358522665971715
18943044,5351323948101635
35720260,4788373994811395
21040196,14358523202834435
37817412,13795573249544195
39849028,14356324179718145
33711172,13563782420959235
39863364,14372816820580355
39912516,14356324146163715
36243524,847724287307795
39913540,5351323914678275
52496452,847725361049603
2650180,897407915208755
17330244,897408452071475
34107460,334458498781235
18903108,897408452079635
35680324,334458498789395
36188228,862224080121905
2904132,862224079990835
36196420,862086641168435
36212804,844636189044785
2953284,845731405574195
36245572,845593966751795
36311108,5348231521447985
38408260,14355430776180785
39981124,14355430776188945
36442180,844632967819313
51122244,844635115294769
52695108,844635115302929
34660420,52996408020995
18931780,897412747046915
35708996,334462793756675
6447172,14408206797320195
19030084,5401008079450115
35807300,4838058126159875
21127236,14408207334182915
37904452,13845257380892675
2908228,897408452079635
6578244,5401008079450115
19161156,897409525821443
35938372,334459572531203
50618436,334461720006659
36200516,897271013257235
39870532,5400870640627715
52453444,897272086999043
39985220,14373022962233345
52699204,862227301347329
6701124,14373022962102275
39993412,14372885523279875
52707396,862089862393859
44580932,897202293780755
48250948,5400801921151235
60833860,897203367522563
40009796,14355435071156225
52723780,844639410270209
6750276,14356530287685635
40042564,14356392848863235
52756548,845597187977219
40239172,14355431849930753
52822084,5348234742673409
54919236,14355433997406209
3187076,898520046448640
35922308,898507964887040
3228036,900504321339395
35733892,900500292841475
50413956,900500829704195
1088132,3517631762480
33823364,3505550200880
3672708,847727813537840
36178564,847723785039920
50858628,847724321902640
52431492,847724321910800
1215620,13514316513873920
33950852,13514304432312320
7343236,14358526695649280
39849092,14358522667151360
52432004,5351323949281280
54529156,14358523204014080
34900100,3518403645440
53479556,847728585420800
3707012,845743488315440
36442244,845731406753840
1171588,56294139564035
33906820,56282058002435
52510852,865316457623555
34963588,3518386868225
7504004,14356542370426880
20217988,845744293621760
36995204,282794340331520
53510276,845606854799360
53543044,847728568643585
40239236,14356530288865280
2111236,5401007324475440
4208388,14408206579208240
2234116,14373022207127600
665348,14408206579208240
2238212,14408206579216400
6817540,17750515769225264
2112260,898507208732720
609028,900500073549875
2181892,900500073558035
35664644,897407932117040
50344708,897408468979760
35918596,862224096899120
34349828,897408468979760
35922692,897408468987920
52953860,4239717658996784
2239748,14409306090844160
2182404,5404099700928515
4279556,14411298955661315
35792132,14408206814228480
50472196,14408207351091200
35923204,5401008096358400
38020356,14408207351091200
36046084,14373022979010560
56624388,17750516541108224
35924228,898507980615680
35735812,900500308570115
50415876,900500845432835
34353412,897683330109488
35926276,897683330117648
6828292,8778706994671664
19411204,4275107635736624
36188420,2023307822182448
50868484,2023308359045168
52441348,2023308359053328
34361604,897408452202545
35934468,897408452210705
6951172,17750721877323824
19665156,4239923800518704
36442372,1988123986964528
42733828,897408452202800
44306692,897408452210960
52957444,4239786361696304
35938564,967777196388353
35954948,897687625084928
36741380,897420801290240
51421444,897421338152960
52470020,2023312654020608
35987716,898507963838465
36053252,5401282957488128
38150404,14408482212220928
6955268,17785906249412624
23208196,17785906517848064
39985412,15534106704293888
52568324,6526907986423808
54665476,15534107241156608
19669252,4275108172607504
36446468,2023308359053328
36970756,897412748226560
23339268,8778707799977984
40116484,6526907986423808
44310788,967777196388608
52699396,2023309432795136
52961540,4274970733785104
56631556,8778570361155584
35963140,897412747177985
35995908,898370524884995
52510980,2024201712250883
36061444,5401008079581185
38158596,14408207334313985
52969732,4274902014308369
56639748,8778501641678849
36995332,862236966072320
44335364,897412747178240
23462148,17750722682630144
40239364,15498922869075968
44433668,5401008079581440
46530820,14408207334314240
56754436,17750585243807744
61341956,4274902014308624
65011972,8778501641679104
6305284,14373022207127600
6329860,14355434316050480
33953284,13511280774287408
2758148,14355430021083248
6428164,32369828530565168
19011076,14355430289518640
35788292,13792480336228400
50468356,13792480873091120
6559236,14355430289518640
19142148,5348231571648560
35919364,4785281618358320
21239300,14355430826381360
38016516,13792480873091120
39851524,14355292850696240
52434436,5348094132826160
54531588,14355293387558960
2762244,14373022207127600
2786820,14355434316050480
3016196,14355430289518640
17696260,14355430826381360
34473476,13792480873091120
19269124,14355430826389520
36046340,13792480873099280
36308484,14355292850696240
50988548,14355293387558960
52561412,14355293387567120
36439556,5348094132826160
38536708,14355293387558960
40109572,14355293387567120
23594500,17732923851616304
40371716,15481124038062128
52954628,6473925320192048
55051780,15481124574924848
56624644,15481124574933008
96772,56281301848115
33888772,3505549152305
6429188,14356529532710960
19143172,845731455905840
35920388,282781502615600
52435460,845594017083440
2705924,865315701469235
36243972,847723783991345
50924036,847724320854065
52496900,847724320862225
36440580,845594017083440
52955652,1971425204449328
52441604,862224096899120
52466180,844636205822000
39981572,14355430256095280
52564484,5348231538225200
54661636,14355430792958000
36442628,844631910854768
40112644,5348231538225200
52695556,844632984596528
36446724,862224096899120
36471300,844636205822000
36569604,5348231538225200
38666756,14355430792958000
40239620,14355430792966160
57147908,8725725100322864
2759684,14356529532710960
224260,13567080183959555
6376452,14376114583580675
34016260,13514304431263745
39914500,14358522666102785
52497412,5351323948232705
54594564,14358523202965505
19270660,14356530338017280
36047876,13793580384727040
52562948,14356392899194880
40111108,14356392899194880
56626180,15482224086560768
36312068,14355430256095280
50992132,14355430792958000
52564996,14355430792966160
36443140,5348231538225200
38540292,14355430792958000
40113156,14355430792966160
52569092,14373022979010560
40117252,14373022979010560
52593668,14355435087933440
40141828,14355435087933440
36570116,14355430792966160
40240132,32369829302448128
52823044,14355431866707968
57148420,17732924355063824
36444164,845731422482480
33908740,56282073731075
52512772,865316473352195
40241156,14356530304593920
2715652,898507158401075
36204548,897407915339825
50884612,897408452202545
52457476,897408452210705
36450308,862498958028848
44576772,897407915340080
52965380,1988123986964528
59256836,897408452202800
60829700,897408452210960
36458500,862224080121905
36474884,844911066951728
37261316,844644243157040
51941380,844644780019760
52989956,1970536095887408
53514244,844644780027920
36507652,845731405705265
36573188,5348506399354928
38670340,14355705654087728
40243204,14355705654095888
23728132,17733129959714864
40505348,15481330146160688
53088260,6474131428290608
55185412,15481330683023408
56758276,15481330683031568
37490692,844636190093360
23859204,8725931241844784
40636420,6474131428290608
44830724,862224080122160
53219332,1970532874661936
57151492,8725793803022384
52486148,897412747177985
6512644,14409306040512515
19226628,898507963707395
36003844,335558010417155
52518916,898370524884995
40001540,14408206797451265
52584452,5401008079581185
54681604,14408207334313985
36462596,897408452210705
40132612,5401008079581185
52715524,897409525952513
53518340,862236966072320
60858372,897412747178240
40247300,14373297840140288
48373764,14408206797451520
56762372,15498922869075968
60956676,5401008079581440
63053828,14408207334314240
44834820,897408452210960
48504836,5401008079581440
61087748,897409525952768
60899332,898301805408515
40255492,14373022962233345
40271876,14355709949063168
41058308,14355443125268480
53641220,5348244407398400
55738372,14355443662131200
56786948,15481334977998848
37519364,844644780027920
41189380,5348244407398400
53772292,844645853769728
40304644,14356530287816705
23986180,17733130496585744
40763396,15481330683031568
41287684,14355435072204800
48627716,14373022962233600
57016324,15481331756773376
57278468,17732993057763344
164472,13511018244210995
295544,4503819526340915
393848,13511010191147315
20972152,14355228962849075
38008,13511018244210995
267384,13511010191147315
296056,13511018781081875
17302648,14355228962849075
1114808,4506911100633395
1115320,13514110355374355
4211512,14408004715675955
12583736,14408004715676465
542008,14408004715675955
8914232,14408004715676465
69176,13514101963620659
8406584,13563579852653363
57912,4556595279167795
156216,13563785943974195
8430136,4556595279168305
8528440,13563785943974705
180792,13528610161819955
8438328,4556457840214835
8536632,13563648505021235
9454136,4556389121786675
12599864,13845054762255155
229944,13512117487403315
8553016,13528610161820465
29752,13563785943974195
8401976,13563785943974705
54328,13528610161819955
8410168,13563648505021235
103480,13512117487403315
8426552,13528610161820465
58424,13563794533908755
8430648,13563794533909265
8438840,13563657094955795
8930360,13845054762255155
9454648,13563588376527635
104504,4507117255917875
202808,13514307920724275
231480,13514316510658835
4786232,14358526692426035
8441912,4556595245613875
8540216,13563785910420275
8568888,13563794500354835
13123640,14408004682122035
8390488,13845050735723315
16779096,14372816853926195
12583768,14408000655590195
25166680,5400801937720115
8914264,14408000655590195
25167192,14408001192461075
4206936,14408206797242675
16789848,5401008079372595
8524120,13845256843821875
16912728,14373022962024755
4460888,14373022962024755
8655192,4838058125951795
12587352,14408069358289715
25170264,5400870640419635
663896,14408206797242675
16916824,14408207334113555
794968,5401008079372595
4464984,14408207334113555
917848,14373022962024755
8782168,13845257380692755
9044312,14408069358289715
25297240,14408069895160595
9175384,5400870640419635
12845400,14408069895160595
13107544,15533900545655603
21496152,17750516524122419
25690456,6526701827785523
42467672,5400801921008435
29360472,15533901082526483
46137688,14408001175749395
267864,13511005896180083
271960,13528598082224435
8398424,13563644478489395
8406616,13563575759012663
296536,13511010191147315
394840,31525404405662003
8652376,13528460643271475
17303128,14355224667881843
18875992,14355224667885875
20973144,32369623177363763
25167448,13809866900505395
41944664,13528391923860275
395864,13512105407807795
20974168,14356324179509555
8528472,13563781883888435
8659544,4556583166018355
8782424,13528598048670515
29360728,14372816820372275
269400,13512105407807795
17304664,14356324179509555
8402008,13563781883888435
8655960,13528598048670515
8660056,13563782420759315
25691224,14372816820372275
405592,13529422665613619
8532056,13564056745018163
8663128,4556858027148083
12595288,13845256843821875
20983896,14373022962024755
25178200,4838058125951795
41955416,4556583149306675
8540248,13563781867111223
8671320,4556583149241143
430168,13511834774536499
21008472,14355435070947635
8786008,13528872909800243
17436760,14355430775980403
19009624,14355430775984435
21106776,32369829285462323
25301080,13810073008603955
42078296,13528598031958835
4984920,14355430775980403
6557784,14355430775984435
12849240,13810073008603955
21237848,14355431849722163
29364312,14372885523071795
8790104,13564057281889043
9052248,13845256843821875
17440856,14373022962024755
25305176,13845257380692755
42082392,13563782404047635
4989016,14373022962024755
9183320,4838058125951795
12853336,13845257380692755
13115480,14408069358289715
25698392,5400870640419635
29368408,14408069895160595
8798296,13563782403982103
13123672,14408000638812983
25706584,5400801920942903
29376600,14408001175683863
17465432,14355435070947635
5013592,14355435070947635
3014744,14355430775984435
5111896,32369829285462323
9306200,13810073008603955
17694808,14355431849722163
25821272,14372885523071795
13369432,14372885523071795
23593048,17732924338082099
29884504,15498716710437683
46661720,14372816803660595
8978840,5404099651568435
12648856,14411298906309395
8406680,13564675003253555
1115800,13514101765439795
8455832,13531689654420275
8407704,4559674771768115
8408216,13566874026509075
8466584,4559880879866675
8540312,13564881111352115
1151128,4507117208731955
1249432,13514307873538355
8589464,13531895762518835
8593560,13567080134607635
13123736,14409099883053875
1278104,13514316463472915
5832856,14358526645240115
13172888,14376114534220595
542488,14408000420708723
2115352,14408000420712755
4212504,32422398930190643
8406808,13915419211465523
16795416,14408000689144115
8455960,13846149978915635
8914712,14408000420709233
10487576,14408000420713265
12584728,32422398930191153
25167640,14408000689144625
4213528,14409099932336435
4262680,14376114583503155
8456984,4841149747430195
12585752,14409099932336945
12600088,14478369131332403
12649240,14409099898782515
544024,14409099932336435
593176,14376114583503155
8457496,13848349002171155
8916248,14409099932336945
8930584,14478369131332403
8979736,14409099898782515
8980760,5404099667297075
12650776,14411298922038035
4223256,14478575272984883
8417560,5049163553178419
4272408,14409306040434995
12595480,14478575272985393
4247832,14408210823774515
676120,14408206528807283
2248984,14408206528811315
4346136,32422605038289203
8540440,13915625319564083
16929048,14408206797242675
4477208,14408206797242675
17060120,5401008079372595
12603672,14478437834031923
12620056,14408210823775025
8589592,13846356087014195
12652824,14409168601482035
9048344,14408206528807793
10621208,14408206528811825
12718360,32422605038289713
25301272,14408206797243185
12849432,14408206797243185
25432344,5401008079373105
680216,14478575272984883
8544536,14056362807919379
8937752,5611976067646259
12607768,14619175322387219
729368,14409306040434995
9052440,14478575272985393
704792,14408210823774515
934168,14408206797242675
17187096,14408207334113555
9060632,14478437834031923
6832408,17785700090908979
13123864,15604269021397811
21512472,17785700359340339
9077016,14408210823775025
9109784,14409168601482035
13173016,15534999788847923
9306392,14408206797243185
25559320,14408207334114065
15204632,17785700090909489
29884696,17785700359340849
8408600,13564675069313843
8457752,13531689720480563
30232,13563781649006963
8402456,13563781649007473
8410648,13563644210054003
58904,13563785943974195
157208,31578180158488883
288280,13563781917442355
8414744,13634012954231603
8431128,13563785943974705
8463896,13564743721681715
8529432,31578180158489393
8660504,13563781917442865
8439320,13563648505021235
8472088,13564675002204983
8537624,31578042719535923
8668696,13563644478489395
8930840,13845050467287923
9455128,13563579786593075
10503704,13845050467291955
12600856,31859448976769843
25183768,13845050735723315
41960984,13563575759078195
203288,13514303625757043
158232,13564881160634675
207384,13531895811801395
8464920,4559743490196275
8530456,13564881160635185
8473112,4559674770719543
8538648,13564743721681715
12601880,13846149978915635
231960,13514307920724275
461336,13514303894192435
8587800,13531758372848435
4786712,14358522397458803
6359576,14358522397462835
12651032,13813164630082355
21039640,14358522665894195
8540696,13563781615453043
8544792,13634150359630643
8593944,13564881127080755
8569368,13563785910420275
8798744,13563781883888435
13124120,14408000387154803
14696984,14408000387158835
29377048,14408000655590195
31768,13564881160634675
80920,13531895811801395
8403992,13564881160635185
8412184,13564743721681715
105496,13514307920724275
203800,31528702135238963
334872,13514303894192435
8461336,13531758372848435
8465432,13566942744937235
8473624,13566874025460503
8932376,13846149978915635
2690072,14358522397462835
4787224,32372920906940723
8981528,13813164630082355
17370136,14358522665894195
8418328,13634150359630643
8467480,13564881127080755
8442904,13563785910420275
8541208,31578180124934963
8672280,13563781883888435
11027480,14408000387158835
13124632,32422398896636723
25707544,14408000655590195
8468504,4559880895595315
8542232,13564881127080755
8591384,13531895778247475
8595480,13567080150336275
13125656,14409099898782515
13174808,14376114549949235
192536,13564610527363379
421912,13564606500831539
8548376,13634425220760371
4747288,14408206528807283
6320152,14408206528811315
12611608,13915625319564083
21000216,14408206797242675
8564760,13564610527363889
8597528,13565155988210483
12660760,13846356087014195
8794136,13564606500832049
13119512,14408206528807793
14692376,14408206528811825
29372440,14408206797243185
8572952,13564060771550003
9490456,4556595229885235
12636184,13845260870353715
8605720,13564881110303543
8802328,13564056745018163
9064472,13845256575386483
9588760,13563785894691635
10637336,13845256575390515
12734488,31859655084868403
25317400,13845256843821875
42094616,13563781867176755
12865560,13845256843821875
21254168,14373022962024755
25448472,4838058125951795
42225688,4556583149306675
13127704,14408069089854323
14700568,14408069089858355
29380632,14408069358289715
21303320,14356530287608115
29626392,14373022962025265
4775960,14408210823774515
2777112,14408206528811315
4874264,32422605038289203
9068568,13915625319564083
17457176,14408206797242675
5005336,14408206797242675
17588248,5401008079372595
21258264,14408207334113555
13131800,14478437834031923
13148184,14408210823775025
9117720,13846356087014195
13180952,14409168601482035
11149336,14408206528811825
13246488,32422605038289713
25829400,14408206797243185
13377560,14408206797243185
25960472,5401008079373105
29630488,14408207334114065
9093144,13845260870353715
9617432,13563794484626195
13156376,14408073384821555
13189144,14409099882005303
9322520,13845256843821875
17711128,14373022962024755
25575448,13845257380692755
42352664,13563782404047635
11157528,14408069089858355
13254680,32422467599336243
25837592,14408069358289715
13385752,14408069358289715
25968664,5400870640419635
29638680,14408069895160595
14172184,14408004666393395
15220760,15533900277224243
29900824,15533900545655603
46678040,14408000638878515
59260952,5400801921008435
62930968,14408001175749395
17760280,14356530287608115
26083352,14373022962025265
1051368,3311808806963
295656,1319411646515
1114856,3311741698103
1311464,1181974790195
17826536,282588232024115
34603752,1113255378995
39144,3517898031155
268520,3509844967475
1054952,3380461174835
297192,3518434902035
1313000,3380998045715
1575144,284786718408755
17303784,847728616669235
17828072,284787255279635
34605288,3312278634515
1315048,1319380189235
18350312,845538151890995
41832,334470896943155
271208,334462843879475
16786280,897275358347315
16794472,897206638870583
295784,299287061725235
16810856,862099576193075
17826664,862030857764915
25166696,897206638870835
16789864,897412763746355
16814440,862236981592115
565608,897420816810035
16818536,897421353680915
794984,897412763746355
819560,862236981592115
165480,13511018311319603
296552,4503819593449523
394856,13511010258255923
20973160,14355229029957683
297576,1319477706803
299624,494776877171
561768,281694338810099
16814696,281694875680883
33591912,219899035763
791144,281686285746419
1315432,219900018803
17306216,844498800214259
57960,52995920232503
287336,52987867168823
303720,18086962921523
8430184,52995920232755
16818792,299287061725235
33596008,17812085080115
1319528,17812086063155
8659560,52987867169075
311912,17812085014583
361064,1319410597943
426600,4504094404247603
4358760,13792493220921395
16941672,4785294503051315
33718888,4503819526406195
819816,281694875680883
1344104,237079887923
2392680,281694875684915
4489832,4785294503051315
8684136,17812085014835
17072744,281695949422643
33849960,220972777523
17334888,844507390148723
18907752,844507390152755
21004904,5348107017519155
1442408,4503819527389235
4588136,13792485167857715
21103208,14355297682325555
18350696,844438671720563
19923560,844438671724595
22020712,5348038299090995
169064,13511293122117683
300136,4504094404247603
4232296,13792493220921395
16815208,4785294503051315
33592424,4503819526406195
398440,13511285069054003
1184872,13511018245259315
16913512,13792485167857715
33690728,13511010191212595
1315944,4503819527389235
4461672,13792485167857715
20976744,14355297682325555
427112,13511293658988563
689256,13792493220921395
16942184,13792493757792275
33719400,13511018781147155
820328,4785294503051315
4490344,13792493757792275
4752488,14355305735389235
17335400,5348107017519155
21005416,14355306272260115
918632,13792485167857715
1442920,13511018782130195
17433704,14355297682325555
4981864,14355297682325555
5768296,14355237016961075
18351208,5348038299090995
21496936,15481128869691443
38274152,14355228962914355
22021224,14355237553831955
104552,3517896982583
301160,1594288504883
16816232,282794387308595
33593448,1319410663475
333928,3509843918903
1316968,1319411646515
362600,3518433853463
821352,282794387308595
17336424,845606901776435
17369192,847728615620663
18352232,845538183348275
307304,18636685180979
430184,4504644126507059
17338472,844644795547763
18911336,844644795551795
21008488,5348244422918195
21106792,14355435087724595
17342568,862236981592115
4882536,14355443140788275
17465448,5348244422918195
21135464,14355443677659155
2916456,844644795551795
5013608,5348244422918195
17596520,844645869289523
5111912,14355435087724595
1065896,335363984850995
1115048,302378636017715
543144,900504369496115
1067432,337563008106515
1575336,865328589439025
1589672,898313904717875
1638824,865328555884595
1052328,4506911301959729
1115816,4506911167742003
1067688,20903726415923
1116840,7709586882611
103080,3517629595763
1118888,3380192739443
58024,54095164473395
1073832,53957727617075
107176,21109815640115
1122984,20972378783795
1131176,20903659307063
9454248,53889008140595
230056,4507117256966195
361128,3517898031155
1147560,3397372608563
1245864,4506979820109875
1376936,3380461174835
1639080,284786449973363
3211944,284786449977395
5309096,4788386077343795
9503400,20903659307315
17892008,284786718408755
34669224,3311741763635
103592,4507117256966195
201896,13514307921772595
1119400,4506979820109875
1184936,13512117490548785
230568,13514316511707155
1246376,13514179074850835
1639592,4788386077343795
4785320,14358526693474355
5309608,13795585332084755
5768360,14356336262250545
30888,56285597794355
1063080,21109817737265
55464,21109815640115
1071272,20972378783795
104616,7915676106803
1087656,3534811562033
1120424,7778239250483
1185960,4507117259063345
1317032,3517900128305
59560,56294187728915
1075368,56156750872595
1591464,302378636017715
9455784,56088031396115
1640616,289184496484403
3672232,847736403398705
5769384,5351336030765105
18352296,847736671830065
1077416,54095133016115
1126568,21109784182835
1151144,3534778007603
1249448,4507117225508915
1380520,3517866573875
3735720,847736369844275
5832872,5351335997210675
18415784,847736638275635
4212520,14408004782784563
537384,897411991994609
54056,334470628507763
545576,897274553041139
561960,862236209840369
58152,404839372685363
107304,335570140135475
566056,897420581929073
2138920,897420581933105
4236072,5401020209299505
16818984,897420850364465
4334376,14408210874105905
17048360,897412797300785
181032,4838070255878195
312104,334470896943155
574248,897283142975603
2147112,897283142979635
4244264,5400882770346035
16827176,897283411410995
4342568,14408073435152435
17056552,897275358347315
1590056,897214424547443
3162920,897214424551475
5260072,5400814051917875
17842984,897214692982835
50348840,897206638936115
4358952,14373035091951665
17072936,862237015146545
4207912,14408210874105905
54568,4838070255878195
152872,13845260920684595
4216104,14408073435152435
4232488,14373035091951665
566568,5401020209299505
4236584,14408219464040465
664872,14408210874105905
181544,13845269510619155
574760,5400882770346035
4244776,14408082025086995
673064,14408073435152435
1590568,5400814051917875
4736296,15533904622518323
5260584,14408013306658835
689448,14373035091951665
80168,337760573456435
55592,335570140135475
104744,302584791302195
108840,337769163390995
567592,898520093556785
600360,900573087924275
575784,898382654603315
608552,900504368447543
1591592,898313936175155
624936,865397305770035
1640744,865328587341875
8980776,900504368447795
577832,897420548374643
2150696,897420548378675
4247848,5401020175745075
16830760,897420816810035
4346152,14408210840551475
17060136,897412763746355
581928,967789292552243
631080,898520060002355
704808,5401020175745075
4374824,14408219430486035
835880,897420816810035
17088808,897421353680915
101928,4506980018290739
167464,13512117688729649
200232,13514170683097139
1117736,4506911299862579
4263464,13795576940331059
58920,4556595346276403
157224,13563786011082803
181800,13528610228928563
230952,13512117554511923
105000,3517695656051
59944,54095230533683
109096,21109881700403
231976,4507117323026483
363048,3517964091443
61992,53270529704051
553512,334462038573299
1077800,52995652845683
578088,299286256419059
8442408,52995651797363
627240,282793582002419
2658856,844644023800049
4756008,5348243651166449
17338920,844644292231409
4854312,14355434315972849
17568296,844636239167729
123432,54095163424823
188968,4556870157074483
320040,53270798139443
582184,334470628507763
1106472,53012832714803
2155048,334470628511795
4252200,4838070255878195
8446504,123364395974963
16835112,334470896943155
33612328,52995920298035
1204776,4556595280216115
4350504,13845260920684595
1335848,52995921281075
17064488,334462843879475
33841704,52987867234355
8495656,54095163425075
4375080,13810085138530355
8569384,4556595279167795
8700456,52995920232755
17089064,299287061725235
33866280,17812085080115
4424232,13793592464113715
17138216,282794387308595
33915432,1319410663475
4882984,14355442905907313
6455848,14355442905911345
21135912,14355443174342705
17596968,844644829102193
19169832,844644829106225
21266984,5348244456472625
21365288,14355435121279025
105512,4507117323026483
203816,13514307987832883
232488,13514316577767443
4787240,14358526759534643
62504,4556870157074483
160808,13564060821880883
1078312,4556595280216115
4224040,13845260920684595
177192,13529434795540529
185384,13528885039726643
4248616,13810085138530355
8442920,4556595279167795
1201192,13528610162868275
8541224,13563785943974195
234536,13512392365310003
4297768,13793592464113715
431144,13511842877931569
4756520,14355442905907313
6329384,14355442905911345
21009448,14355443174342705
1250344,13512117488451635
21238824,14355435121279025
189480,13564069411815443
582696,4838070255878195
4252712,13845269510619155
681000,13845260920684595
1205288,13563794534957075
4744232,14408073435152435
4760616,14373035091951665
705576,13810085138530355
8569896,13563794533908755
4768808,14372897652998195
5784616,14372828934570035
13124648,14408004715675955
754728,13793592464113715
4817960,14356404978581555
2786344,14355442905911345
4883496,32369841415389233
17466408,14355443174342705
5014568,14355443174342705
17597480,5348244456472625
21267496,14355443711213585
5833768,14356336260153395
17695784,14355435121279025
63528,54370041331763
96296,56285596745783
1079336,54095164473395
112680,21384692498483
1128488,21109815640115
8468520,56285596746035
120872,21109814591543
8443944,54095163425075
235560,4507392133824563
366632,3792774889523
628776,284992605257843
1153064,3534809464883
2201640,284992605261875
4298792,4788592232628275
8493096,21109814591795
16881704,284992873693235
33658920,3517897048115
1251368,4507117256966195
4397096,13795782897434675
1382440,3517898031155
17111080,284984820629555
33888296,3509843984435
124968,56294186680343
583720,335570140135475
632872,302584791302195
8497192,56294186680595
755752,4788592232628275
4425768,13795791487369235
886824,284992873693235
17139752,284993410564115
33916968,3518433918995
2721832,847805119729715
4818984,5351404747096115
17401896,847805388161075
4884520,14356542417535025
17598504,845744340729905
4917288,14358595411902515
17631272,847797335097395
3737640,847736401301555
5834792,5351336028667955
18417704,847736669732915
50923560,847728615686195
192552,4557419879333939
323624,53820520398899
2678824,897420548378675
4775976,5401020175745075
17358888,897420816810035
4874280,14408210840551475
17588264,897412763746355
4898856,14373035058397235
17612840,862236981592115
4948008,14356542383980595
17661992,845744307175475
16780232,865316507746355
16789960,898507964678195
795080,898507964678195
606664,900500292632639
16859592,900500829503519
394952,13512105408856115
20973256,14356324180557875
269000,3505550000243
273096,21097736044595
297672,3509844967475
1084104,3380461174835
395976,4507105177370675
1313480,3372408111155
17304264,847724321702003
17828552,284778665345075
34605768,3303688699955
18877128,847724321706035
20974280,5351323949072435
1344200,1319380189235
138440,13514303895240755
269512,4507105177370675
396488,13514304432111635
4721864,14358522666942515
17304776,5351323949072435
20974792,14358523203813395
1087688,3517866573875
1317064,3509813510195
1345736,3518403444755
18352328,847728585211955
94408,56281520930879
348360,21097685712959
1151176,3517849796663
1347784,1594241318963
17862856,282794340122675
34640072,1319363477555
1380552,3509796732983
21106888,14356530288656435
352456,56282057801759
17383624,865316457414719
1409224,3518386667543
1867976,282794340122675
18383048,845606854590515
18415816,847728568434743
5112008,14356530288656435
141128,13845256894152755
272200,4838058176282675
4204360,14408069408620595
16787272,5400870690750515
4212552,14408000689143863
16795464,5400801971273783
395080,13810073058934835
16910152,14372885573402675
4458312,14372885573402675
12584776,14408000689144115
20973384,15498716760768563
37750600,14372816853991475
25167688,5400801971274035
273224,335558060539955
16788296,898370575007795
84808,337550388494399
16796488,898301855531063
16845640,865316506697783
25168712,898301855531315
537416,897407931908339
16790344,897408468779123
791368,862224096690419
16819016,897412763746355
4334408,14408206814019635
16917320,5401008096149555
795464,897408468779123
2368328,897408468783155
4465480,5401008096149555
17048392,897409542520883
16859976,898301821976639
4588360,14373022978801715
4207944,14408206814019635
16790856,5401008096149555
16913736,14373022978801715
4461896,14373022978801715
664904,14408206814019635
16917832,14408207350890515
795976,5401008096149555
4465992,14408207350890515
918856,14373022978801715
21497160,17750516540899379
16791880,898507980406835
797000,898507980406835
608584,900500308361279
16861512,900500845232159
16806216,967777196179511
307528,335287427268659
16822600,897687624876083
16855368,898507963629623
405832,4838882759671859
4337992,14408481675149363
16920904,5401282957279283
799048,897683329908851
2371912,897683329912883
4469064,5401282957279283
17051976,897684403650611
17314120,2023308358844531
34091336,897408452067443
17838408,897412748017715
18886984,2023308358848563
35664200,897408452071475
20984136,6526907986214963
37761352,5401008079437875
25178440,967777196179763
50344264,897409525809203
16830792,897412746969143
348488,335558010208319
16863560,898370524676159
4346184,14408206797242423
16929096,5401008079372343
807240,897408452001911
2380104,897408452005943
4477256,5401008079372343
17060168,897409525743671
17862984,862236965863475
25203016,897412746969395
4591944,14373297839931443
12718408,14408206797242675
21107016,15498922868867123
37884232,14373022962090035
25301320,5401008079372595
9179464,897408452002163
10752328,897408452006195
12849480,5401008079372595
25432392,897409525743923
50598216,862227301204019
811336,967777196179511
827720,897687624876083
1614152,897420801081395
17342792,2023312653811763
34120008,897412747034675
17867080,897421337952275
860488,898507963629623
926024,5401282957279283
4596040,14408482212020243
4858184,15534106704085043
17441096,6526907986214963
34218312,5401008079437875
21111112,15534107240955923
37888328,14408207334178835
1843528,897412748017715
2892104,2023308358848563
4989256,6526907986214963
9183560,967777196179763
17572168,2023309432586291
34349384,897409525809203
50602312,897411673292819
19407176,4274970733580339
21504328,8778570360946739
835912,897412746969143
868680,898370524676159
17383752,2024201712042047
34160968,898301805264959
934216,5401008079372343
4604232,14408207334113303
19415368,4274902014103607
21512520,8778501641470007
1868104,862236965863475
9208136,897412746969395
5112136,15498922868867123
9306440,5401008079372595
12976456,14408207334113555
21627208,17750585243598899
27787592,4274902014103859
29884744,8778501641470259
396872,13512105474916403
20975176,14356324246618163
398920,13511280774086771
661064,13792480336019699
16913992,13792480872890483
33691208,13511005896245363
792136,4785281618149619
4462152,13792480872890483
4724296,14355292850487539
17307208,5348094132617459
20977224,14355293387358323
157256,13563781917442103
288328,4556583199572023
403016,13528872960131123
8529480,13563781917442355
16918088,13810073058934835
33695304,13528598082289715
4466248,13810073058934835
8660552,4556583199572275
20981320,14372885573402675
411208,13528598082224183
20989512,14372816853925943
427592,13511285069054003
1214024,13511018245259315
16942664,13792485167857715
33719880,13511010191212595
1345096,4503819527389235
4490824,13792485167857715
21005896,14355297682325555
460360,13512105407807543
21038664,14356324179509303
919112,13792480872890483
1443400,13511010192195635
2491976,13792480872894515
4589128,31806879382372403
8783432,13528598082224435
17172040,13792481946632243
33949256,13511006969987123
17434184,14355293387358323
19007048,14355293387362355
21104200,32369691896840243
4982344,14355293387358323
6555208,14355293387362355
21235272,14355294461100083
21497416,15481124574724211
38274632,14355224667947123
22021704,14355228963897395
23070280,15481124574728243
39847496,14355224667951155
29361736,14372816853926195
54527560,14355225741688883
334408,3505548951671
793160,282781502406899
17308232,845594016874739
92744,56144131260479
289352,54083083829303
338504,21097734996023
8661576,54083083829555
346696,20960296042559
8473160,56075411783999
16861768,302366553276479
33638984,20891576631359
363080,3509843918903
1346120,1319411646515
461384,4507105176322103
17369672,847724320653431
18942536,847724320657463
21039688,5351323948023863
4590152,13793580384518195
21105224,14356392898986035
17314376,862224096690419
17338952,844636205613299
4854344,14355430255886579
17437256,5348231538016499
21107272,14355430792757363
2888264,844631910650099
4985416,5348231538016499
17568328,844632984387827
352840,54083050274879
21111368,14373022978801715
21135944,14355435087724595
5112392,14355430792757363
6685256,14355430792761395
21365320,14355431866499123
203848,13514303894192183
334920,4507105176322103
400456,13512380285714483
16915528,13793580384518195
33692744,13512105407873075
4463688,13793580384518195
20978760,14356392898986035
461896,13514304431063063
4787272,14358522665893943
17370184,5351323948023863
21040200,14358523202764823
920648,13793580384518195
17435720,14356392898986035
4983880,14356392898986035
21498952,15482224086351923
38276168,14356324179574835
406600,13529422682390579
20984904,14373022978801715
431176,13511834791313459
21009480,14355435087724595
17437768,14355430792757363
19010632,14355430792761395
21107784,32369829302239283
4985928,14355430792757363
6558792,14355430792761395
21238856,14355431866499123
17441864,14373022978801715
4990024,14373022978801715
17466440,14355435087724595
5014600,14355435087724595
3015752,14355430792761395
5112904,32369829302239283
17695816,14355431866499123
23594056,17732924354859059
96328,56281536659519
350280,21097701441599
21108808,14356530304385075
354376,56282073530399
17385544,865316473143359
5113928,14356530304385075
323656,53812450558007
356424,54357911404607
16871496,335558010208319
33648712,54083033563199
421960,4557407782961207
17330248,897408452001911
18903112,897408452005943
21000264,5401008079372343
1355848,18636669452339
8695880,53812450558259
4599880,13810897642324019
8794184,4557407782961459
21114952,14373297839931443
25702472,897408452002163
27275336,897408452006195
29372488,5401008079372595
8736840,54083033497919
21123144,14373022962024503
1478728,4504644110778419
4624456,13793309751246899
21139528,14355709948854323
18387016,844644779819123
19959880,844644779823155
22057032,5348244407189555
21172296,14356530287607863
5115976,14355705653887091
6688840,14355705653891123
21368904,14355706727628851
21631048,15481330682822771
38408264,14355430776045683
22155336,14355435071995955
23203912,15481330682826803
39981128,14355430776049715
29495368,14373022962024755
54661192,14355431849787443
51122248,844635115159667
52695112,844635115163699
54792264,5348234742530099
17358920,897412746969143
876616,335558010208319
17391688,898370524676159
4874312,14408206797242423
17457224,5401008079372343
21127240,14408207334113303
2908232,897408452005943
5005384,5401008079372343
17588296,897409525743671
18391112,862236965863475
25731144,897412746969395
5120072,14373297839931443
13246536,14408206797242675
21635144,15498922868867123
38412360,14373022962090035
25829448,5401008079372595
29499464,14408207334113555
11280456,897408452006195
13377608,5401008079372595
25960520,897409525743923
51126344,862227301204019
25772104,898301805199679
5128264,14373022962024503
5144648,14355709948854323
5931080,14355443125059635
18513992,5348244407189555
21659720,15481334977790003
38436936,14355435071012915
22184008,14355443661930515
3965000,844644779823155
6062152,5348244407189555
18645064,844645853560883
51150920,844639410126899
5177416,14356530287607863
6160456,14355435071995955
7209032,15481330682826803
13500488,14373022962024755
21889096,15481331756564531
38666312,14355431849787443
51249224,5348234742530099
54919240,14355433997271059
23724104,17732993057558579
4212616,14409099933384755
4261768,14376114584551475
543624,900500074528883
1067912,337554418171955
2116488,900500074532915
4213640,5404099701899315
16796552,900500342964275
544136,5404099701899315
4214152,14411298956640275
1591688,900504338038835
602504,900706182627443
1126792,337760526270515
2175368,900706182631475
4272520,5404305809997875
16855432,900706451062835
1102216,335570092949555
4346248,14409306041483315
17060232,898507964678195
1151368,302584744116275
4395400,14376320692650035
17109384,865522615844915
631176,900710477594675
1155464,337769116205075
1614216,898520046370865
729480,5404305809997875
4399496,14411505064738835
860552,900706451062835
17113480,900706987933715
1646984,900573040738355
1622408,898382607417395
1655176,900504321261623
1671560,865397258584115
10027400,900504321261875
202376,13514303626805363
157320,13564881161682995
206472,13531895812849715
231048,13514307921772595
1148552,4506979820109875
1214088,13512117490548785
460424,13514303895240755
1246856,13514170484916275
4785800,14358522398507123
5310088,13795576742150195
6358664,14358522398511155
21038728,14358522666942515
31368,56281302827123
1088136,3517631692913
60040,56285597794355
158344,4559880930197555
289416,56281571262515
1075848,56148160938035
1092232,21109817737265
1100424,20972378783795
9456264,56079441461555
1149576,7778239250483
1215112,4507117259063345
1346184,3517900128305
1151624,3517598138483
1106568,54095133016115
1155720,21109784182835
1278600,4507117225508915
1409672,3517866573875
31880,4559880930197555
154760,13531895812849715
1088648,4507117259063345
203912,13518701673316403
1186952,13514307923869745
158856,13567080184938515
4738184,14376114584551475
1215624,13514316513804305
4787336,14362920445018163
5770376,14358526695571505
1152136,4507117225508915
1250440,13514307890315315
1279112,13514316480249875
5833864,14358526662017075
1079432,56285566337075
1104008,21109784182835
1153160,7915644649523
1108104,56294156271635
1110152,54369994145843
1142920,56285549559863
1159304,21384645312563
9515144,56285549560115
1167496,21109767405623
9490568,54095116239155
1282184,4507392086638643
1413256,3792727703603
1675400,284992558071923
3248264,284992558075955
5345416,4788592185442355
9539720,21109767405875
17928328,284992826507315
34705544,3517849862195
4919432,14358728506605683
5443720,13795782850248755
6492296,14358728506609715
21172360,14358728775041075
17633416,847930429800563
18157704,284984773443635
34934920,3509796798515
19206280,847930429804595
21303432,5351530057170995
1171592,56294139494423
1630344,335570092949555
4874376,14409306041483315
17588360,898507964678195
1679496,302584744116275
9543816,56294139494675
4923528,14376320692650035
17637512,865522615844915
1802376,4788592185442355
4948104,14358732801572915
5472392,13795791440183315
1933448,284992826507315
17662088,847934724767795
18186376,284993363378195
34963592,3518386733075
3768456,847805072543795
5865608,5351404699910195
18448520,847805340975155
5931144,14356542370349105
18645128,845744293543985
5177480,14358728775041075
17760392,5351530057170995
21430408,14358729311911955
5963912,14358595364716595
18677896,847797287911475
51970184,847728568500275
4214536,14409099999445043
4263688,14376114650611763
538376,5401007324397809
4208392,14408206579138673
153352,13845256625717363
546568,5400869885444339
4216584,14408069140185203
661256,14373022207049969
157448,13915625369894963
4220680,14478437884362803
4237064,14408210874105905
206600,13846356137345075
4269832,14409168651812915
665352,14408206579138673
2238216,14408206579142705
4335368,32422605088620593
16918280,14408206847574065
4466440,14408206847574065
17049352,5401008129703985
182024,13845260920684595
4245256,14408073435152435
4278024,14409099932336183
411400,13845256894152755
673544,14408069140185203
2246408,14408069140189235
4343560,32422467649667123
16926472,14408069408620595
4474632,14408069408620595
17057544,5400870690750515
4736776,15533900327551091
5261064,14408004716724275
6309640,15533900327555123
12601096,14478369164886323
20989704,15533900595986483
37766920,14408000689209395
50349832,5400801971339315
12650248,14409099932336435
17172232,14373023012356145
80648,337756278489203
539400,898507208655089
547592,898369769701619
596744,865384420868339
109320,337760573456435
207624,4841355905859635
338696,337756546924595
600840,900568792957043
2173704,900568792961075
4270856,5404168420327475
16853768,900569061392435
4336392,14409306090766385
17050376,898508013961265
609032,900500073480311
2181896,900500073484343
4279048,5404099700850743
16861960,900500341915703
4344584,14409168651812915
17058568,898370575007795
50350856,898301855596595
4393736,14376183302979635
17107720,865385226174515
8981256,900500073480563
10554120,900500073484595
12651272,5404099700850995
25234184,900500341915955
50400008,865316506763315
553736,967776407650547
602888,898507175100659
578312,897411958440179
676616,5401007290843379
4346632,14408206545584243
807688,897407931908339
17060616,897408468779123
4350728,14478575289761843
17064712,967777212956723
4399880,14409306057211955
17113864,898507980406835
4375304,14408210840551475
17089288,897412763746355
4604680,14408206814019635
17187592,5401008096149555
81160,4841355905859635
4209928,14409306090766385
154888,13846356137345075
4218120,14409168651812915
204040,13813370788511795
4267272,14376183302979635
208136,13848555160600595
601352,5404168420327475
4271368,14411367675068435
666888,14409306090766385
609544,5404099700850743
4279560,14411298955591703
675080,14409168651812915
4738312,15534999839178803
724232,14376183302979635
4787464,15502014490345523
8981768,5404099700850995
12651784,14411298955591955
4224264,14478575289761843
4273416,14409306057211955
4248840,14408210840551475
677128,14408206545584243
2249992,14408206545588275
4347144,32422605055066163
16930056,14408206814019635
4478216,14408206814019635
17061128,5401008096149555
681224,14478575289761843
730376,14409306057211955
705800,14408210840551475
935176,14408206814019635
17188104,14408207350890515
6833416,17785700107685939
21513480,17785700376117299
604424,900706198356083
2177288,900706198360115
4274440,5404305825726515
16857352,900706466791475
4348168,14409306057211955
17062152,898507980406835
4397320,14376320708378675
17111304,865522631573555
633096,900710493323315
731400,5404305825726515
4401416,14411505080467475
862472,900706466791475
17115400,900707003662355
4354312,14478850150891571
17068296,968052074086451
8941832,1108513879228787
10514696,1108513879232819
12611848,5612113506599219
25194760,1108514147664179
50360584,967777196245043
4370696,14409035457495089
17084680,898237380689969
4403464,14409580918341683
17117448,898782841536563
50409736,898507963695155
4600072,14409031430963249
17182984,5401832713093169
4378888,14408485701681203
17092872,897687624876083
1626376,897420532646003
3199240,897420532650035
5296392,5401020160016435
17879304,897420801081395
50385160,897412747034675
4411656,14409306040434743
17125640,898507963629623
4608264,14408481675149363
17191176,5401282957279283
4870408,15534106435649651
5394696,14408210824822835
6443272,15534106435653683
12734728,14478575272984883
21123336,15534106704085043
37900552,14408206797307955
50483464,5401008079437875
17584392,2023308358844531
34361608,897408452067443
18108680,897412748017715
19157256,2023308358848563
35934472,897408452071475
21254408,6526907986214963
38031624,5401008079437875
25448712,967777196179763
50614536,897409525809203
12783880,14409306040434995
25497864,898507963629875
1630472,967789276823603
8970504,1108518174196019
4874504,15604475179827251
9068808,5612113506599219
12738824,14619312761340179
9199880,1108514147664179
17588488,2093677103022131
34365704,967777196245043
25452808,1108514684535059
1679624,898520044273715
4923656,15535205947277363
17637640,2024407870472243
34414856,898507963695155
6955272,17785906249338929
21635336,17785906517770289
19669256,4275108172533809
21766408,8778707799900209
1753352,5401020160016435
4899080,15534110730616883
5423368,14408219414757395
1884424,897420801081395
17613064,2023312653811763
34390280,897412747034675
18137352,897421337952275
5128456,15534106704085043
17711368,6526907986214963
34488584,5401008079437875
21381384,15534107240955923
38158600,14408207334178835
6963464,17785768810385459
21643528,17785769078816819
19677448,4274970733580339
21774600,8778570360946739
52969736,4274902014169139
55066888,8778501641535539
21889288,17750722682552369
204296,13514303692865651
159240,13564881227743283
208392,13531895878910003
232968,13514307987832883
462344,13514303961301043
4787720,14358522464567411
6360584,14358522464571443
21040648,14358522733002803
161288,13564056526913651
554504,4838057370976499
4224520,13845256625717363
4732424,14373022207049969
677384,13810072253628659
8541704,13563781649006963
4740616,14372884768096499
4757000,14355434315972849
726536,13793579579212019
4789768,14356392093679859
2758152,14355430021009649
4855304,32369828530487537
17438216,14355430289441009
4986376,14355430289441009
17569288,5348231571570929
21239304,14355430826311793
189960,13564060821880883
1107464,4556595280216115
4253192,13845260920684595
222728,13564881160634423
419336,13564056795349043
681480,13845256625717363
1205768,13563785945022515
2254344,13845256625721395
4351496,31859655135199283
8545800,13634150393184563
16934408,13845256894152755
33711624,13563781917507635
4482568,13845256894152755
17065480,4838058176282675
33842696,4556583199637555
4744712,14408069140185203
6317576,14408069140189235
20997640,14408069408620595
8594952,13564881160634675
21243400,14373023012356145
1230344,13528610162868275
8570376,13563785943974195
8799752,13563781917442355
17188360,13810073058934835
33965576,13528598082289715
21251592,14372885573402675
13125128,14408000420708723
14697992,14408000420712755
29378056,14408000689144115
54543880,14372816853991475
1279496,13512117488451635
21267976,14355435121279025
17237512,13793580384518195
34014728,13512105407873075
21300744,14356392898986035
54593032,14356324179574835
17696264,14355430826311793
19269128,14355430826315825
21366280,32369829335793713
96776,56281301778551
555528,335557255233779
604680,302571906400499
8469000,56281301778803
629256,284984015323379
1153544,3517629595763
727560,4788579347726579
4397576,13795778602467443
858632,284979988791539
17111560,284980525662323
33888776,3505549017203
2693640,847792234828019
4790792,5351391862194419
17373704,847792503259379
4856328,14356529532633329
17570312,845731455828209
125448,56285596745783
1108488,54095164473395
223752,4559880929148983
354824,56281570213943
4352520,13846356137345075
17066504,335558060539955
33843720,54083083894835
1157640,21109815640115
8497672,56285596746035
4401672,13813370788511795
8595976,4559880929149235
8727048,56281570214195
17115656,302572711706675
33892872,21097735061555
1280520,4507117256966195
4426248,13795782897434675
1411592,3517898031155
17140232,284984820629555
33917448,3509843984435
4655624,13795778870902835
17238536,4788580153032755
34015752,4507105176387635
4917768,14358591116935283
6490632,14358591116939315
21170696,14358591385370675
17631752,847793040130163
19204616,847793040134195
21301768,5351392667500595
50924040,847724320718963
52496904,847724320722995
54594056,5351323948089395
21367304,14356530337939505
2650632,897407663476979
4747784,5401007290843379
17330696,897407931908339
4870664,14373022173495539
17584648,862224096690419
4919816,14356529499078899
17633800,845731422273779
4874760,14408206545584243
6447624,14408206545588275
21127688,14408206814019635
17588744,897408468779123
19161608,897408468783155
21258760,5401008096149555
21381640,14373022978801715
21430792,14356530304385075
97288,4559880929148983
162824,13565156038541363
4226056,13846356137345075
211976,13532170689708083
4275208,13813370788511795
8469512,4559880929149235
220168,13531895811801143
8543240,13564881160634675
236552,13514582798630963
1154056,4507117256966195
4299784,13795782897434675
465928,13514578772099123
728072,13795778602467443
1252360,13514307921772595
2300936,13795778602471475
4398088,31810177111949363
8592392,13531895811801395
16981000,13795778870902835
33758216,13514303894257715
4529160,13795778870902835
17112072,4788580153032755
33889288,4507105176387635
4791304,14358591116935283
6364168,14358591116939315
21044232,14358591385370675
21240840,14356530337939505
224264,13567080183889943
683016,13846356137345075
4746248,14409168651812915
732168,13813370788511795
8596488,13567080183890195
4795400,14376183302979635
4803592,14376114583502903
13126664,14409099932336435
756744,13795782897434675
1281032,13514316511707155
4819976,14358595411902515
986120,13795778870902835
17239048,13795779407773715
34016264,13514304431128595
2821128,14358591116939315
4918280,32372989626417203
17501192,14358591385370675
5049352,14358591385370675
17632264,5351392667500595
21302280,14358591922241555
5835784,14358526693474355
6884360,15484422304305203
13175816,14376114583503155
21564424,15484422572736563
38341640,14358522665959475
50924552,5351323948089395
54594568,14358523202830355
17697800,14356530337939505
193544,13564610544140339
422920,13564606517608499
4748296,14408206545584243
6321160,14408206545588275
21001224,14408206814019635
21255176,14373022978801715
21304328,14356530304385075
4776968,14408210840551475
2778120,14408206545588275
4875272,32422605055066163
17458184,14408206814019635
5006344,14408206814019635
17589256,5401008096149555
21259272,14408207350890515
17712136,14373022978801715
17761288,14356530304385075
4921352,14358728522334323
6494216,14358728522338355
21174280,14358728790769715
17635336,847930445529203
19208200,847930445533235
21305352,5351530072899635
4876296,14409306057211955
17590280,898507980406835
4925448,14376320708378675
17639432,865522631573555
4950024,14358732817301555
17664008,847934740496435
5179400,14358728790769715
17762312,5351530072899635
21432328,14358729327640595
1241096,4557419863605299
4386824,13846085504073779
1372168,53820504670259
17100808,335287427268659
33878024,53812450623539
4616200,13846081477541939
17199112,4838882759671859
33976328,4557407783026739
4878344,14408481406713971
6451208,14408481406718003
21131272,14408481675149363
17592328,897683329908851
19165192,897683329912883
21262344,5401282957279283
50884616,897408452067443
52457480,897408452071475
54554632,5401008079437875
21377032,14373847595745329
21385224,14373297839931443
13258760,14408206528807283
14831624,14408206528811315
29511688,14408206797242675
54677512,14373022962090035
25972744,897408452002163
27545608,897408452006195
29642760,5401008079372595
21401608,14356259704668209
21434376,14356805165514803
54726664,14356530287673395
4907016,14408485701681203
17621000,897687624876083
3727368,897420532650035
5824520,5401020160016435
18407432,897420801081395
50913288,897412747034675
4939784,14409306040434743
17653768,898507963629623
5136392,14408481675149363
17719304,5401282957279283
21389320,14408482212020243
5922824,14408210824822835
6971400,15534106435653683
13262856,14478575272984883
21651464,15534106704085043
38428680,14408206797307955
51011592,5401008079437875
54681608,14408207334178835
18636808,897412748017715
19685384,2023308358848563
36462600,897408452071475
21782536,6526907986214963
38559752,5401008079437875
25976840,967777196179763
51142664,897409525809203
13312008,14409306040434995
26025992,898507963629875
5947400,14373035042668595
13287432,14408210823774515
18661384,862236965863475
26001416,897412746969395
13516808,14408206797242675
21905416,15498922868867123
38682632,14373022962090035
26099720,5401008079372595
29769736,14408207334113555
5996552,14356542368251955
18710536,845744291446835
21954568,15482430194450483
38731784,14356530287673395
23986184,17733130496512049
1115376,13514110623809795
16794992,14408005520982275
25167216,14408005520982785
58480,13563794802344195
287856,13563786749280515
8430704,13563794802344705
8660080,13563786749281025
312432,13528610967126275
8438896,13563657363391235
8668272,13563649310327555
9454704,13563588644963075
25183344,13845055567561475
41960560,13563580590916355
361584,13512118292709635
8684656,13528610967126785
231536,13514316779094275
362608,4507118061224195
460912,13514308726030595
21039216,14358527497732355
8568944,13563794768790275
8700016,4556596050920195
8798320,13563786715726595
29376624,14408005487428355
9438640,13846162866963200
5245360,14376127471550720
9439664,4841162635477760
12585392,14411303251608320
13631920,14409112786830080
1052336,13514110556700944
1184432,13512117490549040
5767856,14356336262250800
9440432,13531702608528128
8430768,13564894046585600
9446576,13564756609729280
1131696,13531702541418755
8471728,13566878321476355
9454768,13564687890252545
9503920,13531702541419265
1185968,13514316513804560
8431792,4559893815100160
1190064,13531908699848960
8530096,13567084479906560
9447600,4559756378243840
9455792,4559687658767105
1214640,13514333693673728
8554672,13531908697752320
1444016,13514316782240000
9570480,13531771260896000
5769392,14358535285506320
7342256,14358535285510400
13633712,13813177518129920
22022320,14358535553941760
9576624,13564894015128320
9519280,4559687625212675
8914736,14408004782785328
4207408,14408210874106160
4231984,14373035091951920
8426288,4838070255878960
8524592,13845260920685360
12587824,14408073435153200
566064,5401020209299760
4236080,14408219464040720
664368,14408210874106160
688944,14373035091951920
8553264,13845269510619920
8946480,5400882770346800
12616496,14408082025087760
9044784,14408073435153200
9962288,5400814051918640
13108016,15533904622519088
13632304,14408013306659600
537904,14408210874106160
562480,14373035091951920
8426800,13845269510619920
8918320,14408073435153200
566576,14408219464040720
2139440,14408219464044800
4236592,32422617973522688
8430896,13915638254797568
16819504,14408219732476160
4334896,68451406402552064
17048880,14408211679412480
4359472,68416230620397824
8553776,31859668020101888
8684848,13845269779055360
17073456,14373035897258240
8946992,14408082025087760
10519856,14408082025091840
12617008,32422480534569728
25199920,14408082293523200
12715312,68451268963599104
25429296,14408074240459520
9962800,14408013306659600
11535664,14408013306663680
13632816,32422411816141568
26215728,14408013575095040
58721584,14408005521048320
4237616,14409318975668480
4278576,14411303250559235
8554800,13846369022247680
12618032,14409181536715520
12650800,14411303250559745
13633840,14409112818287360
8950064,5401020175745840
12620080,14408219430486800
9048368,14408210840552240
12624176,14478588174664448
9077040,14408219430486800
10649904,14408219430490880
12747056,32422617939968768
25329968,14408219698922240
12878128,14408219698922240
25461040,5401020981052160
25559344,14408211645858560
40496,13512117688729904
8402480,13563786011083568
8427056,13528610228929328
8431152,13563794601018128
176688,13529434795540784
8434224,4556870157075248
8532528,13564060821881648
9450032,4556595280216880
12595760,13845260920685360
8442416,4556595279168305
8540720,13563785943974705
430640,13511842877931824
8557104,13528885039727408
4756016,14355442905907568
6328880,14355442905911600
12620336,13810085138531120
21008944,14355443174342960
9572912,13528610162869040
21238320,14355435121279280
8561200,13564069411816208
4760112,14373035091951920
8954416,4838070255878960
12624432,13845269510619920
9052720,13845260920685360
9577008,13563794534957840
13115952,14408073435153200
8569392,13563794533909265
13124144,14408004715676465
2785840,14355442905911600
4882992,32369841415389488
9077296,13810085138531120
17465904,14355443174342960
5014064,14355443174342960
17596976,5348244456472880
21266992,14355443711213840
13140528,14372897652998960
17695280,14355435121279280
14156336,14372828934570800
8432688,13564894112645888
8473648,13566878387536643
8434736,13564069411816208
8926256,13845260920685360
9450544,13563794534957840
8442928,13563794533909265
2659376,14355442905911600
4756528,32369841415389488
8950832,13810085138531120
17339440,14355443174342960
4854832,68398629844418864
17568816,14355435121279280
123952,13564894045536515
8447024,13634163278086913
8496176,13564894045537025
8561712,31578467921298176
8692784,13564069680251648
8954928,13845269510619920
9479216,13563811714827008
10527792,13845269510624000
12624944,31859668020101888
25207856,13845269779055360
41985072,13563794802410240
9577520,31578193044439808
12723248,67888456449131264
9708592,13563794803393280
25437232,13845261725991680
42214448,13563786749346560
8504368,13564756606583555
8569904,31578193043391233
8700976,13563794802344705
9520176,13564687888155395
4883504,68398638434353424
6456368,68398638434357504
12747824,67853280666977024
21136432,68398638702788864
17597488,14355443711213840
19170352,14355443711217920
21267504,32369842220695808
25461808,13810085943837440
42239024,13528610967192320
21365808,68398630649725184
4757552,14356542417535280
124976,4559893814051075
223280,13567084478857475
8497200,4559893814051585
8562736,13565168923443968
12625968,13846369022247680
8595504,13567084478857985
9578544,13564894046585600
247856,13531908696703235
8505392,4559756375098115
8570928,13564894045537025
8603696,13566947039904515
9521200,4559687656669955
12666928,13848353297138435
8620080,13531908696703745
21268528,14356543222841600
8564784,13564619134075664
13119536,14408210840552240
13144112,14373035058398000
8822832,13564619402511104
13148208,14408219430486800
14721072,14408219430490880
29401136,14408219698922240
29630512,14408211645858560
8634416,13564894011982595
29655088,14373035863704320
12648912,14411299174744835
25231824,5404100456874755
8408272,13566874294944515
8593616,13567080403043075
8724688,4559881685172995
8798416,13564881916658435
29376720,14409100688360195
1278160,13514316731908355
1409232,4507118014038275
1507536,13514308678844675
8847568,13531896567825155
22085840,14358527450546435
29425872,14376115339526915
542544,14408000689144115
16795472,14408001226014995
8914768,14408000689144625
25167696,14408001226015505
16797008,14409100737642755
8457552,13848349270606595
16846160,14376115388809475
25169232,14409100737643265
25183568,14478369936638723
25232720,14409100704088835
12650832,14411299190473475
25233744,5404100472603395
676176,14408206797242675
16929104,14408207334113555
807248,5401008079372595
4477264,14408207334113555
9048400,14408206797243185
25301328,14408207334114065
9179472,5401008079373105
12849488,14408207334114065
8544592,14056363076354819
16933200,14478576078291203
4481360,14478576078291203
8675664,5049164358484739
12607824,14619175590822659
25190736,5611976872952579
16982352,14409306845741315
4530512,14409306845741315
25305424,14478576078291713
12853584,14478576078291713
16957776,14408211629080835
4505936,14408211629080835
934224,14408207334113555
2507088,14408207334117635
4604240,32422605843595523
8798544,13915626124870403
17187152,14408208407855363
25313616,14478438639338243
12861776,14478438639338243
21512528,17785700896211219
23085392,17785700896215299
29376848,15604269826704131
46154064,14478369919927043
25330000,14408211629081345
12878160,14408211629081345
8847696,13846356892320515
25362768,14409169406788355
12910928,14409169406788355
29426000,15535000594154243
46203216,14409100687377155
9306448,14408207334114065
10879312,14408207334118145
12976464,32422605843596033
25559376,14408208407855873
29884752,17785700896211729
31457616,17785700896215809
30288,13563781917442355
8402512,13563781917442865
284240,13528598082224435
8410704,13563644478489395
333392,13512105407807795
8656464,13528598082224945
288336,13563782454313235
8660560,13563782454313745
8668752,13563645015360275
8930896,13845050735723315
17319504,14372816853926195
25183824,13845051272594195
41961040,13563576295949075
17368656,14356324179509555
25691728,14372816853926705
203344,13514303894192435
334416,4507105176322355
461392,13514304431063315
4786768,14358522665894195
17369680,5351323948024115
21039696,14358523202765075
8540752,13563781883888435
8671824,4556583166018355
8798800,13563782420759315
13124176,14408000655590195
25707088,5400801937720115
29377104,14408001192461075
334928,13514304431063315
289872,13564881965940995
339024,13531896617107715
8465488,13566943013372675
8662096,13564881965941505
8473680,13566874293895943
8670288,13564744526988035
25185360,13846150784221955
41962576,13564675807576835
363600,13514308726030595
461904,31528702940545283
8719440,13531759178154755
17370192,14358523202765075
18943056,14358523202769155
21040208,32372921712247043
25234512,13813165435388675
42011728,13531690458743555
8672336,13563782420759315
8676432,13634151164936963
8725584,13564881932387075
8701008,13563786715726595
8799312,31578180930241283
25707600,14408001192461075
27280464,14408001192465155
29377616,32422399701943043
8595536,13567080418771715
8726608,4559881700901635
8800336,13564881932387075
29378640,14409100704088835
8849488,13531896583553795
29427792,14376115355255555
421968,13564607037702419
4747344,14408206797242675
17330256,5401008079372595
21000272,14408207334113555
8794192,13564607037702929
13119568,14408206797243185
25702480,5401008079373105
29372496,14408207334114065
8802384,13564057281889043
9064528,13845256843821875
17453136,14373022962024755
25317456,13845257380692755
42094672,13563782404047635
5001296,14373022962024755
9195600,4838058125951795
12865616,13845257380692755
13127760,14408069358289715
25710672,5400870640419635
29380688,14408069895160595
17502288,14356530287608115
5050448,14356530287608115
25825360,14373022962025265
13373520,14373022962025265
450640,13564611332669699
21028944,14408211629080835
8806480,13634426026066691
17457232,14408207334113555
19030096,14408207334117635
21127248,32422605843595523
25321552,13915626124870403
42098768,13634151148225283
5005392,14408207334113555
6578256,14408207334117635
12869712,13915626124870403
21258320,14408208407855363
29384784,14478438639338243
8822864,13564611332670209
29401168,14408211629081345
8855632,13565156793516803
25370704,13846356892320515
42147920,13564881915675395
12918864,13846356892320515
29433936,14409169406788355
25829456,14408207334114065
27402320,14408207334118145
29499472,32422605843596033
13377616,14408207334114065
14950480,14408207334118145
29630544,14408208407855873
8831056,13564061576856323
9617488,13563794753061635
25346128,13845261675660035
42123344,13563786699014915
9748560,4556596035191555
12894288,13845261675660035
29409360,14408074190127875
8863824,13564881915609863
29442128,14409100687311623
9322576,13845257380692755
9846864,13563786699997955
10895440,13845257380696835
12992592,31859655890174723
25575504,13845258454434563
42352720,13563783477789443
25837648,14408069895160595
27410512,14408069895164675
29507664,32422468404642563
13385808,14408069895160595
14958672,14408069895164675
29638736,14408070968902403
29900880,15533901082526483
46678096,14408001175749395
30425168,14408005471699715
31473744,15533901082530563
48250960,14408001175753475
62931024,14408002249491203
8914832,14409099933385520
8915856,5404099701900080
12585872,14411298956641040
8916368,14411298956641040
9440656,13848353300284160
10489232,14411298956645120
12586384,32425697466123008
25169296,14411299225076480
13633936,14411303220151040
9048464,14409306041484080
5284240,14409318928482560
5325200,14411303203373315
12665232,14481667650487043
9601424,13846368975061760
13664656,14409181489529600
13697424,14411303203373825
25559440,14409306846790400
8402576,13564881161683760
1087120,13512117490549040
8472208,13566874026509075
8403600,4559880930198320
1088144,4507117259063600
1186448,13514307923870000
8526480,13531895812850480
8530576,13567080184939280
1215120,13514316513804560
5769872,14358526695571760
13109904,14376114584552240
8404112,13567080184939280
1088656,13514316513804560
1092752,13531908699848960
8432784,13567084479906560
8531088,31581478694421248
8662160,13567080453374720
9448592,13566947043050240
8473744,13571272073020163
9456784,13566878323573505
1215632,31528715023286528
1346704,13514316782240000
9473168,13531771260896000
9479312,13564894015128320
9520272,13566878290019075
9480336,4559893783642880
9578640,13567084448449280
9603216,13531908666295040
13119632,14409306041484080
8605840,13567080134607635
5804176,14356542370349360
1171600,4559893766865155
1269904,13567084431671555
8609936,13637448878785283
9543824,4559893766865665
9609360,13565168876258048
13672592,13846368975061760
9642128,13567084431672065
29630608,14409306846790400
1294480,13531908649517315
8634512,13567084429574915
9552016,4559756327912195
9617552,13564893998351105
8863888,13567080403043075
9650320,13566946992718595
13189264,14411298906309395
13713552,13848353249952515
14762128,14411298906313475
29442192,14411299174744835
9666704,13531908649517825
22315152,14356543175655680
8916752,14409099999445808
538384,14408206579138928
2111248,14408206579142960
4208400,32422605088620848
8402704,13915625369895728
16791312,14408206847574320
8427280,13845260920685360
4331280,68416217735495984
8525584,31859655135200048
8656656,13845256894153520
17045264,14373023012356400
8918800,14408069140185968
10491664,14408069140190000
12588816,32422467649667888
25171728,14408069408621360
567056,14408210874106160
665360,32422605088620848
4335376,68451402107584784
796432,14408206847574320
17049360,14408207384445200
8922896,14478437884363568
608016,14409099932336435
8931088,14478369164886833
8947472,14408073435153200
8980240,14409099932336945
9045776,32422467649667888
12715792,68451264668631824
9176848,14408069408621360
25429776,14408069945492240
9963280,14408004716725040
11011856,15533900327555888
13109008,33548298837033776
25691920,15533900595987248
42469136,14408000689210160
58722064,14408001226081040
4209424,14409306090766640
8526608,13846356137345840
12589840,14409168651813680
666384,14409306090766640
609040,5404099700850995
4279056,14411298955591955
8981264,5404099700851505
12651280,14411298955592465
9046800,14409168651813680
13110032,15534999839179568
12595984,14478575289762608
12620560,14408210840552240
9048848,14408206545585008
10621712,14408206545589040
12718864,32422605055066928
25301776,14408206814020400
12849936,14408206814020400
25432848,5401008096150320
9052944,14478575289762608
9077520,14408210840552240
9306896,14408206814020400
25559824,14408207350891280
15205136,17785700107686704
29885200,17785700376118064
539920,14409306090766640
8920336,14409168651813680
4336912,68452501619212544
17050896,14409306896072960
609552,14411298955591955
2182416,14411298955596035
4279568,32425697465073923
8473872,13918717746348803
16862480,14411299224027395
8981776,14411298955592465
10554640,14411298955596545
12651792,32425697465074433
25234704,14411299224027905
12717328,68452364180259584
25431312,14409169457120000
58723600,14409100737708800
8926480,14478575289762608
8951056,14408210840552240
9049360,32422605055066928
12719376,68451402074030864
9180432,14408206814020400
25433360,14408207350891280
12723472,68521770818208512
25437456,14478576095068928
12748048,68451406368998144
25462032,14408211645858560
12977424,68451402342466304
25560336,32422605860373248
9050384,14409306057212720
12667152,14481667666215683
25561360,14409306862519040
8941840,5612113506599729
12611856,14619312761340689
700688,14409035457495344
930064,14409031430963504
17182992,14409031967834384
9056528,14478850150892336
6828304,17785906249339184
13119760,15604475179828016
21508368,17785906517770544
741648,14409306040434995
9064720,14478575272985393
9081104,14408485701681968
9998608,5401020160017200
13144336,15534110730617648
13668624,14408219414758160
9113872,14409306040435505
9310480,14408481675150128
25563408,14408482212021008
10096912,14408210824823600
11145488,15534106435654448
13242640,33548504945132336
25825552,15534106704085808
42602768,14408206797308720
58855696,14408207334179600
13373712,15534106704085808
21762320,17750722682552624
25956624,6526907986215728
42733840,5401008079438640
29626640,15534107240956688
46403856,14408207334179600
15208720,17785768810386224
29888784,17785769078817584
12640528,14619317056307969
8610064,14057462319547139
12673296,14620274834014979
9068816,14619312761340689
10641680,14619312761344769
12738832,32633711270822657
25321744,14619313029776129
12869904,14619313029776129
25452816,5612114311906049
17211664,14409036262801664
13672720,14478588158935808
25567504,14478850956198656
58859792,14478576078357248
21766416,17785907054641424
23339280,17785907054645504
29630736,15604475985134336
46407952,14478576078357248
17252624,14409306845741315
25575696,14478576078291713
25592080,14408486506988288
10125584,14408219414758160
11698448,14408219414762240
13795600,32422617924240128
26378512,14408219683193600
58884368,14408211629146880
13926672,14408219683193600
26509584,5401020965323520
29655312,15534111535923968
46432528,14408211629146880
25624848,14409306845741825
26083600,15534107240956688
42860816,14408207334179600
26607888,14408211630129920
27656464,15534107240960768
44433680,14408207334183680
29753616,33548505750438656
46530832,32422605843661568
59113744,14408208407921408
30146832,17785769615688464
31719696,17785769615692544
63439120,17785700896277264
65011984,17785700896281344
8404496,13564881227744048
8474128,13566874092569363
95760,13564881160634675
8418832,13634150393185073
8435216,13564060821881648
8467984,13564881160635185
8533520,31578455036396336
8664592,13564056795349808
8926736,13845256625718128
9451024,13563785945023280
10499600,13845256625722160
12596752,31859655135200048
25179664,13845256894153520
41956880,13563781917508400
8443408,13563785943974705
8476176,13564743721681715
8541712,31578180158489393
8672784,13563781917442865
9475600,13528610162869040
4855312,68398625549451632
6428176,68398625549455664
12719632,67853267782075184
21108240,68398625817887024
17569296,14355430826312048
19142160,14355430826316080
21239312,32369829335793968
25433616,13810073058935600
42210832,13528598082290480
8955408,13845260920685360
9479696,13563794534957840
4859408,68416217735495984
9053712,31859655135200048
12723728,67888452154163984
9184784,13845256894153520
17573392,14373023012356400
25437712,13845257431024400
42214928,13563782454379280
11019792,14408069140190000
13116944,32422467649667888
25699856,14408069408621360
8996368,13846149978915635
11027984,14408000420713265
13125136,32422398930191153
25708048,14408000689144625
4883984,68398629844418864
17597968,14355435121279280
5113360,68398625817887024
17696272,32369829335793968
21366288,68398626354757904
13239824,68416080296543024
25953808,14372885573403440
59246096,14372816853992240
96784,4559880929149235
8469008,4559880929149745
8534544,13565156038542128
12597776,13846356137345840
219664,13531895811801395
8477200,4559743490196275
8542736,13564881160635185
8591888,13531895811801905
21240336,14356530337939760
223760,13567080183890195
8595984,13567080183890705
9054736,13846356137345840
13117968,14409168651813680
8604176,13566942744937235
4803088,14376114583503155
8997392,4841149747430195
12667408,13848349002171155
13126160,14409099932336945
13175312,14376114583503665
17697296,14356530337939760
8565264,13564610544141104
8794640,13564606517609264
13120016,14408206545585008
14692880,14408206545589040
29372944,14408206814020400
8606224,13564881127080755
29626896,14373022978802480
13148688,14408210840552240
11149840,14408206545589040
13246992,32422605055066928
25829904,14408206814020400
13378064,14408206814020400
25960976,5401008096150320
29630992,14408207350891280
13189648,14409099898782515
26083856,14373022978802480
97296,13567080183890195
8469520,13567080183890705
8928272,13846356137345840
8477712,13566942744937235
4856848,68399725061079344
17570832,14356530337939760
125968,13567084478857475
224272,31581478693372163
355344,13567080452325635
8481808,13637311489114883
8498192,13567084478857985
9481232,13564894046585600
8596496,31581478693372673
8727568,13567080452326145
12725264,67889551665791744
25439248,13846356942652160
42216464,13564881966007040
8506384,13566947039904515
8604688,31581341254419203
8735760,13566943013372675
8997904,13848349002171155
9522192,13566878321476355
10570768,13848349002175235
12667920,31862747511653123
25250832,13848349270606595
42028048,13566874293961475
21367824,68399725866385664
11023376,14408206545589040
13120528,32422605055066928
25703440,14408206814020400
13243408,68416217701942064
25957392,14373022978802480
13247504,68451402074030864
14820368,68451402074034944
29500432,68451402342466304
25961488,14408207350891280
27534352,14408207350895360
29631504,32422605860373248
29754384,68416218507248384
13121552,14409306057212720
8607760,13567080150336275
8611856,13637448894513923
29632528,14409306862519040
8636432,13567084445303555
8865808,13567080418771715
13191184,14411298922038035
14764048,14411298922042115
29444112,14411299190473475
4812816,14409306040434995
13135888,14478575272985393
9089040,13846085504074544
9613328,13564619118347024
13152272,14408485701681968
13185040,14409306040435505
9318416,13846081477542704
17707024,14373847595745584
25571344,13846082014413584
42348560,13564607037768464
11153424,14408481406718768
13250576,32422879916196656
25833488,14408481675150128
13381648,14408481675150128
25964560,5401282957280048
29634576,14408482212021008
14168080,14408210824823600
15216656,15534106435654448
29896720,15534106704085808
46673936,14408206797308720
59256848,5401008079438640
62926864,14408207334179600
13160464,14408210823775025
9130000,13846356087014195
13193232,14409168601482035
11161616,14408206528811825
13258768,32422605038289713
25841680,14408206797243185
13389840,14408206797243185
25972752,5401008079373105
29642768,14408207334114065
17731600,14356259704668464
14192656,14373035042669360
26087440,14373297839932208
59379728,14373022962090800
23859216,17733130496512304
30150672,15498922868867888
46927888,14373022962090800
21323792,14409306845741315
29646864,14478576078291713
9871376,13564619386782464
25600016,13846086309380864
42377232,13564611332735744
29663248,14408486506988288
14196752,14408219414758160
15769616,14408219414762240
30449680,14408219683193600
62955536,14408211629146880
29696016,14409306845741825
26091536,14408482212021008
27664400,14408482212025088
29761552,32422880721502976
59383824,14408207334179600
60956688,14408207334183680
63053840,32422605843661568
30154768,15534107240956688
46931984,14408207334179600
30679056,14408211630129920
31727632,15534107240960768
48504848,14408207334183680
63184912,14408208407921408
9682960,13564893996253955
29671440,14408211629081345
25640976,13846356892320515
42418192,13564881915675395
29704208,14409169406788355
62996496,14409100687377155
26099728,14408207334114065
27672592,14408207334118145
29769744,32422605843596033
30703632,14373035847975680
1067488,337563276541955
16796128,900505174802435
17828320,865329394745345
17842656,898314710024195
17891808,865329361190915
103136,3517898031155
332512,3509844967475
1118944,3380461174835
1315552,1319413743665
361184,3518434902035
1376992,3380998045715
1639136,284786718408755
17367776,847728616669235
17892064,284787255279635
34669280,3312278634515
18350816,845538185445425
230624,13514316780142595
361696,4507118062272515
460000,13514308727078915
1246432,13514179343286275
1377504,4506980625416195
5309664,13795585600520195
17892576,4788386882650115
34669792,4506911906004995
21038304,14358527498780675
1443040,13512118295855105
22021344,14356337067556865
1317088,3518436999185
59616,56294456164355
288992,56286403100675
1075424,56157019308035
1321184,21110623043585
313568,21110620946435
1329376,20973184090115
9455840,56088299831555
17844448,302379441324035
34621664,20904464678915
362720,7916481413123
1345760,3535616868353
1378528,7779044556803
17893600,289185301790723
34670816,7710325145603
1444064,4507118064369665
18352352,847737208700945
19925216,847737208705025
22022368,5351336836071425
1380576,3518403444755
1335520,54095938322435
1384672,21110589489155
1409248,3535583313923
1507552,4507118030815235
18415840,847737175146515
19988704,847737175150595
22085856,5351336802516995
16790368,897412797300785
54112,334470896943155
283488,334462843879475
16798560,897275358347315
16814944,862237015146545
566112,897420850364465
16819040,897421387235345
795488,897412797300785
312160,334471433814035
574304,897283411410995
16827232,897283948281875
803680,897275358347315
1590112,897214692982835
17318752,2023106545713203
34095968,897206638936115
17843040,897215229853715
820064,862237015146545
4236640,14408219732475905
16819552,5401021014605825
16917856,14408211679412225
4466016,14408211679412225
181600,13845269779054595
312672,4838071061184515
4244832,14408082293522435
16827744,5400883575652355
410976,13845261725990915
16926048,14408074240458755
4474208,14408074240458755
5260640,14408013575094275
17843552,5400814857224195
20989280,15533905427824643
37766496,14408005521047555
16942432,14373035897257985
4490592,14373035897257985
108896,337769431826435
16820576,898520898863105
338272,337761378762755
16853344,900573893230595
313696,335570945441795
16828768,898383459909635
16861536,900505173753863
17844576,898314741481475
362848,302585596608515
16877920,865398111076355
17893728,865329392648195
25233760,900505173754115
577888,897420816810035
16830816,897421353680915
807264,897412763746355
16834912,967790097858563
16884064,898520865308675
4374880,14408219698921475
16957792,5401020981051395
835936,897421353680915
2408800,897421353684995
4505952,5401020981051395
17088864,897422427422723
4604256,14408211645857795
105056,3517964091443
334432,3509911027763
363104,3518500962323
17369696,847728682729523
62048,53270798139443
291424,53262745075763
1077856,52995921281075
16806496,334462843879475
33583712,52987867234355
307808,18636718735409
316000,18086962921523
8442464,52995920232755
16831072,299287061725235
33608288,17812085080115
1331808,17812086063155
8671840,52987867169075
365152,1594288504883
16880224,282794387308595
33657440,1319410663475
430688,4504644160061489
17338976,844644829102193
18911840,844644829106225
21008992,5348244456472625
1380960,1319411646515
21107296,14355435121279025
320096,53271335010323
582240,334470896943155
16835168,334471433814035
33612384,52996457168915
811616,334462843879475
1335904,52996458151955
17326688,897275358347315
17343072,862237015146545
836192,299287061725235
8700512,52996457103635
17351264,862099576193075
18367072,862030857764915
25707104,897206638870835
885344,282794387308595
17400416,845606901776435
4883040,14355443174342705
17465952,5348244456472625
21135968,14355443711213585
2916960,844644829106225
5014112,5348244456472625
17597024,844645902843953
18416224,845538183348275
5112416,14355435121279025
232544,13514316846202883
363616,4507118128332803
461920,13514308793139203
21040224,14358527564840963
431200,13511843414802449
4756576,14355443174342705
17339488,5348244456472625
21009504,14355443711213585
17437792,14355435121279025
4985952,14355435121279025
189536,13564069680250883
320608,4556870962380803
4252768,13845269779054595
16835680,4838071061184515
33612896,4556596084539395
418912,13564061627187203
1205344,13563794803392515
16933984,13845261725990915
33711200,13563786749345795
1336416,4556596085522435
4482144,13845261725990915
20997216,14408074240458755
435296,13529435600846849
21013600,14373035897257985
443488,13528885845032963
8569952,13563794802344195
16958560,13810085943836675
33735776,13528610967191555
4506720,13810085943836675
8701024,4556596084474115
21021792,14372898458304515
1459296,13528610968174595
8799328,13563786749280515
22037600,14372829739876355
29377632,14408005520982275
492640,13512393170616323
17007712,13793593269420035
33784928,13512118292774915
4555872,13793593269420035
21070944,14356405783887875
17466464,14355443711213585
19039328,14355443711217665
21136480,32369842220695553
5014624,14355443711213585
6587488,14355443711217665
21267552,14355444784955393
1508448,13512118293757955
22086752,14356337065459715
366688,3793311760403
628832,284992873693235
16881760,284993410564115
33658976,3518433918995
17340512,845744340729905
858208,284984820629555
1382496,3518434902035
17373280,847797335097395
125024,56294455115783
321632,54370846638083
16836704,335570945441795
33613920,54095968796675
354400,56286402052103
1337440,54095969779715
370784,21385497804803
8497248,56294455116035
16885856,302585596608515
33663072,21110619963395
1386592,21110620946435
8726624,56286402052355
378976,21110619897863
8702048,54095968731395
493664,4507392939130883
4425824,13795791755804675
17008736,4788593037934595
33785952,4507118061289475
886880,284993410564115
1411168,3535614771203
2459744,284993410568195
4556896,4788593037934595
8751200,21110619898115
17139808,284994484305923
33917024,3519507660803
17401952,847805925031955
18974816,847805925036035
21071968,5351405552402435
21137504,14356543222841345
1509472,4507118062272515
4655200,13795783702740995
21170272,14358596217208835
18417760,847737206603795
19990624,847737206607875
22087776,5351336833974275
323680,53821057269779
17330272,897412763746355
17354848,862236981592115
17404000,845744307175475
450656,4557420684640259
17358944,897421353680915
18931808,897421353684995
21028960,5401020981051395
21127264,14408211645857795
21151840,14373035863703555
21200992,14356543189286915
1575840,865328656547888
1061792,335570143281200
566176,898520094605360
1581984,898382657749040
607136,900504369496115
1131424,337563008106515
1590176,898313938272305
1639328,865328589439025
9962400,898313938272560
5246368,14376127538659328
4236704,14409318976716800
1189280,13846369025392640
5252512,14409181539860480
1131936,4841162635476995
4277664,14411303251607555
5260704,14409112820383745
5309856,14376127471550465
13632928,14409112820384000
539040,900710527926320
1063328,337769166536720
563616,865534745772080
1579424,865397308915760
567712,900719117860880
1092000,337786346405888
2140576,900719117864960
4237728,5404318745231360
16820640,900719386296320
1190304,4841368793907200
4336032,14411509410037760
1321376,337769434972160
17050016,900711333232640
1583520,900581681004560
3156384,900581681008640
5253536,5404181308375040
17836448,900581949440000
1132960,341961054617603
1591712,900512961527825
3164576,900512961531905
5261728,5404112588898305
17844640,900513229963265
4360608,14376333627883520
17074592,865535551078400
5376416,14376196191027200
18090400,865398114222080
9963936,900512961528080
11536800,900512961532160
13633952,5404112588898560
26216864,900513229963520
51382688,865329394810880
1585568,898520063148080
5382560,14409318945259520
18096544,898520868454400
1655200,900512927973395
3228064,900512927977475
5325216,5404112555343875
17908128,900513196408835
40608,4507117458292784
138912,13514308123099184
1056416,4506980021436464
167584,13514316713033744
1183392,13514179276177424
1576608,4788386278670384
4722336,14358526894800944
5246624,13795585533411344
1185440,13512117557657648
5768864,14356336329359408
1063584,21109884846128
1088160,3534878670896
1186464,4507117326172208
1317536,3517967237168
3672736,847736470507568
5769888,5351336097873968
18352800,847736738938928
94880,56285597794355
1077920,54095166570545
1127072,21109817737265
9450144,54095166570800
119456,21109815640115
1135264,20972378783795
1151648,3534811562033
1249952,4507117259063345
1381024,3517900128305
5378720,13793592467259440
18092704,282794390454320
34869920,1319413809200
123552,56294187728915
1139360,56156750872595
1655456,302378636017715
9519776,56088031396115
4883104,14356542418583600
17597088,845744341778480
3736224,847736403398705
5833376,5351336030765105
18416288,847736671830065
5898912,14356404981727280
18612896,845606904922160
51905184,845538185510960
1186976,13514316580913168
1191072,13531908766957568
1215648,13514333760782336
1445024,13514316849348608
5770400,14358535352614928
7343264,14358535352619008
22023328,14358535621050368
4756640,14356542418583600
1250464,13514316513804305
1709216,13793592467259440
5772448,14356404981727280
124064,4559893815099395
222368,13567084479905795
1139872,4559756378243075
1205408,13564894048681985
1254560,13531908699848705
9577632,13564894048682240
246944,13531908697751555
1262752,13531771260895235
5325984,13813177518129155
9520288,4559687658766595
1279136,13514333693673473
21267616,14356543223889920
1508512,13514316782239745
5833888,14358535285506065
7406752,14358535285510145
22086816,14358535553941505
18220192,13793593272565760
34997408,13512118295920640
22283424,14356405787033600
55575712,14356337067622400
1079456,56294189826065
1587360,302584794447920
9451680,56294189826320
1611936,285009788272688
2660512,847942559731760
4757664,5351542187098160
17340576,847942828163120
1710240,4788592235774000
4855968,14358732851904560
5380256,13795791490514960
1841312,284992876838960
17569952,847934775099440
18094240,284993413709840
34871456,3518437064720
3676320,847805122875440
5773472,5351404750241840
18356384,847805391306800
125088,60692234240003
1108128,56311369695233
1140896,60554797383683
1206432,4559893817196545
1337504,56294458261505
9480352,56311369695488
5384352,13813383676559360
9578656,4559893817196800
9709728,56294458261760
18098336,302585599754240
34875552,21110623109120
9521312,60486077907203
4884640,14358741441839120
5408928,13795808670384128
6457504,14358741441843200
21137568,14358741710274560
17598624,847943365034000
18122912,285010593579008
34900128,3535616933888
19171488,847943365038080
21268640,5351542992404480
5638304,13795791758950400
18221216,4788593041080320
34998432,4507118064435200
21366944,14358733657210880
5900448,14358604004982800
7473312,14358604004986880
22153376,14358604273418240
18614432,847805928177680
20187296,847805928181760
22284448,5351405555548160
51906720,847737208766480
53479584,847737208770560
55576736,5351336836136960
1142944,56294156271635
5902496,14356542387126320
18616480,845744310321200
1171616,56311336140803
1269920,4559893783642115
1400992,56294424707075
22413472,14356543192432640
4208416,14408210941214768
4232992,14373035159060528
567072,5401020276408368
4237088,14408219531149328
665376,14408210941214768
689952,14373035159060528
568096,898520160665648
609056,900504435556403
176928,4838894889599024
308000,335295530663984
570144,897695459836016
2143008,897695459840048
4240160,5401295087206448
16823072,897695728271408
4338464,14408485752012848
17052448,897687675207728
1585952,897420582977648
3158816,897420582981680
5255968,5401020210348080
17838880,897420851413040
50344736,897412797366320
119584,335570140135475
578336,897420581929073
2151200,897420581933105
4248352,5401020209299505
16831264,897420850364465
4346656,14408210874105905
17060640,897412797300785
4363040,14373309969858608
17077024,862511893053488
8950560,897420581929328
10523424,897420581933360
12620576,5401020209299760
25203488,897420850364720
50369312,862237015212080
5378848,14373035093000240
12718880,14408210874106160
18092832,862237016195120
25432864,897412797301040
582432,967789326106673
631584,898520093556785
697120,5401295087206448
4367136,14408494341947408
828192,897695728271408
17081120,897696265142288
1614624,897437762846768
2663200,2023320488775728
4760352,6526920116142128
8954656,967789326106928
17343264,2023320757207088
34120480,897420850430000
50373408,897421387300880
1712928,5401020210348080
4858656,15534110780948528
5382944,14408219465089040
1844000,897420851413040
17572640,2023312704143408
34349856,897412797366320
18096928,897421388283920
639776,898382654603315
705312,5401020209299505
4375328,14408219464040465
836384,897420850364465
17089312,897421387235345
1655584,898313936175155
4883232,15498934998794288
9077536,5401020209299760
12747552,14408219464040720
9208608,897420850364720
17597216,1988136921989168
34374432,862237015212080
25461536,897421387235600
4238624,14409319042777088
4279584,14411303317667843
177440,13846094144339984
570656,5401295087206448
4240672,14408494341947408
668960,14408485752012848
1586464,5401020210348080
4732192,15534110780948528
5256480,14408219465089040
578848,5401020209299505
4248864,14408219464040465
677152,14408210874105905
693536,14373309969858608
4756768,15498934998794288
8951072,5401020209299760
12621088,14408219464040720
1709344,14373035093000240
9049376,14408210874106160
4252960,14478588208218113
4302112,14409318975668225
435488,13846094412775424
697632,14408494341947408
2270496,14408494341951488
4367648,32422892851429376
16950560,14408494610382848
4498720,14408494610382848
17081632,5401295892512768
4760864,15534119370883088
5285152,14408236644958208
6333728,15534119370887168
12625184,14478588208218368
21013792,15534119639318528
37791008,14408219732541440
50373920,5401021014671360
17179936,14408486557319168
1713440,14408219465089040
3286304,14408219465093120
5383456,32422617974571008
17966368,14408219733524480
50472224,14408211679477760
5514528,14408219733524480
18097440,5401021015654400
21243168,15534111586254848
38020384,14408211679477760
247072,13846369022246915
4310304,14409181536714755
705824,14408219464040465
2278688,14408219464044545
4375840,32422617973522433
16958752,14408219732475905
4506912,14408219732475905
17089824,5401021014605825
5326112,14409112818286595
17188128,14408211679412225
17204512,14373310775164928
9078048,14408219464040720
10650912,14408219464044800
12748064,32422617973522688
25330976,14408219732476160
50496800,14373035897323520
12879136,14408219732476160
21267744,15498935804100608
38044960,14373035897323520
25462048,5401021014606080
18220320,14373035898306560
25560352,14408211679412480
571680,898794971463728
604448,900710526877745
1587488,898520094605360
121120,337769163390995
579872,898520093556785
612640,900573087924275
629024,865534744723505
8952096,898520093557040
125216,408137907568643
633120,900719116812305
2205984,900719116816385
4303136,5404318744182785
16886048,900719385247745
4368672,14409593853575168
17082656,898795776770048
50374944,898520898928640
4401440,14411509408989185
17115424,900711332184065
5384480,14409318976716800
18098464,898520899911680
248096,4841368790761475
379168,337769431826435
641312,900581677858835
2214176,900581677862915
4311328,5404181305229315
16894240,900581946294275
4376864,14409318975668225
17090848,898520898863105
4409632,14411371970035715
17123616,900573893230595
1657120,900512959430675
3229984,900512959434755
5327136,5404112586801155
17910048,900513227866115
50415904,900505173819395
4426016,14376333626834945
17140000,865535550029825
12749088,14409318975668480
25463072,898520898863360
700704,5401844809465904
4370720,14409044064206864
831776,898245450530864
17084704,898245987401744
643360,898520060002355
4628768,14409044332642304
17211680,5401845614772224
4440352,14409318942113795
17154336,898520865308675
106016,4507117457244209
171552,13512392566636592
4234784,13793592665440304
204320,13514308122050609
1187360,13512117689778224
232992,13514316711985169
691744,13793592665440304
4754976,14356405179908144
4787744,14358526893752369
5770784,14356336461479984
177696,13529434862649392
431648,13511842945040432
4757024,14355442973016176
6329888,14355442973020208
21009952,14355443241451568
21239328,14355435188387888
4761120,14373035159060528
2786848,14355442973020208
4884000,32369841482498096
17466912,14355443241451568
5015072,14355443241451568
17597984,5348244523581488
21268000,14355443778322448
17696288,14355435188387888
96800,56285663854643
121376,21109881700403
125472,56294253789203
4885024,14356542484643888
17599008,845744407838768
127520,54370041331763
193056,4557419912888369
324128,53820553953329
1143328,54095164473395
4370976,13810909772251184
8565280,4557419912888624
8696352,53820553953584
17084960,300111695446064
33862176,18636718800944
8507936,54095163425075
4624928,13793317854642224
17207840,4786119136772144
33985056,4504644160127024
4887072,14355717783814256
6459936,14355717783818288
21140000,14355718052249648
17601056,844919707009136
19173920,844919707013168
21271072,5348519334379568
50893344,844644829167728
52466208,844644829171760
54563360,5348244456538160
21369376,14355709999185968
5902880,14355442906955888
7475744,14355442906959920
22155808,14355443175391280
54661664,14355435121344560
18616864,844644830150768
20189728,844644830154800
22286880,5348244457521200
647712,335570140135475
2679328,897420581933105
4776480,5401020209299505
17359392,897420850364465
4874784,14408210874105905
17588768,897412797300785
4891168,14373309969858608
17605152,862511893053488
11051552,897420581933360
13148704,5401020209299760
25731616,897420850364720
50897440,862237015212080
5906976,14373035093000240
13247008,14408210874106160
18620960,862237016195120
25960992,897412797301040
4899360,14373035091951665
17613344,862237015146545
4948512,14356542417535025
17662496,845744340729905
5145120,14355718052249648
17728032,5348519334379568
21398048,14355718589120528
5931552,14355460086825008
6980128,15481342812753968
13271584,14373035091951920
21660192,15481343081185328
38437408,14355443174408240
51020320,5348244456538160
54690336,14355443711279120
18645536,844662010019888
19694112,1970544735948848
36471328,844644829171760
21791264,6474144363315248
38568480,5348244456538160
25985568,862237015146800
51151392,844645902909488
6160928,14355443175391280
18743840,5348244457521200
21889568,15481335028121648
38666784,14355435121344560
22413856,14355443712262160
4758560,14356542484643888
125984,4559893881159683
224288,13567084545966083
248864,13531908763811843
21269536,14356543289950208
193568,13564619167629329
4748320,14408210874105905
701472,13810909772251184
8565792,13564619167629584
4764704,14373309969858608
5780512,14373035093000240
13120544,14408210874106160
4772896,14373035091951665
4822048,14356542417535025
955424,13793317854642224
17208352,13793318391513104
33985568,13511843414867984
2790432,14355717783818288
4887584,32370116293296176
17470496,14355718052249648
5018656,14355718052249648
17601568,5348519334379568
21271584,14355718589120528
5805088,14355460086825008
6853664,15481342812753968
13145120,14373035091951920
21533728,15481343081185328
38310944,14355443174408240
50893856,5348244456538160
54563872,14355443711279120
17699872,14355709999185968
3806240,14355442906959920
5903392,32369841416437808
18486304,14355443175391280
50992160,14355435121344560
6034464,14355443175391280
18617376,5348244457521200
21763104,15481335028121648
38540320,14355435121344560
22287392,14355443712262160
255008,13565168923443203
4318240,13846369022246915
451616,13564619436064769
4776992,14408219464040465
6349856,14408219464044545
21029920,14408219732475905
1270816,13564894046584835
21259296,14408211679412225
8823840,13564619436065024
17212448,13810910577557504
33989664,13529435600912384
21275680,14373310775164928
13149216,14408219464040720
14722080,14408219464044800
29402144,14408219732476160
54567968,14373035897323520
22291488,14373035898306560
29631520,14408211679412480
8635424,13564894045536515
21283872,14373035897257985
21333024,14356543222841345
17728544,14355718589120528
19301408,14355718589124608
21398560,32370117098602496
51020832,14355443711279120
52593696,14355443711283200
54690848,32369842220761088
21791776,15481343618056208
38568992,14355443711279120
22316064,14355460892131328
23364640,15481343618060288
40141856,14355443711283200
29656096,14373035897258240
54821920,14355444785020928
18744352,14355443712262160
20317216,14355443712266240
22414368,32369842221744128
129056,56569064587283
620576,337760573456435
1144864,56294187728915
645152,302584791302195
8509472,56294186680595
2725920,847942558683185
4823072,5351542186049585
17405984,847942827114545
4888608,14356817295441968
17602592,846019218636848
50894880,845744340795440
4921376,14358732850855985
17635360,847934774050865
5904416,14356542418583600
18618400,845744341778480
256032,4560168691957763
387104,56569333022723
649248,337769163390995
1173536,56311367598083
2222112,337769163395075
4319264,4841368790761475
8513568,126662930858243
16902176,337769431826435
33679392,56294455181315
1271840,4559893815099395
4417568,13848559455567875
1402912,56294456164355
17131552,337761378762755
33908768,56286402117635
4442144,13813383673413635
8636448,4559893814051075
8767520,56294455116035
17156128,302585596608515
33933344,21110619963395
4950048,14358741440790545
6522912,14358741440794625
21202976,14358741709225985
17664032,847943363985425
19236896,847943363989505
21334048,5351542991355905
21399584,14356818100748288
54691872,14356543222906880
21432352,14358733656162305
22415392,14356543223889920
4894752,14373859692118064
17608736,863061615312944
5148704,14356267774509104
17731616,5349069056639024
21401632,14356268311379984
21405728,14373860497424384
543680,900500342964275
16796608,900500879835155
4214208,14411299225075715
16797120,5404100507205635
17844672,900505143345155
602560,900706451062835
16855488,900706987933715
807360,898507964678195
856512,865522615844915
1155520,337769384640515
16884160,900711282900995
17867200,898520851677185
4399552,14411505333174275
16982464,5404306615304195
860608,900706987933715
1384896,337761331576835
2433472,900706987937795
4530624,5404306615304195
17113536,900708061675523
17899968,900573846044675
1360320,335570898255875
17875392,898383412723715
17908160,900505126567943
4604352,14409306846789635
1409472,302585549422595
17924544,865398063890435
4653504,14376321497956355
26280384,900505126568195
202432,13514303895240755
333504,4507105177370675
460480,13514304432111635
4785856,14358522666942515
17368768,5351323949072435
21038784,14358523203813395
31424,56281571262515
285376,21097736044595
1088192,3517900128305
334528,7903596511283
1317568,3509847064625
289472,56282108133395
17320640,865316507746355
1346240,3518436999185
17369792,852122368213043
18352832,847728618766385
1151680,3517866573875
1381056,3509813510195
1409728,3518403444755
18416320,847728585211955
158912,13567080453373955
289984,4559881735503875
412864,13531896618156035
20991168,14376115389857795
1215680,13514316782239745
1346752,4507118064369665
462016,13518702478622723
21040320,14362921250324483
1445056,13514308729176065
22023360,14358527500877825
1279168,13514316748685315
1410240,4507118030815235
1508544,13514308695621635
22086848,14358527467323395
1108160,56294424707075
1337536,56286371643395
1362112,21110589489155
1411264,7916449955843
17330368,898507964678195
17379520,865522615844915
1413312,3793264574483
1675456,284992826507315
17404096,847934724767795
17928384,284993363378195
34705600,3518386733075
18387136,845744293543985
4919488,14358728775041075
17502400,5351530057170995
21172416,14358729311911955
1904832,284984773443635
2953408,847930429804595
5050560,5351530057170995
17633472,847931503542323
18419904,847797287911475
1171648,56294407929863
1368256,54370799452163
17883328,335570898255875
34660544,54095921610755
1401024,56286354866183
21127360,14409306846789635
1417408,21385450618883
9543872,56294407930115
17932480,302585549422595
34709696,21110572777475
21176512,14376321497956355
9773248,56286354866435
1425600,21110572711943
9748672,54095921545475
1540288,4507392891944963
5472448,13795791708618755
18055360,4788592990748675
34832576,4507118014103555
21201088,14358733606879235
1933504,284993363378195
3506368,284993363382275
5603520,4788592990748675
9797824,21110572712195
18186432,284994437120003
34963648,3519460474883
18448576,847805877846035
20021440,847805877850115
22118592,5351405505216515
22184128,14356543175655425
5177536,14358729311911955
5701824,13795783655555075
6750400,14358729311916035
21430464,14358730385653763
22216896,14358596170022915
4208448,14408206847574065
16791360,5401008129703985
153408,13845256894152755
284480,4838058176282675
4216640,14408069408620595
16799552,5400870690750515
16914240,14373023012356145
4462400,14373023012356145
665408,14408206847574065
16918336,14408207384444945
796480,5401008129703985
4466496,14408207384444945
411456,13845257431023635
673600,14408069408620595
16926528,14408069945491475
804672,5400870690750515
4474688,14408069945491475
4736832,15533900595986483
17319744,6526701878116403
34096960,5400801971339315
20989760,15533901132857363
37766976,14408001226080275
919360,14373023012356145
21497664,17750516574453809
80704,337756546924595
16792384,898508013961265
285504,335558060539955
16800576,898370575007795
334656,302572711706675
16849728,865385226174515
338752,337757083795475
600896,900569061392435
16853824,900569598263315
797504,898508013961265
609088,900500341915703
16862016,900500878786583
805696,898370575007795
17320768,2024201762373683
34097984,898301855596595
854848,865385226174515
8981312,900500341915955
17369920,1991216413540403
34147136,865316506763315
25234240,900500878786835
16806720,967777212956723
16855872,898507980406835
16831296,897412763746355
4346688,14408206814019635
16929600,5401008096149555
807744,897408468779123
2380608,897408468783155
4477760,5401008096149555
17060672,897409542520883
811840,967777212956723
860992,898507980406835
836416,897412763746355
934720,5401008096149555
4604736,14408207350890515
19415872,4274902030880819
21513024,8778501658247219
208192,13848555429036035
339264,4841356711165955
4271424,14411367943503875
16854336,5404169225633795
16919872,14409306896072705
4468032,14409306896072705
4279616,14411299224027143
16862528,5404100506157063
412992,13846356942651395
16928064,14409169457119235
4476224,14409169457119235
20991296,15535000644485123
37768512,14409100737708035
462144,13813371593818115
16977216,14376184108285955
4525376,14376184108285955
12651840,14411299224027395
21040448,15502015295651843
37817664,14376115388874755
25234752,5404100506157315
677184,14408206814019635
16930112,14408207350890515
808256,5401008096149555
4478272,14408207350890515
16934208,14478576095068163
4482368,14478576095068163
16983360,14409306862518275
4531520,14409306862518275
16958784,14408211645857795
4506944,14408211645857795
935232,14408207350890515
2508096,14408207350894595
4605248,32422605860372483
17188160,14408208424632323
21513536,17785700912988179
23086400,17785700912992259
604480,900706466791475
16857408,900707003662355
809280,898507980406835
858432,865522631573555
16886080,900711298629635
4401472,14411505348902915
16984384,5404306631032835
862528,900707003662355
2435392,900707003666435
4532544,5404306631032835
17115456,900708077404163
4606272,14409306862518275
4655424,14376321513684995
815424,968052074086451
8941888,1108514147664179
17330496,2093677103022131
34107712,967777196245043
25194816,1108514684535059
831808,898237380689969
864576,898782841536563
17379648,2024407870472243
34156864,898507963695155
930112,5401832713093169
4600128,14409031967834129
19411264,4275108172533809
21508416,8778707799900209
840000,897687624876083
1626432,897420801081395
17355072,2023312653811763
34132288,897412747034675
17879360,897421337952275
872768,898507963629623
938304,5401282957279283
4608320,14408482212020243
4870464,15534106704085043
17453376,6526907986214963
34230592,5401008079437875
21123392,15534107240955923
37900608,14408207334178835
1855808,897412748017715
2904384,2023308358848563
5001536,6526907986214963
9195840,967777196179763
17584448,2023309432586291
34361664,897409525809203
50614592,897411673292819
19419456,4274970733580339
21516608,8778570360946739
9244992,898507963629875
21631296,17750722682552369
17883456,967790082129923
25223488,1108518979502339
4612416,14478850956197891
12738880,14619313029775619
21127488,15604475985133571
37904704,14478576078356483
25321792,5612114311905539
9199936,1108514684535059
10772800,1108514684539139
12869952,5612114311905539
25452864,1108515758276867
50618688,967780417470467
17932608,898520849580035
4628800,14409036262801409
4661568,14409581723648003
21176640,15535206752583683
37953856,14409306845806595
50667840,898511184920579
21635392,17785907054641169
23208256,17785907054645249
4636992,14408486506987523
5423424,14408219683192835
18006336,5401020965322755
21152064,15534111535923203
37929280,14408211629146115
1884480,897421337952275
3457344,897421337956355
5554496,5401020965322755
18137408,897422411694083
50643264,897415968260099
4669760,14409306845741063
5128512,15534107240955923
5652800,14408211630129155
6701376,15534107240960003
12992832,14478576078291203
21381440,15534108314697731
38158656,14408208407920643
50741568,5401011300663299
21643584,17785769615687699
23216448,17785769615691779
13041984,14409306845741315
204352,13514303961301043
335424,4507105243430963
462400,13514304498171923
4787776,14358522733002803
17370688,5351324015132723
21040704,14358523269873683
161344,13564056795349043
292416,4556858077478963
4224576,13845256894152755
16807488,4838058176282675
33584704,4556583199637555
407104,13529422715945009
20985408,14373023012356145
415296,13528872960131123
8541760,13563781917442355
16930368,13810073058934835
33707584,13528598082289715
4478528,13810073058934835
8672832,4556583199572275
20993600,14372885573402675
431680,13511834824867889
21009984,14355435121279025
464448,13512380285714483
16979520,13793580384518195
33756736,13512105407873075
4527680,13793580384518195
21042752,14356392898986035
17438272,14355430826311793
19011136,14355430826315825
21108288,32369829335793713
4986432,14355430826311793
6559296,14355430826315825
21239360,14355431900053553
419392,13564057332219923
681536,13845256894152755
16934464,13845257431023635
33711680,13563782454378515
812608,4838058176282675
4482624,13845257431023635
4744768,14408069408620595
17327680,5400870690750515
20997696,14408069945491475
17442368,14373023012356145
4990528,14373023012356145
935488,13810073058934835
8799808,13563782454313235
17450560,14372885573402675
4998720,14372885573402675
13125184,14408000689144115
21513792,15498716760768563
38291008,14372816853991475
25708096,5400801971274035
29378112,14408001226014995
17466944,14355435121279025
5015104,14355435121279025
984640,13793580384518195
17499712,14356392898986035
5047872,14356392898986035
21562944,15482224086351923
38340160,14356324179574835
3016256,14355430826315825
5113408,32369829335793713
17696320,14355431900053553
23594560,17732924388413489
96832,56281570213943
293440,54357961736243
16808512,335558060539955
33585728,54083083894835
342592,21372612902963
8469056,56281570214195
16857664,302572711706675
33634880,21097735061555
350784,21097734996023
8673856,54083083829555
367168,3784721825843
1153600,3517898031155
16882240,284984820629555
33659456,3509843984435
465472,4507380054229043
4397632,13795778870902835
16980544,4788580153032755
33757760,4507105176387635
858688,284980525662323
1382976,3509844967475
2431552,284980525666355
4528704,4788580153032755
8723008,21097734996275
17111616,284981599404083
33888832,3506622758963
17373760,847793040130163
18946624,847793040134195
21043776,5351392667500595
21109312,14356530337939505
354880,56282107084823
813632,335558060539955
17328704,898370575007795
862784,302572711706675
8727104,56282107085075
17377856,865385226174515
17386048,865316506697783
25709120,898301855531315
887360,284984820629555
1411648,3518434902035
17402432,847797335097395
985664,4788580153032755
4655680,13795779407773715
4917824,14358591385370675
17500736,5351392667500595
21170752,14358591922241555
2951744,847793040134195
5048896,5351392667500595
17631808,847794113871923
18418240,847728616669235
19466816,1973624227500083
36244032,847724320722995
21563968,6477223854866483
38341184,5351323948089395
25758272,865316506698035
50924096,847725394460723
5114432,14356530337939505
324160,53812467335219
422464,4557407799738419
17330752,897408468779123
18903616,897408468783155
21000768,5401008096149555
21123648,14373022978801715
21172800,14356530304385075
17359424,897412763746355
4874816,14408206814019635
17457728,5401008096149555
21127744,14408207350890515
2908736,897408468783155
5005888,5401008096149555
17588800,897409542520883
5128768,14373022978801715
5177920,14356530304385075
465984,13514579308970003
728128,13795778870902835
16981056,13795779407773715
33758272,13514304431128595
859200,4788580153032755
4529216,13795779407773715
4791360,14358591385370675
17374272,5351392667500595
21044288,14358591922241555
17439808,14356530337939505
4987968,14356530337939505
224320,13567080452325383
355392,4559881734455303
420928,13565156843847683
16936000,13846356942651395
33713216,13564881966006275
4484160,13846356942651395
20999232,14409169457119235
470080,13532171495014403
8596544,13567080452325635
16985152,13813371593818115
33762368,13531896617172995
4533312,13813371593818115
8727616,4559881734455555
21048384,14376184108285955
478272,13531896617107463
21056576,14376115388809223
8801344,13564881965940995
29379648,14409100737642755
494656,13514583603937283
1281088,13514316780142595
17009728,13795783702740995
33786944,13514308726095875
1412160,4507118062272515
4557888,13795783702740995
21072960,14358596217208835
986176,13795779407773715
1510464,13514308727078915
2559040,13795779407777795
4656192,31810177917255683
8850496,13531896617107715
17239104,13795780481515523
34016320,13514305504870403
17501248,14358591922241555
19074112,14358591922245635
21171264,32372990431723523
5049408,14358591922241555
6622272,14358591922245635
21302336,14358592995983363
21564480,15484423109607443
38341696,14358523202830355
22088768,14358527498780675
23137344,15484423109611523
39914560,14358523202834435
29428800,14376115388809475
54594624,14358524276572163
422976,13564607054479379
4748352,14408206814019635
17331264,5401008096149555
21001280,14408207350890515
17454144,14373022978801715
5002304,14373022978801715
17503296,14356530304385075
5051456,14356530304385075
451648,13564611349446659
21029952,14408211645857795
17458240,14408207350890515
19031104,14408207350894595
21128256,32422605860372483
5006400,14408207350890515
6579264,14408207350894595
21259328,14408208424632323
17332288,898507980406835
17381440,865522631573555
17406016,847934740496435
4921408,14358728790769715
17504320,5351530072899635
21174336,14358729327640595
2955328,847930445533235
5052480,5351530072899635
17635392,847931519270963
21129280,14409306862518275
21178432,14376321513684995
21203008,14358733622607875
5179456,14358729327640595
6752320,14358729327644675
21432384,14358730401382403
847936,335287427268659
1372224,53821041541139
17363008,897687624876083
17395776,898507963629623
946240,4838882759671859
4616256,13846082014412819
4878400,14408481675149363
17461312,5401282957279283
21131328,14408482212020243
2912320,897683329912883
5009472,5401282957279283
17592384,897684403650611
18378816,897412748017715
19427392,2023308358848563
36204608,897408452071475
21524544,6526907986214963
38301760,5401008079437875
25718848,967777196179763
50884672,897409525809203
25768000,898507963629875
5124160,14373847595745329
18403392,862236965863475
25743424,897412746969395
5132352,14373297839931443
13258816,14408206797242675
21647424,15498922868867123
38424640,14373022962090035
25841728,5401008079372595
29511744,14408207334113555
11292736,897408452006195
13389888,5401008079372595
25972800,897409525743923
51138624,862227301204019
18452544,845744291446835
5148736,14356259704668209
5181504,14356805165514803
21696576,15482430194450483
38473792,14356530287673395
51187776,845734626787379
23728192,17733130496512049
1499200,4557420668911619
4644928,13846086309380099
21160000,14408486506987523
18407488,897421337952275
19980352,897421337956355
22077504,5401020965322755
21192768,14409306845741063
5136448,14408482212020243
6709312,14408482212024323
21389376,14408483285762051
21651520,15534107240955923
38428736,14408207334178835
22175808,14408211630129155
23224384,15534107240960003
40001600,14408207334182915
29515840,14478576078291203
54681664,14408208407920643
51142720,897411673292819
52715584,897411673296899
54812736,5401011300663299
29564992,14409306845741315
22200384,14373035847974915
29540416,14408211629080835
13516864,14408207334113555
15089728,14408207334117635
29769792,14408208407855363
54935616,14373026183315459
22249536,14356543173558275
54984768,14356533508898819
4208512,14409306091814960
665472,14409306091814960
608128,5404099701899315
4278144,14411298956640275
539520,900706232959088
1063808,337760576602160
2112384,900706232963120
4209536,5404305860329520
16792448,900706501394480
1088384,302584794447920
4332416,14376320742981680
17046400,865522666176560
568192,900710527926320
1092480,337769166536720
666496,5404305860329520
4336512,14411505115070480
797568,900706501394480
17050496,900707038265360
1584000,900573091070000
609152,904898121039923
1592192,900504371593265
1608576,865397308915760
9964416,900504371593520
1614720,898520063148080
1655680,900504338038835
540032,5404305860329520
4210048,14411505115070480
662912,14376320742981680
1092992,4841368793907200
4238720,14411509410037760
667008,14411505115070480
1191296,13848559458713600
2239872,14411505115074560
4337024,32425903624552448
16919936,14411505383505920
4468096,14411505383505920
17051008,5404306665635840
5254528,14411371973181440
4279680,14415697003151363
5262720,14411303253704705
1215872,13813383676559360
5279104,14376196191027200
17173888,14376321548288000
13634944,14411303253704960
5285248,14409318945259520
5326208,14411303220150275
1587584,900710496469040
1612160,865534714314800
1616256,900719086403600
3189120,900719086407680
5286272,5404318713774080
17869184,900719354839040
5384576,14411509378580480
18098560,900711301775360
5409152,14376333596426240
18123136,865535519621120
618880,971074926805043
1618304,898794924277808
1651072,900710479691825
643456,900710477594675
1167744,337769116205075
1626496,898520046370865
741760,5404305809997875
4411776,14411505064738835
872832,900706451062835
17125760,900706987933715
1659264,900573040738355
1675648,865534697537585
9998720,898520046371120
1171840,408137860382723
4415872,14481873808916483
17129856,971075732111363
1679744,900719069626385
3252608,900719069630465
5349760,5404318696996865
17932672,900719338061825
5415296,14409593806389248
18129280,898795729584128
51421568,898520851742720
5448064,14411509361803265
18162048,900711284998145
1294720,4841368743575555
4440448,14411509359706115
1425792,337769384640515
17154432,900711282900995
1687936,900581630672915
3260800,900581630676995
5357952,5404181258043395
17940864,900581899108355
5423488,14409318928482305
18137472,898520851677185
4669824,14411505333174275
17252736,5404306615304195
5456256,14411371922849795
18170240,900573846044675
51462528,900505126633475
5472640,14376333579649025
18186624,865535502843905
13795712,14409318928482560
26509696,898520851677440
1089152,4507117326172208
1187456,13514307990978608
1216128,13514316580913168
5770880,14358526762680368
95872,4559880930197555
218752,13531895812849715
1152640,4507117259063345
1218176,13512392368455728
5281408,13793592467259440
1250944,13514307923869745
21239424,14356530338988080
222848,13567080184938515
4802176,14376114584551475
1279616,13514316513804305
1738368,13793592467259440
5801600,14356404981727280
5834368,14358526695571505
17696384,14356530338988080
96896,60679349338163
1079936,56285599891505
1096320,21384695644208
9452160,56285599891760
1104512,21109817737265
1153664,7915678203953
1219200,4507392136970288
1350272,3792778035248
1612416,284992608403568
3185280,284992608407600
5282432,4788592235774000
9476736,21109817737520
17865344,284992876838960
34642560,3517900193840
4856448,14358728556937328
5380736,13795782900580400
6429312,14358728556941360
21109376,14358728825372720
17570432,847930480132208
18094720,284984823775280
34871936,3509847130160
19143296,847930480136240
21240448,5351530107502640
1108608,56294189826065
1616512,302584794447920
9480832,56294189826320
4860544,14376320742981680
17574528,865522666176560
1739392,4788592235774000
4885120,14358732851904560
5409408,13795791490514960
1870464,284992876838960
17599104,847934775099440
18123392,284993413709840
34900608,3518437064720
3705472,847805122875440
5802624,5351404750241840
18385536,847805391306800
5114496,14358728825372720
17697408,5351530107502640
21367424,14358729362243600
5900928,14358595415048240
18614912,847797338243120
51907200,847728618831920
1143424,56285566337075
1168000,21109784182835
1172096,56294156271635
5931648,14356542387126320
18645632,845744310321200
4734080,14376320742981680
1219712,13514591391711248
1612928,4788592235774000
4758656,14358732851904560
5282944,13795791490514960
1711232,13795782900580400
2759808,14358728556941360
4856960,32373127066419248
17439872,14358728825372720
4988032,14358728825372720
17570944,5351530107502640
21240960,14358729362243600
5774464,14358595415048240
1109120,4559893817196545
224384,13571478231449603
1207424,13567084482002945
1223808,13532183577755648
5287040,13813383676559360
9481344,4559893817196800
9579648,13567084482003200
21245056,14376321548288000
1232000,13531908699848705
1281152,13518714560315393
1477760,13514591660146688
1739904,13795791490514960
3312768,13795791490519040
5409920,31810189999996928
9604224,13531908699848960
17992832,13795791758950400
34770048,13514316782305280
5540992,13795791758950400
18123904,4788593041080320
34901120,4507118064435200
21269632,14358733657210880
5803136,14358604004982800
7376000,14358604004986880
22056064,14358604273418240
17697920,14358729362243600
18222208,13795783705886720
34999424,13514308729241600
19270784,14358729362247680
21367936,32373127871725568
22285440,14358596220354560
55577728,14358527500943360
5805184,14356542387126320
1172608,4559893783642115
1270912,13567084448448515
1295488,13531908666294275
22316160,14356543192432640
3709056,847942528274480
5806208,5351542155640880
18389120,847942796705840
5904512,14358732820447280
18618496,847934743642160
1173632,60692202782723
5933184,14358741410381840
7506048,14358741410385920
22186112,14358741678817280
18647168,847943333576720
20220032,847943333580800
22317184,5351542960947200
22415488,14358733625753600
1175680,56569017401363
1667200,337760526270515
2715776,900706182631475
4812928,5404305809997875
17395840,900706451062835
1691776,302584744116275
9556096,56294139494675
4935808,14376320692650035
17649792,865522615844915
3772544,847942511497265
5869696,5351542138863665
18452608,847942779928625
5935232,14356817248256048
18649216,846019171450928
51941504,845744293609520
5968000,14358732803670065
18681984,847934726864945
1302656,4560168644771843
1433728,56569285836803
1695872,337769116205075
3268736,337769116209155
5365888,4841368743575555
9560192,126662883672323
17948800,337769384640515
34726016,56294407995395
4939904,14411505064738835
5464192,13848559408381955
6512768,14411505064742915
21192832,14411505333174275
17653888,900706987933715
18178176,337761331576835
34955392,56286354931715
19226752,900706987937795
21323904,5404306615304195
5488768,13813383626227715
9683072,4559893766865155
9814144,56294407930115
18202752,302585549422595
34979968,21110572777475
21446784,14376321497956355
5996672,14358741393604625
7569536,14358741393608705
22249600,14358741662040065
18710656,847943316799505
20283520,847943316803585
22380672,5351542944169985
22446208,14356818053562368
55738496,14356543175720960
22478976,14358733608976385
4210432,14409306157875248
667392,14409306157875248
610048,5404099767959603
4280064,14411299022700563
4224768,14478575323316273
177920,13846085554405424
4241152,14408485752012848
4273920,14409306090766385
407296,13846081527873584
669440,14408481457045616
2242304,14408481457049648
4339456,32422879966527536
16922368,14408481725481008
4470528,14408481725481008
17053440,5401283007610928
4732672,15534106485981296
5256960,14408210875154480
6305536,15534106485985328
12596992,14478575323316528
20985600,15534106754416688
37762816,14408206847639600
50345728,5401008129769520
4249344,14408210874105905
218880,13846356137345075
4282112,14409168651812915
677632,14408206579138673
2250496,14408206579142705
4347648,32422605088620593
16930560,14408206847574065
4478720,14408206847574065
17061632,5401008129703985
5281536,14373035093000240
12621568,14408210874106160
17176320,14373297890263088
9049856,14408206579138928
10622720,14408206579142960
12719872,32422605088620848
25302784,14408206847574320
50468608,14373023012421680
12850944,14408206847574320
21239552,15498922919198768
38016768,14373023012421680
25433856,5401008129704240
681728,14478575323316273
698112,14408485752012848
1615616,5401020210348080
4761344,15534110780948528
5285632,14408219465089040
730880,14409306090766385
927488,14408481725481008
17180416,14408482262351888
1713920,14408210875154480
2762496,15534106485985328
4859648,33548504995463216
9053952,14478575323316528
17442560,15534106754416688
34219776,14408206847639600
50472704,14408207384510480
4990720,15534106754416688
17573632,6526908036546608
34350848,5401008129769520
21243648,15534107291287568
38020864,14408207384510480
6825728,17785768860717104
21505792,17785769129148464
706304,14408210874105905
739072,14409168651812915
4802304,15534999839178803
935680,14408206847574065
17188608,14408207384444945
6833920,17785700141240369
21513984,17785700409671729
1738496,14373035093000240
9078528,14408210874106160
9307904,14408206847574320
17696512,15498922919198768
34473728,14373023012421680
25560832,14408207384445200
21759744,17750585293930544
15206144,17785700141240624
29886208,17785700409671984
55052032,17750516574519344
97024,408125022666803
604928,900706231910513
2177792,900706231914545
4274944,5404305859280945
16857856,900706500345905
4340480,14409580968673328
17054464,898782891868208
50346752,898508014026800
121600,337760573456435
219904,4841355905859635
350976,337756546924595
613120,900568792957043
2185984,900568792961075
4283136,5404168420327475
16866048,900569061392435
4348672,14409306090766385
17062656,898508013961265
4397824,14376320741933105
17111808,865522665127985
12720896,14409306090766640
25434880,898508013961520
617216,970937537134643
633600,900710526877745
1616640,898520094605360
731904,5404305859280945
4401920,14411505114021905
862976,900706500345905
17115904,900707037216785
4860672,15535205997609008
17574656,2024407920803888
34351872,898508014026800
641792,900573087924275
740096,5404168420327475
4410112,14411367675068435
871168,900569061392435
17124096,900569598263315
1657600,900504369496115
2706176,2026399980326963
4803328,6529999607693363
8997632,970868817658163
17386240,2026400248758323
34163456,900500341981235
50416384,900500878852115
4371200,14409035474272304
17085184,898237397467184
4600576,14409031447740464
17183488,5401832729870384
4412160,14409306057211955
17126144,898507980406835
6955776,17785906266116144
21635840,17785906534547504
19669760,4275108189311024
21766912,8778707816677424
21889792,17750722699329584
605440,5404305859280945
4275456,14411505114021905
670976,14409580968673328
4734208,15535205997609008
220416,13848555160600595
613632,5404168420327475
4283648,14411367675068435
679168,14409306090766385
728320,14376320741933105
9051392,14409306090766640
224512,13918923904778243
4287744,14481736419246083
4304128,14411509408989185
5287168,14409318976716800
732416,14411505114021905
2305280,14411505114025985
4402432,32425903623503873
16985344,14411505382457345
4533504,14411505382457345
17116416,5404306664587265
17181952,14409581773979648
50474240,14409306896138240
21245184,15535206802915328
38022400,14409306896138240
249088,13848559455567875
4312320,14411371970035715
478464,13848555429036035
740608,14411367675068435
2313472,14411367675072515
4410624,32425766184550403
16993536,14411367943503875
4541696,14411367943503875
17124608,5404169225633795
4803840,15537198862434323
5328128,14411303251607555
6376704,15537198862438403
12668160,14481667699769603
21056768,15537199130869763
37833984,14411299224092675
50416896,5404100506222595
17190144,14409306896072705
17239296,14376321547239425
25562368,14409306896072960
701696,14409035474272304
931072,14409031447740464
17184000,14409031984611344
6829312,17785906266116144
21509376,17785906534547504
742656,14409306057211955
21763328,17750722699329584
17212672,14409036279578624
21767424,17785907071418384
23340288,17785907071422464
17253632,14409306862518275
620800,971074942533683
645376,900710493323315
743680,5404305825726515
4413696,14411505080467475
874752,900706466791475
17127680,900707003662355
4417792,14481873824645123
17131776,971075747840003
4442368,14411509375434755
17156352,900711298629635
4671744,14411505348902915
17254656,5404306631032835
9007360,1109613390856499
1749248,5401844793737264
4894976,15534935364337712
5419264,14409044048478224
1880320,898245434802224
17608960,2024137287532592
34386176,898237380755504
18133248,898245971673104
5124352,15534931337805872
17707264,6527732619935792
34484480,5401832713158704
21377280,15534931874676752
38154496,14409031967899664
6959360,17786181127245872
21639424,17786181395677232
19673344,4275383050440752
21770496,8778982677807152
52965632,4275108172599344
55062784,8778707799965744
1691904,898520044273715
4935936,15535205947277363
17649920,2024407870472243
34427136,898507963695155
6967552,17785906249338929
21647616,17785906517770289
19681536,4275108172533809
21778688,8778707799900209
21893376,17750997560459312
15339776,17785906249339184
30019840,17785906517770544
55185664,17750722682617904
28053760,4275108172534064
30150912,8778707799900464
12804352,14620412272967939
25518336,1109614196162819
5677312,14409044316913664
18260224,5401845599043584
21405952,15534936169644032
38183168,14409036262866944
21897472,17786181932548112
23470336,17786181932552192
55189760,17785907054706704
56762624,17785907054710784
5488896,14409318926385155
18202880,898520849580035
21446912,15535206752583683
38224128,14409306845806595
21905664,17785907054641169
23478528,17785907054645249
30277888,17785907054641424
31850752,17785907054645504
97792,4559880996257843
220672,13531895878910003
21241344,14356530405048368
224768,13567080250998803
4804096,14376114650611763
17698304,14356530405048368
194048,13564610577694769
226816,13565156038541363
4290048,13846356137345075
423424,13564606551162929
4748800,14408206579138673
6321664,14408206579142705
21001728,14408206847574065
1226240,13529434796589104
8566272,13564610577695024
8795648,13564606551163184
17184256,13810897692655664
33961472,13529422716010544
21247488,14373297890263088
13121024,14408206579138928
14693888,14408206579142960
29373952,14408206847574320
54539776,14373023012421680
8607232,13564881160634675
21255680,14373023012356145
1480192,13511842878980144
17208832,13793309801578544
33986048,13511834824933424
21272064,14355709999185968
5805568,14355442906955888
7378432,14355442906959920
22058496,14355443175391280
54564352,14355435121344560
21304832,14356530337939505
17700352,14355705704218736
19273216,14355705704222768
21370368,32370104213700656
50992640,14355430826377328
52565504,14355430826381360
54662656,32369829335859248
21763584,15481330733154416
38540800,14355430826377328
22287872,14355435122327600
23336448,15481330733158448
40113664,14355430826381360
29627904,14373023012356400
54793728,14355431900119088
4777472,14408210874105905
747008,13846356137345075
4810240,14409168651812915
2778624,14408206579142705
4875776,32422605088620593
17458688,14408206847574065
5006848,14408206847574065
17589760,5401008129703985
21259776,14408207384444945
5809664,14373035093000240
13149696,14408210874106160
17704448,14373297890263088
11150848,14408206579142960
13248000,32422605088620848
25830912,14408206847574320
50996736,14373023012421680
13379072,14408206847574320
21767680,15498922919198768
38544896,14373023012421680
25961984,5401008129704240
29632000,14408207384445200
13190656,14409099932336435
17712640,14373023012356145
17729024,14355709999185968
3835392,14355442906959920
5932544,32369841416437808
18515456,14355443175391280
51021312,14355435121344560
6063616,14355443175391280
18646528,5348244457521200
21792256,15481335028121648
38569472,14355435121344560
22316544,14355443712262160
17761792,14356530337939505
18744832,14355435122327600
19793408,15481330733158448
36570624,14355430826381360
21890560,33495729242636336
38667776,32369829335859248
26084864,14373023012356400
51250688,14355431900119088
23856640,17732993107890224
57148928,17732924388479024
129536,56560474652723
227840,4560155807055923
358912,56556448120883
621056,337756278489203
1145344,56285597794355
2193920,337756278493235
4291072,4841355905859635
8485376,126650045956403
16873984,337756546924595
33651200,56281570279475
1169920,21109815640115
8509952,56285596746035
4413952,13813370788511795
8608256,4559880929149235
8739328,56281570214195
17127936,302572711706675
33905152,21097735061555
4921856,14358728555888753
6494720,14358728555892785
21174784,14358728824324145
17635840,847930479083633
19208704,847930479087665
21305856,5351530106454065
21371392,14356805215846448
54663680,14356530338005040
649728,337760573456435
1174016,56294187728915
748032,4841355905859635
4418048,13848555160600595
879104,337756546924595
17132032,337757083795475
33909248,56282107150355
2714112,900568792961075
4811264,5404168420327475
17394176,900569061392435
4876800,14409306090766385
17590784,898508013961265
4925952,14376320741933105
17639936,865522665127985
13249024,14409306090766640
25963008,898508013961520
4934144,14376183302979635
17648128,865385226174515
11094528,900500073484595
13191680,5404099700850995
25774592,900500341915955
50940416,865316506763315
4950528,14358732850855985
17664512,847934774050865
5933568,14356542418583600
18647552,845744341778480
5179904,14358728824324145
17762816,5351530106454065
21432832,14358729361195025
21891584,15482430244782128
38668800,14356530338005040
21377536,14373847612522544
21402112,14356259721445424
4940288,14409306057211955
17654272,898507980406835
23986688,17733130513289264
228352,13567355061796883
621568,4841355905859635
4291584,13848555160600595
4750336,14409306090766385
4799488,14376320741933105
13122560,14409306090766640
744448,13813370788511795
8608768,13567080183890195
4807680,14376183302979635
4824064,14358732850855985
5807104,14356542418583600
2825216,14358728555892785
4922368,32373127065370673
17505280,14358728824324145
5053440,14358728824324145
17636352,5351530106454065
21306368,14358729361195025
17701888,14356805215846448
50994176,14356530338005040
21765120,15482430244782128
38542336,14356530338005040
257024,13567359356764163
1174528,4559893815099395
4320256,13848559455567875
486400,13567355330232323
748544,13848555160600595
1272832,13567084479905795
2321408,13848555160604675
4418560,31862953670082563
8612864,13637448928067843
17001472,13848555429036035
33778688,13567080452390915
4549632,13848555429036035
17132544,4841356711165955
33909760,4559881734520835
4811776,14411367675068435
6384640,14411367675072515
21064704,14411367943503875
21261312,14409306896072705
21310464,14376321547239425
29633536,14409306896072960
1297408,13531908697751555
8637440,13567084478857475
8866816,13567080452325635
17255424,13813371593818115
34032640,13531896617172995
21318656,14376184108285955
13192192,14411298955591955
14765056,14411298955596035
29445120,14411299224027395
54610944,14376115388874755
21335040,14358733656162305
22318080,14356543223889920
17763328,14358729361195025
19336192,14358729361199105
21433344,32373127870676993
4813824,14409306057211955
17708032,14373847612522544
17732608,14356259721445424
23860224,17733130513289264
21324800,14409306862518275
2717696,900706198360115
4814848,5404305825726515
17397760,900706466791475
4937728,14376320708378675
17651712,865522631573555
4941824,14411505080467475
6514688,14411505080471555
21194752,14411505348902915
17655808,900707003662355
19228672,900707003666435
21325824,5404306631032835
21448704,14376321513684995
4911104,14409035457495089
17625088,898237380689969
4943872,14409580918341683
17657856,898782841536563
50950144,898507963695155
5140480,14409031430963249
17723392,5401832713093169
21393408,14409031967834129
5943296,14373859676389424
13283328,14409035457495344
18657280,863061599584304
25997312,898237380690224
13512704,14409031430963504
21901312,15499747502587952
38678528,14373847595810864
26095616,5401832713093424
29765632,14409031967834384
13324288,14409306040434995
26038272,898507963629875
6197248,14356267758780464
18780160,5349069040910384
21925888,15482159611510832
38703104,14356259704733744
22450176,14356268295651344
23990272,17733405374418992
57282560,17733130496577584
21422080,14409036262801409
21454848,14409581723648003
54747136,14409306845806595
22454272,14373860481695744
29794304,14409036262801664
29835264,14409306845741315
