8405023,4557479992172307
8454175,4524494643339027
81999,20895284400927
67727,16496987280147
8388791,4524503251099392
8388919,4838963575594752
8389175,4522304260349712
8396855,4557557318360832
8405047,4557488598884097
8454199,4524503250050817
8519735,13529572201012992
10485815,4803779203514112
12582967,13810978458246912
41943095,4522304495361792
8405079,4557480260607747
8454231,4524494911774467
41943127,4522296425520897
8389015,4841153993187072
8389783,13531693915905792
8396951,4559747735953152
8405143,4559679016476417
8421527,4524571953798912
8519831,13531762618605312
10485911,4805969621106432
12583063,13813168875839232
41943191,4524494912954112
8389911,13846154240401152
8390935,4841154008915712
8421655,4839032278294272
8454423,4841153992138497
8519959,13846222943100672
8913175,5401904922304272
9437463,4838963559866112
25166103,5401905190739712
41943319,4838955237449472
8390167,13529494925156112
8391191,4524494693670672
8397847,13564747983167232
8406039,13564679263690497
8422423,13529572201012992
8455191,13531693914857217
9438231,13529503482584832
10486807,13810969868320512
41944087,13529495160168192
8398871,4559747751681792
8407063,4559679032205057
8423447,4524571969527552
8521751,13531762634333952
9439255,4524503251099392
10487831,4805969636835072
12584983,13813168891567872
41945111,4524494928682752
8400919,4557686150602512
8425495,4522510368448272
8523799,13529701033254672
8462359,4559747734904577
8658967,4557686419037952
9445399,4557557302632192
10493975,4839023688367872
12591127,13846222943100672
41951255,4557548980215552
8437783,4557557301583617
8536087,13564747966390017
9453591,4557488583155457
10502167,4838954968891137
12599319,13846154223623937
41959447,4557480260738817
8486935,4524571952750337
8683543,4522510636883712
10518551,4803847906213632
12615703,13811047160946432
41975831,4522373198061312
8585239,13531762617556737
9502743,4524503234322177
10551319,4805969620057857
12648471,13813168874790657
42008599,4524494911905537
8781847,13529701301690112
9568279,13529572185284352
10616855,13811038571020032
42074135,13529563862867712
42205207,4522365144997632
11010071,5366720550223632
13107223,14373919804956432
11534359,4803779187785472
13631511,13810978442518272
42991639,4522304479633152
27262999,5366720818659072
44040215,4803770865368832
29360151,14373920073391872
46137367,13810970120101632
58720279,4803771402231552
1081895,1232707064592
1082407,4504832334435072
1085479,1370112463632
1089575,18962298508032
1146919,3431696765697
1212455,4504969739834112
1343527,1370380899072
3178535,282707650228992
34635815,1232942076672
67783,16497255715587
50593863,282651529515777
68231,16497020834577
68743,4520096648205057
84103,34089173324547
100487,16574296691457
2164871,297971963998977
33622151,16497255846657
6816007,8744420270748432
19398919,4240820911813392
23068935,8744420539183872
176135,4523335002166032
307207,19735643230992
430087,4505743084557072
434183,4523335270601472
23592967,8726828353139472
8388731,4522304495161107
8388795,4524503251029777
8388923,4838963575525137
8392763,4522372946202417
8396859,4557557318291217
8519739,13529572200943377
8912955,4803779203436337
12582971,13810978458177297
8388827,4524494912753427
8388955,4838955237248787
8389211,4522295905226547
8389723,13529495159967507
8390747,4524494928482067
8392795,4522364607926067
8396891,4557548980014867
82011,4524494911702815
8405083,4557480260538135
8421467,4522373197860627
8454235,4524494911704855
8519771,13529563862667027
8650843,4522365144796947
8912987,4803770865159987
9437275,4522304479432467
12583003,13810970119900947
25165915,4803771402030867
41943131,4522296425385747
8389019,4841153993117457
8389275,4524494661095217
8389787,13531693915836177
67739,4520096614582035
8392859,4524563363794737
8396955,4559747735883537
8421531,4524571953729297
8454299,4528892690829075
8519835,13531762618535697
8913051,4805969621028657
12583067,13813168875769617
8389403,4838954985590577
8389915,13846154240331537
8390939,4841154008846097
8392987,4839023688290097
8405275,4909323712990995
8421659,4839032278224657
8519963,13846222943031057
9437467,4838963559796497
10486043,5401904922238737
25166107,5401905190670097
8397339,4557548728356657
8421915,4522372946202417
8520219,13529563611008817
9437723,4522304227774257
12583451,13810969868242737
8393755,13529563611008817
8397851,13564747983097617
8422427,13529572200943377
8913947,13810969868242737
9438235,13529503482515217
8394779,4524563379523377
8398875,4559747751612177
8423451,4524571969457937
8456219,4528892706557715
8521755,13531762634264337
8914971,4805969636757297
9439259,4524503251029777
12584987,13813168891498257
8654875,4522502046879537
9441307,4522372930473777
12587035,13811038570942257
8413211,4627917455757075
8658971,4557686418968337
8921115,4839023688290097
9445403,4557557302562577
12591131,13846222943031057
8667163,4557548980014867
10502171,4838954968817427
25182235,4838955237248787
41959451,4557480260603667
8683547,4522510636814097
8945691,4803847906135857
12615707,13811047160876817
8716315,4524563631181587
10551323,4805969619984147
25231387,4805969888415507
42008603,4524494911770387
8781851,13529701301620497
9043995,13811038570942257
9568283,13529572185214737
9961499,4803779187707697
11010075,5366720550149937
25690139,5366720818581297
13631515,13810978442448657
14680091,14373919804890897
29360155,14373920073322257
1081451,1232941875987
1082411,4504832334365457
1089579,18962298438417
1097771,18824859484947
1212459,4504969739764497
1343531,1370380829457
1605675,282707650151217
67787,16497255645975
82123,25293331890975
528971,282647787996147
83019,4524494928479007
84043,25293347619615
213067,4524563631178527
2179147,302370261046047
4276299,4805969888412447
50593867,282651529380627
67979,315564149965587
529035,284846543864817
75915,34157892731667
84107,34089173254935
198795,4520165334057747
329867,16565975122707
2164875,297971963925267
4262027,4801571591291667
8456331,34089173255955
16844939,297972232356627
33622155,16497255711507
529163,863189659026417
8413451,546530293450515
6816011,8744420270674737
19398923,4240820911739697
21496075,8744420539106097
529931,4786247180485617
537099,300377144558577
545291,300239705605107
659979,4786384585884657
791051,282785226949617
1577483,282656110543857
2626059,845597472986097
4723211,5349197100352497
17306123,845597741417457
405515,4523326680597297
434187,4523335270531857
23592971,8726828353065777
8388851,4524503519465217
8388979,4838963843960577
8389235,4522304528715537
8396915,4557557586726657
8519795,13529572469378817
8650867,4522373751508737
12583027,13810978726612737
25165939,4803780008742657
41943155,4522305032097537
8392883,4524571970506512
8421555,4524589150375680
8454323,4528901297540865
8650931,4524572238941952
8913075,4805978227740432
10485939,4805978227744512
25166003,4805978496175872
41943219,4524503519530752
8393011,4839032295001872
8397107,4909401039179520
8405299,4909332319702785
8421683,4839049474871040
8651059,4839032563437312
9437491,4838980756442880
41943347,4838963844026112
1081907,4504832334366480
8421939,4522390159626000
8651315,4522373248192272
9437747,4522321441197840
10486323,4803779236994832
25166387,4803779505426192
41943603,4522304528781072
8409139,4557557318291217
1085491,4504969739765520
8425523,4522527565025040
8458291,4524571969457937
8654899,4522510653591312
8917043,4803847922913072
12587059,13811047177654032
8413235,4627926062468865
1089587,4522561925809920
8921139,4839032295001872
9445427,4557574499208960
10494003,4839032295005952
25174067,4839032563437312
41951283,4557557586792192
8437811,4557574498160385
8667187,4557557586726657
8929331,4838963575525137
9453619,4557505779732225
10502195,4838963575529217
25182259,4838963843960577
41959475,4557488867315457
1146931,4507031324067585
8486963,4524589149327105
1343539,4504970008200960
8683571,4522527833460480
5275699,13793506532263680
9470003,4522424486858496
12615731,13811064357523200
8716339,4524572237893377
8978483,4805978226691857
9502771,4524520430898945
10551347,4805978226695937
25231411,4805978495127297
42008627,4524503518482177
9044019,13811047177654032
9568307,13529589381861120
10616883,13811047177658112
12714035,31825445687136000
25296947,13811047446089472
42074163,13529572469444352
12845107,13811047446089472
25428019,4803848728219392
42205235,4522373751574272
11010099,5366729156861712
25690163,5366729425293072
13631539,13810995639095040
27263027,5366729425297152
46137395,13810978726678272
58720307,4803780008808192
8389075,4841154261552897
8389843,13531694184271617
67795,4520096883017475
8397011,4559748004318977
8421587,4524572222164737
8454355,4528892959264515
8519891,13531762886971137
8650963,4524564169101057
12583123,13813169144205057
25166035,4805970426334977
41943251,4524495449689857
8389971,13846154508766977
8390995,4841154277281537
8405331,4909323981426435
8421715,4839032546660097
8520019,13846223211466497
8651091,4839024493596417
8913235,5401905190670097
9437523,4838963828231937
10486099,5401905190674177
41943379,4838955774185217
8390227,13529495193521937
8391251,4524494962036497
8405587,4557480277315347
8454739,4524494928482067
8397907,13564748251533057
8422483,13529572469378817
8651859,13529564416315137
9438291,13529503750950657
25166931,13810970673549057
41944147,13529495696903937
8398931,4559748020047617
8423507,4524572237893377
8456275,4528892974993155
8521811,13531762902699777
8652883,4524564184829697
9439315,4524503519465217
12585043,13813169159933697
25167955,4805970442063617
41945171,4524495465418497
8400979,4557686418968337
8409171,4557548980014867
8425555,4522510636814097
8458323,4524563631181587
8523859,13529701301620497
8654931,4522502583750417
8413267,4627917724192515
9445459,4557557570998017
12591187,13846223211466497
25174099,4839024493596417
41951315,4557549516951297
8929363,4838955237248787
10502227,4838955237252867
12615763,13811047429312257
25198675,4803848711442177
41975891,4522373734797057
8978515,4805969888415507
10551379,4805969888419587
9568339,13529572453650177
25296979,13811039376248577
42074195,13529564399603457
9699411,4522373735780097
12845139,13811039376248577
13107283,14373920073322257
25690195,5366721355452177
13631571,13810978710884097
26214483,4803779993014017
42991699,4522305016368897
14680147,14373920073326337
27263059,5366721355456257
46137427,13810970656837377
8389523,4841154009894672
8391059,4845552056405760
8393107,4841222712594192
8397203,4911591456771840
8405395,4911522737295105
8454547,4845552039628545
8651155,4841222981029632
41943443,4841154261618432
68243,4520096648136465
8391315,4528892741160720
8393363,4524563380571952
8397459,4559747752660752
8405651,4559679033184017
8422035,4524571970506512
8520339,13531762635312912
8913555,4805969637805872
12583571,13813168892546832
8393875,13531762635312912
8455315,13536091962347265
4326547,67838840954423040
8520851,31546161144794880
8651923,13531762903748352
8914067,13813168892546832
10486931,13813168892550912
12584083,31827567402028800
25166995,13813169160982272
41944211,13531694184337152
8398995,4564145799171840
84115,4537688800626435
8407187,4564077079695105
100499,4520173923993345
8423571,4528970017017600
198803,13527364588799745
4262035,13808770846033665
8456339,4537688800628481
8521875,13536160681824000
12585107,13817566939057920
8409235,4559747735883537
8654995,4524701071183632
8917139,4806038340505392
12587155,13813237595246352
8413331,4630116480061185
8462483,4564145782394625
8921235,4841222712594192
10494099,4841222712598272
25174163,4841222981029632
41951379,4559748004384512
8667283,4559748004318977
8929427,4841153993117457
10502291,4841153993121537
25182355,4841154261552897
41959571,4559679284907777
8487059,4528970000240385
8945811,4806046930439952
10518675,4806046930444032
25198739,4806047198875392
41975955,4524572222230272
8585363,13536160665046785
12648595,13817566922280705
9044115,13813237595246352
10616979,13813237595250432
12714131,31827636104728320
25297043,13813237863681792
42074259,13531762887036672
12845203,13813237863681792
25428115,4806039145811712
42205331,4524564169166592
11010195,5368919574454032
25690259,5368919842885392
27263123,5368919842889472
46137491,13813169144270592
58720403,4805970426400512
8393491,4839023705067312
8422163,4839032295001872
8454931,4841154008846097
8520467,13846222959808272
9437971,4838963576573712
10486547,5401904939015952
25166611,5401905207447312
8394003,13846222959808272
8398099,13916591703985920
8406291,13916522984509185
4326675,68417184069584640
8520979,31860621469290240
8652051,13846223228243712
41944339,13846154508832512
8395027,4841222728322832
8399123,4911591472500480
8407315,4911522753023745
8456467,4845552055357185
8653075,4841222996758272
41945363,4841154277347072
8401171,4909529871421200
8458515,4841222711545617
8655123,4839161395678992
9441555,4839032279273232
10490131,5401973641715472
25170195,5401973910146832
8413459,5050129920823041
8462611,4911591455723265
8659219,4909530139856640
8921363,5472342385889040
9445651,4909401023450880
10494227,5472342385893120
25174291,5472342654324480
8438035,4909401022402305
8536339,13916591687208705
8929555,5472273666412305
9453843,4909332303974145
10502419,5472273666416385
25182483,5472273934847745
9470227,4839049459142400
41976083,4839032546725632
8716563,4841222979981057
42008851,4841154260569857
42074387,13846223211532032
9175315,5401973910146832
9699603,4839032547708672
10748179,5401973910150912
42205459,4839024493661952
6816019,17751619525416720
11010323,6527804829081360
21496083,17751619793848080
25690387,6527805097512720
42467603,5401905190735632
42991891,4838963828297472
23068947,17751619793852160
27263251,6527805097516800
44040467,5401905190739712
4326931,67836641963673360
8521235,31543962154045200
8652307,13529563912998672
10487315,13810969901801232
12584467,31825368411279120
25167379,13810970170232592
41944595,13529495193587472
8456723,4528892740112145
8653331,4524563681513232
10488339,4805969670315792
25168403,4805969938747152
41945619,4524494962102032
8409619,4557548728356657
8458771,4524563379523377
8655379,4522502063656752
9441811,4522372947250992
12587539,13811038587719472
8462867,4559747751612177
8659475,4557686435745552
8921619,4839023705067312
9445907,4557557319339792
12591635,13846222959808272
8438291,4557557318291217
8536595,13564747983097617
8929811,4838954985590577
9454099,4557488599863057
12599827,13846154240331537
8487443,4524571969457937
8684051,4522510653591312
8946195,4803847922913072
12616211,13811047177654032
8585747,13531762634264337
8978963,4805969636757297
9503251,4524503251029777
12648979,13813168891498257
8782355,13529701318397712
9044499,13811038587719472
9568787,13529572201991952
9962003,4803779204484912
11010579,5366720566927152
25690643,5366720835358512
13632019,13810978459225872
14680595,14373919821668112
29360659,14373920090099472
8410131,13564747983097617
8459283,13531762634264337
4330515,67836779369072400
8524819,31544099559444240
8655891,13529701318397712
8918035,13811038587719472
9442323,13529572201991952
8414227,13635116727275265
4334611,67854371555116800
8922131,13846222959808272
10494995,13846222959812352
12592147,31860621469290240
25175059,13846223228243712
41952275,13564748251598592
8537107,31579146492579585
8668179,13564748251533057
8930323,13846154240331537
10503187,13846154240335617
12600339,31860552749813505
25183251,13846154508766977
41960467,13564679532121857
8946707,13811047177654032
9470995,13529589381861120
10519571,13811047177658112
12616723,31825445687136000
25199635,13811047446089472
41976851,13529572469444352
4391955,67838840953374465
8586259,31546161143746305
8717331,13531762902699777
8979475,13813168891498257
10552339,13813168891502337
12649491,31827567400980225
25232403,13813169159933697
42009619,13531694183288577
4588563,67836779637507840
8782867,31544099827879680
4850707,68399591883540240
5374995,67836650521102080
9569299,31543970711473920
6423571,68399591883544320
12715027,67854234116165376
21103635,68399592151975680
9700371,13529572470427392
25429011,13811039393025792
42206227,13529564416380672
9962515,13810978459225872
11011091,14373919821668112
13108243,32388318331146000
25691155,14373920090099472
11535379,13810978459229952
13632531,31825376968707840
26215443,13810978727661312
42992659,13529503751016192
14681107,32388318331150080
27264019,14373920090103552
29361171,32388318599581440
58721299,13810970673614592
8411155,4559747751612177
8656915,4524701086912272
8919059,4806038356234032
9443347,4524571970506512
12589075,13813237610974992
8415251,4630116495789825
8464403,4564145798123265
8923155,4841222728322832
10496019,4841222728326912
25176083,4841222996758272
41953299,4559748020113152
8669203,4559748020047617
8931347,4841154008846097
10504211,4841154008850177
25184275,4841154277281537
41961491,4559679300636417
8488979,4528970015969025
8947731,4806046946168592
9472019,4524589150375680
10520595,4806046946172672
25200659,4806047214604032
41977875,4524572237958912
8587283,13536160680775425
9504787,4528901297540865
12650515,13817566938009345
9046035,13813237610974992
10618899,13813237610979072
12716051,31827636120456960
25298963,13813237879410432
42076179,13531762902765312
9701395,4524572238941952
12847123,13813237879410432
25430035,4806039161540352
42207251,4524564184895232
9963539,4805978227740432
11012115,5368919590182672
25692179,5368919858614032
11536403,4805978227744512
26216467,4805978496175872
42993683,4524503519530752
27265043,5368919858618112
46139411,13813169159999232
58722323,4805970442129152
8417299,4628054894710545
307219,4523335270532880
405523,13530525935339280
8663059,4557961296875280
10498067,4839161127247632
25178131,4839161395678992
41955347,4557686419033872
8671251,4557686418968337
8933395,4839023688290097
9457683,4557557302562577
12603411,13846222943031057
8687635,4522785514721040
9474067,4522527549296400
10522643,4803985345093392
25202707,4803985613524752
41979923,4522510636879632
8720403,4524701070135057
8982547,4806038339456817
9506835,4524571953729297
12652563,13813237594197777
8785939,13529976179527440
10620947,13811176009899792
12718099,31825574519377680
25301011,13811176278331152
42078227,13529701301686032
9179155,4803977023590192
9703443,4522510637862672
12849171,13811176278331152
25432083,4803977560461072
42209299,4522502583815952
9965587,4803847907184432
11014163,5366789269626672
25694227,5366789538058032
13635603,13811047161925392
14684179,14373988524367632
29364243,14373988792798992
8675347,4628055163145985
9461779,4627926046740225
12607507,13916591687208705
8986643,4841222711545617
10559507,4841222711549697
25239571,4841222979981057
42016787,4559748003335937
9183251,4839161395678992
10756115,4839161395683072
9969683,4839032279273232
11018259,5401973641715472
25698323,5401973910146832
11542547,4839032279277312
26222611,4839032547708672
42999827,4557557571063552
27271187,5401973910150912
46145555,13846223211532032
58728467,4839024493661952
8962067,4839032278224657
9486355,4557574482431745
10534931,4839032278228737
25214995,4839032546660097
41992211,4557557570014977
9060371,13846222943031057
10633235,13846222943035137
12730387,31860621452513025
25313299,13846223211466497
42090515,13564748234821377
9715731,4557557570998017
12861459,13846223211466497
25444371,4839024493596417
42221587,4557549516951297
9977875,4838963559796497
11026451,5401904922238737
25706515,5401905190670097
11550739,4838963559800577
26230803,4838963828231937
43008019,4557488851586817
27279379,5401905190674177
46153747,13846154492055297
58736659,4838955774185217
9011219,4806046929391377
9535507,4524589133598465
10584083,4806046929395457
25264147,4806047197826817
42041363,4524572221181697
9207827,4803985613524752
9732115,4522527817731840
10780691,4803985613528832
11042835,5366797859561232
25722899,5366798127992592
13664275,13811064341794560
27295763,5366798127996672
46170131,13811047429377792
58753043,4803848711507712
9109523,13813237594197777
10682387,13813237594201857
12779539,31827636103679745
25362451,13813237862633217
42139667,13531762885988097
9764883,4524572222164737
12910611,13813237862633217
25493523,4806039144763137
42270739,4524564168118017
10027027,4805978210963217
11075603,5368919573405457
25755667,5368919841836817
11599891,4805978210967297
26279955,4805978479398657
43057171,4524503502753537
27328531,5368919841840897
46202899,13813169143222017
58785811,4805970425351937
9306131,13811176278331152
10878995,13811176278335232
12976147,31825574787813120
10092563,13811047161925392
11141139,14373988524367632
13238291,32388387033845520
25821203,14373988792798992
11665427,13811047161929472
13762579,31825445671407360
26345491,13811047430360832
43122707,13529572453715712
14811155,32388387033849600
27394067,14373988792803072
29491219,32388387302280960
58851347,13811039376314112
13369363,14373988792798992
25952275,5366790074928912
13893651,13811047430360832
26476563,4803848712490752
43253779,4522373735845632
14942227,14373988792803072
27525139,5366790074932992
46399507,13811039376314112
12058643,5366729141133072
26738707,5366729409564432
15204371,15499819711733520
23592979,17734027607807760
29884435,15499819980164880
46661651,14373920073387792
59244563,5366721355517712
28311571,5366729409568512
47185939,13810978710949632
59768851,4803779993079552
31457299,15499819980168960
48234515,14373920073391872
60817427,5366721355521792
1081955,1232975430417
1082467,4504832602800897
1085539,1370380829457
1089635,18962566873857
1097827,18825127920387
1212515,4504970008199937
17858659,282708455457537
34635875,1233478812417
50593891,282660136092417
1082147,300299869750032
1082659,4803899497120512
1085731,300437275149072
8413475,546538900162305
1098019,335484208284417
1147171,302498859451137
1212707,4804036902519552
1343779,300437543584512
1605923,863249789616912
3178787,863249789620992
5275939,5366849416987392
9470243,335484208285440
17858851,863250058052352
6816035,8744428877386512
19398947,4240829518451472
21496099,8744429145817872
23068963,8744429145821952
1082915,4504832401474320
1098275,18824893039377
3179043,282707683709712
5276195,4786307311076112
9470499,18824893040400
17859107,282707952141072
34636323,1232975495952
1098787,4522424520409857
1606691,4786307311076112
3179555,4786307311080192
9471011,4522424520410880
17859619,4786307579511552
34636835,4504832602866432
176163,4523352198742800
307235,19752839807760
1093667,19237176345360
405539,4523335287309072
1101859,18962298438417
430115,4505760281133840
1216547,4505244617671440
1347619,1645258736400
3182627,282845089108752
5279779,4786444716475152
9474083,18962298439440
17862691,282845357540112
34639907,1370380894992
434211,4523352467178240
1220643,4522836803715840
1351715,19237444780800
1613859,300437275149072
3186723,300437275153152
5283875,4804036902519552
17866787,300437543584512
34644003,18962566939392
1228835,4522561925808897
1359907,18962566873857
9486371,54009231574785
1671203,284906673406737
3244067,284906673410817
5341219,4788506300777217
9535523,21023882741505
17924131,284906941842177
34701347,3431965197057
1474595,4505244886106880
1736739,4786444716475152
3309603,4786444716479232
9601059,4522561925809920
17989667,4786444984910592
34766883,4504970008265472
1867811,282845357540112
3440675,282845357544192
5537827,4786444984910592
9732131,18962566874880
3702819,845657603576592
5799971,5349257230942992
18382883,845657872007952
7372835,5349257230947072
19955747,845657872012032
22052899,5349257499378432
51413027,282708455523072
23592995,8726836959777552
68035,315564418401027
71875,16565975122707
75971,34158161167107
84163,34089441690375
198851,4520165602493187
592067,297972232356627
2164931,297972232360707
4262083,4801571859727107
8456387,34089441691395
50593987,284850553684737
8413507,546530561885955
50594115,863193668846337
19398979,4240821448610577
21496131,8744421075976977
23068995,8744421075981057
50595907,284850569413377
176195,4523335270531857
405571,4523327217468177
50597955,282788968334097
50602051,300381154378497
50610243,300243715425027
50724931,4786388595704577
51118147,845601482801937
51642435,282660120363777
52691011,845601482806017
54788163,5349201110172417
23593027,8726828889936657
68483,315564183520017
68995,4819163810890497
76163,350817241531137
100739,315641459376897
592259,878514103386897
2165123,878514103390977
4262275,5382113730757377
8456579,350748522055425
16845187,878514371822337
8413571,548729317754625
6816131,8746619294978832
19399043,4243019936043792
21496195,8746619563410192
23069059,8746619563414272
69251,4520096715244305
76419,34157926286097
199299,4520165367612177
330371,16566008677137
2165379,297971997479697
4262531,4801571624846097
8456835,34089206810385
16845443,297972265911057
33622659,16497289265937
72835,4520165367612177
76931,4537757553656577
330883,4520165636047617
593027,4801571624846097
2165891,4801571624850177
8457347,4537688834180865
16845955,4801571893281537
33623171,4520096916636417
80003,34295331685137
88195,34157892731667
202883,4520302773011217
333955,16703414076177
596099,298040683397937
206979,4537894959055617
338051,34295600120577
8464515,69342264821505
215171,4537757520102147
346243,34158161167107
608387,315564149965587
2181251,315564149969667
4278403,4819163777336067
16861315,315564418401027
33638531,34089441755907
624771,298049273332497
2197635,298049273336577
4294787,4801648900702977
8489091,34166482667265
16877699,298049541767937
33654915,16574565122817
460931,4520303041446657
4393091,13808839565509377
17107075,298041488704257
33884291,16566512059137
2689155,860921917346577
4786307,5364521544712977
17369219,860922185777937
6359171,5364521544717057
18942083,860922185782017
21039235,5364521813148417
50399363,297972769293057
405635,4525525704901392
23593091,8729027377369872
6816515,8744420287451952
19399427,4240820928516912
21496579,8744420555883312
6817027,17751619542192912
21497091,17751619810624272
23069955,17751619810628352
8415491,548729333483265
6818051,8746619310707472
19400963,4243019951772432
21498115,8746619579138832
23070979,8746619579142912
8417539,546667732403985
405763,4839986029396752
430339,4804810247242512
6820099,8744488990151472
19403011,4240889631216432
21500163,8744489258582832
8544515,5050267359774465
8675587,546668000839425
8937731,1109480246871825
9462019,546538884433665
10510595,1109480246875905
12607747,5613079874242305
25190659,1109480515307265
6824195,8779673362240272
19407107,4276074003305232
21504259,8779673630671632
23077123,8779673630675712
6832387,8779604642763537
19415299,4276005283828497
21512451,8779604911194897
23085315,8779604911198977
6848771,8744497580086032
19431683,4240898221150992
21528835,8744497848517392
23101699,8744497848521472
6881539,8746619293930257
19464451,4243019934995217
21561603,8746619562361617
23134467,8746619562365697
6947075,17751688244892432
21627139,17751688513323792
23200003,17751688513327872
19661059,4240890168087312
21758211,8744489795453712
23331075,8744489795457792
7864579,8744428861657872
20447491,4240829502722832
22544643,8744429130089232
15204611,8779604642764560
27787523,4276005283829520
52953347,4240821448676112
29884675,8779604911195920
55050499,8744421076042512
24117507,8744429130093312
31457539,8779604911200000
56623363,8744421076046592
406019,4523326697374512
434691,4523335287309072
23593475,8726828369842992
308227,4523335287309072
406531,13530525952115472
23593987,17734027624583952
407555,4525525720630032
23595011,8729027393098512
421891,4558511052686097
1224707,4523352183014160
2273283,4804809978811152
16953347,4804810247242512
33730563,4523335270597392
1355779,19752824079120
2404355,301210619876112
4501507,4804810247242512
471043,4525525703852817
929795,4804801657307952
1454083,4523335271580432
4599811,13812000912048912
8794115,4558511052687120
17182723,4804802194178832
33959939,4523327217533712
446467,4523335270531857
1478659,4505760265405200
2527235,4787218061202192
8818691,4523335270532880
23597059,8726897072542512
958467,4804810247242512
1482755,4523352451449600
2531331,4804810247246592
23625731,8726905662477072
23658499,8729027376321297
23724035,17734096327283472
23855107,8726897609413392
24641539,8726836944048912
57147395,8726828890002192
82013,4524490616804127
67741,4520092319683347
67757,16497020834067
3629,4506902708949297
82253,337550338232607
82509,20891006210367
86093,20959708909887
90189,56144080998687
344141,20960245780767
606285,302365966143807
2179149,302365966151967
16859213,302366503014687
50593869,282647234547987
68749,4520092353237267
71821,16561411789107
592013,297967669023027
1116301,16496989376787
2164877,297967669031187
8456333,34084878357267
33622157,16492960878867
8413453,546525998551827
6816013,8744415975780657
19398925,4240816616845617
530957,284842281472497
594445,284842247918067
2626061,845593178092017
23592973,8726824058171697
67765,4520096648205057
4326453,67836641963741952
67797,4520092588118787
50593877,4786246861918977
68245,4520092353237777
4326549,67838836659524352
84117,4537684505727747
198805,13527360293901057
1116309,4520096616747777
2164885,4801567296402177
4262037,13808766551134977
33622165,4520092588249857
4326677,68417179774685952
19398933,8744416244216592
21496085,17751615498949392
4326933,67836637668774672
4330517,67836775074173712
4334613,67854367260218112
4359189,67836779369140992
4391957,67838836658475777
4588565,67836775342609152
4850709,68399587588641552
21103637,68399587857076992
37880853,67836637903786752
176149,13530525666972432
405525,13530521640440592
430101,13512933749363472
434197,13530525935407872
67813,16497289269507
84133,34089206878467
100517,16574330245377
2164901,297971997552897
8456357,34089206878977
33622181,16497289400577
7717,4506971428426032
36389,4506980018360592
134693,13514170683166992
527909,4788377685659952
1052197,4506911299932432
2100773,4788377685668112
4197925,13795576940400912
8392229,4524494894994192
33558053,4506902977515792
68293,16492994302227
68805,4520092621672707
329925,16562217095427
1116357,16497257812227
2164933,297967937466627
8456389,34085146792707
16844997,297968474329347
50593989,284846258852097
8413509,546526266987267
50594117,863189374013697
19398981,4240817153716497
23068997,8744416781086977
50595909,284846274580737
50597957,282784673501457
50602053,300376859545857
50610245,300239420592387
50626629,282788968468737
50724933,4786384300871937
51118149,845597187969297
54788165,5349196815339777
58982469,300239420592897
23593029,8726824595042577
84357,350744227156227
2165125,878509808496897
8456581,350744227156737
8413573,548725022855937
6816133,8746615000084752
19399045,4243015641149712
23069061,8746615268520192
72325,16561445343537
84613,34084911911187
592517,297967702577457
1116805,16497022931217
2165381,297967702585617
8456837,34084911911697
33622661,16492994433297
85125,4537684539281667
199813,13527360327454977
1117317,4520096650301697
2165893,4801567329956097
4263045,13808766584688897
8457349,4537684539282177
33623173,4520092621803777
92293,69337969922307
8464517,69337969922817
1132677,34089175421187
2181253,315559855075587
33638533,34085146923267
1149061,16574298788097
33884293,16562217226497
2689157,860917622452497
3213445,297971966095617
9504901,34089175421697
34670725,16497257943297
6359173,5364517249822977
10553477,315559855076097
18942085,860917890887937
35719301,297967937597697
42010757,34085146923777
50399365,297968474460417
23593093,8729023082475792
6816517,8744415992557872
19399429,4240816633622832
6817029,17751615247298832
23069957,17751615515734272
8415493,548725038584577
6818053,8746615015813392
19400965,4243015656878352
23070981,8746615284248832
8417541,546663437505297
6820101,8744484695257392
19403013,4240885336322352
8446213,546667732472577
8544517,5050263064875777
8675589,546663705940737
8937733,1109475951973137
12607749,5613075579343617
25190661,1109476220408577
41967877,546526267118337
6824197,8779669067346192
19407109,4276069708411152
23077125,8779669335781632
6832389,8779600347869457
19415301,4276000988934417
23085317,8779600616304897
6881541,8746614999036177
19464453,4243015640101137
23134469,8746615267471617
6947077,17751683949998352
23200005,17751684218433792
19661061,4240885873193232
23331077,8744485500563712
40370437,8744416244347152
29884677,8779600616297232
55050501,8744416781209872
23593477,8726824074948912
23593989,17734023329689872
23595013,8729023098204432
8564741,4558510784320272
8695813,54911425385232
33861637,19727590297872
8794117,4558506757788432
33959941,4523322922701072
33984517,4505735031623952
23597061,8726892777648432
8822789,4558511052755712
33988613,4523327217668352
23658501,8729023081427217
23724037,17734092032389392
23855109,8726893314519312
31981573,8744416244216592
82041,4524494928479007
528953,4786247180485617
4326457,67836641963672337
67801,4520092588049175
82137,4528888664294175
528985,4786243120399347
4326489,67836637903586067
84057,4528888680022815
114777,4524563631178527
1130585,4524494912750367
2179161,4805965593449247
50593881,4786246861783827
67993,4819159482368787
529049,4788441876268017
4326553,67838836659454737
75929,4537753225134867
84121,4537684505658135
100505,4520165334057747
329881,4520161307525907
2164889,4801567296328467
8456345,4537684505659155
16844953,4801567564759827
33622169,4520092588114707
529177,5366784991429617
4326681,68417179774616337
8413465,5050125625853715
19398937,8744416244142897
23068953,17751615498883857
537113,4803972476961777
545305,4803835038008307
561689,4786384585884657
791065,4786380559352817
2626073,5349192805389297
17306137,5349193073820657
4334617,67854367260148497
4342809,67854229821195027
4359193,67836779369071377
4588569,67836775342539537
6423577,68399587588576017
21103641,68399587857007377
307225,4523326680597297
434201,13530525935338257
67817,16497289199895
82281,337554649907487
529001,282647821550067
83049,4524494962032927
84073,25293381173535
86121,20964020584767
90217,56148392673567
114793,20972610519327
344169,20964557455647
606313,302370277818687
1130601,20903892091167
16859241,302370814689567
33636457,20895838044447
68009,315564183519507
3753,4511300756439345
529065,284846577418737
68777,4520096715243795
75945,34157926285587
84137,34089206808855
198825,4520165367611667
329897,16566008676627
2164905,297971997479187
4262057,4801571624845587
16844969,297972265910547
33622185,16497289265427
3881,4805969871634737
529193,863189692580337
8413481,546530310226707
7721,4506971428356465
11817,4524563614400817
265769,4506971696791857
527913,4788377685590385
2100777,4788377685594417
16780841,4788377954025777
33558057,4506902977380657
530985,284846643479025
537129,300377178112497
545321,300239739159027
660009,4786384619438577
791081,282785260503537
1577513,282656144097777
2626089,845597506540017
4723241,5349197133906417
8917545,300239739159537
17306153,845597774971377
176169,4523335018873137
307241,19735659938097
430121,4505743101264177
82377,341948385722655
529097,284842517332467
82633,25289053700415
68809,4520092621603095
71881,16561680154935
84169,34085146722591
329929,16562217025815
592073,297967937388855
1116361,16497257742615
8456393,34085146723095
16845001,297968474259735
33622217,16493497614615
86217,25357756399935
90313,60542128488735
344265,25358293270815
606409,306764013633855
1130697,25293333987615
16859337,306764550504735
33636553,25289573859615
50593993,284846258716947
529225,863185632494067
83273,4841149982310687
84297,341948401451295
90441,407987801817375
8413513,546526266917655
115017,337623352607007
213321,4841218685010207
1130825,337554634178847
50594121,863189373878547
6816073,8744416244142387
23069001,8744416781013267
529993,4786243153953267
537161,300373118026227
86601,20959725617535
561737,282785226949107
594505,284842516283895
660041,4786380559352307
2626121,845593446453747
4723273,5349193073820147
8917577,300235679073267
34083401,282644029964787
115273,20964020584767
213577,4524559352987967
606793,302365982851455
1131081,20895302156607
2179657,302365982855487
4276809,4805965610221887
50594377,282647251190067
85065,4528888713576735
87113,4524559352987967
91209,4559743725076767
214089,13531758607728927
345161,4524559889858847
607305,4805965610221887
4277321,13813164864962847
16860233,4805966147092767
33637449,4524491170447647
88137,25357772128575
92233,60542144217375
346185,25358308999455
608329,306764029362495
16861257,306764566233375
33638473,25289589588255
50595913,284846274445587
176201,4523326680596787
610377,302434685550975
1134665,20964004856127
2183241,302434685555007
4280393,4806034312921407
1138761,56148376944927
2187337,337619057643807
4284489,4841218685010207
434249,4523327217467667
50602057,300376859410707
245833,4524701070131487
639049,302438980518207
1163337,20972594790687
16891977,302439517389087
33669193,20964540743967
737353,4806034312921407
4407369,13813233567662367
16990281,4806034849792287
33767497,4524559873147167
1392713,20964541727007
2441289,302435222425887
4538441,4806034849792287
17121353,302436296163615
33898569,20961319518495
1654857,302370262090047
17907785,302370798960927
34685001,20895822315807
6373449,5368915546870047
35733577,302366503014687
37830729,4805966130381087
50413641,302367576752415
50626633,282788968333587
50659401,284846257668375
50724937,4786384300736787
52691017,845597187838227
54788169,5349196815204627
58982473,300239420457747
529289,865384388362737
69001,4819159515922707
72073,315628574474547
76169,350812946563347
84361,350744227086615
1116553,315564152062227
2165129,878509808423187
4262281,5382109435789587
16845193,878510076854547
6816137,8746615000011057
19399049,4243015641076017
21496201,8746615268442417
530057,4788441909821937
531081,289240328962545
537225,302571873894897
545417,302434434941427
561801,284983982817777
594569,289240295408115
660105,4788579315220977
791177,284979956285937
1577609,284846545961457
2626185,847792202322417
4723337,5351391829688817
8917641,302434434941937
17306249,847792470753777
76937,4537753258688787
85129,4537684539212055
101513,4520165367611667
330889,4520161341079827
2165897,4801567329882387
16845961,4801567598313747
33623177,4520092621668627
88201,34153597763895
596105,298036388430195
2168969,298036388434227
4266121,4801636015800627
16849033,298036656865587
33626249,16561680220467
92297,69337969852695
108681,34295331684627
206985,4537890664087827
338057,34291305152787
600201,315628574474547
1124489,34157894828307
608393,315559854997815
1132681,34089175351575
231561,4520302773010707
362633,16703414075667
624777,298040683397427
8489097,34157892731667
460937,4520298746478867
723081,4801636015800627
1247369,4520165336154387
4393097,13808835270541587
8587401,4537753225134867
854153,298036656865587
1378441,16565977219347
8718473,34153866199827
17107081,298037193736467
33884297,16562217091347
34146441,297967937454387
3213449,297971966021907
5310601,4801571593388307
17893513,297972234453267
34670729,16497257808147
6359177,5364517249749267
10553481,315559855002387
18942089,860917890814227
12650633,4819159482368787
21039241,5364517518180627
25233545,315560123433747
42010761,34085146788627
50399369,297968474325267
176265,4525525436465457
307337,21926077530417
405641,4525521409933617
430217,4507933518856497
23593097,8729023082402097
530185,5366785024983537
561929,863327097979377
660233,5366922430382577
791305,863323071447537
8414473,5050125642629907
6817033,17751615247225137
21497097,17751615515656497
6818057,8746615015739697
19400969,4243015656804657
21498121,8746615284171057
176393,4839985760960817
307465,336386402025777
405769,4839981734428977
9462025,546530294498067
41967881,546526266983187
6824201,8779669067272497
19407113,4276069708337457
21504265,8779669335703857
23085321,8779600616231187
23134473,8746615267397907
6947081,17751683949924657
21627145,17751684218356017
19661065,4240885873119537
21758217,8744485500485937
52953353,4240817153708337
55050505,8744416781074737
31457545,8779600616231697
531977,4788441975882225
538121,4803972510515697
546313,4803835071562227
562697,4786384619438577
792073,4786380592906737
2627081,5349192838943217
8918537,4803835071562737
17307145,5349193107374577
1579529,284846577418737
34085385,284842549903857
2634249,863322803016177
4731401,5366922430382577
17314313,863323071447537
578057,300377144558067
610825,302434433892855
676361,4803972476961267
807433,300373118026227
2642441,863185364062707
4739593,5366784991429107
17322505,863185632494067
1610249,282793549496817
2658825,845734911939057
4755977,5349334539305457
8950281,300377144558577
17338889,845735180370417
1643017,284846543864307
34148873,284842516349427
2757129,5349330244342257
9048585,4803972476961777
17437193,5349330512773617
2888201,845730885407217
4985353,5349330512773617
9179657,300373118026737
34345481,282781468918257
11014665,863185364063217
13111817,5366784991429617
25694729,863185632494577
50860553,845593983386097
177161,13530525683679537
406537,13530521657147697
431113,13512933766070577
23593993,17734023329616177
178185,4525525452194097
309257,21926093259057
407561,4525521425662257
432137,4507933534585137
23595017,8729023098130737
1224713,4523335003144497
4370441,13812000643612977
1355785,19735644209457
17084425,301202566807857
33861641,19727590162737
4599817,13811996617081137
17182729,4804797899211057
33959945,4523322922565937
446473,4523326680596787
1478665,4505743085535537
4624393,13794408726004017
8818697,4523326680597297
17207305,4787210008133937
33984521,4505735031488817
450569,4558511052685587
499721,4525525703852307
8822793,4558511052686097
23609353,8744416244142387
23724041,17734092032315697
23855113,8726893314445617
31981577,8744416244142897
57147401,8726824595034417
4326513,67836642232107777
68017,4819163810890497
68273,4520096715244305
71857,4520165367612177
75953,4537757553656577
329905,4520165636047617
592049,4801571624846097
2164913,4801571624850177
8456369,4537688834180865
16844977,4801571893281537
33622193,4520096916636417
6816049,17751619542192912
21496113,17751619810624272
23068977,17751619810628352
4326961,67836642030781200
4342833,67854234149716737
12715057,67854234149717760
37880881,67836642232173312
307249,4523335287309072
405553,13530525952115472
23593009,17734027624583952
68049,4819159750804227
4326609,67838836927890177
71889,4520161307525907
75985,4537753493570307
84177,4537684774093575
100561,4520165602493187
592081,4801567564759827
2164945,4801567564763907
8456401,4537684774094595
50594001,4788445886087937
4326737,68417180043051777
8413521,5050125894289155
50594129,5366789001249537
6816081,17751615498883857
19398993,8744416781013777
4326993,67836637937140497
4330577,67836775342539537
4334673,67854367528583937
4342865,67854230089630467
4359249,67836779637506817
4850769,68399587857007377
6423633,68399587857011457
37880913,67836638440522497
50594897,13793446133302017
50595921,4788445901816577
176209,13530525935338257
307281,4523327217468177
50597969,4786384300737297
50602065,4803976486781697
50610257,4803839047828227
50626641,4786388595704577
51118161,5349196815205137
52691025,5349196815209217
68497,4819159515923217
76177,4854412573934337
199057,13826427456586497
592273,5382109435790097
1116561,4819163779433217
2165137,5382109435794177
8456593,4854343854458625
16845201,5382109704225537
8413585,5052324650157825
19399057,8746615268446992
76433,4537753258689297
101009,4520165367612177
330385,4520161341080337
2165393,4801567329882897
8456849,4537684539213585
16845457,4801567598314257
33622673,4520092621669137
4342929,67856428845499137
4392081,67843234705965825
12715153,67856428845500160
37880977,67838836927955712
80017,4537890664088337
88209,4537753225134867
104593,4520302773011217
333969,4520298746479377
596113,4801636015801137
1120401,4520165336154897
4266129,13808835270542097
108689,4537894959055617
338065,4537890932523777
1124497,4537757522199297
4270225,13826427456586497
8464529,4572937597224705
116881,4537757520102147
346257,4537753493570307
608401,4819159482368787
2181265,4819159482372867
16861329,4819159750804227
33638545,4537684774159107
362641,4520303041446657
4294801,13808839565509377
723089,13808835270542097
2295953,13808835270546177
4393105,31823233780024065
8587409,13544952479876865
16976017,13808835538977537
33753233,13527360562332417
1378449,4520165604590337
4524177,13808835538977537
17107089,4801636821107457
33884305,4520161844462337
1640593,4801571593388817
2689169,5364517249749777
17369233,5364517518181137
3213457,4801571593392897
9504913,4537688802723585
17893521,4801571861824257
34670737,4520096885179137
18942097,5364517518185217
12650641,13826358737110785
37816465,13808766819566337
50399377,4801568101696257
307345,4525525704901392
19399441,8744416260920112
23069457,17751615515661072
8414481,14057324897371905
4850961,69543079681458960
5375249,68417184070632192
6423825,69543079681463040
21103889,69543079949894400
37881105,68417180043117312
6817041,35766013756707600
19399953,17751615515661072
21497105,35766014025138960
23069969,35766014025143040
8415505,5052324665886465
19400977,8746615284175632
8417553,5050263064807185
307473,4839986029396752
430353,13812000912048912
19403025,8744484963619632
23073041,17751684218360592
8446225,5050267359774465
8675601,5050263333242625
8937745,5613075579275025
10510609,5613075579279105
25190673,5613075847710465
19407121,8779669335708432
19415313,8779600616231697
6848785,17751688244892432
21528849,17751688513323792
23101713,17751688513327872
19464465,8746615267398417
6947089,35766082459407120
19530001,17751684218360592
21627153,35766082727838480
23200017,35766082727842560
7078161,17751684218360592
19661073,8744485500490512
7864593,17751619526464272
22544657,17751619794895632
40370449,17751615498949392
27787537,8779600616232720
52953361,8744416781079312
24117521,17751619794899712
4343313,67854229854749457
5375505,67836641964720912
12715537,67854229854750480
37881361,67836637937206032
307729,4523326697374512
434705,13530525952115472
177169,31544924193162000
308241,13530525952115472
406545,31544920166630160
4338705,67854642138055440
4346897,67854367260148497
431121,31527332275553040
4363281,67837054246978320
4592657,67837050220446480
5379089,67836779370119952
12719121,67854367260149520
37884945,67836775342605072
435217,31544924461597440
4367377,67854646433022720
4596753,67854642406490880
5383185,67854371556164352
37889041,67854367528649472
4375569,67854371555115777
4604945,67854367528583937
4867089,68417179774616337
6439953,68417179774620417
12731409,67889414193284865
21120017,68417180043051777
4621329,67837054515413760
12747793,67854371555116800
37913617,67836779637572352
5440529,67838840954422017
12780561,67856428844451585
37946385,67838836926907137
5637137,67836779638555392
12977169,67854367528584960
5899281,68399591884587792
6947857,69525487495418640
13239313,68417179774617360
21627921,69525487763850000
38405137,68399587857072912
7472145,68399591884591872
22152209,68399592153023232
14812177,68417179774621440
23200785,69525487763854080
39978001,68399587857076992
29492241,68417180043052800
23594001,35748421839098640
309265,4525525720630032
323601,4558511052686097
372753,4525525703852817
2273297,13812000643617552
4370449,31826399153095440
16953361,13812000912048912
33730577,13530525935403792
831505,4804801657307952
1355793,4523335271580432
4501521,13812000912048912
8695825,4558511052687120
17084433,4804802194178832
33861649,4523327217533712
1454097,13530525936386832
2502673,13811996617085712
4599825,31826395126563600
446481,13530525935338257
2527249,13794408726008592
4624401,31808807235486480
8818705,13530525935339280
958481,13812000912048912
2531345,13812000912052992
4628497,31826399421530880
23601169,17751684218360592
23609361,17751615498883857
23625745,17734096327283472
23724049,35748490541798160
24641553,17734027608855312
31981585,17751615498884880
68065,315564451954947
68321,16497356308755
68833,4520096983679235
71905,16566008676627
76001,34158194721027
84193,34089475244295
198881,4520165636047107
592097,297972265910547
2164961,297972265914627
4262113,4801571893281027
8413537,546530578662147
7777,4506971696791857
20065,4524495163359507
36449,4506980286726417
69217,4511301023826195
134753,13514170951532817
265825,4506972233662737
527969,4788377954025777
1052257,4506911568298257
4197985,13795577208766737
8392289,4524495163360017
16780897,4788378490896657
33558113,4506903514251537
50595937,284850602967297
307297,19736196808977
430177,4505743638135057
434273,4523335824179457
50626657,282797575045377
50659425,284850569412867
76193,350817275085057
100769,315641492930817
592289,878514136940817
2165153,878514136944897
4262305,5382113764311297
16845217,878514405376257
8413601,548729334530817
7841,4511369475916080
36513,4511378065850640
69281,4520096849461521
134817,13518568730657040
528033,4792775733150000
4198049,13799974987890960
8392353,4528892942484240
72353,16565807350065
84641,34089273917715
101025,16574397284625
592545,297972064583985
8456865,34089273918225
85153,4537688901288195
101537,4520174024655105
199841,13527364689461505
4263073,13808770946695425
8457377,4537688901288705
80033,34295365239057
88225,34157926285587
202913,4520302806565137
333985,16703447630097
596129,298040716951857
8460449,34157926286097
207009,4537894992609537
338081,34295633674497
215201,4537757553656067
346273,34158194721027
608417,315564183519507
2181281,315564183523587
4278433,4819163810889987
16861345,315564451954947
33638561,34089475309827
624801,298049306886417
2197665,298049306890497
4294817,4801648934256897
16877729,298049575321857
33654945,16574598676737
460961,4520303075000577
4393121,13808839599063297
8587425,4537757553656577
8718497,34158194721537
17107105,298041522258177
33884321,16566545613057
2689185,860921950900497
4786337,5364521578266897
8980641,315564183520017
17369249,860922219331857
6359201,5364521578270977
10553505,315564183524097
18942113,860922219335937
12650657,4819163810890497
21039265,5364521846702337
25233569,315564451955457
42010785,34089475310337
50399393,297972802846977
176289,4525534043177232
307361,21934684242192
430241,4507942125568272
434337,4525534311612672
7969,4806038591111472
12065,4841222963200272
20257,4841154243723537
36641,4806047181046032
134945,13813237845852432
1052449,4805978462617872
2101025,5368919825060112
16781089,5368920093491472
8413985,546530343781137
6816545,8744420321005872
19399457,4240820962070832
21496609,8744420589437232
8414497,5050129971151617
6817057,17751619575746832
21497121,17751619844178192
23069985,17751619844182272
6818081,8746619344261392
19400993,4243019985326352
21498145,8746619612692752
23071009,8746619612696832
8417569,546667749180177
176417,4839994367672592
307489,336395008737552
8544545,5050267376550657
8675617,546668017615617
8937761,1109480263648017
9462049,546538901209857
10510625,1109480263652097
12607777,5613079891018497
25190689,1109480532083457
434465,4839994636108032
15204641,8779604659540752
27787553,4276005300605712
29884705,8779604927972112
31457569,8779604927976192
24097,4524563614400817
73249,4511369474867505
532001,4788446405067120
2104865,4788446405071152
16784929,4788446673502512
33562145,4506971696857392
28193,4559747986489617
273953,4524701321789712
536097,4806038591111472
1060385,4524572205383952
4206113,13813237845852432
52769,4524572204335377
85537,4528892941435155
151073,13531762869141777
544289,4805969871634737
1068577,4524503485907217
4214305,13813169126375697
101921,4511378064802065
1084961,4506997199208720
2133537,4788454995005712
16813601,4788455263437072
33590817,4506980286791952
200225,13518568729608465
593441,4792775732101425
1117729,4511309346373905
4263457,13799974986842385
8457761,4528892941435665
2231841,13795645659812112
4328993,31810044169290000
16911905,13795645928243472
33689121,13514170951598352
790049,4788446673502512
1314337,4506980287774992
4460065,13795645928243472
8654369,4524563882836752
17042977,4788447210373392
33820193,4506972233728272
34082337,4788377954091312
3149345,4788386276577552
17829409,4788386545008912
34606625,4506911568363792
10489377,4805969871639312
18877985,5351327907451152
37752353,13795577208832272
25169441,4805970140070672
41946657,4524495163425552
50335265,4788378490962192
406049,4523326730928432
434721,4523335320862992
23593505,8726828403396912
308257,4523335320862992
406561,13530525985669392
23594017,17734027658137872
407585,4525525754183952
23595041,8729027426652432
192545,4558519390961937
323617,54920032026897
241697,4525534042128657
372769,21934683193617
700449,4804809995583792
4370465,13812009250324752
831521,301210636648752
17084449,301211173519632
33861665,19736196874512
8794145,4558511069463312
495649,4507942124519697
954401,4787218077974832
4624417,13794417332715792
8818721,4523335287309072
17207329,4787218614845712
33984545,4505743638200592
450593,4558519659397377
499745,4525534310564097
4628513,13812009518760192
17211425,4804810800890112
33988641,4523335824244992
68545,315560156987667
69057,4819159784358147
76225,350813214998787
84417,350744495522055
330177,315629379780867
592321,878510076854547
1116609,315564420497667
2165185,878510076858627
4262337,5382109704225027
33622465,315560660369667
50594241,865388398182657
19399105,4243016177946897
21496257,8746615805313297
23069121,8746615805317377
69313,4520092688711955
76481,34153899753747
84673,34085180277015
101057,16566008676627
199361,4520161341079827
2165441,297967970947347
4262593,4801567598313747
72897,4520161341079827
76993,4537753527124227
85185,4537684807647495
101569,4520165636047107
593089,4801567598313747
2165953,4801567598317827
80065,34291305152787
104641,16703414075667
202945,4520298746478867
596161,298036656865587
1120449,16565977219347
8460481,34153866199827
16849089,298037193736467
33626305,16562217091347
92353,69338238288135
108737,34295600120067
207041,4537890932523267
1124545,34158163263747
16853185,315629379780867
33630401,34154403135747
346305,34154403070215
1132737,34089443787015
16861377,315560660304135
33638593,34085683659015
231617,4520303041446147
8489153,34158161167107
16877761,298041488703747
33654977,16566512058627
1247425,4520165604589827
4393153,13808835538977027
8587457,4537753493570307
16976065,4801636821106947
33753281,4520161844461827
854209,298037193736467
2427073,298037193740547
4524225,4801636821106947
17107137,298038267478275
33884353,16563290833155
1640641,297972234453267
2689217,860917890814227
4786369,5364517518180627
8980673,315560123433747
34146497,297968474325267
3213505,297972234457347
5310657,4801571861823747
6359233,5364517518184707
10553537,315560123437827
35719361,297968474329347
12650689,4819159750804227
37816513,4801568101695747
50399425,297969548067075
307393,21926614401297
405697,4525521946804497
430273,4507934055727377
50598081,284983697670417
434369,4525526241771777
50602177,302575883714817
50610369,302438444761347
50626753,284987992637697
50659521,289244305228035
50725057,4788583325040897
51118273,847796212138257
51642561,284850555781377
52691137,847796212142337
54788289,5351395839508737
58982593,302438444761857
23593153,8729023619272977
8414017,546526283694867
19399489,4240817170420017
21496641,8744416797786417
8414529,5050125911065347
21497153,17751616052527377
23070017,17751616052531457
50596161,865388413911297
19401025,4243016193675537
21498177,8746615821041937
23071041,8746615821046017
307521,336386938896657
405825,4839982271299857
50598209,863326812832017
19403073,4240885873119537
21500225,8744485500485937
9462081,546530562933507
434497,4839986566267137
19407169,4276070245208337
21504321,8779669872574737
23077185,8779669872578817
6832449,8779600616231187
50626881,863331107799297
6881601,8746615267397907
50725185,5366926440202497
21627201,17751684755226897
23200065,17751684755230977
15204673,8779600616231697
50596417,284846308000017
307777,19727606874417
406081,4523322939277617
430657,4505735048200497
50598465,282784690143537
50659905,284846274445587
51118657,845597204611377
23593537,8726824611746097
50596929,4788445935370497
406593,13530522194018577
431169,13512934302941457
435265,13530526488985857
50660417,4788445901816067
50725953,13793583572254977
54789185,14356396086722817
23594049,17734023866487057
309313,21926630129937
407617,4525521962533137
432193,4507934071456017
50600001,284983713399057
436289,4525526257500417
50604097,302575899443457
50612289,302438460489987
50628673,284988008366337
50661441,289244320956675
50726977,4788583340769537
51120193,847796227866897
52693057,847796227870977
54790209,5351395855237377
58984513,302438460490497
23595073,8729023635001617
192577,4558511052685587
241729,4525525703852307
8564801,4558511052686097
831553,301202566807857
1355841,19736181080337
929857,4804797899211057
4599873,13811997153952017
446529,4523327217467667
50614337,300376859410707
954433,4787210008133937
1478721,4505743622406417
4624449,13794409262874897
8818753,4523327217468177
52695105,845734626791697
54792257,5349334254158097
58986561,300376859411217
23597121,8726893314445617
1482817,4523335808450817
4628545,13812001448919297
51126337,863326812832017
52699201,863326812836097
54796353,5366926440202497
50643009,300381154377987
50675777,302438443712775
50741313,4803976486781187
51134529,863189373878547
52707393,863189373882627
54804545,5366789001249027
23609409,8744416781013267
51150913,845738921754897
51675201,282797559316737
52723777,845738921758977
54820929,5349338549125377
59015233,300381154378497
51707969,284850553684227
51249217,5349334254158097
52822081,5349334254162177
59113537,4803976486781697
23724097,17734092569186577
59506753,863189373879057
61079617,863189373883137
63176769,5366789001249537
31981633,8744416781013777
72577,315628608028977
76673,350812980117777
1117057,315564185616657
2165633,878509841977617
4262785,5382109469344017
16845697,878510110408977
8414081,548725039563537
6816641,8746615016788272
19399553,4243015657853232
21496705,8746615285219632
77185,4854412607488257
200065,13826427490140417
593281,5382109469344017
1117569,4819163812987137
2166145,5382109469348097
16846209,5382109737779457
8414593,5052324666934017
6817153,17753814271529232
21497217,17753814539960592
23070081,17753814539964672
80257,350950385516817
88449,350812946563347
596353,878578527895857
8460673,350812946563857
92545,421181690740995
8415617,553123086074625
108929,350954680484097
207233,4854550012887297
338305,350950653952257
600449,913762899984657
1124737,350817243627777
2173313,913762899988737
4270465,5417362527355137
8464769,421181690741505
16853377,913763168420097
117121,350817241530627
215425,4854412573933827
346497,350813214998787
33638785,350744495587587
1149313,315641461473537
8489345,350817241531137
4393345,14389377410007297
8587649,4854412573934337
8718721,350813214999297
17107329,878579333202177
1640833,878514105483537
3213697,878514105487617
5310849,5382113732854017
17893761,878514373918977
42011009,350744495588097
50399617,878510613790977
176513,4842184785264912
307585,338585426329872
405889,4842180758733072
6820225,8746683719487792
19403137,4243084360552752
21500289,8746683987919152
41968001,548725291287297
434561,4842185053700352
6824321,8781868091576592
19407233,4278268732641552
21504385,8781868360007952
23077249,8781868360012032
6832513,8781799372099857
19415425,4278200013164817
21512577,8781799640531217
23085441,8781799640535297
6947201,17753882974228752
21627265,17753883242660112
23200129,17753883242664192
19661185,4243084897423632
21758337,8746684524790032
23331201,8746684524794112
7864705,8746619297075472
20447617,4243019938140432
22544769,8746619565506832
52953473,4243016178012432
55050625,8746615805378832
24117633,8746619565510912
56623489,8746615805382912
73345,4520161139753265
85633,4537684606320915
200321,13527360394494225
593537,4801567396987185
1117825,4520096717340945
4263553,13808766651728145
8457857,4537684606321425
596609,298036421984625
2169473,298036421988657
4266625,4801636049355057
16849537,298036690420017
33626753,16561713774897
109185,34295365239057
207489,4537890697642257
338561,34291338707217
600705,315628608028977
1124993,34157928382737
117377,34157926285587
215681,4537753258688787
346753,34153899753747
2181761,315559888556307
4278913,4819159515922707
16861825,315560156987667
33639041,34085180342547
232065,4520302806565137
363137,16703447630097
625281,298040716951857
8489601,34157926286097
461441,4520298780033297
723585,4801636049355057
1247873,4520165369708817
4393601,13808835304096017
8587905,4537753258689297
854657,298036690420017
1378945,16566010773777
8718977,34153899754257
17107585,298037227290897
33884801,16562250645777
34146945,297967971008817
3213953,297971999576337
5311105,4801571626942737
17894017,297972268007697
34671233,16497291362577
6359681,5364517283303697
10553985,315559888556817
18942593,860917924368657
12651137,4819159515923217
21039745,5364517551735057
25234049,315560156988177
42011265,34085180343057
50399873,297968507879697
176769,4525525453242672
307841,21926094307632
406145,4525521426710832
430721,4507933535633712
23593601,8729023099179312
81025,4537890697642257
89217,4537753258688787
105601,4520302806565137
334977,4520298780033297
597121,4801636049355057
1121409,4520165369708817
4267137,13808835304096017
8461441,4537753258689297
109697,4537894992609537
339073,4537890966077697
1125505,4537757555753217
4271233,13826427490140417
117889,4537757553656067
347265,4537753527124227
609409,4819159515922707
2182273,4819159515926787
16862337,4819159784358147
33639553,4537684807713027
363649,4520303075000577
4295809,13808839599063297
8490113,4537757553656577
724097,13808835304096017
2296961,13808835304100097
4394113,31823233813577985
16977025,13808835572531457
33754241,13527360595886337
1379457,4520165638144257
4525185,13808835572531457
8719489,4537753527124737
17108097,4801636854661377
33885313,4520161878016257
1641601,4801571626942737
2690177,5364517283303697
8981633,4819159515923217
17370241,5364517551735057
3214465,4801571626946817
17894529,4801571895378177
34671745,4520096918733057
10554497,4819159515927297
18943105,5364517551739137
37817473,13808766853120257
25234561,4819159784358657
42011777,4537684807713537
50400385,4801568135250177
177281,13532724707983632
406657,13532720681451792
431233,13515132790374672
435329,13532724976419072
23594113,17736222353920272
604289,315766013428017
1128577,34295333781777
120961,34295331684627
219265,4537890664087827
350337,34291305152787
612481,315628574474547
1136769,34157894828307
628865,298178122350897
8493185,34295331685137
727169,4801773454754097
1251457,4520302775107857
4397185,13808972709495057
8591489,4537890664088337
858241,298174095819057
1382529,16703416172817
8722561,34291305153297
17111169,298174632689937
33888385,16699656044817
1644673,298040685494577
2693249,860986341855537
4790401,5364585969221937
8984705,315628574475057
17373313,860986610286897
9508993,34157894828817
616577,350812946563347
2189441,350812946567427
4286593,4854412573933827
16869505,350813214998787
33646721,69338238353667
1255553,4537894961152257
4401281,13826564895539457
1386625,34295602217217
17115265,315766818734337
33892481,34291842089217
8988801,350812946563857
10561665,350812946567937
12658817,4854412573934337
25241729,350813214999297
42018945,69338238354177
247937,4537894959055107
379009,34295600120067
477313,4537890932523267
1263745,4537757522198787
4409473,13826427456585987
1394817,34158163263747
17123457,315629379780867
33900673,34154403135747
1656961,315564152062227
2705537,878509808423187
4802689,5382109435789587
17385601,878510076854547
3229825,315564152066307
5326977,4819163779432707
17909889,315564420497667
34687105,34089443852547
6375553,5382109435793667
18958465,878510076858627
21055617,5382109704225027
50415745,315560660369667
4425857,13808977004462337
8620161,4537894959055617
8751233,34295600120577
17139841,298178927657217
33917057,16703951012097
1673345,298049275429137
3246209,298049275433217
5343361,4801648902799617
17926273,298049543864577
34703489,16574567219457
1509505,4520303043543297
4655233,13808972977930497
8849537,4537890932523777
17238145,4801774260060417
34015361,4520299283415297
4917377,14371785223962897
5441665,13808839567606017
9635969,4537757522199297
6490241,14371785223966977
12781697,13826427456586497
21170305,14371785492398337
17631361,860987147157777
9767041,34158163264257
18155649,298041490800897
34932865,16566514155777
19204225,860987147161857
21301377,5364586774528257
25495681,315629379781377
42272897,34154403136257
3737729,860921919443217
5834881,5364521546809617
10029185,315564152062737
18417793,860922187874577
11077761,878509808423697
13174913,5382109435790097
25757825,878510076855057
50923649,860918427746577
7407745,5364521546813697
11602049,315564152066817
19990657,860922187878657
13699201,4819163779433217
22087809,5364521815245057
26282113,315564420498177
43059329,34089443853057
51447937,297972771389697
14747777,5382109435794177
27330689,878510076859137
52496513,860918427750657
29427841,5382109704225537
54593665,5364518055117057
58787969,315560660370177
192641,4560709808554257
323713,57110449619217
422017,4560705782022417
700545,4807000413176112
4370561,13814199667917072
831617,303401054241072
17084545,303401591111952
33861761,21926614466832
929921,4806996386644272
1454209,4525525706998032
4599937,13814195641385232
17182849,4806996923515152
33960065,4525521946870032
954497,4789408495567152
4624513,13796607750308112
8818817,4525525704901392
17207425,4789409032438032
33984641,4507934055792912
23597185,8729091801878832
450689,4560710076989697
4628609,13814199936352512
17211521,4807001218482432
33988737,4525526241837312
23724161,17736291056619792
23855233,8729092338749712
24641665,8729027379466512
31981697,8746615268446992
57147521,8729023619338512
8414977,5050125676184337
19400449,8744416294474032
23070465,17751615549214992
23071489,8746615317729552
176897,4839985777738032
307969,336386418802992
406273,4839981751206192
8446721,546667749180177
8545025,5050263081583377
8676097,546663722648337
10511105,1109475968684817
12608257,5613075596051217
25191169,1109476237116177
6824705,8779669084049712
19407617,4276069725114672
21504769,8779669352481072
6832897,8779600364572977
19415809,4276001005637937
21512961,8779600633004337
6882049,8746615015739697
19464961,4243015656804657
21562113,8746615284171057
6947585,17751683966701872
21627649,17751684235133232
19661569,4240885889896752
21758721,8744485517263152
52953857,4240817170485552
55051009,8744416797851952
31458049,8779600633008912
19401985,8746615317729552
8418561,5050263081583377
177409,13847185032478992
406785,13847181005947152
6821121,17751683966701872
21501185,17751684235133232
8447233,5050267376550657
8676609,5050263350018817
8938753,5613075596051217
10511617,5613075596055297
25191681,5613075864486657
435457,13847185300914432
6825217,17786868338790672
21505281,17786868607222032
23078145,17786868607226112
6833409,17786799619313937
21513473,17786799887745297
23086337,17786799887749377
6882561,17753814270480657
21562625,17753814538912017
23135489,17753814538916097
21759233,17751684772004112
23332097,17751684772008192
27788545,8779600633008912
55051521,17751616052592912
56624385,17751616052596992
178433,4842184800993552
309505,338585442058512
407809,4842180774461712
6822145,8746683735216432
19405057,4243084376281392
21502209,8746684003647792
9464065,548729334530817
41969921,548725307015937
436481,4842185069428992
6826241,8781868107305232
19409153,4278268748370192
21506305,8781868375736592
23079169,8781868375740672
6834433,8781799387828497
19417345,4278200028893457
21514497,8781799656259857
23087361,8781799656263937
6949121,17753882989957392
21629185,17753883258388752
23202049,17753883258392832
19663105,4243084913152272
21760257,8746684540518672
23333121,8746684540522752
52955393,4243016193741072
55052545,8746615821107472
56625409,8746615821111552
8450305,546942610309905
8548609,5050537942713105
8679681,546938583778065
9466113,546667733451537
41971969,546663705936657
241921,4842184784216337
372993,338585425281297
1224961,4839994351943952
2273537,5402935714386192
8564993,4910354505138960
16953601,5402935982817552
1356033,336394993008912
2404609,899336355451152
4501761,5402935982817552
8696065,406755146203920
33861889,336386938962192
471297,4842180757684497
2502913,5402931687854352
8794369,4910350478607120
33960193,4839982271365392
23081217,8779806774661392
6836481,8779669067272497
19419393,4276069708337457
21516545,8779669335703857
954625,5367751610728752
4624641,14374950865469712
8818945,4839986029396752
17207553,5367752147599632
6852865,8744626429104432
19435777,4241027070169392
21532929,8744626697535792
6885633,8746683718439217
19468545,4243084359504177
21565697,8746683986870577
19534081,8744622402572592
23204097,17751821657313552
7082241,8744622402572592
23335169,8744622939443472
52957441,4240885873185072
55054593,8744485500551472
31461633,8779669335708432
8577281,5050542237680385
8708353,546942878745345
42000641,546668000903937
8806657,5050538211148545
9593089,5050267360822017
42098945,5050263333307137
9724161,546668001886977
9986305,1109480247919377
11034881,2235375858750225
13132033,6738975486116625
25714945,2235376127181585
42492161,1109476220404497
11559169,1109480247923457
13656321,5613079875289857
26239233,1109480516354817
14704897,6738975486120705
27287809,2235376127185665
44065025,1109476220408577
29384961,6738975754552065
46162177,5613075847774977
499969,4842185052651777
958721,5402935982817552
1483009,4839994620379392
2531585,5402935982821632
8823041,4910354773574400
33988865,4839986566332672
6856961,8779810801193232
19439873,4276211442258192
21537025,8779811069624592
23109889,8779811069628672
6889729,8781868090528017
19472641,4278268731592977
21569793,8781868358959377
23142657,8781868358963457
19538177,8779806774661392
7086337,8779806774661392
15212801,8850037811450640
27795713,4346438452515600
52961537,4276070245273872
29892865,8850038079882000
55058689,8779669872640272
31465729,8850038079886080
56631553,8779669872644352
6963457,17786868322013457
21643521,17786868590444817
23216385,17786868590448897
19677441,4276070245208337
21774593,8779669872574737
23347457,8779669872578817
15220993,8849969091973905
27803905,4346369733038865
52969729,4276001525797137
29901057,8849969360405265
55066881,8779601153163537
31473921,8849969360409345
56639745,8779601153167617
6979841,17751825683845392
21659905,17751825952276752
23232769,17751825952280832
19693825,4241027607040272
21790977,8744627234406672
23363841,8744627234410752
15237377,8779673362240272
27820289,4276074003305232
29917441,8779673630671632
31490305,8779673630675712
7012609,17753882973180177
21692673,17753883241611537
23265537,17753883241615617
19726593,4243084896375057
21823745,8746684523741457
23396609,8746684523745537
53018881,4243016176963857
55116033,8746615804330257
56688897,8746615804334337
7209217,17751821657313552
19792129,8744622939443472
27918593,8779669335708432
55181569,17751684755292432
56754433,17751684755296512
15466753,8779669335708432
16253185,8779604643812112
28836097,4276005284877072
30933249,8779604912243472
48759041,8779600616297232
32506113,8779604912247552
308737,4523326730928432
435713,13530525985669392
436737,4525525754183952
193025,4558510801027377
324097,54911442092337
422401,4558506774495537
242177,4525525452194097
373249,21926093259057
1225217,4523335019921712
4370945,13812000660390192
1356289,19735660986672
17084929,301202583585072
33862145,19727606939952
471553,4525521425662257
4600321,13811996633858352
17183233,4804797915988272
33960449,4523322939343152
496129,4507933534585137
1479169,4505743102312752
4624897,13794408742781232
8819201,4523326697374512
17207809,4787210024911152
33985025,4505735048266032
8823297,4558511069463312
23659009,8729023098130737
23724545,17734092049092912
23855617,8726893331222832
31982081,8744416260920112
57147905,8726824611811632
310273,4525525754183952
193537,13565710055768337
422913,13565706029236497
242689,13532724706935057
701441,13812000660390192
1225729,13530534274662672
8696833,4558511069463312
472065,13532720680403217
930817,13811996633858352
17183745,13811997170729232
33960961,13530522194084112
496641,13515132789326097
955393,13794408742781232
1479681,13512942357053712
8819713,13530525952115472
17208321,13794409279652112
33985537,13512934303006992
23598081,17734092049092912
451585,13565710324203777
500737,13532724975370497
1483777,13530534543098112
17212417,13812001465696512
33989633,13530526489051392
23659521,17736222352871697
23856129,17734092585963792
31982593,17751615515661072
57148417,17734023866552592
194561,4560709824282897
325633,57110465347857
423937,4560705797751057
702465,4807000428904752
1226753,4525534043177232
4372481,13814199683645712
833537,303401069969712
1357825,21934684242192
17086465,303401606840592
33863681,21926630195472
931841,4806996402372912
4601857,13814195657113872
17184769,4806996939243792
33961985,4525521962598672
956417,4789408511295792
1480705,4507942125568272
4626433,13796607766036752
8820737,4525525720630032
17209345,4789409048166672
33986561,4507934071521552
23599105,8729091817607472
452609,4560710092718337
1484801,4525534311612672
4630529,13814199952081152
17213441,4807001234211072
33990657,4525526257565952
23726081,17736291072348432
23857153,8729092354478352
31983617,8746615284175632
57149441,8729023635067152
716801,4839985760960817
1241089,4558519375233297
4386817,13847185015701777
8581121,4628879528428305
847873,336386402025777
1372161,54920016298257
8712193,125280169493265
17100801,336386938896657
33878017,54911962251537
946177,4839981734428977
4616193,13847180989169937
8810497,4628875501896465
17199105,4839982271299857
33976321,4558507294654737
765953,4807000412127537
1290241,4525534026400017
4435969,13814199666868497
897025,303401053192497
1421313,21934667464977
17149953,303401590063377
33927169,21926613418257
1748993,4804809979855152
2797569,5367751342297392
17477633,5367751610728752
5419009,13812009234596112
6467585,14374950597038352
10661889,4839985760965392
21147649,14374950865469712
25341953,4839986029396752
42119169,4558511052751632
1880065,301210620920112
2928641,864151983362352
5025793,5367751610728752
34385921,301202566873392
18132993,301211157790992
34910209,19736181145872
10792961,336386402030352
19181569,864152520233232
12890113,4839986029396752
21278721,5367752147599632
995329,4806996385595697
4665345,13814195640336657
17248257,4806996922466577
34025473,4525521945821457
3026945,5367747315765552
34484225,4804797899276592
9842689,4558511053734672
6696961,14374946570506512
10891265,4839981734433552
19279873,5367747852636432
38154241,13811997154017552
23605249,8744622402572592
512001,4525525703852307
8835073,4558511052686097
1019905,4789408494518577
1544193,4507942108791057
4689921,13796607749259537
8884225,4525525703852817
17272833,4789409031389457
34050049,4507934054744337
2002945,4787218062246192
3051521,5350159424688432
9342977,4804801657307952
34508801,4787210008199472
5672961,13794417316987152
9867265,4523335271580432
18255873,4787218599117072
35033089,4505743622471952
6721537,14357358679429392
19304449,5350159961559312
13012993,13812000912048912
38178817,13794409262940432
25595905,4804802194178832
42373121,4523327217533712
23629825,8727034511495472
23662593,8729091800830257
31985665,8744484963619632
57151489,8726893314511152
1499137,4558519643668737
4644865,13847185284137217
8839169,4628879796863745
17227777,4839986566267137
34004993,4558511589622017
1548289,4525534294835457
4694017,13814199935303937
17276929,4807001217433857
34054145,4525526240788737
5152769,14374950865469712
9347073,4839986029396752
17735681,5367752147599632
5677057,13812009503031552
18259969,4804810785161472
35037185,4523335808516352
6725633,14374950865473792
10919937,4839986029400832
19308545,5367752147603712
38182913,13812001448984832
23732225,17751821657313552
23863297,8744622939443472
31989761,8779669335708432
23674881,8746615267397907
31997953,8779600616231697
23756801,17734233766236432
23887873,8727035048366352
23789569,17736291055571217
23920641,8729092337701137
32047105,8746615267398417
57212929,8729023618289937
32112641,17751684218360592
57278465,17734092569252112
32243713,8744485500490512
65536001,8744416781079312
3630,4504712275628337
528942,281556631491057
1081902,133195436337
1085486,270600835377
8470606,53880633234207
33636430,18696798146847
50593870,281552017887507
8413454,545430781891347
6816014,8743320759120177
19398926,4239721400185137
561678,281694036890097
2626062,844497961431537
176142,4522235490537777
307214,18636131602737
430094,4504643572928817
23592974,8725728841511217
1081526,4504832302977792
1081910,4503732822807312
1083446,4504832334435072
1085494,4503870228206352
1089590,4521462414250752
1343542,4503870496641792
3178550,4785207765971712
5275702,13792407020704512
34635830,4503733057819392
50593878,4785151645258497
4326678,68416084558025472
19398934,8743321027556112
21496086,17750520282288912
4326934,67835542452114192
4328470,67836641963741952
4330518,67835679857513232
4334614,67853272043557632
4588566,67835680125948672
4850710,68398492371981072
5374998,67835551009542912
21103638,68398492640416512
37880854,67835542687126272
307222,4522235758973712
405526,13529426423780112
1343590,271406141697
34635878,133967319297
50593894,281560624599297
3750,4506911299932432
1082022,1232709161232
1082534,4504832336531712
1085606,1370114560272
1089702,18962300604672
1147046,3431698862337
1212582,4504969741930752
1343654,1370382995712
3178662,282707652325632
9470118,18824861651712
34635942,1232944173312
8413478,545439388603137
1089830,334522135679232
3178790,862150278066432
9470246,334384696726272
6816038,8743329365831952
19398950,4239730006896912
23068966,8743329634267392
7718,4504780995105072
69158,4506911298883857
134694,13511980249846032
527910,4786187252338992
2100774,4786187252347152
4197926,13793386507079952
8392230,4522304461673232
33558054,4504712544194832
1090086,17862820434192
1212966,4503870261760272
1344038,270902825232
1606182,281608172146992
3179046,281608172155152
9470502,17725381481232
34636326,133464002832
1086502,4503870261760272
1090598,4521462447804672
1344550,4503870530195712
3179558,4785207799525632
5276710,13792407054258432
9471014,4521325008851712
34636838,4503733091373312
1087526,1370146017552
1091622,18962332061952
1148966,3431730319617
1214502,4504969773388032
1345574,1370414452992
3180582,282707683782912
9472038,18824893108992
34637862,1232975630592
1609766,281745577546032
3182630,281745577554192
9474086,17862786880272
34639910,270869401872
1105958,53047158968577
3186726,299337763598592
34644006,17863055446272
9486374,52909720015617
3309606,4785345204924672
5406758,13792544459657472
9601062,4521462414250752
34766886,4503870496772352
3440678,281745845989632
9732134,17863055315712
18120742,281746382852352
3702822,844558092022032
7372838,5348157719392512
11567142,299200324645632
19955750,844558360457472
36732966,281608407167232
43024422,17725616493312
51413030,281608944029952
23592998,8725737448222992
8413510,545431050326787
50594118,862094157353217
19398982,4239721937056017
23068998,8743321564426497
307270,18636668473617
430150,4504644109799697
50597958,281689456840977
434246,4522236295844097
50602054,299281642885377
50610246,299144203931907
50659398,282651529515267
50724934,4785289084211457
51118150,844501971308817
51642438,281560608870657
54788166,5348101598679297
58982470,299144203932417
23593030,8725729378382097
6816518,8743320775897392
19399430,4239721416962352
6817030,17750520030638352
23069958,17750520299073792
8417542,545568220844817
176390,4838894839337232
307462,335295480402192
6820102,8743389478596912
19403014,4239790119661872
8478982,546530293519107
8544518,5049167848215297
8675590,545568489280257
8937734,1108380735312657
9462022,545439372874497
12607750,5611980362683137
25190662,1108381003748097
41967878,545431050457857
434438,4838895107772672
6824198,8778573850685712
19407110,4274974491750672
23077126,8778574119121152
6832390,8778505131208977
19415302,4274905772273937
23085318,8778505399644417
6848774,8743398068531472
19431686,4239798709596432
23101702,8743398336966912
6947078,17750588733337872
23200006,17750589001773312
19661062,4239790656532752
23331078,8743390283903232
7864582,8743329350103312
20447494,4239729991168272
40370438,8743321027686672
29884678,8778505399636752
55050502,8743321564549392
24117510,8743329618538752
176646,4522235507314992
307718,18636148379952
430598,4504643589706032
23593478,8725728858288432
177158,13529434762055952
431110,13511842844446992
435206,13529435030491392
23593990,17732928113029392
192518,4557419862626577
323590,53820503691537
700422,4803710467248432
2273286,4803710467256592
4370438,13810909721989392
33730566,4522235759104272
831494,300111108313392
2404358,300111108321552
17084422,300111645184272
8794118,4557411541127952
33959942,4522227706040592
954374,4786118549639472
2527238,4786118549647632
4624390,13793317804380432
8818694,4522235758973712
17207302,4786119086510352
23597062,8725797560987952
450566,4557420131062017
2531334,4803710735692032
4628486,13810909990424832
17211398,4803711272554752
23625734,8725806150922512
23724038,17732996815728912
23855110,8725798097858832
24641542,8725737432494352
31981574,8743321027556112
82042,4522304495158047
1081466,4503733057618707
1081530,4504832302908177
1083450,4504832334365457
1089594,4521462414181137
1097786,4521324975227667
1146938,4504832300811027
1343546,4503870496572177
1605690,4785207765893937
5275706,13792407020634897
82138,4524494912750367
82266,4838955237245727
528986,4785147903738867
82522,4522295905223487
83034,13529495159964447
4326490,67835542686925587
84058,4524494928479007
86106,4522364607923007
90202,4557548980011807
114778,4522373197857567
213082,13529563862663967
344154,4522365144793887
606298,4803770865156927
1130586,4522304479429407
4276314,13810970119897887
8470618,4557480260536095
16859226,4803771402027807
33636442,4522296425382687
50593882,4785151645123347
529178,5365689774769137
4326682,68416084557955857
8413466,5049030409193235
19398938,8743321027482417
23068954,17750520282223377
530970,4786247180485617
537114,4802877260301297
545306,4802739821347827
594458,4786247146931187
791066,4785285342692337
1577498,4785156226286577
2626074,5348097588728817
17306138,5348097857160177
4328474,67836641963672337
4334618,67853272043488017
4342810,67853134604534547
4391962,67836641930117907
4588570,67835680125879057
5375002,67835551009473297
6423578,68398492371915537
21103642,68398492640346897
82154,20903892091167
1081578,1232943972627
82282,335364216586527
83050,4522304528711967
1082474,4503733091172627
1083498,1232975429907
86122,18773587263807
90218,53957959352607
1089642,17863055245587
344170,18774124134687
606314,300179844497727
16859242,300180381368607
33636458,18705404723487
1212522,4503870496571667
1605738,281608406958387
9470058,17725616292627
17858666,281608943829267
34635882,133967184147
50593898,281560624464147
529066,282656144097777
1082538,4504832336462097
1089706,18962300535057
1097898,18824861581587
1212586,4504969741861137
1343658,1370382926097
1605802,282707652247857
9470122,18824861582097
3882,4803779438313777
1082154,299200358121777
1085738,299337763520817
1089834,334522135609617
1098026,334384696656147
1605930,862150277988657
9470250,334384696656657
6816042,8743329365758257
19398954,4239730006823217
21496106,8743329634189617
7722,4504780995035505
11818,4522373181079857
36394,4504798174904625
265770,4504781263470897
527914,4786187252269425
1052202,4504729456476465
2100778,4786187252273457
16780842,4786187520704817
33558058,4504712544059697
529962,4785156325900785
1082922,4503732889846065
530986,282656210158065
1083946,1232774103345
1577514,281573812339185
34083370,281556899922417
1606186,281608172077425
3179050,281608172081457
5276202,4785207799447857
17859114,281608440512817
34636330,133463867697
1090602,4521462447735057
1098794,4521325008781587
1147946,4504832334364947
1344554,4503870530126097
1606698,4785207799447857
5276714,13792407054188817
9471018,4521325008782097
1091626,18962331992337
1099818,18824893038867
1214506,4504969773318417
1345578,1370414383377
1607722,282707683705137
9472042,18824893039377
176170,4522252687114545
307242,18653328179505
1093674,18137664717105
405546,4522235775680817
430122,4504660769505585
1216554,4504145106043185
1347626,545747108145
1609770,281745577476465
3182634,281745577480497
5279786,4785345204846897
17862698,281745845911857
34639914,270869266737
1155114,18962298437907
1613866,299337763520817
1228842,4521462414180627
1359914,17863055245587
1622058,299200324567347
1277994,4504969739763987
1409066,1370380828947
1671210,282707650150707
9535530,18824859484947
1736746,4785345204846897
5406762,13792544459587857
9601066,4521462414181137
1867818,281745845911857
9732138,17863055246097
18120746,281746382782737
34897962,271406137617
3702826,844558091948337
5799978,5348157719314737
9994282,299200324567857
18382890,844558360379697
23593002,8725737448149297
82378,337554634178847
82634,20895302156607
86218,20964004856127
90314,56148376944927
114890,20972594790687
344266,20964541727007
606410,302370262090047
16859338,302370798960927
33636554,20895822315807
529226,862090415833587
82762,335355626651967
84298,337554649907487
86346,335424329351487
8413514,545431050257175
115018,335432919286047
344394,335424866222367
1130826,335364200857887
2179402,898305563300127
4276554,5401905190666527
8470858,405724354052895
33636682,335356146811167
50594122,862094157218067
6816074,8743321027481907
23069002,8743321564352787
529994,4785147937292787
83530,4522295938777407
531018,282647821550067
537162,299277901365747
660042,4785285342691827
1577546,281556867351027
2626122,844498229793267
4723274,5348097857159667
8917578,299140462412787
34083402,281548813304307
90698,53949369418047
115274,18773587263807
344650,18765534200127
1131082,18704868835647
16859722,300171791434047
33636938,18696814788927
50594378,281552034529587
85066,4524494962032927
8471626,4557480277312287
88138,20964020584767
92234,56148392673567
116810,20972610519327
346186,20964557455647
608330,302370277818687
1132618,20903892091167
16861258,302370814689567
33638474,20895838044447
217162,4522502046875967
1134666,18773571535167
16863306,300240494133567
33640522,18765517488447
221258,4557686418964767
614474,335424329351487
1138762,53957943623967
8478794,124318096818975
16867402,335424866222367
33644618,53949889577247
50602058,299281642750227
245834,4522510636810527
639050,300248547197247
16891978,300249084068127
33669194,18774107423007
475210,4522502583746847
8601674,4557548980011807
868426,300240494133567
1392714,18774108406047
1654858,300179828769087
2703434,863121191211327
4800586,5366720818577727
34160714,300171774722367
17907786,300180365639967
34685002,18705388994847
10567754,335355609879327
18956362,863121728082207
12664906,4838955237245727
21053514,5366721355448607
50724938,4785289084076307
51642442,281560608735507
52691018,844501971177747
54788170,5348101598544147
58982474,299144203797267
8413578,546530294498067
531082,284846577418737
561802,282793549496817
594570,284846543864307
1577610,282656112640497
176266,4523335003144497
307338,19735644209457
430218,4505743085535537
530186,5365689808323057
531210,863189692580337
594698,863189659025907
660234,5365827213722097
791306,862227854787057
1577738,862098738381297
8414474,5049030425969427
6817034,17750520030564657
21497098,17750520298996017
8415498,546530310226707
405770,4838886517768497
430346,4803710735614257
8478986,546530293449495
41967882,545431050322707
434442,4838895107703057
6824202,8778573850612017
19407114,4274974491676977
21504266,8778574119043377
23085322,8778505399570707
6848778,8743398068457777
19431690,4239798709522737
21528842,8743398336889137
6881546,8744420270674227
19464458,4240820911739187
21561610,8744420539105587
6947082,17750588733264177
21627146,17750589001695537
19661066,4239790656459057
21758218,8743390283825457
7864586,8743329350029617
20447498,4239729991094577
22544650,8743329618460977
52953354,4239721937047857
55050506,8743321564414257
31457546,8778505399571217
538122,4802877293855217
546314,4802739854901747
595466,4786247180485107
792074,4785285376246257
1578506,4785156259840497
2627082,5348097622282737
8918538,4802739854902257
17307146,5348097890714097
539146,300377178112497
547338,300239739159027
662026,4786384619438577
793098,282785260503537
1579530,282656144097777
2628106,845597506540017
4725258,5349197133906417
8919562,300239739159537
17308170,845597774971377
176650,4522235507245425
307722,18636148310385
569866,299561100771825
602634,300377144558067
1585674,299286223913457
2634250,862227586355697
4731402,5365827213722097
17314314,862227854787057
676362,4802877260300787
807434,299277901365747
1593866,299148784959987
2642442,862090147402227
4739594,5365689774768627
17322506,862090415833587
430602,4504643589636465
692746,4785568542097905
823818,281969183162865
1610250,281711217738225
34116106,281694305321457
725514,4786384585884147
856586,282785226949107
1643018,282656110543347
2691594,845597472985587
4788746,5349197100351987
8983050,300239705605107
17371658,845597741416947
1708554,4785293665239537
2757130,5348235027681777
9048586,4802877260301297
17437194,5348235296113137
1839626,281694306304497
2888202,844635668746737
4985354,5348235296113137
9179658,299277901366257
34345482,281686252257777
3674634,844506552340977
5771786,5348106179707377
9966090,299148784960497
18354698,844506820772337
11014666,862090147402737
13111818,5365689774769137
25694730,862090415834097
50860554,844498766725617
434698,4522235775680817
308234,4522235775680817
406538,13529426440487217
435210,13529435030421777
23593994,17732928112955697
178186,4523335018873137
309258,19735659938097
432138,4505743101264177
700426,4803710467178865
1224714,4522252671385905
2273290,4803710467182897
16953354,4803710735614257
33730570,4522235758969137
831498,300111108243825
1355786,18653312450865
2404362,300111108247857
4501514,4803710735614257
471050,4523326680596787
1454090,4522235759952177
4599818,13810901400420657
17182730,4803702682550577
33959946,4522227705905457
954378,4786118549569905
1478666,4504660753776945
2527242,4786118549573937
499722,4523335270531347
958474,4803710735614257
4628490,13810909990355217
17211402,4803711272485137
33988618,4522236295840017
23609354,8743321027481907
23625738,8725806150848817
23658506,8726828353065267
23724042,17732996815655217
23855114,8725798097785137
24641546,8725737432420657
31981578,8743321027482417
57147402,8725729378373937
1081586,4504832571343617
1081970,4503733091173137
1083506,4504832602800897
1085554,4503870496572177
1089650,4521462682616577
1097842,4521325243663107
1146994,4504832569246467
5275762,13792407289070337
17858674,4785208571200257
34635890,4503733594555137
50593906,4785160251835137
1081778,4803899465663232
1097906,4522424488952577
1605810,4786307279618832
3178674,4786307279622912
9470130,4522424488953600
17858738,4786307548054272
34635954,4504832571409152
1082162,4802799985492752
1083698,4803899497120512
1085746,4802937390891792
8413490,5049039015905025
1098034,4837984324027137
1343794,4802937659327232
1605938,5365749905359632
3178802,5365749905363712
9470258,4837984324028160
17858866,5365750173795072
19398962,8743329634194192
1083954,4504832401474320
1098290,4521325008782097
1147442,4504832334365457
3179058,4785207799452432
9470514,4521325008783120
17859122,4785208067883792
34636338,4503733091238672
1099826,4522424520409857
1607730,4786307311076112
3180594,4786307311080192
9472050,4522424520410880
17860658,4786307579511552
34637874,4504832602866432
307250,4522252955550480
1093682,4521737292088080
1101874,4521462414181137
1151026,4504969739764497
1347634,4504145374479120
3182642,4785345204851472
9474098,4521462414182160
17862706,4785345473282832
34639922,4503870496637712
1155122,4522561925808897
1351730,4521737560523520
1613874,4802937390891792
3186738,4802937390895872
17866802,4802937659327232
34644018,4521462682682112
1163314,4522424486855427
1359922,4521462682616577
5292082,13809999206679297
9486386,4556509347317505
1409074,4504970008199937
5341234,13793506532262657
1867826,4785345473282832
3440690,4785345473286912
9732146,4521462682617600
3702834,5348157719319312
18382898,5348157987750672
19955762,5348157987754752
13664306,13809999206680320
38830130,13792407289135872
51413042,4785208571265792
4326738,68416084826391297
8413522,5049030677628675
50594130,5365693784589057
6816082,17750520282223377
19398994,8743321564353297
4326994,67835542720480017
4328530,67836642232107777
4330578,67835680125879057
4334674,67853272311923457
4342866,67853134872969987
4392018,67836642198553347
4850770,68398492640346897
5375058,67835551277908737
6423634,68398492640350977
37880914,67835543223862017
50594898,13792350916641537
50597970,4785289084076817
50602066,4802881270121217
50610258,4802743831167747
50659410,4786251156751107
51118162,5348101598544657
51642450,4785160236106497
52691026,5348101598548737
4326802,68417184070632192
6816146,17751619526464272
21496210,17751619794895632
23069074,17751619794899712
4327058,67836641964720912
4330642,67836779370119952
4334738,67854371556164352
4392082,67838840954422017
4588690,67836779638555392
4850834,68399591884587792
6423698,68399591884591872
21103762,68399592153023232
307346,4523335271580432
405650,13530525936386832
23593106,17734027608855312
19399442,8743321044259632
23069458,17750520299000592
8414482,14056229680711425
4392210,68417184069583617
4850962,69541984464798480
6423826,69541984464802560
21103890,69541984733233920
37881106,68416084826456832
6817042,35764918540047120
19399954,17750520299000592
21497106,35764918808478480
23069970,35764918808482560
6818066,17751619542192912
21498130,17751619810624272
23070994,17751619810628352
8417554,5049167848146705
19403026,8743389746959152
23073042,17750589001700112
8478994,5050129920820995
8675602,5049168116582145
8937746,5611980362614545
9462034,5049039000176385
10510610,5611980362618625
25190674,5611980631049985
19407122,8778574119047952
19415314,8778505399571217
19431698,8743398336893712
6881554,17751619525415697
21561618,17751619793847057
23134482,17751619793851137
6947090,35764987242746640
19530002,17750589001700112
21627154,35764987511178000
23200018,35764987511182080
7078162,17750589001700112
19661074,8743390283830032
20447506,8743329618465552
40370450,17750520282288912
27787538,8778505399572240
52953362,8743321564418832
4328978,67836642030781200
4343314,67853134638088977
4392466,67836641963672337
12715538,67853134638090000
37881362,67835542720545552
4344850,67854234149716737
12717074,67854234149717760
37882898,67836642232173312
406546,31543824949969680
4338706,67853546921394960
4346898,67853272043488017
4396050,67836779369071377
4592658,67835955003786000
12719122,67853272043489040
37884946,67835680125944592
4400146,67854371555115777
4596754,67853547189830400
37889042,67853272311988992
4408338,67854234116162307
4604946,67853272311923457
4867090,68416084557955857
5391378,67853143195517697
6439954,68416084557959937
12731410,67888318976624385
21120018,68416084826391297
4654098,67836779637506817
4916242,68399591883539217
5440530,67836650521101057
6489106,68399591883543297
21169170,68399592151974657
12977170,67853272311924480
6947858,69524392278758160
13239314,68416084557956880
21627922,69524392547189520
38405138,68398492640412432
13763602,67853143195518720
38929426,67835551277974272
14812178,68416084557960960
23200786,69524392547193600
39978002,68398492640416512
29492242,68416084826392320
23594002,35747326622438160
309266,4523335287309072
407570,13530525952115472
23595026,17734027624583952
372754,4523335270531857
1355794,4522252939821840
2404370,4803710735618832
471058,13530525935338257
2502674,13810901400425232
4599826,31825299909903120
23601170,17750589001700112
23609362,17750520282223377
23658514,17734027607806737
23724050,35747395325137680
31981586,17750520282224400
3810,4506911568298257
1082082,1232977527057
1082594,4504832604897537
1085666,1370382926097
1089762,18962568970497
1097954,18825130017027
1212642,4504970010296577
9470178,18825130017537
17858786,282708457554177
34636002,1233480909057
1089890,334522404045057
1098082,334384965091587
1343842,299338568827137
9470306,334384965092097
17858914,862151083294977
50594146,862102763929857
19399010,4239730543694097
21496162,8743330171060497
23069026,8743330171064577
7778,4504781263470897
20066,4522304730038547
134754,13511980518211857
265826,4504781800341777
527970,4786187520704817
4197986,13793386775445777
8392290,4522304730039057
16780898,4786188057575697
33558114,4504713080930577
1090146,17863088800017
1098338,17725649846547
1147490,1232975429907
1213026,4503870530126097
1606242,281608440512817
9470562,17725649847057
17859170,281608977383697
34636386,134000738577
50594402,281560658018577
1086562,4503870530126097
1090658,4521462716170497
1098850,4521325277217027
1148002,4504832602800387
5276770,13792407322624257
9471074,4521325277217537
17859682,4785208604754177
34636898,4503733628109057
50594914,4785160285389057
1087586,1370414383377
1091682,18962600427777
1099874,18825161474307
1214562,4504970041753857
9472098,18825161474817
17860706,282708489011457
34637922,1233512366337
50595938,282660169646337
307298,18653865050385
405602,4522236312551697
1101922,17863055245587
1151074,1370380828947
430178,4504661306376465
1347682,546283979025
1609826,281745845911857
9474146,17863055246097
17862754,281746382782737
34639970,271406137617
50597986,281698063417617
1155170,18962566873347
434274,4522253492420865
1351778,18138470023425
17866850,299338568827137
34644066,17863592182017
50602082,299290249462017
1228898,4521462682616067
17875042,299201129873667
34652258,17726153228547
50610274,299152810508547
1278050,4504970008199427
9535586,18825127920387
17924194,282708455457027
34701410,1233478811907
1474658,4504145911349505
5406818,13792544728023297
9601122,4521462682616577
17989730,4785346010153217
34766946,4503871033508097
1867874,281746382782737
3440738,281746382786817
5537890,4785346010153217
18120802,281747456524545
34898018,272479879425
50626658,281715243286785
18382946,844558897250577
19955810,844558897254657
22052962,5348158524621057
26247266,299201129874177
43024482,17726153229057
50659426,282660136091907
50724962,4785297690788097
51118178,844510577885457
52691042,844510577889537
54788194,5348110205255937
58982498,299152810509057
23593058,8725737985020177
4002,4805978462617872
1082274,300299871846672
1082786,4803899499217152
1085858,300437277245712
8413602,546538901209857
1098146,335484210381057
1147298,302498861547777
1212834,4804036904616192
1343906,300437545681152
1606050,863249791713552
3178914,863249791717632
5276066,5366849419084032
17858978,863250060148992
11938,4524572205383952
20130,4524503485907217
36514,4506997199208720
69282,4511309346373905
265890,4506980287774992
2100898,4788386276577552
16780962,4788386545008912
33558178,4506911568363792
1083042,4504832403570960
1098402,18824895136017
3179170,282707685806352
5276322,4786307313172752
17859234,282707954237712
34636450,1232977592592
1098914,4522424522506497
1606818,4786307313172752
3179682,4786307313176832
17859746,4786307581608192
34636962,4504832604963072
1093794,19237178442000
1101986,18962300535057
1216674,4505244619768080
1347746,1645260833040
3182754,282845091205392
5279906,4786444718571792
17862818,282845359636752
34640034,1370382991632
1220770,4522836805812480
1351842,19237446877440
1613986,300437277245712
3186850,300437277249792
5284002,4804036904616192
17866914,300437545681152
34644130,18962569036032
1228962,4522561927905537
1360034,18962568970497
1671330,284906675503377
3244194,284906675507457
5341346,4788506302873857
17924258,284906943938817
34701474,3431967293697
1474722,4505244888203520
1736866,4786444718571792
3309730,4786444718575872
17989794,4786444987007232
34767010,4504970010362112
1867938,282845359636752
3440802,282845359640832
5537954,4786444987007232
3702946,845657605673232
5800098,5349257233039632
9994402,300299838292752
18383010,845657874104592
7372962,5349257233043712
11567266,300299838296832
19955874,845657874108672
13664418,4803899465663232
22053026,5349257501475072
26247330,300300106728192
43024546,18825130083072
51413154,282708457619712
7970,4803848157790512
12066,4839032529879312
20258,4838963810402577
69410,4805978461569297
134946,13811047412531472
2101026,5366729391739152
16781090,5366729660170512
1098530,334384730210577
1213218,4802937424445712
1344290,299338065510672
3179298,862150311547152
5276450,5365749938913552
17859362,862150579978512
23069474,8743329667748112
1086754,4802937424445712
1099042,4837984357581057
1344802,4802937692881152
1606946,5365749938913552
3179810,5365749938917632
17859874,5365750207348992
19399970,8743329667748112
1087778,300437308702992
1100066,335484241838337
1149218,302498893005057
1214754,4804036936073472
1345826,300437577138432
1607970,863249823170832
3180834,863249823174912
5277986,5366849450541312
17860898,863250091606272
6818082,8744428910940432
19400994,4240829552005392
21498146,8744429179371792
23071010,8744429179375872
176418,4838912035914000
307490,335312676978960
1093922,334797013516560
405794,4838895124480272
1102114,334522135609617
3182882,862287716946192
5280034,5365887344312592
17862946,862287985377552
6820130,8743398085234992
19403042,4239798726299952
21500194,8743398353666352
1106210,404890879787265
9462050,545456569451265
41967906,545439657034497
1155362,335621647237377
434466,4838912304349440
1220898,4838396640887040
1351970,334797281952000
34644258,334522404110592
6824226,8778582457323792
19407138,4274983098388752
21504290,8778582725755152
23077154,8778582725759232
1163554,335484208283907
1229090,4838121762980097
1360162,334522404045057
1622306,897334650077457
3195170,897334650081537
5292322,5400934277447937
9486626,404753440834305
17875234,897334918512897
6832418,8778513737847057
19415330,4274914378912017
21512482,8778514006278417
23085346,8778514006282497
9535778,335484208284417
1736994,5365887344312592
3309858,5365887344316672
17989922,5365887612748032
1868066,862287985377552
3440930,862287985381632
5538082,5365887612748032
34898210,299338568892672
43024674,334384965157632
51413282,862151083360512
6947106,17750597339975952
21627170,17750597608407312
23200034,17750597608411392
19661090,4239799263170832
21758242,8743398890537232
23331106,8743398890541312
52953378,4239730543759632
55050530,8743330171126032
56623394,8743330171130112
24098,4522373181079857
532002,4786255971746160
1056290,4504798175953200
2104866,4786255971750192
16784930,4786256240181552
33562146,4504781263536432
28194,4557557553168657
44578,4522527799902480
77346,4524572204335377
273954,4522510888468752
536098,4803848157790512
4206114,13811047412531472
151074,13529572435820817
544290,4803779438313777
4214306,13810978693054737
101922,4506997198160145
298530,4504935882293520
560674,4786273151615280
1084962,4504832535691536
4230690,13793472406356240
8424994,4522390360949520
331298,4506980286726417
1117730,4506928479731985
2166306,4788386275528977
16846370,4788386543960337
33623586,4506911567315217
1183266,13511997430694160
2231842,13793455226491152
4328994,31807853735969040
16911906,13793455494922512
33689122,13511980518277392
790050,4786256240181552
4460066,13793455494922512
8654370,4522373449515792
17042978,4786256777052432
33820194,4504781800407312
1576482,4786204433187120
34082338,4786187520770352
5246498,13793403687928080
9440802,4522321642521360
10489378,4803779438318352
18877986,5349137474130192
37752354,13793386775511312
25169442,4803779706749712
41946658,4522304730104592
50335266,4786188057641232
1091106,4521462514843920
1345058,4503870597234960
1607202,4785207866556720
5277218,13792407121297680
9471522,4521325075890960
1092130,18962399101200
1149474,3431797358865
1215010,4504969840427280
1346082,1370481492240
1608226,282707750814000
9472546,18824960148240
1155618,18962331992337
434722,4522252989104400
1221154,4521737325642000
1352226,18137966706960
3187234,299337797079312
5284386,4802937424445712
17867298,299338065510672
34644514,17863088865552
1163810,18824893038867
1229346,4521462447735057
1360418,17863088800017
1622562,299200358121777
1278498,4504969773318417
1409570,1370414383377
1671714,282707683705137
9536034,18824893039377
1475106,4504145408033040
3310114,4785345238405392
17990178,4785345506836752
34767394,4503870530191632
3441186,281745879470352
5538338,4785345506836752
35160610,281608440578352
7373346,5348157752873232
11567650,299200358126352
19956258,844558393938192
13664802,4802799985492752
22053410,5348158021304592
26247714,299200626557712
43024930,17725649912592
51413538,281608977449232
1088546,4504969840427280
1092642,4522562026471680
1149986,4507031424729345
1346594,4504970108862720
5278754,13793506632925440
9473058,4522424587518720
308258,4522252989104400
1094690,4521737325642000
1102882,4521462447735057
1152034,4504969773318417
1348642,4504145408033040
3183650,4785345238405392
17863714,4785345506836752
34640930,4503870530191632
1156130,4522561959362817
1352738,4521737594077440
1614882,4802937424445712
3187746,4802937424449792
17867810,4802937692881152
34645026,4521462716236032
1164322,4522424520409347
1360930,4521462716170497
5293090,13809999240233217
1410082,4504970041753857
5342242,13793506565816577
9536546,4522424520409857
1868834,4785345506836752
3441698,4785345506840832
3703842,5348157752873232
9995298,4802799985492752
18383906,5348158021304592
11568162,4802799985496832
19956770,5348158021308672
38831138,13792407322689792
26248226,4802800253928192
43025442,4521325277283072
51414050,4785208604819712
178210,4523352232296720
309282,19752873361680
1095714,19237209899280
407586,4523335320862992
1103906,18962331992337
432162,4505760314687760
1218594,4505244651225360
1349666,1645292290320
3184674,282845122662672
5281826,4786444750029072
17864738,282845391094032
34641954,1370414448912
436258,4523352500732160
1222690,4522836837269760
1353762,19237478334720
1615906,300437308702992
3188770,300437308707072
5285922,4804036936073472
17868834,300437577138432
34646050,18962600493312
1230882,4522561959362817
1361954,18962600427777
1673250,284906706960657
3246114,284906706964737
5343266,4788506334331137
17926178,284906975396097
34703394,3431998750977
1476642,4505244919660800
1738786,4786444750029072
3311650,4786444750033152
17991714,4786445018464512
34768930,4504970041819392
1869858,282845391094032
3442722,282845391098112
5539874,4786445018464512
3704866,845657637130512
5802018,5349257264496912
9996322,300299869750032
18384930,845657905561872
7374882,5349257264500992
11569186,300299869754112
19957794,845657905565952
13666338,4803899497120512
22054946,5349257532932352
26249250,300300138185472
43026466,18825161540352
51415074,282708489076992
23595042,8726836993331472
192546,4557437059203345
323618,53837700268305
1110050,53322036805905
421922,4557420147769617
700450,4803727663825200
1224738,4522287047901456
4370466,13810926918566160
831522,300128304890160
1355810,18687688966416
17084450,300128841761040
33861666,18653865115920
1617954,299612641427760
929826,4803710752391472
4599842,13810910007132432
17182754,4803711289262352
33959970,4522236312617232
1167394,18962298437907
1626146,299337763520817
1675298,282845089104177
9539618,18962298438417
954402,4786135746216240
1478690,4504695130292496
4624418,13793335000957200
8818722,4522252955550480
17207330,4786136283087120
33984546,4504661306442000
1740834,4785620082753840
5410850,13792819337494800
9605154,4521737292088080
1871906,282020723818800
9736226,18137933153040
18124834,282021260689680
34902050,546284044560
35164194,281745845977392
7376930,5348295158272272
11571234,299337763525392
19959842,844695799337232
13668386,4802937390891792
22056994,5348295426703632
26251298,299338031956752
43028514,17863055311632
51417122,281746382848272
23597090,8725806167626032
450594,4557437327638785
1237026,4556921664176385
1368098,53322305241345
1630242,334522135609617
3203106,334522135613697
5300258,4838121762980097
17883170,334522404045057
34660386,53047427399937
1482786,4522287316336896
4628514,13810927187001600
17211426,4803728469131520
33988642,4522253492486400
5414946,13810411523539200
18128930,299613446734080
34906146,18138470088960
3711010,862287716946192
5808162,5365887344312592
18391074,862287985377552
7381026,5365887344316672
19963938,862287985381632
22061090,5365887612748032
51421218,299338568892672
1294370,4522561925808387
1425442,18962566873347
5423138,13810136645632257
18137122,299338568827137
34914338,17863592182017
10010658,334384696656657
11583522,334384696660737
13680674,4837984324027137
26263586,334384965092097
43040802,52909988446977
5472290,13793643971215617
9666594,4522561925808897
9797666,18962566873857
18186274,282845894410497
34963490,1370917765377
5668898,13792819605930240
9863202,4521737560523520
18251810,4785620888060160
35029026,4504145911415040
3833890,5348295158272272
10125346,4802937390891792
18513954,5348295426703632
11698210,4802937390895872
20086818,5348295426707712
38961186,13792544728088832
26378274,4802937659327232
43155490,4521462682682112
51544098,4785346010218752
3964962,844695799337232
6062114,5348295426703632
10256418,299338031956752
35422242,281746382848272
7634978,5348295426707712
11829282,299338031960832
36995106,281746382852352
13926434,4802937659327232
39092258,4785346010218752
51675170,281747456590080
12091426,862150277993232
14188578,5365749905359632
26771490,862150546424592
51937314,844558897316112
15761442,5365749905363712
28344354,862150546428672
53510178,844558897320192
30441506,5365750173795072
55607330,5348158524686592
59801634,299201129939712
23724066,17733005422366992
23855138,8725806704496912
31981602,8743329634194192
57147426,8725737985085712
8413634,546530562933507
307394,19736181080337
430274,4505743622406417
434370,4523335808450817
50626754,282797559316737
50659522,284850553684227
51642562,282660122460417
8414018,545431067034387
19399490,4239721953759537
21496642,8743321581125937
8414530,5049030694404867
21497154,17750520835866897
23070018,17750520835870977
8415554,546530578662147
176450,4838895107703057
405826,4838887054639377
430402,4803711272485137
50598210,862231596171537
19403074,4239790656459057
21500226,8743390283825457
8479042,546530561884935
19407170,4274975028547857
21504322,8778574655914257
23077186,8778574655918337
6832450,8778505399570707
19431746,4239799246393617
21528898,8743398873760017
23101762,8743398873764097
50659650,863193668845827
19464514,4240821448610067
21561666,8744421075976467
23134530,8744421075980547
50725186,5365831223542017
21627202,17750589538566417
23200066,17750589538570497
51642690,862102748201217
20447554,4239730527965457
22544706,8743330155331857
15204674,8778505399571217
24117570,8743330155335937
176706,4522235775680817
406082,4522227722617137
50598466,281689473483057
434754,4522236312551697
50627138,281698063417617
51118658,844501987950897
23593538,8725729395085617
177218,13529435030421777
308290,4522236312551697
406594,13529426977358097
50627650,4785297690788097
50725954,13792488355594497
54789186,14355300870062337
23594050,17732928649826577
309314,19736196808977
432194,4505743638135057
436290,4523335824179457
50628674,282797575045377
50661442,284850569412867
241730,4523335270531347
700482,4803710735614257
4370498,13810909990355217
16953410,4803711272485137
33730626,4522236295840017
1355842,18653849321745
2404418,300111645118737
4501570,4803711272485137
17084482,300112718856465
33861698,18637742211345
471106,4523327217467667
929858,4803702682550577
1454146,4522236296823057
4599874,13810901937291537
50614338,299281642750227
1478722,4504661290647825
2527298,4786119086444817
17207362,4786120160182545
33984578,4504645183537425
50630722,281972924547345
50663490,282788968333587
51646530,281698047688977
52695106,844639410131217
54792258,5348239037497617
58986562,299281642750737
23597122,8725798097785137
958530,4803711272485137
1482818,4522253476692225
2531394,4803711272489217
17211458,4803712346226945
33988674,4522237369581825
50634818,299565110591745
50667586,300381154377987
51126338,862231596171537
51650626,299290233733377
52699202,862231596175617
54796354,5365831223542017
50741314,4802881270120707
51134530,862094157218067
51658818,299152794779907
52707394,862094157222147
54804546,5365693784588547
23609410,8743321564352787
50757698,4785572551917825
51675202,281715227558145
23625794,8725806687719697
50790466,4786388595704067
51183682,845601482801427
51707970,282660120363267
52756546,845601482805507
54853698,5349201110171907
59048002,300243715425027
23658562,8726828889936147
51249218,5348239037497617
51773506,4785297675059457
52822082,5348239037501697
59113538,4802881270121217
23724098,17732997352526097
52166722,844510562156817
59506754,862094157218577
53739586,844510562160897
55836738,5348110189527297
60031042,299152794780417
61079618,862094157222657
63176770,5365693784589057
24641602,8725737969291537
31981634,8743321564353297
8415618,548729334530817
8417666,546667733451537
176514,4839994351943952
307586,336394993008912
8544642,5050267360822017
8675714,546668001886977
8937858,1109480247919377
10510722,1109480247923457
12607874,5613079875289857
25190786,1109480516354817
434562,4839994620379392
7864706,8744428863754512
20447618,4240829504819472
22544770,8744429132185872
15204738,8779604643812112
27787650,4276005284877072
29884802,8779604912243472
24117634,8744429132189952
31457666,8779604912247552
176770,4523335019921712
307842,19735660986672
430722,4505743102312752
177282,13530534274662672
431234,13512942357053712
435330,13530534543098112
178306,4525534043177232
309378,21934684242192
432258,4507942125568272
436354,4525534311612672
192642,4558519375233297
323714,54920016298257
241794,4525534026400017
372866,21934667464977
700546,4804809979855152
1224834,4523352185110800
4370562,13812009234596112
831618,301210620920112
1355906,19752826175760
17084546,301211157790992
33861762,19736181145872
1454210,4523335273677072
8794242,4558511053734672
495746,4507942108791057
954498,4787218062246192
1478786,4505760267501840
4624514,13794417316987152
8818818,4523335271580432
17207426,4787218599117072
33984642,4505743622471952
450690,4558519643668737
499842,4525534294835457
1482882,4523352453546240
4628610,13812009503031552
17211522,4804810785161472
33988738,4523335808516352
24641666,8726836946145552
8414978,5049030459523857
19400450,8743321077813552
23070466,17750520332554512
8416002,546530343781137
6818562,8744420321005872
19401474,4240820962070832
21498626,8744420589437232
406274,4838886534545712
430850,4803710752391472
8479490,546530310226707
8545026,5049167864922897
8676098,545568505987857
9462530,545439389582097
10511106,1108380752024337
12608258,5611980379390737
25191170,1108381020455697
434946,4838895124480272
6824706,8778573867389232
19407618,4274974508454192
21504770,8778574135820592
6832898,8778505147912497
19415810,4274905788977457
21512962,8778505416343857
6849282,8743398085234992
19432194,4239798726299952
21529346,8743398353666352
6947586,17750588750041392
21627650,17750589018472752
19661570,4239790673236272
21758722,8743390300602672
7865090,8743329366806832
20448002,4239730007871792
22545154,8743329635238192
52953858,4239721953825072
55051010,8743321581191472
31458050,8778505416348432
8416514,5050129971151617
6819074,17751619575746832
21499138,17751619844178192
23072002,17751619844182272
8418562,5049167864922897
308482,4838895124480272
406786,13846085789286672
431362,13810910007132432
6821122,17750588750041392
21501186,17750589018472752
8480002,5050129937597187
8676610,5049168133358337
8938754,5611980379390737
9463042,5049039016952577
10511618,5611980379394817
25191682,5611980647826177
6825218,17785773122130192
21505282,17785773390561552
23078146,17785773390565632
6833410,17785704402653457
21513474,17785704671084817
23086338,17785704671088897
6849794,17750597339975952
21529858,17750597608407312
23102722,17750597608411392
21759234,17750589555343632
23332098,17750589555347712
7865602,17750528621547792
22545666,17750528889979152
27788546,8778505416348432
55051522,17750520835932432
24118530,17750528889983232
56624386,17750520835936512
8419586,546667749180177
178434,4839994367672592
309506,336395008737552
8546562,5050267376550657
8677634,546668017615617
8939778,1109480263648017
9464066,546538901209857
10512642,1109480263652097
12609794,5613079891018497
25192706,1109480532083457
436482,4839994636108032
15206658,8779604659540752
27789570,4276005300605712
29886722,8779604927972112
31459586,8779604927976192
192770,4909263583445265
323842,405664224510225
8548610,5049442726052625
8679682,545843367117585
41971970,545568489276177
241922,4839994350895377
372994,336394991960337
1224962,4838912020185360
33730818,4838895107768592
1356034,335312661250320
1454338,4838895108751632
2502914,5401836471193872
8794370,4909255261946640
33960194,4838887054704912
23081218,8778711558000912
446722,4838895107703057
6836482,8778573850612017
19419394,4274974491676977
21516546,8778574119043377
2527490,5366660689039632
33984770,4803711272550672
23105794,8743535775846672
19534082,8743527185912112
23204098,17750726440653072
7082242,8743527185912112
23335170,8743527722782992
7868674,8743398069506352
20451586,4239798710571312
22548738,8743398337937712
52957442,4239790656524592
55054594,8743390283890992
31461634,8778574119047952
450818,4909263851880705
42033410,546530561950467
8806658,5049442994488065
42098946,5049168116646657
11034882,2234280642089745
13132034,6737880269456145
25714946,2234280910521105
42492162,1108381003744017
43016450,545439641305857
14704898,6737880269460225
27287810,2234280910525185
44065026,1108381003748097
29384962,6737880537891585
46162178,5611980631114497
499970,4839994619330817
1483010,4838912288620800
19538178,8778711558000912
7086338,8778711558000912
7872770,8778582441595152
20455682,4274983082660112
22552834,8778582710026512
15212802,8848942594790160
27795714,4345343235855120
52961538,4274975028613392
29892866,8848942863221520
55058690,8778574655979792
24125698,8778582710030592
31465730,8848942863225600
56631554,8778574655983872
6865154,8778582440546577
19448066,4274983081611537
21545218,8778582708977937
23118082,8778582708982017
6897922,8779604642763027
19480834,4276005283827987
21577986,8779604911194387
23150850,8779604911198467
6963458,17785773105352977
21643522,17785773373784337
23216386,17785773373788417
19677442,4274975028547857
21774594,8778574655914257
23347458,8778574655918337
7880962,8778513722118417
20463874,4274914363183377
22561026,8778513990549777
15220994,8848873875313425
27803906,4345274516378385
52969730,4274906309136657
29901058,8848874143744785
55066882,8778505936503057
24133890,8778513990553857
31473922,8848874143748865
56639746,8778505936507137
19562754,8743535775846672
7110914,8743535775846672
52986114,4239799246459152
55083266,8743398873825552
56656130,8743398873829632
15270146,8779604642763537
27853058,4276005283828497
29950210,8779604911194897
31523074,8779604911198977
7209218,17750726440653072
19792130,8743527722782992
7995650,17750597324247312
22675714,17750597592678672
27918594,8778574119047952
55181570,17750589538631952
24248578,17750597592682752
56754434,17750589538636032
20709634,4239799247442192
22806786,8743398874808592
15466754,8778574119047952
24379650,8743398874812672
54001922,4239730528030992
56099074,8743330155397392
48759042,8778505399636752
57671938,8743330155401472
408066,4523326730928432
436738,4523335320862992
23595522,8726828403396912
422402,4557411557835057
242178,4523335018873137
373250,19735659938097
700930,4803710483956080
1225218,4522252688163120
2273794,4803710483960112
16953858,4803710752391472
33731074,4522235775746352
832002,300111125021040
1356290,18653329228080
2404866,300111125025072
4502018,4803710752391472
1454594,4522235776729392
4600322,13810901417197872
17183234,4803702699327792
33960450,4522227722682672
446978,4522235775680817
496130,4505743101264177
954882,4786118566347120
1479170,4504660770554160
2527746,4786118566351152
451074,4557420147769617
958978,4803710752391472
4628994,13810910007132432
17211906,4803711289262352
33989122,4522236312617232
23626242,8725806167626032
23724546,17732996832432432
23855618,8725798114562352
24642050,8725737449197872
31982082,8743321044259632
57147906,8725729395151152
310274,4523335320862992
408578,13530525985669392
23596034,17734027658137872
324610,4557420147769617
422914,13564610812576017
242690,13530534273614097
1225730,13529451942904080
2274306,13810909738701072
4371458,31825308248178960
16954370,13810910007132432
33731586,13529435030487312
832514,4803710752391472
4502530,13810910007132432
17085442,4803711289262352
33862658,4522236312617232
930818,13810901417197872
1455106,13529435031470352
17183746,13810901954068752
33960962,13529426977423632
447490,13529435030421777
496642,13512942356005137
1479682,13511860025295120
2528258,13793317821092112
4625410,31807716330570000
23598082,17732996832432432
500738,13530534542049537
959490,13810910007132432
1483778,13529452211339520
2532354,13810910007136512
4629506,31825308516614400
23626754,17733005422366992
23856130,17732997369303312
24642562,17732936703938832
31982594,17750520299000592
57148418,17732928649892112
194562,4558519390961937
325634,54920032026897
243714,4525534042128657
374786,21934683193617
702466,4804809995583792
4372482,13812009250324752
833538,301210636648752
17086466,301211173519632
33863682,19736196874512
8796162,4558511069463312
497666,4507942124519697
956418,4787218077974832
4626434,13794417332715792
8820738,4523335287309072
17209346,4787218614845712
33986562,4505743638200592
452610,4558519659397377
501762,4525534310564097
4630530,13812009518760192
17213442,4804810800890112
33990658,4523335824244992
1241090,4557437043474705
2289666,4838894839271697
16969730,4838895107703057
33746946,4557420131057937
1372162,53837684539665
2420738,335295480336657
4517890,4838895107703057
487426,4558511052685587
946178,4838886517768497
1470466,4557420132040977
4616194,13846085772509457
8810498,4627780285235985
17199106,4838887054639377
33976322,4557412077994257
765954,4804809978806577
4435970,13812009233547537
897026,301210619871537
17149954,301211156742417
33927170,19736180097297
1748994,4803727648096560
34254850,4803710735679792
5419010,13810926902837520
19050498,5366660689039632
37924866,13810909990420752
50507778,4803711272550672
1880066,300128289161520
18132994,300128826032400
34910210,18653849387280
6598658,5366660689039632
35958786,300111645184272
38055938,4803711272550672
50638850,300112718922000
8859650,4558511052686097
1978370,4803710736662832
3026946,5366652099105072
34484226,4803702682616112
5648386,13810909991403792
18231298,4803711273533712
35008514,4522236296888592
6696962,14373851353846032
10891266,4838886517773072
19279874,5366652635975952
38154242,13810901937357072
23605250,8743527185912112
512002,4523335270531347
970754,4803710735614257
4640770,13810909990355217
17223682,4803711272485137
34000898,4522236295840017
1019906,4787218061197617
4689922,13794417315938577
8884226,4523335270531857
17272834,4787218598068497
34050050,4505743621423377
2002946,4786135730487600
5672962,13793334985228560
9867266,4522252939821840
18255874,4786136267358480
35033090,4504661290713360
10915842,4803710735618832
36081666,4786119086510352
50761730,4786120160248080
24645634,8725806151897392
31985666,8743389746959152
57151490,8725798097850672
974850,4838895107703057
1499138,4557437311910145
2547714,4838895107707137
4694018,13812009501982977
17276930,4804810784112897
34054146,4523335807467777
3055618,5366660689039632
34512898,4803711272550672
5677058,13810927171272960
18259970,4803728453402880
35037186,4522253476757760
36085762,4803711272554752
50765826,4803712346292480
23633922,8743535775846672
23732226,17750726440653072
23863298,8743527722782992
31989762,8778574119047952
31997954,8778505399571217
32014338,8743398336893712
57180162,8725806687785232
24772610,17733005406638352
32112642,17750589001700112
57278466,17732997352591632
24903682,8725806688768272
32243714,8743390283830032
33030146,8743329618465552
58195970,8725737969357072
65536002,8743321564418832
3644,13511902940434737
8470620,4557475965637407
33636444,4522292130550047
50593884,4785147350290707
8413468,5049026114294547
19398940,8743316732588337
21496092,17750515987321137
23068956,17750515987329297
529948,13792342628700657
4326940,67835538157146417
659996,13792480034099697
2626076,5348093293834737
4723228,14355292548567537
4330524,67835675562545457
4850716,68398488077013297
6423580,68398488077021457
176156,13529426155344177
405532,13529422128812337
430108,13511834237735217
3692,4504703954128947
529004,281548309991667
82540,18696311476287
84076,20895334731807
33636460,18696814923807
50593900,281552034664467
3756,4506902709997617
529196,862090181021937
6816044,8743320775897137
19398956,4239721416962097
20012,4522295871737907
36396,4504780995104817
134700,13511971659911217
1052204,4504712276676657
2100780,4786178662412337
4197932,13793377917145137
33558060,4504703954260017
537132,299277666554097
545324,299140227600627
594476,282647553183987
660012,4785285107880177
791084,281685748945137
1577516,281556632539377
4723244,5348097622348017
17306156,844498263412977
34083372,281548310122737
176172,4522235507314737
307244,18636148379697
430124,4504643589705777
23593004,8725728858288177
82380,337550339280927
82636,20891007258687
86220,20959709958207
90316,56144082047007
344268,20960246829087
606412,302365967192127
1130700,20895287545887
2179276,302365967200287
8470732,56075362570527
16859340,302366504063007
50593996,282647235596307
529228,862086120935667
82764,335351331754047
84300,337550355009567
86348,335420034453567
344396,335420571324447
4276556,5401900895768607
529996,4785143642394867
83532,4522291643879487
531020,282643526652147
537164,299273606467827
561740,281685715390707
660044,4785281047793907
4723276,5348093562261747
90700,53945074520127
344652,18761239302207
2179660,300166959673407
8471116,53876355043647
16859724,300167496536127
85068,4524490667135007
33637452,4522292147327007
50594892,4785147367067667
88140,20959725686847
92236,56144097775647
346188,20960262557727
608332,302365982920767
2181196,302365982928927
8472652,56075378299167
16861260,302366519791647
50595916,282647251324947
176204,4522227169038387
118860,18902419574847
217164,4522497751978047
2183244,300235662372927
8474700,53945057743167
16863308,300236199235647
122956,54086791663647
221260,4557682124066847
614476,335420034453567
2187340,335420034461727
16867404,335420571324447
434252,4522227705909267
376908,18902956445727
33669196,18765517623327
475212,4522498288848927
33767500,4522360850026527
868428,300236199235647
2441292,300236199243807
8732748,53945594614047
33898572,18762296397855
4800588,5366716523679807
8994892,335351314977087
34685004,18696799195167
6373452,5366716523687967
10567756,335351314985247
21053516,5366717060550687
37830732,4803767107260447
25247820,335351851847967
50413644,300168553631775
50610252,299139908964375
50659404,282647234547735
51642444,281552018935827
58982476,299139908964627
6816140,8744415976828977
19399052,4240816617893937
531084,284842282520817
594572,284842248966387
2626188,845593179140337
23593100,8726824059220017
530188,5365685513425137
531212,863185397682417
561932,862227586420977
594700,863185364127987
660236,5365822918824177
791308,862223559889137
2626316,1987985759351025
8917772,897270224589297
34083596,862086121066737
8413964,545426503700787
6816524,8743316480929905
19399436,4239717121994865
23069452,8743316749365297
19399948,8743316749365297
21497100,17750516004098097
23069964,17750516004106257
6818060,8744415992557617
19400972,4240816633622577
176396,4838886249402417
307468,335286890467377
405772,4838882222870577
6820108,8743385183629425
19403020,4239785824694385
23073036,8743385452064817
8446220,545568220844307
8544524,5049163553247507
8675596,545564194312467
12607756,5611976067715347
25190668,1108376708780307
41967884,545426755490067
21504268,8778569824145457
23077132,8778569824153617
6848780,8743389478596657
19431692,4239790119661617
21561612,8744416244207667
23134476,8744416244215827
19529996,8743385452064817
21627148,17750584706797617
23200012,17750584706805777
7078156,8743385452064817
21758220,8743385988927537
23331084,8743385988935697
7864588,8743320760168497
20447500,4239721401233457
29884684,8778501104668977
31457548,8778501104677137
538124,4802872998957297
546316,4802735560003827
562700,4785285107880177
595468,4786242885587187
792076,4785281081348337
17307148,5348093595816177
34084364,4785143642525937
539148,300372883214577
547340,300235444261107
563724,282784992137457
662028,4786380324540657
793100,282780965605617
4725260,5349192839008497
17308172,845593480073457
34085388,282643526783217
602636,300372849660147
4731404,5365822918824177
8925708,334457710121457
17314316,862223559889137
34091532,299273606598897
578060,299277632999667
676364,4802872965402867
807436,299273606467827
4739596,5365685479870707
8933900,334320271167987
17322508,862086120935667
34099724,299136167645427
627212,282784958583027
1610252,281694037938417
4755980,5348235027747057
17338892,844635668812017
34116108,281685715521777
725516,4786380290986227
856588,282780932051187
4788748,5349192805454067
17371660,845593446519027
34148876,282643493228787
17437196,5348231001215217
34214412,4785281047924977
4985356,5348231001215217
3674636,844497962479857
6820364,6473993200677105
11014668,862085852508657
19403276,1970393841742065
38277644,5348093562392817
23593484,8725724563320945
177164,13529426172121137
406540,13529422145589297
431116,13511834254512177
23595020,8726824074948657
241676,4523326412230707
372748,19727053295667
1224716,4522235491586097
2273292,4803701877321777
4370444,13810901132054577
8564748,4557411272692017
33730572,4522227169169457
1355788,18636132651057
2404364,300102518386737
8695820,53811913756977
17084428,300103055249457
471052,4523322385698867
2502668,4803697850789937
4599820,13810897105522737
8794124,4557407246160177
17182732,4803698387652657
446476,4522227169038387
495628,4505734494621747
1478668,4504643573977137
2527244,4786109959712817
4624396,13793309214445617
17207308,4786110496575537
23597068,8725793266020465
450572,4557411541127187
33988620,4522227706040337
23601164,8743385452064817
23625740,8725797560987697
24641548,8725728842559537
31981580,8743316732588337
3764,13514101964738832
4326708,68416084591579392
6816052,17750520030638352
23068980,17750520299073792
7732,13511971659911472
36404,13511980249846032
69172,13514101963690257
527924,13793377917145392
1052212,13511911531417872
2100788,13793377917153552
8392244,13529495126479632
33558068,13511903209001232
4330548,67835679891067152
4334644,67853272077111552
4588596,67835680159502592
4850740,68398492405534992
5375028,67835551043096832
12715060,67853134638158592
21103668,68398492673970432
37880884,67835542720680192
176180,13529434762055952
430132,13511842844446992
434228,13529435030491392
23593012,17732928113029392
8413524,5049026382729987
50594132,5365689489756417
6816084,17750515987329297
19398996,8743317269459217
21496148,17750516524192017
4588628,67835676367851777
6423636,68398488345456897
21103700,68398488882319617
37880916,67835538929029377
50594900,13792346621808897
405588,13529422665683217
430164,13511834774606097
50597972,4785284789244177
434260,13529426960650497
50602068,4802876975288577
50610260,4802739536335107
50626644,4785289084211457
50659412,4786246861918467
51118164,5348097303712017
58982484,4802739536335617
6816148,17751615231570192
23069076,17751615500005632
4328596,67838836693078272
6423700,68399587589697792
23593108,17734023313961232
4327188,68416080296612112
19399444,8743316749365552
21496596,17750516004098352
23069460,17750516004106512
4328724,68417179808239872
4330772,68416217702011152
8414484,14056225385812737
4343060,68451264635146497
4359444,68416221996978432
4588820,68416217970446592
6423828,69541980169908480
37881108,68416080531624192
6817044,35764914245153040
19399956,17750516004106512
23069972,35764914513588480
6818068,17751615247298832
23070996,17751615515734272
8417556,5049163553248017
176404,13846085504143632
405780,13846081477611792
19403028,8743385452065072
21500180,17750584706797872
23073044,17750584706806032
8446228,5049167848215297
8478996,5050125625922307
8675604,5049163821683457
8937748,5611976067715857
25190676,5611976336151297
41967892,5049026382861057
434452,13846085772579072
19407124,8778569824153872
21504276,17785769078886672
19415316,8778501104677137
21512468,17785700359409937
6848788,17750588733337872
23101716,17750589001773312
6881556,17751615230521617
23134484,17751615498957057
6947092,35764982947852560
19530004,17750584706806032
23200020,35764983216288000
7078164,17750584706806032
19661076,8743385988935952
21758228,17750585243668752
7864596,17750520014909712
24117524,17750520283345152
4335124,67853267782144272
4359700,67835679891067152
4589076,67835675864535312
12715540,67853130343191312
21104148,68398488379003152
37881364,67835538425712912
176660,13529426172121392
406036,13529422145589552
430612,13511834254512432
4332564,67836775107727632
4336660,67854367293772032
4361236,67836779402694912
4394004,67838836692029697
4590612,67836775376163072
4852756,68399587622195472
12717076,67854229854819072
21105684,68399587890630912
37882900,67836637937340672
12719124,67853267748590352
21107732,68398625784402192
37884948,67835675831111952
4350996,67888452120678657
4858900,68416217702011152
21111828,68416217970446592
37889044,67853268017156352
6439956,68416080263065857
12731412,67888314681725697
4883476,68398629810934032
5407764,67835688448495872
12747796,67853272043557632
21136404,68398630079369472
37913620,67835680126079232
6489108,68399587588649217
5112852,68398625784402192
12977172,67853268017025792
6947860,69524387983864080
13239316,68416080263058192
38405140,68398488345579792
7472148,68398492373037312
23200788,69524388252299520
29492244,68416080531493632
46269460,67853130578203392
23594004,35747322327544080
23595028,17734023329689872
192532,13564610527432977
421908,13564606500901137
700436,13810901132054832
1224724,13529434746327312
2273300,13810901132062992
33730580,13529426423910672
8695828,4557411541127952
33861652,4522227706040592
929812,13810897105522992
2502676,13810897105531152
17182740,13810897642393872
954388,13793309214445872
1478676,13511842828718352
2527252,13793309214454032
8818708,13529426423780112
17207316,13793309751316752
450580,13564610795868417
1482772,13529435014762752
2531348,13810901400498432
17211412,13810901937361152
23601172,17750584706806032
23609364,17750515987329297
23625748,17732996815728912
23658516,17734023312912657
23724052,35747391030243600
24641556,17732928097300752
50594148,862094174130177
19399012,4239721953832977
23069028,8743321581203457
69220,4506902977384467
33558116,4504704491130897
50594404,281552068218897
50594916,4785151695589377
50595940,282651579846657
307300,18636685250577
430180,4504644126576657
50597988,281689473617937
434276,4522236312621057
50602084,299281659662337
50610276,299144220708867
50659428,282651546292227
50724964,4785289100988417
51118180,844501988085777
51642468,281560625647617
54788196,5348101615456257
23593060,8725729395159057
7844,4506971429474352
36516,4506980019408912
134820,13514170684215312
528036,4788377686708272
2100900,4788377686716432
4198052,13795576941449232
33558180,4506902978564112
528164,5366720801869872
2101028,5366720801878032
4198180,14373920056610832
21496612,8743321077878832
23069476,8743321077886992
19399972,8743321077886992
21497124,17750520332619792
6818084,8744420321079312
19400996,4240820962144272
23071012,8744420589514752
176420,4838894856114192
307492,335295497179152
6820132,8743389495373872
19403044,4239790136438832
8446244,545576827556097
10510628,1108380752097537
434468,4838895124549632
6824228,8778573867462672
19407140,4274974508527632
23077156,8778574135898112
6832420,8778505147985937
19415332,4274905789050897
23085348,8778505416421377
6848804,8743398085308432
19431716,4239798726373392
23101732,8743398353743872
6947108,17750588750114832
23200036,17750589018550272
19661092,4239790673309712
23331108,8743390300680192
7864612,8743329366880272
20447524,4239730007945232
15204644,8778505147986192
40370468,8743321044463632
27787556,4274905789051152
55050532,8743321581326352
24117540,8743329635315712
31457572,8778505416421632
15908,4522502030168112
73252,4506971428425777
269860,4504910112559152
1056292,4504780996153392
2104868,4786247381889072
4202020,13793446636621872
33562148,4504772673736752
44580,4522510620102672
142884,13529701284909072
85540,4524494894993427
101924,4506980018360337
298532,4504918702493712
560676,4786255971815472
2133540,4786255971823632
4230692,13793455226556432
33590820,4504781263671312
200228,13514170683166737
593444,4788377685659697
1117732,4506911299932177
2166308,4788377685667857
4263460,13795576940400657
33623588,4506902977515537
396836,13512109367300112
658980,13793446636621872
1183268,13511980250894352
2231844,13793446636630032
33689124,13511971928477712
33820196,4504773210607632
1576484,4786187253387312
17305124,5349128884260912
34082340,4786178930970672
3149348,4786187253395472
5246500,13793386508128272
34606628,4504712545243152
18877988,5349128884269072
35655204,4786178930978832
20975140,14356328139001872
37752356,13793378185711632
50335268,4786179467841552
406052,4522227219370032
434724,4522235809304592
308260,4522235809304592
406564,13529426474110992
178212,4523335052496912
309284,19735693561872
432164,4505743134887952
436260,4523335320932352
23595044,8726828403470352
192548,4557419879403537
323620,53820520468497
700452,4803710484025392
2273316,4803710484033552
4370468,13810909738766352
8564772,4557419879403792
33730596,4522235775881232
831524,300111125090352
2404388,300111125098512
8695844,53820520468752
17084452,300111661961232
33959972,4522227722817552
954404,4786118566416432
2527268,4786118566424592
4624420,13793317821157392
17207332,4786119103287312
23597092,8725797577764912
450596,4557420147838977
2531364,4803710752468992
4628516,13810910007201792
8822820,4557420147839232
17211428,4803711289331712
23625764,8725806167699472
23724068,17732996832505872
23855140,8725798114635792
24641572,8725737449271312
50594244,863189375062017
19399108,4240817154764817
23069124,8744416782135297
50596036,284846275629057
50598084,282784674549777
50602180,300376860594177
50610372,300239421640707
50626756,282788969517057
50725060,4786384301920257
51118276,845597189017617
51642564,282651532660737
54788292,5349196816388097
23593156,8726824596090897
50594628,862089879162897
6816580,8743316749365297
21496644,8743317286228017
23069508,8743317286236177
50595140,5365689506533377
6817092,17750516004106257
19400004,8743317286236177
21497156,17750516540968977
50596164,863189390790657
19401028,4240817170493457
23071044,8744416797863937
8417604,545564194312467
307524,335287427338257
405828,4838882759741457
6820164,8743385452064817
21500228,8743385988927537
23073092,8743385988935697
8446276,545568489279747
8544580,5049163821682947
8937796,1108376708780307
12607812,5611976336150787
434500,4838887054708737
6824260,8778569824153617
21504324,8778570361016337
19431748,4239790656532497
23101764,8743390283902977
6881604,8744416244215827
21561668,8744416781078547
6947140,17750584706805777
19530052,8743385988935697
21627204,17750585243668497
7078212,8743385988935697
19661124,4239787435307025
51118404,1987989769228305
51642692,862094158401537
23331140,8743387062677505
54788420,6491589396598785
20447556,4239721938104337
15204676,8778501104677137
29884740,8778501641539857
55050564,8743318343323665
24117572,8743321565474817
50595396,4785147400622097
50596420,282647284879377
307780,18628095316017
406084,4522223427719217
430660,4504635536642097
50602564,299277364695057
50610756,299139925741587
50627140,281689473617937
50659908,282647251324947
50725444,4785284806021137
54788676,5348097320488977
50596932,4786246912249857
406596,13529422682460177
431172,13511834791383057
50598980,4785284806021137
435268,13529426977427457
50603076,4802876992065537
50611268,4802739553112067
50627652,4785289100988417
50660420,4786246878695427
51119172,5348097320488977
50600004,282784690278417
50604100,300376876322817
50612292,300239437369347
50628676,282788985245697
50726980,4786384317648897
51120196,845597204746257
54790212,5349196832116737
23595076,8726824611819537
192580,4557411541127187
372804,19727590166547
33730628,4522227706040337
831556,300103055249457
1355844,18636669521937
2404420,300103055257617
8695876,53812450627857
33861700,18629152411665
471108,4523322922569747
929860,4803698387652657
2502724,4803698387660817
4599876,13810897642393617
8794180,4557407783031057
33960004,4522224484814865
50606148,299552225824785
446532,4522227705909267
495684,4505735031492627
954436,4786110496575537
1478724,4504644110848017
2527300,4786110496583697
4624452,13793309751316497
33984580,4504636593737745
50630724,281964334747665
50729028,4785559667150865
51646532,281689457889297
58986564,299277347918097
499780,4523327217537027
1482820,4522236296892417
2531396,4803702682628097
4628548,13810901937360897
8822852,4557412077998337
33988676,4522228779782145
50634820,299556520792065
50733124,4803151853195265
51650628,299281643933697
23601220,8743385988935697
50675780,300239420592135
51658820,299144204980227
50757700,4785563962118145
59015236,299281642885377
23625796,8725798097858577
51707972,282651530563587
59048004,300239420592387
51773508,4785289085259777
59113540,4802876975288577
52166724,844501972357137
23855172,8725794876633105
55312452,6473997210554385
59506756,862089862385937
55836740,5348101599727617
63176772,5365689489756417
24641604,8725729379430417
31981636,8743317269459217
6816644,8744415993606192
19399556,4240816634671152
6817156,17751615248347152
23070084,17751615516782592
6818180,8746615016861712
19401092,4243015657926672
23071108,8746615285297152
6820228,8744484696305712
19403140,4240885337370672
8479108,548725022855427
10510724,1109475953029377
6824324,8779669068394512
19407236,4276069709459472
23077252,8779669336829952
6832516,8779600348917777
19415428,4276000989982737
23085444,8779600617353217
6881668,8746615000084497
19464580,4243015641149457
23134596,8746615268519937
6947204,17751683951046672
23200132,17751684219482112
19661188,4240885874241552
23331204,8744485501612032
7864708,8744420273893392
20447620,4240820914958352
15204740,8779600348918032
40370564,8744416245395472
27787652,4276000989982992
55050628,8744416782258192
24117636,8744420542328832
31457668,8779600617353472
23593604,8726824075997232
23594116,17734023330738192
23595140,8729023099252752
1224836,4523335005310992
1355908,19735646375952
33861764,19727591346192
33960068,4523322923749392
1478788,4505743087702032
33984644,4505735032672272
23597188,8726892778696752
1482884,4523335273746432
33988740,4523327218716672
23658628,8729023082475537
23724164,17734092033437712
23855236,8726893315567632
24641668,8726828356284432
21498628,8744416294539312
23071492,8744416294547472
8418052,545563942654257
176900,4838886266179632
307972,335286907244592
406276,4838882239647792
6820612,8743385200406640
19403524,4239785841471600
23073540,8743385468842032
8938244,1108376457122097
10511108,1108376457130257
21504772,8778569840922672
23077636,8778569840930832
21512964,8778501121445937
23085828,8778501121454097
6849284,8743389495373872
19432196,4239790136438832
6882052,8744415992557617
19464964,4240816633622577
19530500,8743385468842032
21627652,17750584723574832
23200516,17750584723582992
7078660,8743385468842032
21758724,8743386005704752
23331588,8743386005712912
7865092,8743320776945712
20448004,4239721418010672
29885188,8778501121446192
31458052,8778501121454352
19401988,8744416294547472
21499140,17751615549280272
177412,13846085520920592
406788,13846081494388752
19404036,8743385468842032
21501188,17750584723574832
23074052,17750584723582992
8545540,14056362824765697
10511620,5611976084500737
12608772,14619175339233537
435460,13846085789356032
19408132,8778569840930832
21505284,17785769095663632
19416324,8778501121454097
21513476,17785700376186897
6849796,17750588750114832
23102724,17750589018550272
6882564,17751615247298577
23135492,17751615515734017
6948100,35764982964629520
19531012,17750584723582992
23201028,35764983233064960
7079172,17750584723582992
19662084,8743386005712912
21759236,17750585260445712
7865604,17750520031686672
27788548,8778501121454352
29885700,17785700376187152
24118532,17750520300122112
6822148,8744484712034352
19405060,4240885353099312
8481028,548725038584067
10512644,1109475968758017
6826244,8779669084123152
19409156,4276069725188112
23079172,8779669352558592
6834436,8779600364646417
19417348,4276001005711377
23087364,8779600633081857
6883588,8746615015813137
19466500,4243015656878097
23136516,8746615284248577
6949124,17751683966775312
23202052,17751684235210752
19663108,4240885889970192
23333124,8744485517340672
15206660,8779600364646672
40372484,8744416261124112
27789572,4276001005711632
55052548,8744416797986832
31459588,8779600633082112
8483076,546663437504787
12611844,5612113506668817
25194756,1108514147733777
41971972,545564194443537
1224964,4838894840385552
16953604,5401836471259152
33730820,4838886517968912
1356036,335295481450512
4501764,5401836471259152
21516548,8778569824145457
23089412,8778569824153617
954628,5366652099170352
2527492,5366652099178512
4624644,14373851353911312
17207556,5366652636041232
33984772,4803702682750992
21532932,8743527185977392
23105796,8743527185985552
6885636,8744484695257137
19468548,4240885336322097
7868676,8743389479645232
20451588,4239790120710192
29888772,8778569824145712
31461636,8778569824153872
8511748,546667732472067
8970500,1108518174265617
9494788,545576811827457
12640516,5612117801636097
25223428,1108518442701057
42000644,545568489410817
8610052,5050263064875267
8741124,546663705940227
9003268,1109475951972627
12673284,5613075579343107
25256196,1109476220408067
42033412,546526267117827
9068804,5612113506668817
25321732,5612113775104257
42098948,5049163821814017
9199876,1108514147733777
12869892,5612113775104257
6840580,8848938299895825
11034884,2234276347195665
19423492,4345338940960785
42492164,1108376708911377
11559172,1108380736368897
14704900,6737875974566145
23093508,8848938568331265
27287812,2234276615631105
46162180,5611976336281857
958724,5401836471259152
1483012,4838895108820992
21537028,8778711558066192
6889732,8779669067345937
19472644,4276069708410897
23142660,8779669335781377
7872772,8778573851734032
20455684,4274974492798992
15212804,8848938299896080
27795716,4345338940961040
24125700,8778574120169472
31465732,8848938568331520
6865156,8778573850685457
19448068,4274974491750417
23118084,8778574119120897
21577988,8779600616296467
19546372,8778569824153617
21643524,17785769078886417
7094532,8778569824153617
21774596,8778570361016337
7880964,8778505132257297
20463876,4274905773322257
15220996,8848869580419345
27803908,4345270221484305
24133892,8778505400692737
31473924,8848869848854785
19562756,8743527185985552
21659908,17750726440718352
7110916,8743527185985552
21790980,8743527722848272
7897348,8743398069579792
20480260,4239798710644752
15237380,8778573850685712
40403204,8743389747163152
27820292,4274974491750672
55083268,8743390284025872
24150276,8743398338015232
31490308,8778574119121152
7012612,17751683949998097
23265540,17751684218433537
19726596,4240885873192977
23396612,8744485500563457
15270148,8779600347869457
40435972,8744416244346897
27853060,4276000988934417
55116036,8744416781209617
31523076,8779600616304897
7995652,17750588734386192
27918596,8778569824153872
30015748,17785769078886672
24248580,17750589002821632
20709636,4239790657581072
15466756,8778569824153872
30146820,8778570361016592
55312644,8743387062800400
24379652,8743390284951552
16253188,8778505132257552
41419012,8743321028734992
28836100,4274905773322512
56099076,8743321565597712
32506116,8778505400692992
308740,4522227219370032
435716,13529426474110992
178692,4523326462562352
309764,19727103627312
408068,4523322436030512
432644,4505734544953392
193028,4557411289468977
324100,53811930533937
422404,4557407262937137
1225220,4522235508363312
2273796,4803701894098992
4370948,13810901148831792
8565252,4557411289469232
33731076,4522227185946672
1356292,18636149428272
2404868,300102535163952
8696324,53811930534192
17084932,300103072026672
2503172,4803697867567152
4600324,13810897122299952
8794628,4557407262937392
17183236,4803698404429872
1479172,4504643590754352
2527748,4786109976490032
4624900,13793309231222832
17207812,4786110513352752
23597572,8725793282797680
33989124,4522227722817552
23601668,8743385468842032
23609860,8743316749365297
23626244,8725797577764912
23659012,8726824074948657
24642052,8725728859336752
31982084,8743316749365552
179204,13530525717303312
408580,13530521690771472
433156,13512933799694352
437252,13530525985738752
193540,13564610544209937
422916,13564606517678097
701444,13810901148831792
1225732,13529434763104272
2274308,13810901148839952
8565764,13564610544210192
33731588,13529426440687632
33862660,4522227722817552
930820,13810897122299952
2503684,13810897122308112
8795140,13564606517678352
17183748,13810897659170832
955396,13793309231222832
1479684,13511842845495312
2528260,13793309231230992
17208324,13793309768093712
451588,13564610812645377
1483780,13529435031539712
2532356,13810901417275392
8823812,13564610812645632
17212420,13810901954138112
23602180,17750584723582992
23610372,17750516004106257
23626756,17732996832505872
23659524,17734023329689617
23725060,35747391047020560
24642564,17732928114077712
31982596,17750516004106512
33863684,19727607074832
33961988,4523322939478032
33986564,4505735048400912
23599108,8726892794425392
33990660,4523327234445312
23660548,8729023098204177
23726084,17734092049166352
23857156,8726893331296272
258052,4558510784319507
389124,54911425384467
716804,4838886249402417
1241092,4557419863674897
2289668,4838886249410577
4386820,13846085504143377
33746948,4557411541258257
847876,335286890467377
1372164,53820504739857
2420740,335286890475537
17100804,335287427338257
487428,4558506757787667
946180,4838882222870577
2519044,4838882222878737
4616196,13846081477611537
17199108,4838882759741457
33927172,19727590297617
1748996,4803710468296752
9089028,4838886249402672
17477636,5366652099170352
34254852,4803702145880112
3321860,4803710468304912
5419012,13810909723037712
9613316,4557419863675152
34779140,4522235760152592
10661892,4838886249410832
19050500,5366652099178512
35827716,4803702145888272
12759044,13846085504143632
21147652,14373851353911312
37924868,13810901400621072
42119172,4557411541258512
50507780,4803702682750992
1880068,300111109361712
5025796,5366652099170352
9220100,335286890467632
3452932,300111109369872
9744388,53820504740112
18132996,300111646232592
6598660,5366652099178512
10792964,335286890475792
21278724,5366652636041232
38055940,4803702682750992
25473028,335287427338512
50638852,300104129122320
34025476,4523322922700817
9318404,4838882222870832
35008516,4522227707088912
10891268,4838882222878992
12988420,13846081477611792
25571332,4838882759741712
50737156,4803699461525520
34000900,4522227706040337
23613444,8743385452064817
34050052,4505735031623697
2002948,4786118550687792
3575812,4786118550695952
5672964,13793317805428752
18255876,4786119087558672
42373124,4522227706040592
50761732,4786111570448400
23662596,8726892777648177
24645636,8725797562036272
31985668,8743385452065072
516100,4558511052754947
1499140,4557420132110337
2547716,4838886517846017
4644868,13846085772578817
17227780,4838887054708737
23617540,8778569824153617
34054148,4523327217668097
3055620,5366652099178512
5152772,14373851353911312
17735684,5366652636041232
34512900,4803702682750992
3579908,4803710736740352
5677060,13810909991473152
9871364,4557420132110592
18259972,4803711273603072
10919940,4838886517846272
13017092,13846085772579072
25600004,4838887054708992
50765828,4803703756492800
23633924,8743527185985552
31989764,8778569824153872
23674884,8744416244215827
23740420,17750584706805777
23871492,8743385988935697
31997956,8778501104677137
24674308,8725806151970832
23789572,17734092032389137
23920644,8726893314519057
24772612,17732996816777232
32112644,17750584706806032
24903684,8725798098907152
32243716,8743385988935952
529016,4785147937292787
82552,4522295938777407
83064,13529495193518367
4326520,67835542720479507
84088,4524494962032927
8470648,4557480277312287
3896,13810970103120177
529208,5365689808323057
4326712,68416084591509777
8413496,5049030425969427
6816056,17750520030564657
21496120,17750520298996017
7736,13511971659841905
11832,13529563845886257
134712,31526370169323825
265784,13511971928277297
527928,13793377917075825
2100792,13793377917079857
4197944,31807776426557745
16780856,13793378185511217
33558072,13511903208866097
529976,13792346990707185
4326968,67835542519152945
537144,4802877293855217
545336,4802739854901747
594488,4786247180485107
791096,4785285376246257
1577528,4785156259840497
2626104,5348097622282737
8917560,4802739854902257
17306168,5348097890714097
4334648,67853272077041937
4342840,67853134638088467
4391992,67836641963671827
4588600,67835680159432977
5375032,67835551043027217
6423608,68398492405469457
12715064,67853134638088977
21103672,68398492673900817
307256,4522235775680817
405560,13529426440487217
434232,13529435030421777
23593016,17732928112955697
82392,4841149966582047
82648,4524490634559807
83160,13531689889300767
86232,4524559337259327
90328,4559743709348127
213208,13531758592000287
344280,4524559874130207
606424,4805965594493247
1130712,4524494914847007
4276440,13813164849234207
16859352,4805966131364127
33636568,4524491154719007
529240,5365685748236787
82776,4838950959055167
83288,13846150213796127
4326744,68416080531423507
84312,4841149982310687
86360,4839019661754687
8413528,5049026382660375
213336,13846218916495647
344408,4839020198625567
2179416,5401900895703327
8470872,4909319686456095
33636696,4838951479214367
50594136,5365689489621267
531032,4786243153953267
537176,4802873233768947
561752,4785285342691827
2626136,5348093562196467
8917592,4802735794815987
34083416,4785144145707507
90712,4557544701821247
213592,13529559584473407
344664,4522360866603327
4276824,13810965841707327
16859736,4803767123837247
33636952,4522292147192127
50594392,4785147366932787
4328536,67836637937139987
87128,13529559584473407
91224,13564743956562207
4334680,67853268016955667
345176,13529560121344287
607320,13810965841707327
16860248,13810966378578207
33637464,13529491401933087
4359256,67835680125878547
6423640,68398488345383187
12715096,67853130578002707
37880920,67835538928894227
50594904,13792346621673747
88152,4524559352987967
92248,4559743725076767
215128,13531758607728927
346200,4524559889858847
608344,4805965610221887
4278360,13813164864962847
16861272,4805966147092767
33638488,4524491170447647
118872,4522502046875967
4280408,13811034544406847
16863320,4803835826536767
33640536,4522360849891647
122968,4557686418964767
614488,4839019661754687
4284504,13846218916495647
8478808,4627913429222175
16867416,4839020198625567
33644632,4557545221980447
50602072,4802876975153427
245848,13529701301616927
376920,4522502583746847
8503384,4557548980011807
737368,13811034544406847
16990296,13811035081277727
33767512,13529560104632607
868440,4803835826536767
4538456,13811035081277727
2703448,5366716523614527
34160728,4803767107125567
9519192,4557480261583647
6373464,14373915778355487
10567768,4838950942282527
18956376,5366717060485407
37830744,13810966361866527
50626648,4785289084076307
52691032,5348097303580947
58982488,4802739536200467
8413592,5050125626901267
6816152,17751615231496497
21496216,17751615499927857
530072,13793442141307377
4327064,67836637669753137
531096,4788441909821937
594584,4788441876267507
660120,13793579546706417
4723352,14356392061174257
4328600,67838836693008657
4330648,67836775075152177
4392088,67838836659454227
4850840,68399587589620017
176280,13530525667950897
405656,13530521641419057
430232,13512933750341937
23593112,17734023313887537
531224,5366785024983537
561944,5365827213722097
594712,5366784991429107
791320,5365823187190257
4723480,15498784641384945
6816536,17750515735597425
21496600,17750516004028785
23069464,17750516004032817
4328728,68417179808170257
4359448,68416221996908817
4392216,68417179774615827
4588824,68416217970376977
4850968,69541980169830705
6817048,35764914245079345
19399960,17750516004032817
21497112,35764914513510705
8415512,5050125642629907
6818072,17751615247225137
21498136,17751615515656497
307480,4838886517768497
430360,13810901400420657
6820120,17750584438296945
21500184,17750584706728305
23073048,17750584706732337
8479000,5050125625852695
9462040,5049030410240787
41967896,5049026382725907
434456,13846085772509457
19407128,8778569824080177
23077144,17785769078821137
6848792,17750588733264177
21528856,17750589001695537
19464472,8744416244142387
23134488,17751615498883347
6947096,35764982947778865
19530008,17750584706732337
21627160,35764983216210225
7078168,17750584706732337
19661080,8743385988862257
23331096,17750585243603217
7864600,17750520014836017
22544664,17750520283267377
40370456,17750515987321137
52953368,8743317269451057
56623384,17750516524192017
531992,13793442207367665
4328984,67836637735813425
1578520,13792346924646897
34084376,13792342897132017
5375512,67835542453092657
37881368,67835538425577777
539160,4803972510515697
547352,4803835071562227
563736,4786384619438577
793112,4786380592906737
2628120,5349192838943217
8919576,4803835071562737
17308184,5349193107374577
176664,13529426172051825
602648,4803972476961267
406040,13529422145519985
668184,13810347097981425
2634264,5365822918758897
17314328,5365823187190257
578072,4802877260300787
807448,4802873233768947
2642456,5365685479805427
17322520,5365685748236787
627224,4786384585884147
430616,13511834254442865
692760,13792759206904305
1610264,4785293665239537
2658840,5348235027681777
8950296,4802877260301297
17338904,5348235296113137
856600,4786380559352307
2691608,5349192805388787
8983064,4803835038008307
17371672,5349193073820147
922136,13792755180372465
1708568,13792484330045937
34214424,13792480302531057
2888216,5348231001149937
9179672,4802873233769457
34345496,4785281584660977
5771800,14355296844513777
6820376,15481192455344625
11014680,5365685479805937
21500440,15481192723775985
38277656,14355292816998897
25694744,5365685748237297
50860568,5348094099128817
434712,13529426440487217
23593496,17732923817988465
4336664,67854367293702417
4344856,67854229854748947
4361240,67836779402625297
4590616,67836775376093457
6425624,68399587622129937
12717080,67854229854749457
21105688,68399587890561297
177176,31543824681533745
308248,13529426440487217
406552,31543820655001905
4338712,67853542626427185
431128,31526232763924785
4363288,67835954735350065
4592664,67835950708818225
5379096,67835679858491697
37884952,67835675830976817
4400152,67854367260147987
6431768,68416217701945617
21111832,68416217970376977
4375576,67853272043487507
4604952,67853268016955667
6439960,68416080262992147
21120024,68416080531423507
4424728,67836779369070867
5407768,67835688448426257
6456344,68398629810868497
12747800,67853272043488017
21136408,68398630079299857
4654104,67836775342539027
6489112,68399587588575507
12780568,67854229821195027
21169176,68399587857006867
6685720,68398625784336657
12977176,67853268016956177
38143000,67835676367847697
5899288,68398492372959537
6947864,69524387983790385
21627928,69524388252221745
38405144,68398488345444657
14812184,68416080262992657
29492248,68416080531424017
54658072,68398488882315537
23594008,35747322327470385
178200,13530525683679537
407576,13530521657147697
432152,13512933766070577
23595032,17734023329616177
372760,4523326680596787
700440,13810901131985265
2273304,13810901131989297
4370456,31825299641467185
16953368,13810901400420657
33730584,13529426423775537
1355800,4522235759952177
4501528,13810901400420657
17084440,4803702682550577
33861656,4522227705905457
929816,13810897105453425
1454104,13529426424758577
2502680,13810897105457457
4599832,31825295614935345
954392,13793309214376305
2527256,13793309214380337
4624408,31807707723858225
23597080,17732992520687985
499736,13530525935337747
958488,13810901400420657
1482776,13529435014693137
17211416,13810901937291537
33988632,13529426960646417
23601176,17750584706732337
23625752,17732996815655217
23724056,35747391030169905
24641560,17732928097227057
82408,337554650955807
529128,282647822598387
83176,4524494963081247
84200,25293382221855
86248,20964021633087
90344,56148393721887
114920,20972611567647
344296,20964558503967
606440,302370278867007
8470760,56079674245407
16859368,302370815737887
33636584,20895839092767
3944,4803771116814387
83304,4838955287576607
86376,335424346128447
115048,335432936063007
344424,335424882999327
1130856,335364217634847
2179432,898305580077087
4276584,5401905207443487
33636712,335356163588127
50594152,862094173995027
6816104,8743321044258867
23069032,8743321581129747
7784,4504772673536115
11880,4522364859580467
20072,4522296140103735
527976,4786178930770035
2100840,4786178930774067
8392296,4522296140103987
530024,4785148004401395
83560,4522296005886015
531048,282647888658675
86632,18765030883455
545384,299140495966455
594536,282647821549815
8917608,299140495966707
213608,4522364658253887
606824,300171288117375
2179688,300171288121407
4276840,4803770915487807
85096,4524495029141535
87144,4522364658253887
91240,4557549030342687
115816,4522373248188447
214120,13529563912994847
345192,4522365195124767
607336,4803770915487807
1131624,4522304529760287
4277352,13810970170228767
8471656,4557480310866207
16860264,4803771452358687
33637480,4522296475713567
50594920,4785151695454227
215144,4524563681509407
2181224,302370311376927
4278376,4805969938743327
50595944,282651579711507
217192,4522502063652927
1134696,18773588312127
8474728,53949369418047
16863336,300240510910527
33640552,18765534265407
221288,4557686435741727
614504,335424346128447
1138792,53957960400927
16867432,335424882999327
33644648,53949906354207
50602088,299281659527187
245864,4522510653587487
639080,300248563974207
8503400,53957959352607
16892008,300249100845087
33669224,18774124199967
475240,4522502600523807
868456,300240510910527
1392744,18774125183007
8732776,53949906288927
1654888,300179845546047
2703464,863121207988287
4800616,5366720835354687
8994920,335355626651967
34160744,300171791499327
9519208,53889240924447
17907816,300180382416927
34685032,18705405771807
18956392,863121744859167
21053544,5366721372225567
25247848,335356163522847
42025064,53881186877727
50724968,4785289100853267
51642472,281560625512467
52691048,844501987954707
54788200,5348101615321107
4008,4805969872683057
529320,863189693628657
7848,4506971429404785
11944,4524563615449137
265896,4506971697840177
528040,4788377686638705
2100904,4788377686642737
8392360,4524494895972657
16780968,4788377955074097
33558184,4506902978428977
531112,284846644527345
537256,300377179160817
545448,300239740207347
660136,4786384620486897
791208,282785261551857
2626216,845597507588337
4723368,5349197134954737
17306280,845597776019697
176296,4523335019921457
307368,19735660986417
430248,4505743102312497
12072,4839023939944497
36648,4803848157790257
134952,13811038822596657
528168,5366720801800305
1052456,4803779439362097
2101032,5366720801804337
8392488,4838955220468017
16781096,5366721070235697
530216,5365689875431665
531240,863189759688945
2626344,1987990087799025
4723496,6491589715165425
17306408,1987990356230385
34083624,862090449453297
6816552,8743320809377905
19399464,4239721450442865
21496616,8743321077809265
23069480,8743321077813297
8414504,5049030459523347
19399976,8743321077813297
23069992,17750520332554257
8415528,546530343780627
6818088,8744420321005617
19401000,4240820962070577
21498152,8744420589436977
405800,4838886534545457
430376,4803710752391217
8544552,5049167864922387
8675624,545568505987347
9462056,545439389581587
10510632,1108380752023827
12607784,5611980379390227
25190696,1108381020455187
434472,4838895124480017
6824232,8778573867388977
19407144,4274974508453937
21504296,8778574135820337
23085352,8778505416347667
6848808,8743398085234737
19431720,4239798726299697
21528872,8743398353666097
6881576,8744420287451187
19464488,4240820928516147
21561640,8744420555882547
6947112,17750588750041137
21627176,17750589018472497
19661096,4239790673236017
21758248,8743390300602417
7864616,8743329366806577
20447528,4239730007871537
22544680,8743329635237937
15204648,8778505147912497
27787560,4274905788977457
52953384,4239721953824817
29884712,8778505416343857
55050536,8743321581191217
15912,4522502030098545
24104,4522364591145075
269864,4504910112489585
532008,4786247381811441
1056296,4504780996083825
4202024,13793446636552305
273960,4522502298533937
1060392,4522373182128177
4206120,13811038822596657
8400424,4557548963234097
282152,4522364859580467
544296,4803770848378995
2117160,4803770848383027
16797224,4803771116814387
33574440,4522296140169267
560680,4786255971745905
1084968,4504798175952945
2133544,4786255971749937
8425000,4522373181079857
16813608,4786256240181297
33590824,4504781263536177
658984,13793446636552305
2231848,13793446636556337
4329000,31807845146034225
8523304,13529563845886257
16911912,13793446904987697
33689128,13511971928342577
1314344,4504781264519217
4460072,13793446904987697
17042984,4786248187117617
33820200,4504773210472497
1576488,4786187253317745
2625064,5349128615759985
17305128,5349128884191345
3149352,4786187253321777
9440808,4522304462651697
17829416,4786187521753137
34606632,4504712545108017
18877992,5349128884195377
12586536,13810970103120177
37752360,13793378185576497
50335272,4786179467706417
538152,4802877360963825
546344,4802739922010355
595496,4786247247593715
792104,4785285443354865
1578536,4785156326949105
2627112,5348097689391345
17307176,5348097957822705
539176,300377245221105
547368,300239806267635
662056,4786384686547185
793128,282785327612145
1579560,282656211206385
2628136,845597573648625
4725288,5349197201015025
17308200,845597842079985
406056,4522227219300465
668200,4803152171761905
799272,299552812826865
34091560,299277934985457
610856,300239739158775
34099752,299140496031987
8983080,300239739159027
34148904,282647821615347
922152,4785560254152945
9048616,4802877293855217
34214440,4785285376311537
9179688,299277934920177
9966120,299148818514417
35131944,281556900970737
6820392,6473997529125105
11014696,862090180956657
19403304,1970398170190065
36180520,844498263412977
13111848,5365689808323057
21500456,6473997797556465
38277672,5348097890779377
25694760,862090449388017
23593512,8725728891768945
407592,4523326730928177
436264,4523335320862737
23595048,8726828403396657
700456,4803710483955825
1224744,4522252688162865
2273320,4803710483959857
16953384,4803710752391217
33730600,4522235775746097
831528,300111125020785
1355816,18653329227825
2404392,300111125024817
4501544,4803710752391217
471080,4523326697373747
1454120,4522235776729137
4599848,13810901417197617
8794152,4557411557835057
17182760,4803702699327537
33959976,4522227722682417
954408,4786118566346865
1478696,4504660770553905
2527272,4786118566350897
8818728,4522235775680817
499752,4523335287308307
958504,4803710752391217
4628520,13810910007132177
8822824,4557420147769617
17211432,4803711289262097
33988648,4522236312616977
23609384,8743321044258867
23625768,8725806167625777
23658536,8726828369842227
23724072,17732996832432177
23855144,8725798114562097
24641576,8725737449197617
57147432,8725729395150897
529352,863185633542387
83400,4841149983359007
84424,341948402499615
90568,407987802865695
115144,337623353655327
213448,4841218686058527
8470984,407919083389215
50594248,863189374926867
6816200,8744416245190707
23069128,8744416782061587
530120,4786243155001587
537288,300373119074547
86728,20959726665855
561864,282785227997427
594632,284842517332215
660168,4786380560400627
1577672,282647791141107
2626248,845593447502067
4723400,5349193074868467
34083528,282644031013107
115400,20964021633087
213704,4524559354036287
606920,302365983899775
2179784,302365983903807
4276936,4805965611270207
50594504,282647252238387
85192,4528888714625055
87240,4524559354036287
91336,4559743726125087
214216,13531758608777247
345288,4524559890907167
607432,4805965611270207
1131720,4524494931623967
4277448,13813164866011167
8471752,4559675006648607
16860360,4805966148141087
33637576,4524491171495967
88264,25357773176895
92360,60542145265695
346312,25358310047775
608456,306764030410815
1132744,25293350764575
8472776,60473425789215
16861384,306764567281695
33638600,25289590636575
50596040,284846275493907
176328,4523326681645107
610504,302434686599295
2183368,302434686603327
4280520,4806034313969727
2187464,337619058692127
4284616,4841218686058527
8478920,126512826155295
434376,4523327218515987
50602184,300376860459027
245960,4524701071179807
639176,302438981566527
8503496,56148376944927
16892104,302439518437407
33669320,20964541792287
737480,4806034313969727
1261768,4524563634323487
4407496,13813233568710687
8601800,4559743709348127
16990408,4806034850840607
33767624,4524559874195487
2441416,302435223474207
4538568,4806034850840607
17121480,302436297211935
33898696,20961320566815
3227848,302370264191007
5325000,4805969891557407
6373576,5368915547918367
10567880,337550339215647
35733704,302366504063007
12665032,4841149966582047
37830856,4805966131429407
50413768,302367577800735
50626760,282788969381907
50659528,284846258716695
50725064,4786384301785107
51642568,282651532525587
52691144,845597188886547
54788296,5349196816252947
86856,335420051161215
594760,863185632493815
1577800,862090416881907
2626376,1987986027712755
4723528,6491585655079155
90952,405788795338815
8414024,545426772066615
115528,335424346128447
213832,4839019678531647
1131336,335355627700287
8471368,405720075862335
6816584,8743316749291635
87368,4839019678531647
214344,13846218933272607
345416,4839020215402527
2180424,5401900912480287
33637704,4838951495991327
50595144,5365689506398227
92488,407987818594335
117064,337623369383967
215368,4841218701787167
1132872,337554650955807
8472904,407919099117855
50596168,863189390655507
6818120,8744416260919347
23071048,8744416797790227
1134920,335424330399807
8474952,405788778561855
6820168,8743385451991155
123208,405930512482335
8446280,545568489210135
221512,4909525844885535
2187592,968738731986975
4284744,5472338359353375
8479048,546526266917151
33644872,405789315498015
8544584,5049163821613335
10510664,1108376708714775
12607816,5611976336081175
41967944,545427292225815
246088,4839161395675167
1163592,335432920334367
2212168,898374282776607
4309320,5401973910143007
33669448,335424866287647
2310472,5401969615179807
33767752,4839020198690847
1392968,335424867270687
8733000,405789315432735
33898824,335421645062175
3227976,898305564348447
5325128,5401905191714847
34685256,335356147859487
6373704,6527800802545695
10568008,968670012510495
12665160,5472269639876895
42025288,405720596021535
6848840,8743389746958387
23101768,8743390283829267
50659656,863189373878295
6881608,8744416244142135
23134536,8744416781013015
51642696,862094158266387
23331144,8743387062603795
52691272,1987989769097235
54788424,6491589396463635
7864648,8743321028530227
24117576,8743321565401107
56623432,8743318343192595
532040,4786243221061875
87624,4522360363286655
546376,4802735828369655
595528,4786243153953015
1578568,4785147938341107
8918600,4802735828369907
116296,4522364658253887
607816,4803766620520575
1132104,4522295939825727
2180680,4803766620524607
547400,300235712626935
1579592,282647822598387
8919624,300235712627187
176712,4522227185746035
569928,299552779272435
602696,300373118025975
668232,4803148111675635
1585736,299277902414067
119368,18902436282495
578120,299277901365495
217672,4522497768685695
610888,300235679072511
8475208,53945074450815
16863816,300236215943295
33641032,18761239298175
676424,4802873233768695
2642504,862086120870135
4739656,5365685748236535
8933960,334320539533815
34099784,299136704381175
627272,282785226948855
692808,4785560220598515
8950344,299277901365747
725576,4786380559352055
2691656,845593446453495
4788808,5349193073819895
34148936,282644029964535
1708616,4785285343740147
9048648,4802873233768947
3674696,844498230841587
5771848,5348097858207987
35131976,281548814352627
6820424,6473993469038835
11014728,862086120870387
13111880,5365685748236787
42472008,299136704381427
614984,335420051161215
1139272,53949370466367
2187848,335420051165247
4285000,4839019678531647
8479304,124313818628415
246344,4522502063652927
1163848,18773588312127
8503880,53949369418047
16892488,300240510910527
33669704,18765534265407
4407880,13811034561183807
8602184,4557544701821247
16990792,4803835843313727
33768008,4522360866668607
868936,300236215943295
1393224,18765535248447
2441800,300236215947327
4538952,4803835843313727
17121864,300237289685055
33899080,18762313039935
2703944,863116913021055
4801096,5366716540387455
8995400,335351331684735
34161224,300167496532095
9519688,53880650989887
17908296,300171792482367
34685512,18696815837247
6373960,5366716540391487
10568264,335351331688767
35734088,300167496536127
12665416,4838950959055167
37831240,4803767123902527
50414152,300168570273855
50610760,299139925606455
50659912,282647251189815
51642952,281552035577907
58982984,299139925606707
117832,4524563681509407
1133640,4524494963081247
2182216,4805965643780127
50596936,4786246912114707
119880,4522502063652927
4281416,13811034561183807
8475720,4557544701821247
16864328,4803835843313727
33641544,4522360866668607
123976,4557686435741727
615496,4839019678531647
4285512,13846218933272607
16868424,4839020215402527
33645640,4557545238757407
50603080,4802876991930387
246856,13529701318393887
377928,4522502600523807
738376,13811034561183807
8602696,13564743956562207
16991304,13811035098054687
33768520,13529560121409567
869448,4803835843313727
4539464,13811035098054687
8733768,4557545238692127
2704456,5366716540391487
8995912,4838950959055167
34161736,4803767123902527
6374472,14373915795132447
18957384,5366717077262367
12665928,13846150213796127
37831752,13810966378643487
25248840,4838951495926047
42026056,4557476519280927
50627656,4785289100853267
52692040,5348097320357907
178248,4523326697373747
612424,302434702327935
1136712,20964021633087
2185288,302434702331967
4282440,4806034329698367
1140808,56148393721887
2189384,337619074420767
4286536,4841218701787167
8480840,126512841883935
436296,4523327234244627
50604104,300376876187667
247880,4524701086908447
641096,302438997295167
1165384,20972611567647
8505416,56148392673567
16894024,302439534166047
33671240,20964557520927
739400,4806034329698367
4409416,13813233584439327
8603720,4559743725076767
16992328,4806034866569247
33769544,4524559889924127
1394760,20964558503967
2443336,302435239202847
4540488,4806034866569247
17123400,302436312940575
33900616,20961336295455
1656904,302370278867007
9521224,56079674245407
17909832,302370815737887
34687048,20895839092767
6375496,5368915563647007
10569800,337550354944287
35735624,302366519791647
12666952,4841149982310687
37832776,4805966147158047
50415688,302367593529375
50628680,282788985110547
50661448,284846274445335
50726984,4786384317513747
52693064,845597204615187
54790216,5349196831981587
241736,4523326680596535
700488,4803702145679475
2273352,4803702145683507
249928,4522776924782655
643144,300377396215935
2216008,300377396219967
4313160,4803977023586367
741448,4803972728619135
1265736,4522502047924287
2314312,4803972728623167
2707528,863185615720575
4804680,5366785243086975
8998984,335420034384255
34164808,300236199231615
9523272,53949353689407
17911880,300240495181887
34689096,18765518536767
6377544,5366785243091007
10571848,335420034388287
35737672,300236199235647
12669000,4839019661754687
37834824,4803835826602047
50417736,300237272973375
254024,4557961296871455
2220104,335561768308767
4317256,4839161395675167
8511560,124455535771935
1269832,4557686420013087
2318408,4839157100711967
8609864,4628050868175135
1663048,335424330399807
9003080,405788778561855
17915976,335424867270687
34693192,53949890625567
6381640,5401969615179807
35741768,335420571324447
37838920,4839020198690847
25256008,405789315432735
42033224,124314338787615
50421832,335421645062175
499784,4523327217467415
2531400,4803702682554387
17211464,4803703756292115
33988680,4522228779646995
50634824,299556520656915
50667592,300376859410455
50733128,4803151853060115
51650632,299281643798547
507976,4522777461653535
770120,4803977023586367
1294408,4522510637858847
4440136,13811176278327327
8634440,4557686418964767
17023048,4803977560457247
33800264,4522502583812127
2474056,300377933090847
4571208,4803977560457247
17154120,300379006828575
33931336,18904030183455
1687624,300248548245567
2736200,863189910687807
4833352,5366789538054207
9027656,335424329351487
34193480,300240494198847
9551944,53957943623967
17940552,300249085116447
34717768,18774108471327
18989128,863190447558687
21086280,5366790074925087
25280584,335424866222367
42057800,53949889577247
50643016,299281642749975
1523784,4522502584795167
2572360,4803973265494047
17252424,4803974339231775
34029640,4522499362586655
2834504,5366785243091007
9125960,4839019661754687
34291784,4803835826602047
6504520,14373984497831967
19087432,5366785779961887
12795976,13846218916495647
37961800,13811035081343007
25378888,4839020198625567
42156104,4557545221980447
1917000,300240495181887
34422856,300237272973375
9781320,53949890560287
6635592,5366785779961887
10829896,335420571259167
19218504,863187226333215
12927048,4839020198625567
21315656,5366786853699615
25509960,335421644996895
42287176,53946668351775
50675784,300239420456991
3752008,863121192259647
5849160,5366720819626047
10043464,335355610923327
35209288,300171775770687
6897736,6492616430456895
20004936,863121729130527
22102088,5366721356496927
26296392,335356147794207
43073608,53881171149087
14762056,5401900895703327
23150664,6492616967327775
39927880,5366717060550687
44122184,335351851847967
52510792,863118506922015
46219336,4838951479214367
54607944,5366718134288415
58802248,335352925585695
50741320,4802876975153175
52707400,862089862254615
54804552,5365689489621015
58998856,334324280918295
50692168,282788968333335
50757704,4785563961982995
59015240,299281642750227
50790472,4786384300736535
52756552,845597187837975
54853704,5349196815204375
51773512,4785289085124627
59113544,4802876975153427
53739592,844501972226067
55836744,5348101599592467
56885320,6473997210423315
61079624,862089862254867
63176776,5365689489621267
530312,5366785026031857
562056,863327099027697
660360,5366922431430897
791432,863323072495857
1577864,863189662171377
8917896,898369737196017
8414088,546526016307507
6817160,17751615248273457
21497224,17751615516704817
8415624,548725039563027
6818184,8746615016788017
19401096,4243015657852977
21498248,8746615285219377
176520,4839985762009137
307592,336386403074097
405896,4839981735477297
8446344,546667733451027
8479112,548725022785815
8544648,5050263065854227
8675720,546663706919187
9462152,546530296594707
10510728,1109475952955667
12607880,5613075580322067
25190792,1109476221387027
6824328,8779669068320817
19407240,4276069709385777
21504392,8779669336752177
23085448,8779600617279507
23134600,8746615268446227
6947208,17751683950972977
21627272,17751684219404337
19661192,4240885874167857
21758344,8744485501534257
7864712,8744420273819697
20447624,4240820914884657
22544776,8744420542251057
15204744,8779600348844337
27787656,4276000989909297
52953480,4240817154756657
29884808,8779600617275697
55050632,8744416782123057
532104,4788441976930545
538248,4803972511564017
546440,4803835072610547
562824,4786384620486897
792200,4786380593955057
1578632,4786247183630577
2627208,5349192839991537
17307272,5349193108422897
8919688,302434468495857
34085512,284842550952177
1585800,300377147703537
2634376,863322804064497
4731528,5366922431430897
8925832,335557222728177
17314440,863323072495857
578184,300377145606387
610952,302434434941175
676488,4803972478009587
807560,300373119074547
1593992,300239708750067
2642568,863185365111027
4739720,5366784992477427
8934024,335419783774707
17322632,863185633542387
2658952,845734912987377
4756104,5349334540353777
17339016,845735181418737
8983176,302434434941427
34149000,284842517397747
1708680,4786384589029617
2757256,5349330245390577
17437320,5349330513821937
1839752,282785230094577
2888328,845730886455537
4985480,5349330513821937
34345608,282781469966577
3674760,845597476131057
5771912,5349197103497457
18354824,845597744562417
50860680,845593984434417
177288,13530525684727857
406664,13530521658196017
431240,13512933767118897
23594120,17734023330664497
178312,4525525453242417
309384,21926094307377
407688,4525521426710577
432264,4507933535633457
23595144,8729023099179057
4370568,13812000644661297
8564872,4558510785298737
8695944,54911426363697
17084552,301202567856177
33861768,19727591211057
1454216,4523326683742257
4599944,13811996618129457
8794248,4558506758766897
17182856,4804797900259377
33960072,4523322923614257
446600,4523326681645107
4624520,13794408727052337
17207432,4787210009182257
33984648,4505735032537137
450696,4558511053733907
499848,4525525704900627
1482888,4523335273676817
23609480,8744416245190707
23724168,17734092033364017
23855240,8726893315493937
24641672,8726828356210737
57147528,8726824596082737
532232,5366785092092145
1578760,5365689809371377
2627336,6491585420202225
17307400,6491585688633585
34084616,5365685781856497
19400456,8743316782846065
1579784,863189693628657
2628360,1989085304459505
4725512,6492684931825905
17308424,1989085572890865
34085640,863185666113777
6818568,8744416026038385
19401480,4240816667103345
21498632,8744416294469745
23071496,8744416294473777
176904,4838886266110065
307976,335286907175025
406280,4838882239578225
693000,5366102091628785
824072,862502732693745
2659080,1988127493198065
4756232,6491727120564465
17339144,1988127761629425
34116360,862227854852337
1643272,863189660074227
2691848,1989085270905075
4789000,6492684898271475
17371912,1989085539336435
34149128,863185632559347
922376,5366098065096945
1708808,5365827214770417
2757384,6491722825601265
17437448,6491723094032625
34214664,5365823187255537
1839880,862227855835377
2888456,1988123466666225
4985608,6491723094032625
9966344,897274520535537
6820616,8743385200333041
11014920,2023170131366385
19403528,4239785841398001
13112072,6526769758732785
21500680,8743385468764401
25694984,2023170399797745
42472200,897270493020657
50860808,1987986564645105
8479496,546526015258935
9462536,545430799647027
41968392,545426772132147
434952,4838886534545457
6824712,8778569572421745
19407624,4274970213486705
21504776,8778569840853105
23077640,8778569840857137
6882056,8744415992483955
19464968,4240816633548915
21562120,8744416260915315
23134984,8744416260919347
6947592,17750584455073905
21627656,17750584723505265
23200520,17750584723509297
19661576,4239786378268785
21758728,8743386005635185
23331592,8743386005639217
15205128,8778500852945265
27788040,4274901494010225
52953864,4239717658857585
29885192,8778501121376625
55051016,8743317286223985
31458056,8778501121380657
56623880,8743317286228017
8416520,5050125676183827
19401992,8744416294473777
23072008,17751615549214737
308488,4838886534545457
431368,13810901417197617
6821128,17750584455073905
21501192,17750584723505265
23074056,17750584723509297
8447240,5049167864922387
8676616,5049163838390547
10511624,5611976084427027
25191688,5611976352858387
435464,13846085789286417
19408136,8778569840857137
23078152,17785769095598097
6849800,17750588750041137
21529864,17750589018472497
19465480,8744416260919347
23135496,17751615515660307
6948104,35764982964555825
19531016,17750584723509297
21628168,35764983232987185
7079176,17750584723509297
19662088,8743386005639217
23332104,17750585260380177
7865608,17750520031612977
22545672,17750520300044337
40371464,17750516004098097
27788552,8778501121380657
52954376,8743317286228017
31458568,17785700376121617
56624392,17750516540968977
178440,4839985777737777
309512,336386418802737
407816,4839981751205937
8448264,546667749179667
8481032,548725038514455
8546568,5050263081582867
8677640,546663722647827
10512648,1109475968684307
12609800,5613075596050707
25192712,1109476237115667
6826248,8779669084049457
19409160,4276069725114417
21506312,8779669352480817
23087368,8779600633008147
23136520,8746615284174867
6949128,17751683966701617
21629192,17751684235132977
19663112,4240885889896497
21760264,8744485517262897
15206664,8779600364572977
27789576,4276001005637937
52955400,4240817170485297
29886728,8779600633004337
55052552,8744416797851697
8565000,4909254993510705
33730824,4838886517833777
8696072,405655634575665
1454344,4838886518816817
8794376,4909250966978865
495880,4804801657307187
954632,5366652099100785
1478920,4803710736662577
2527496,5366652099104817
8818952,4838886517768497
33984776,4803702682615857
6852872,8743526917476465
19435784,4239927558541425
21532936,8743527185907825
23105800,8743527185911857
6885640,8744484695183475
19468552,4240885336248435
21565704,8744484963614835
23138568,8744484963618867
19534088,8743522890944625
7082248,8743522890944625
15208712,8778569555644785
27791624,4274970196709745
52957448,4239786361557105
29888776,8778569824076145
55054600,8743385988923505
31461640,8778569824080177
56627464,8743385988927537
8511752,546667732402455
450824,4909255261945875
8577288,5049442726052115
8708360,545843367117075
42000648,545568489275667
8610056,5050263064805655
8741128,546663705870615
10576136,1109475951907095
12673288,5613075579273495
25256200,1109476220338455
8806664,5049438699520275
9593096,5049167849193747
42098952,5049163821678867
9724168,545568490258707
11559176,1108380736295187
13656328,5611980363661587
26239240,1108381004726547
14704904,6737875974492435
23093512,8848938568257555
27287816,2234276615557395
44065032,1108376708780307
29384968,6737876242923795
46162184,5611976336146707
499976,4839986029395987
1483016,4838895108751377
2531592,5401836471193617
33988872,4838887054704657
23109896,8778711558000657
23142664,8779669335707667
7872776,8778573851660337
20455688,4274974492725297
22552840,8778574120091697
15212808,8848938299822385
40378632,8778569824145457
27795720,4345338940887345
29892872,8848938568253745
56631560,8778570361016337
23118088,8778574119047187
23150856,8779600616230935
24133896,8778505400619027
31473928,8848869848781075
6914312,8744488990150707
19497224,4240889631215667
21594376,8744489258582067
19562760,8743527185911857
23232776,17750726440652817
7110920,8743527185911857
23363848,8743527722782737
7897352,8743398069506097
20480264,4239798710571057
22577416,8743398337937457
15237384,8778573850612017
27820296,4274974491676977
52986120,4239790656524337
29917448,8778574119043377
55083272,8743390283890737
19595528,8744484963618867
23265544,17751684218359827
7143688,8744484963618867
23396616,8744485500489747
7930120,8744420271722547
20513032,4240820912787507
22610184,8744420540153907
40435976,8744416244207667
31523080,8779600616231187
56688904,8744416781078547
7995656,17750588734312497
22675720,17750589002743857
40501512,17750584706797617
27918600,8778569824080177
53084424,8743385988927537
31588616,17785769078821137
56754440,17750585243668497
20709640,4239790657507377
22806792,8743390284873777
15466760,8778569824080177
40632584,8743385988927537
53215496,4239787435298865
55312648,8743387062665265
31719688,8778570360951057
16253192,8778505132183857
28836104,4274905773248817
54001928,4239721938096177
30933256,8778505400615217
56099080,8743321565462577
48759048,8778501104668977
65011976,8778501641539857
540168,4803972577624305
548360,4803835138670835
564744,4786384686547185
794120,4786380660015345
2629128,5349192906051825
17309192,5349193174483185
308744,4522227219300465
570888,4803152171761905
800264,4803148145230065
1586696,4802877294903537
34092552,4802873267388657
611848,4803835071561975
1594888,4802739855950067
34100744,4802735828435187
824840,4785560254152945
8951304,4802877293855217
34117128,4785285376311537
1644040,4786247181533427
8984072,4803835071562227
34149896,4786243154018547
1840648,4785285377294577
9180680,4802873267323377
3675656,5348097623331057
18355720,5348097891762417
11015688,5365685513359857
19404296,6473993502593265
36181512,5348093595816177
25695752,5365685781791217
178696,4523326462492785
309768,19727103557745
571912,300652056019185
408072,4523322435960945
670216,4804247388422385
801288,300648029487345
1587720,300377179160817
34093576,300373151645937
1595912,300239740207347
34101768,300235712692467
432648,4505734544883825
694792,4786659497345265
825864,283060138410225
8952328,300377178112497
34118152,282785260568817
924168,4786655470813425
1710600,4786384620486897
9050632,4803972510515697
34216456,4786380592972017
1841672,282785261551857
9181704,300373151580657
3676680,845597507588337
5773832,5349197134954737
18356744,845597776019697
6822408,6475092745785585
11016712,863185397617137
19405320,1971493386850545
36182536,845593480073457
13113864,5366785024983537
21502472,6475093014216945
38279688,5349193107439857
25696776,863185666048497
436744,4523326730928177
23595528,8726824108429425
242184,4523326428938355
373256,19727070003315
635400,300652022464755
700936,4803701894021361
1225224,4522235508293745
4370952,13810901148762225
8565256,4557411289399665
832008,300102535086321
1356296,18636149358705
8696328,53811930464625
17084936,300103071957105
33862152,18628095311985
1618440,299561101820145
2667016,862502464262385
4764168,5366102091628785
8958472,334736882926065
17347080,862502732693745
471560,4523322402406515
733704,4804247354867955
864776,300647995932915
1651208,300377145606387
34157064,300373118091507
930312,4803697867489521
4600328,13810897122230385
8794632,4557407262867825
17183240,4803698404360305
33960456,4522223427715185
2765320,5366097796665585
9056776,4838332215329265
17445384,5366098065096945
2896392,862498437730545
4993544,5366098065096945
9187848,334732856394225
34353672,299549021241585
3682824,862227587404017
5779976,5365827214770417
9974280,334462006067697
18362888,862227855835377
6828552,6491722825601265
19411464,1988123466666225
36188680,862223559889137
21508616,6491723094032625
38285832,5365823187255537
42480136,334457978552817
643592,300377144557815
446984,4522227185746035
709128,4803152138207475
840200,299552779272435
34132488,299277901431027
741896,4803972476961015
872968,300373118025975
2707976,863185364062455
4805128,5366784991428855
8999432,335419782726135
17388040,863185632493815
938504,4803148111675635
1724936,4802877261349107
34230792,4802873233834227
1856008,299277902414067
3691016,862090148450547
5788168,5365689775816947
9982472,334324567114227
18371080,862090416881907
6836744,6491585386647795
19419656,1987986027712755
36196872,862086120935667
21516808,6491585655079155
38294024,5365685748302067
42488328,334320539599347
496136,4505734511329395
758280,4786659463790835
889352,283060104855795
9015816,300377144558067
34181640,282785227014387
954888,4786109976412401
1479176,4504643590684785
4624904,13793309231153265
17207816,4786110513283185
33985032,4504635536638065
1741320,4785568543146225
2789896,5348509905588465
17469960,5348510174019825
1872392,281969184211185
2920968,844910546653425
5018120,5348510174019825
34378248,281961130164465
9998856,299286223913457
35164680,281694306369777
6853128,6474134934524145
11047432,862227586355697
19436040,1970535575589105
36213256,844635668812017
13144584,5365827213722097
21533192,6474135202955505
38310408,5348235296178417
25727496,862227854787057
987656,4786655437258995
1774088,4786384586932467
9114120,4803972476961267
34279944,4786380559417587
1905160,282785227997427
9245192,300373118026227
3740168,845597474033907
5837320,5349197101400307
18420232,845597742465267
6885896,6475092712231155
11080200,863185364062707
19468808,1971493353296115
36246024,845593446519027
13177352,5366784991429107
21565960,6475092980662515
38343176,5349193073885427
25760264,863185632494067
3019272,5348505879056625
34476552,4785556462567665
3805704,5348235028730097
18485768,5348235297161457
11145736,5365822918758897
19534344,6474130907992305
36311560,5348231001215217
25825800,5365823187190257
3936776,844635669795057
6033928,5348235297161457
35394056,281686253306097
7082504,6474130907992305
11276808,862223559823857
13373960,5365823187190257
42734088,299274143334897
51909128,844498767773937
23597576,8725793282724081
52957704,1970394378604785
55054856,6473994005971185
59249160,862086657802737
500232,4523326697373747
1483272,4522235776729137
4629000,13810901417197617
8823304,4557411557835057
17211912,4803702699327537
33989128,4522227722682417
23609864,8743316749291635
23659016,8726824074874995
23724552,17732992537464945
23855624,8725793819594865
57147912,8725725100183665
310280,4523326730928177
437256,13530525985669137
373768,4523326697373747
701448,13810901148762225
2274312,13810901148766257
4371464,31825299658244145
16954376,13810901417197617
33731592,13529426440552497
1356808,4522235776729137
4502536,13810901417197617
8696840,4557411557835057
17085448,4803702699327537
33862664,4522227722682417
930824,13810897122230385
1455112,13529426441535537
2503688,13810897122234417
4600840,31825295631712305
955400,13793309231153265
2528264,13793309231157297
4625416,31807707740635185
8819720,13529426440487217
23598088,17732992537464945
500744,13530525952114707
959496,13810901417197617
1483784,13529435031470097
8823816,13564610812576017
17212424,13810901954068497
33989640,13529426977423377
23602184,17750584723509297
23626760,17732996832432177
23725064,35747391046946865
24642568,17732928114004017
31982600,17750516004032817
1226760,4523335019921457
4372488,13812000660389937
8566792,4558510801027377
1357832,19735660986417
8697864,54911442092337
17086472,301202583584817
33863688,19727606939697
4601864,13811996633858097
8796168,4558506774495537
17184776,4804797915988017
33961992,4523322939342897
448520,4523326697373747
1480712,4505743102312497
4626440,13794408742780977
17209352,4787210024910897
33986568,4505735048265777
452616,4558511069462547
501768,4525525720629267
23611400,8744416260919347
23726088,17734092049092657
23857160,8726893331222577
57149448,8726824611811377
765960,4804801388871795
2338824,4804801388875827
17018888,4804801657307187
33796104,4523326680662067
897032,301202029936755
2469896,301202029940787
4567048,4804801657307187
1749000,4803710468227185
2797576,5366651830669425
9089032,4838886249333105
17477640,5366652099100785
3321864,4803710468231217
18001928,4803710736662577
34779144,4522235760017457
10661896,4838886249337137
19050504,5366652099104817
37924872,13810901400485937
25341960,4838886517768497
42119176,4557411541123377
50507784,4803702682615857
1880072,300111109292145
2928648,863052471734385
5025800,5366652099100785
9220104,335286890398065
34385928,300103055245425
3452936,300111109296177
5550088,4803710736662577
6598664,5366652099104817
10792968,335286890402097
35958792,300103055249457
12890120,4838886517768497
38055944,4803702682615857
50638856,300104128987185
995336,4804797362339955
1519624,4523326681645107
2568200,4804797362343987
3026952,5366647804137585
9318408,4838882222801265
34484232,4803698387648625
5648392,13810901401468977
9842696,4557411542106417
18231304,4803702683598897
35008520,4522227706953777
10891272,4838882222805297
36057096,4803698387652657
50737160,4803699461390385
23605256,8743522890944625
512008,4523326680596535
970760,4803702145679475
2543624,4803702145683507
23613448,8743385451991155
1019912,4787209471262835
2592776,4787209471266867
8884232,4523326680596787
2002952,4786118550618225
3051528,5349059913060465
34508808,4786110496571505
3575816,4786118550622257
9867272,4522235759952177
36081672,4786110496575537
13013000,13810901400420657
25595912,4803702682550577
42373128,4522227705905457
50761736,4786111570313265
23629832,8725934999867505
23662600,8726892777574515
57151496,8725793802883185
516104,4558511052685335
2547720,4838886517772307
8839176,4627780285235475
1024008,4804801657307187
1548296,4523335271579667
4694024,13812000912048147
8888328,4558511052685587
17276936,4804802194178067
34054152,4523327217532947
2007048,4803710736662577
3055624,5366652099104817
9347080,4838886517768497
34512904,4803702682615857
5677064,13810909991403537
9871368,4557420132040977
18259976,4803711273533457
35037192,4522236296888337
6725640,14373851353845777
19308552,5366652635975697
13017096,13846085772509457
38182920,13810901937356817
25600008,4838887054639377
42377224,4557412077994257
23633928,8743527185911857
23666696,8744484963618867
31989768,8778569824080177
57155592,8743385988927537
23642120,8743389746958387
23674888,8744416244142135
24657928,8743321028530227
23691272,8726897072541747
24674312,8725806151897137
57180168,8725798097850417
24707080,8726828354113587
32047112,8744416244142387
24772616,17732996816703537
32112648,17750584706732337
24903688,8725798098833457
32243720,8743385988862257
57409544,8725794876624945
58195976,8725729379422257
65536008,8743317269451057
3824,13514102233104657
4326768,68416084859945217
8413552,5049030694404867
21496176,17750520835866897
23069040,17750520835870977
7792,13511971928277297
20080,13529495394844947
36464,13511980518211857
265840,13511972465148177
527984,13793378185511217
1052272,13511911799783697
8392304,13529495394845457
16780912,13793378722382097
33558128,13511903745736977
4330608,67835680159432977
4334704,67853272345477377
4342896,67853134906523907
4392048,67836642232107267
4850800,68398492673900817
5375088,67835551311462657
6423664,68398492673904897
12715120,67853134906524417
37880944,67835543257415937
50594928,13792350950195457
176240,13529435030421777
307312,4522236312551697
405616,13529426977358097
50626672,4785297690788097
50724976,13792488355594497
54788208,14355300870062337
23593072,17732928649826577
4016,13813169127424272
4326832,68417184104186112
11952,13531762870190352
20144,13531694150713617
69296,13518500011180305
134832,31528569193627920
265904,13514170952581392
2100912,13795576941383952
4198064,31809975450861840
16780976,13795577209815312
33558192,13514102233170192
4328624,67838841055084800
4330672,67836779403673872
4334768,67854371589718272
4392112,67838840987975937
4588720,67836779672109312
4850864,68399591918141712
6423728,68399591918145792
12715184,67854234150765312
21103792,68399592186577152
176304,13530534274662672
430256,13512942357053712
434352,13530534543098112
7984,13811038822596912
12080,13846223194685712
20272,13846154475208977
36656,13811047412531472
69424,13813169126375697
1052464,13810978694103312
2101040,14373920056545552
4198192,32388318566023440
16781104,14373920324976912
4327216,68416084658618640
8414000,5049030459523857
19399472,8743321077813552
23069488,17750520332554512
4328752,68417184170246400
4392240,68417184103137537
4850992,69541984498352400
6423856,69541984498356480
21103920,69541984766787840
37881136,68416084860010752
6817072,35764918573601040
19399984,17750520332554512
21497136,35764918842032400
23070000,35764918842036480
8415536,5050129971151617
6818096,17751619575746832
21498160,17751619844178192
23071024,17751619844182272
8417584,5049167864922897
307504,4838895124480272
405808,13846085789286672
430384,13810910007132432
6820144,17750588750041392
21500208,17750589018472752
8479024,5050129937597187
8675632,5049168133358337
8937776,5611980379390737
9462064,5049039016952577
10510640,5611980379394817
25190704,5611980647826177
6824240,17785773122130192
21504304,17785773390561552
23077168,17785773390565632
6832432,17785704402653457
21512496,17785704671084817
23085360,17785704671088897
6848816,17750597339975952
21528880,17750597608407312
23101744,17750597608411392
21758256,17750589555343632
23331120,17750589555347712
7864624,17750528621547792
22544688,17750528889979152
27787568,8778505416348432
55050544,17750520835932432
24117552,17750528889983232
56623408,17750520835936512
24112,13529563845886257
532016,13793446636552560
2104880,13793446636556592
4202032,31807845146034480
16784944,13793446904987952
33562160,13511971928342832
28208,13564748217975057
77360,13531762869141777
142896,31544099794321680
273968,13529701553275152
536112,13811038822596912
1060400,13529572436869392
52784,13529572435820817
544304,13810970103120177
1068592,13529503717392657
1084976,13511997430694160
2133552,13793455226491152
4230704,31807853735969040
16813616,13793455494922512
33590832,13511980518277392
200240,31528569192579345
331312,13514170951532817
2166320,13795576940335377
4263472,31809975449813265
16846384,13795577208766737
33623600,13514102232121617
396848,31526507876712720
658992,31807845146034480
1183280,31526378760306960
4329008,67836642164998416
8523312,31543962355368720
790064,13793446904987952
1314352,13511980519260432
8654384,13529564114322192
17042992,13793447441858832
33820208,13511972465213712
34082352,13793378185576752
3149360,13793386508062992
5246512,31807785017540880
17829424,13793386776494352
34606640,13511911799849232
6295088,32370726379983120
10489392,13810970103124752
18878000,14356328138936592
12586544,31825368612602640
20975152,32370726648414480
25169456,13810970371556112
41946672,13529495394910992
50335280,13793378722447632
4335152,67853272144150800
4589104,67835680226541840
5375536,67835551110136080
6424112,68398492472578320
12715568,67853134705197840
21104176,68398492741009680
4332592,67836779469734160
4336688,67854371655778560
4394032,67838841054036225
4590640,67836779738169600
4852784,68399591984202000
5377072,67836650621763840
6425648,68399591984206080
12717104,67854234216825600
21105712,68399592252637440
406576,31543824983523600
4338736,67853546954948880
4346928,67853272077041937
4396080,67836779402625297
4592688,67835955037339920
37884976,67835680159498512
4400176,67854371588669697
4596784,67853547223384320
37889072,67853272345542912
4408368,67854234149716227
4604976,67853272345477377
4867120,68416084591509777
5391408,67853143229071617
6439984,68416084591513857
21120048,68416084859945217
4654128,67836779671060737
4916272,68399591917093137
5440560,67836650554654977
6489136,68399591917097217
12780592,67854234149716737
21169200,68399592185528577
6947888,69524392312312080
21627952,69524392580743440
38405168,68398492673966352
38929456,67835551311528192
23200816,69524392580747520
39978032,68398492673970432
46269488,67853134906589952
23594032,35747326655992080
309296,4523335320862992
407600,13530525985669392
23595056,17734027658137872
323632,4557420147769617
421936,13564610812576017
241712,13530534273614097
1224752,13529451942904080
2273328,13810909738701072
4370480,31825308248178960
16953392,13810910007132432
33730608,13529435030487312
831536,4803710752391472
4501552,13810910007132432
17084464,4803711289262352
33861680,4522236312617232
929840,13810901417197872
1454128,13529435031470352
17182768,13810901954068752
33959984,13529426977423632
446512,13529435030421777
495664,13512942356005137
1478704,13511860025295120
2527280,13793317821092112
4624432,31807716330570000
23597104,17732996832432432
499760,13530534542049537
958512,13810910007132432
1482800,13529452211339520
2531376,13810910007136512
4628528,31825308516614400
23625776,17733005422366992
23855152,17732997369303312
24641584,17732936703938832
31981616,17750520299000592
57147440,17732928649892112
8413648,5050125895336707
21496272,17751616036798737
23069136,17751616036802817
4328656,67838836961444097
4392144,67838836927889667
4588752,67836775880458497
21103824,68399588394926337
405712,13530522178289937
430288,13512934287212817
434384,13530526473257217
50659536,4788445886087427
50725072,13793583556526337
54788304,14356396070994177
23593168,17734023850758417
4327248,68416080564977937
8414032,5049026399437587
6816592,17750516004032817
19399504,8743317286162737
23069520,17750516540903697
4328784,68417180076605697
4330832,68416217970376977
4359504,68416222265344257
4392272,68417180043051267
21103952,69541980975137025
37881168,68416081068359937
50595152,14372888761139457
19400016,17750516540903697
21497168,35764915050381585
23070032,35764915050385665
8415568,5050125911065347
21498192,17751616052527377
23071056,17751616052531457
176464,13846085772509457
307536,4838887054639377
430416,13810901937291537
50598224,5365826928574737
6820176,17750584706732337
19403088,8743385988862257
23073104,17750585243603217
8479056,5050125894288135
9462096,5049030678676227
6824272,17785769078821137
19407184,8778570360951057
50626896,5365831223542017
21528912,17750589538566417
23101776,17750589538570497
50659664,5366789001249027
6881616,17751615498883347
19464528,8744416781013267
19530064,17750585243603217
21627216,35764983753081105
23200080,35764983753085185
7078224,17750585243603217
21758288,17750586317340945
23331152,17750586317345025
54788432,15498788651204865
22544720,17750520820138257
40370512,17750516524192017
55050576,17750517597929745
24117584,17750520820142337
56623440,17750517597933825
4335184,67853268050510097
4343376,67853130611556627
4359760,67835680159432977
4392528,67836637937139987
6424144,68398488378937617
12715600,67853130611557137
37881424,67835538962448657
50595408,13792346655228177
176720,13529426440487217
307792,4522227722617137
50598480,4785284805886257
434768,13529426977358097
50725456,13792484060627217
51118672,5348097320354097
54788688,14355296575095057
4332624,67836775376093457
4336720,67854367562137857
4344912,67854230123184387
4361296,67836779671060737
4852816,68399587890561297
6425680,68399587890565377
12717136,67854230123184897
37882960,67836638474076417
50596944,13793446166855937
308304,13529426977358097
406608,31543821191872785
4346960,67853268016955667
431184,31526233300795665
4396112,67836775342539027
4592720,67835951245689105
6427728,68398625784336657
12719184,67853268016956177
37885008,67835676367847697
50598992,13792484060627217
435280,31543825486840065
4400208,67854367528583427
4596816,67853543431733505
4858960,68416217970376977
6431824,68416217970381057
37889104,67853268553892097
50603088,13810076246671617
4375632,67853272311922947
4867152,68416080531423507
6440016,68416080531427587
37897296,67853131114938627
50611280,13809938807718147
4424784,67836779637506307
4621392,67835955540656385
4883536,68398630079299857
5407824,67835688716861697
6456400,68398630079303937
12747856,67853272311923457
37913680,67835680662814977
50627664,13792488355594497
4916304,68399587857006867
6489168,68399587857010947
12780624,67854230089630467
37946448,67836638440521987
50660432,13793446133301507
5637200,67835680663798017
38143056,67835677441589505
50725968,31806882570109185
13239376,68416080531424017
21627984,69524388789092625
38405200,68398488882315537
22152272,68398493178265857
14812240,68416080531428097
23200848,69524388789096705
39978064,68398488882319617
46269520,67853131114939137
54658128,68398489956057345
51119184,14355296575095057
52692048,14355296575099137
54789200,32369695084577025
58983504,13809938807718657
23594064,35747322864341265
407632,13530522194018577
432208,13512934302941457
436304,13530526488985857
50661456,4788445901816067
50726992,13793583572254977
54790224,14356396086722817
23595088,17734023866487057
241744,13530525935337747
372816,4523327217467667
700496,13810901400420657
1224784,13529435014693137
16953424,13810901937291537
33730640,13529426960646417
831568,4803702682550577
1355856,4522236296823057
4501584,13810901937291537
1454160,13529426961629457
2502736,13810897642328337
4599888,31825296151806225
17182800,13810898716066065
33960016,13529423739420945
50614352,4802876975153427
2527312,13793309751251217
4624464,31807708260729105
17207376,13793310824988945
33984592,13511835848343825
50663504,4786384300736787
50729040,13792758921756945
52695120,5348234742534417
58986576,4802876975153937
958544,13810901937291537
2531408,13810901937295617
4628560,31825300446773505
17211472,13810903011033345
33988688,13529428034388225
50667600,4803976486781187
50733136,13810351107801345
51126352,5365826928574737
52699216,5365826928578817
23601232,17750585243603217
50643024,4802881270120707
51134544,5365689489621267
52707408,5365689489625347
50692176,4786388595704067
50757712,13792763216724225
51150928,5348239037497617
51675216,4785297675059457
52723792,5348239037501697
59015248,4802881270121217
23625808,17732997352526097
51183696,5349196815204627
52756560,5349196815208707
59048016,4803839047828227
51773520,13792488339865857
23724112,35747391567040785
23855184,17732994131300625
55312464,15481196465160465
59506768,5365689489621777
55836752,14355300854333697
56885328,15481196465164545
61079632,5365689489625857
24641616,17732928634097937
57147472,17732925411889425
4327312,68417179809218832
6816656,17751615248273712
21496720,17751615516705072
4330896,68417317214617872
8414608,14057324898419457
4343184,68452364147753217
4359568,68417321509585152
4392336,68419378798919937
4588944,68417317483053312
5375376,68417184072728832
8415632,5052324666934017
6818192,17753814271529232
21498256,17753814539960592
23071120,17753814539964672
8417680,5050263065854737
176528,13847185016750352
405904,13847180990218512
6820240,17751683950973232
21500304,17751684219404592
8446352,5050267360822017
8675728,5050263334290177
8937872,5613075580322577
9462160,5050129923965697
10510736,5613075580326657
25190800,5613075848758017
434576,13847185285185792
6824336,17786868323062032
21504400,17786868591493392
23077264,17786868591497472
6832528,17786799603585297
21512592,17786799872016657
23085456,17786799872020737
6881680,17753814254752017
21561744,17753814523183377
23134608,17753814523187457
21758352,17751684756275472
23331216,17751684756279552
7864720,17751619528560912
22544784,17751619796992272
27787664,8779600617280272
55050640,17751616036864272
24117648,17751619796996352
56623504,17751616036868352
4329104,67838836760117520
4335248,67854367294750992
4359824,67836779403673872
4392592,67838836693008657
4589200,67836775377142032
5375632,67836641966817552
6424208,68399587623178512
12715664,67854229855798032
21104272,68399587891609872
176784,13530525684728112
406160,13530521658196272
430736,13512933767119152
23593616,17734023330664752
4344976,67856428879053057
4394128,67843234739519745
37883024,67838836961509632
4396176,67838974098407697
5379216,67836779372216592
6427792,68399725028577552
12719248,67854367261197072
21107856,68399725297008912
4351120,67889551633285377
4400272,67856566284452097
4859024,68417317214617872
5383312,67854371558260992
6431888,68417317214621952
21111952,68417317483053312
4408464,67856428845498627
12731536,67889414194332417
4424848,67838978393374977
4883600,68399729323540752
6456464,68399729323544832
12747920,67854371556164352
21136528,68399729591976192
4654224,67838974366843137
4916368,68401786612875537
5440656,67838840956518657
6489232,68401786612879617
12780688,67856428845499137
21169296,68401786881310977
5112976,68399725297008912
5637264,67836779640652032
6685840,68399725297012992
12977296,67854367529632512
38143120,67836775880524032
5899408,68399591886684432
13239440,68417179775664912
7472272,68399591886688512
13763728,67854234119308032
22152336,68399592155119872
14812304,68417179775668992
29492368,68417180044100352
54658192,68399588394991872
178320,13532724707983632
407696,13532720681451792
432272,13515132790374672
436368,13532724976419072
23595152,17736222353920272
192656,13565710040039697
422032,13565706013507857
241808,13532724691206417
700560,13812000644661552
1355920,4523335273677072
8695952,4558511053734672
471184,13532720664674577
929936,13811996618129712
1454224,13530525938483472
17182864,13811997155000592
33960080,13530522178355472
495760,13515132773597457
954512,13794408727052592
8818832,13530525936386832
17207440,13794409263923472
33984656,13512934287278352
23597200,17734092033364272
450704,13565710308475137
499856,13532724959641857
17211536,13812001449967872
33988752,13530526473322752
23658640,17736222337143057
23855248,17734092570235152
24641680,17734027610951952
31981712,17751615499932432
57147536,17734023850823952
4329232,68417179875279120
4392720,68417179808170257
5375760,68416084592558352
6424336,69541980203389200
21104400,69541980471820560
37881616,68416080565043472
23070480,35764914547069200
8416016,5050125676184337
19401488,8744416294474032
23071504,17751615549214992
307984,4838886534545712
430864,13810901417197872
6820624,17750584455074160
21500688,17750584723505520
23073552,17750584723509552
8446736,5049167864922897
8479504,5050125642629907
8676112,5049163838391057
10511120,5611976084427537
25191184,5611976352858897
434960,13846085789286672
19407632,8778569840857392
23077648,17785769095598352
19415824,8778501121380657
23085840,17785700376121617
6849296,17750588750041392
21529360,17750589018472752
6882064,17751615247225137
21562128,17751615515656497
6947600,35764982964556080
19530512,17750584723509552
21627664,35764983232987440
7078672,17750584723509552
19661584,8743386005639472
23331600,17750585260380432
7865104,17750520031613232
22545168,17750520300044592
40370960,17750516004098352
52953872,8743317286228272
56623888,17750516540969232
4853008,69543079715012880
5377296,68417184104186112
6425872,69543079715016960
21105936,69543079983448320
37883152,68417180076671232
6819088,35766013790261520
19402000,17751615549214992
21499152,35766014058692880
23072016,35766014058696960
177424,31860484030333200
308496,13846085789286672
406800,31860480003801360
4363536,68416496874815760
4396304,68417317213569297
4592912,68416492848283920
5379344,68416221997957392
6427920,69542117608788240
21107984,69542117877219600
37885200,68416217970442512
6821136,35764982964556080
19404048,17750584723509552
21501200,35764983232987440
9463056,14056229681758977
41968912,14056225654244097
435472,31860484298768640
6825232,35800167336644880
19408144,17785769095598352
21505296,35800167605076240
23078160,35800167605080320
4867344,69577164541919505
5391632,68451268931092737
6440208,69577164541923585
21120272,69577164810354945
37897488,68451264903577857
6833424,35800098617168145
19416336,17785700376121617
21513488,35800098885599505
23086352,35800098885603585
4424976,68417321508536577
4621584,68416497143251200
4883728,69542121903751440
6456592,69542121903755520
21136656,69542122172186880
37913872,68416222265409792
4654352,68417317482004737
5113104,69542117877219600
5637392,68416222266392832
6685968,69542117877223680
6948112,71793779983520016
21628176,71793780251951376
23201040,71793780251955456
54658320,69541980975202560
19662096,17750585260380432
21759248,35764983769858320
23332112,35764983769862400
52954384,17750516540969232
55051536,35764915050447120
56624400,35764915050451200
8419600,5050263081583377
178448,13847185032478992
407824,13847181005947152
6822160,17751683966701872
21502224,17751684235133232
8448272,5050267376550657
8677648,5050263350018817
8939792,5613075596051217
10512656,5613075596055297
25192720,5613075864486657
436496,13847185300914432
6826256,17786868338790672
21506320,17786868607222032
23079184,17786868607226112
6834448,17786799619313937
21514512,17786799887745297
23087376,17786799887749377
6883600,17753814270480657
21563664,17753814538912017
23136528,17753814538916097
21760272,17751684772004112
23333136,17751684772008192
27789584,8779600633008912
55052560,17751616052592912
56625424,17751616052596992
192784,13916454248251665
8450320,5049442726052625
422160,13916450221719825
8679696,5049438699520785
9466128,5049167849194257
41971984,5049163821679377
241936,13847185015701777
33730832,13846085772574992
1356048,4838895108751632
2404624,5401836471193872
8696080,4909255261946640
33861904,4838887054704912
471312,13847180989169937
1454352,13846085773558032
446736,13846085772509457
19419408,8778569824080177
23089424,17785769078821137
1478928,13810909991403792
2527504,14373851353846032
4624656,32388249863323920
33984784,13810901937357072
19435792,8743527185912112
23105808,17750726440653072
6885648,17751683949924657
21565712,17751684218356017
23204112,35765120655167760
7868688,17750588734312752
22548752,17750589002744112
40374544,17750584706797872
52957456,8743385988927792
56627472,17750585243668752
450832,13916454516687105
8708368,5049442994488065
42000656,5049168116646657
9527568,5050129921868547
42033424,5050125894353667
9724176,5049168117629697
9986320,5611980363662097
6840592,17856137554563345
11034896,6737875974492945
21520656,17856137822994705
25714960,6737876242924305
42492176,5611976336147217
11559184,5611980363666177
26239248,5611980632097537
23093520,17856137822998785
27287824,6737876242928385
44065040,5611976336151297
499984,13847185284137217
19439888,8778711558000912
6889744,17786868322013457
21569808,17786868590444817
23142672,17786868590448897
7872784,17785773106401552
22552848,17785773374832912
40378640,17785769078886672
27795728,8848938568258320
52961552,8778570361016592
24125712,17785773374836992
6865168,17785773105352977
21545232,17785773373784337
23118096,17785773373788417
19480848,8779600616231187
6963472,35800167319867665
19546384,17785769078821137
21643536,35800167588299025
23216400,35800167588303105
7094544,17785769078821137
19677456,8778570360951057
7880976,17785704386924817
22561040,17785704655356177
40386832,17785700359409937
27803920,8848869848781585
52969744,8778501641539857
24133904,17785704655360257
6979856,35765124681699600
19562768,17750726440653072
21659920,35765124950130960
23232784,35765124950135040
7110928,17750726440653072
19693840,8743527722782992
7897360,17750597324247312
22577424,17750597592678672
27820304,8778574119047952
55083280,17750589538631952
24150288,17750597592682752
56656144,17750589538636032
21823760,17751684755226897
23396624,17751684755230977
27853072,8779600616231697
55116048,17751616035815697
56688912,17751616035819777
7209232,35765120655167760
53084432,17750585243668752
55181584,35764983753146640
56754448,35764983753150720
22806800,17750589539614992
40632592,17750585243668752
55312656,17750586317406480
24379664,17750589539619072
56885520,17750586317410560
28836112,8778505400619792
56099088,17750520820203792
57671952,17750520820207872
4337168,67854367360811280
4361744,67836779469734160
4394512,67838836759068945
4591120,67836775443202320
6426128,68399587689238800
12717584,67854229921858320
21106192,68399587957670160
435728,31543824983523600
4367888,67853546954948880
4400656,67854367293702417
4597264,67853542928417040
5383696,67853272078090512
37889552,67853268050575632
4376080,67853272077041937
4408848,67854229854748947
4605456,67853268050510097
6440464,68416080296546577
21120528,68416080564977937
4425232,67836779402625297
4621840,67835955037339920
37914128,67835680159498512
4654608,67836775376093457
6489616,68399587622129937
12781072,67854229854749457
21169680,68399587890561297
5637648,67835680160481552
7472656,68398492406518032
13764112,67853134639137552
22152720,68398492674949392
23201296,69524388285780240
39978512,68398488379003152
46269968,67853130611622672
309776,4523326730928432
436752,13530525985669392
324112,4557411557835057
242192,13530525683679537
700944,13810901148762480
2273808,13810901148766512
4370960,31825299658244400
16953872,13810901417197872
33731088,13529426440552752
1356304,4522235776729392
4502032,13810901417197872
17084944,4803702699327792
33862160,4522227722682672
471568,13530521657147697
930320,13810897122230640
1454608,13529426441535792
2503184,13810897122234672
4600336,31825295631712560
446992,13529426440487217
496144,13512933766070577
954896,13793309231153520
2527760,13793309231157552
4624912,31807707740635440
23597584,17732992537465200
451088,13564610812576017
958992,13810901417197872
1483280,13529435031470352
17211920,13810901954068752
33989136,13529426977423632
23601680,17750584723509552
23609872,17750516004032817
23626256,17732996832432432
23659024,17734023329616177
23724560,35747391046947120
24642064,17732928114004272
179216,31544924226715920
310288,13530525985669392
408592,31544920200184080
4340752,67854642171609360
4348944,67854367293702417
433168,31527332309106960
4365328,67837054280532240
4594704,67837050254000400
5381136,67836779403673872
37886992,67836775376158992
437264,31544924495151360
4369424,67854646466576640
4598800,67854642440044800
5385232,67854371589718272
37891088,67854367562203392
4377616,67854371588669697
4606992,67854367562137857
4869136,68417179808170257
6442000,68417179808174337
21122064,68417180076605697
4623376,67837054548967680
37915664,67836779671126272
5442576,67838840987975937
37948432,67838836960461057
5639184,67836779672109312
5901328,68399591918141712
6949904,69525487528972560
21629968,69525487797403920
38407184,68399587890626832
7474192,68399591918145792
13765648,67854234150765312
22154256,68399592186577152
23202832,69525487797408000
39980048,68399587890630912
46271504,67854230123250432
23596048,35748421872652560
193552,31579009053622545
324624,13564610812576017
422928,31579005027090705
4355088,67888726998515985
701456,31825299658244400
1225744,31543833272516880
4371472,67854096677208336
832528,13810901417197872
1356816,13529435031470352
17085456,13810901954068752
33862672,13529426977423632
930832,31825295631712560
4600848,67854092650676496
17183760,31825296168583440
33960976,31543821191938320
6435856,68416492579852560
21115920,68416492848283920
4412432,67854367260147987
6444048,68416217701945617
21124112,68416217970376977
955408,31807707740635440
1479696,31526241354907920
4625424,67836504759599376
8819728,31543824949969680
17208336,31807708277506320
33985552,31526233300861200
5411856,67835963326333200
6460432,68398904688775440
12751888,67853546921394960
21140496,68398904957206800
6493200,68399725027528977
12784656,67854367260148497
21173264,68399725295960337
6689808,68398900662243600
12981264,67853542894863120
38147088,67835951245754640
7476240,68398629811917072
13767696,67853272044536592
22156304,68398630080348432
23204880,69524525691179280
39982096,68398625784402192
46273552,67853268017021712
23598096,35747391046947120
451600,31579009322057985
4383760,67888731293483265
4613136,67888727266951425
5399568,67888456416624897
37905424,67888452389110017
1483792,31543833540952320
4629520,67854096945643776
17212432,31825300463550720
33989648,31543825486905600
4891664,68416496874815760
5415952,67853555512377600
6464528,68416496874819840
21144592,68416497143251200
4924432,68417317213569297
6497296,68417317213573377
21177360,68417317482004737
5121040,68416492848283920
6693904,68416492848288000
38151184,67853543431799040
5907472,68416221997957392
6956048,69542117608788240
21636112,69542117877219600
38413328,68416217970442512
7480336,68416221997961472
22160400,68416222266392832
23208976,69542117877223680
39986192,68416217970446592
4441104,67854371555115267
4899856,68416221996908817
5424144,67853280634470657
6472720,68416221996912897
21152784,68416222265344257
4670480,67854367528583427
4932624,68417179774615827
6505488,68417179774619907
21185552,68417180043051267
5129232,68416217970376977
6702096,68416217970381057
38159376,67853268553892097
13779984,67888318977671937
46285840,67888314950157057
54674448,68416081068359937
4949008,68399729322492177
5473296,67836787960054017
6521872,68399729322496257
12813328,67854371555115777
21201936,68399729590927617
5145616,68398904957206800
5669904,67835963594768640
6718480,68398904957210880
13009936,67853547189830400
38175760,67835955540721920
6980624,69524529717711120
21660688,69524529986142480
38437904,68398630079365392
38962192,67835688716927232
23233552,69524529986146560
40010768,68398630079369472
46302224,67853272311988992
5178384,68399725295960337
6751248,68399725295964417
13042704,67854367528583937
38208528,67836775879475457
13304848,68417179774616337
14877712,68417179774620417
29557776,68417180043051777
54723600,68399588393943297
6161424,68398630080348432
7210000,69524525691179280
7734288,68398630080352512
14025744,67853272312972032
39191568,67835680663863552
14287888,68416084559004432
15336464,69541980169835280
23725072,71776188065911056
30016528,69541980438266640
46793744,68416080531489552
55182352,69524388789158160
15860752,68416084559008512
30540816,68416084827439872
55706640,68398493178331392
31589392,69541980438270720
48366608,68416080531493632
56755216,69524388789162240
23856144,35747391583818000
31982608,35764914513515280
57148432,35747322864406800
194576,13565710055768337
423952,13565706029236497
243728,13532724706935057
702480,13812000660390192
1226768,13530534274662672
8697872,4558511069463312
473104,13532720680403217
931856,13811996633858352
17184784,13811997170729232
33962000,13530522194084112
497680,13515132789326097
956432,13794408742781232
1480720,13512942357053712
8820752,13530525952115472
17209360,13794409279652112
33986576,13512934303006992
23599120,17734092049092912
452624,13565710324203777
501776,13532724975370497
1484816,13530534543098112
17213456,13812001465696512
33990672,13530526489051392
23660560,17736222352871697
23857168,17734092585963792
31983632,17751615515661072
57149456,17734023866552592
389136,4558511052685587
2289680,13846085504078097
4386832,31860484013555985
16969744,13846085772509457
33746960,13564610795864337
847888,4838886517768497
1372176,4557420132040977
4517904,13846085772509457
8712208,4627780285235985
17100816,4838887054639377
33878032,4557412077994257
1470480,13564610796847377
2519056,13846081477546257
4616208,31860479987024145
765968,13812000643612977
1290256,13530534257885457
8761360,4558511052686097
34254864,13810901400486192
3321872,13810909722972432
5419024,31825308232450320
18001936,13810909991403792
34779152,13529435014758672
6467600,32388249594892560
19050512,14373851353846032
21147664,32388249863323920
50507792,13810901937357072
1880080,4803710736662832
2928656,5366652099105072
34385936,4803702682616112
5550096,13810909991403792
18133008,4803711273533712
34910224,4522236296888592
6598672,14373851353846032
10792976,4838886517773072
19181584,5366652635975952
38055952,13810901937357072
995344,13811996617081137
17248272,13811997153952017
34025488,13530522177306897
1978384,13810901401469232
18231312,13810901938340112
35008528,13529426961694992
6696976,32388245568360720
36057104,13810897642393872
38154256,31825296151871760
50737168,13810898716131600
512016,13530525935337747
970768,13810901400420657
1495056,13529435014693137
17223696,13810901937291537
34000912,13529426960646417
23613456,17750584706732337
1019920,13794408726004017
1544208,13512942340276497
8884240,13530525935338257
17272848,13794409262874897
34050064,13512934286229777
3575824,13793317805363472
5672976,31807716314841360
6721552,32370657677283600
10915856,13810901400425232
36081680,13793309751316752
13013008,31825299909903120
38178832,31807708260794640
50761744,13793310825054480
23662608,17734092032315697
24645648,17732996816703792
974864,13846085772509457
2547728,13846085772513537
4644880,31860484281991425
23617552,17785769078821137
1548304,13530534526320897
17276944,13812001448919297
34054160,13530526472274177
2007056,13810909991403792
3055632,14373851353846032
5152784,32388249863323920
34512912,13810901937357072
3579920,13810909991407872
5677072,31825308500885760
6725648,32388249863328000
36085776,13810901937361152
38182928,31825300446839040
50765840,13810903011098880
23633936,17750726440653072
23732240,35765120655167760
57155600,17750585243668752
23674896,17751615498883347
23871504,17750585243603217
57163792,17750516524192017
23756816,35747532764090640
24674320,17733005406638352
32014352,17750589001700112
57180176,17732997352591632
23920656,17734092569186577
32047120,17751615498883857
57212944,17734023849775377
32112656,35764983216214800
57278480,35747391567106320
24903696,17732997353574672
57409552,17732994131366160
33030160,17750520283271952
58195984,17732928634163472
7904,4506971697840177
20192,4524495164407827
36576,4506980287774737
69344,4511301024874515
134880,13514170952581137
265952,4506972234711057
528096,4788377955074097
4198112,13795577209815057
16781024,4788378491944977
33558240,4506903515299857
50596064,284850604015617
307424,19736197857297
430304,4505743639183377
434400,4523335825227777
50626784,282797576093697
50659552,284850570461187
51642592,282660139237377
20320,4838955488903187
69472,4805970140069907
528224,5366721070235697
4198240,14373920324976657
16781152,5366721607106577
8414048,545431100588307
50594656,862094207549457
6816608,8743321077813297
23069536,8743321614684177
8414560,5049030727958787
50595168,5365693834919937
6817120,17750520332554257
19400032,8743321614684177
8415584,546530612216067
50596192,863193719177217
19401056,4240821498941457
21498208,8744421126307857
23071072,8744421126311937
8417632,545568505987347
176480,4838895124480017
405856,4838887071416337
430432,4803711289262097
50598240,862231612948497
19403104,4239790673236017
21500256,8743390300602417
8544608,5049168133357827
8937824,1108381020455187
9462112,545439658017027
10510688,1108381020459267
12607840,5611980647825667
41967968,545431603970307
19407200,4274975045324817
21504352,8778574672691217
23077216,8778574672695297
6832480,8778505416347667
19431776,4239799263170577
21528928,8743398890536977
23101792,8743398890541057
50659680,863193685622787
19464544,4240821465387027
21561696,8744421092753427
23134560,8744421092757507
50725216,5365831240318977
21627232,17750589555343377
23200096,17750589555347457
51642720,862102764978177
58982752,897278546084097
20447584,4239730544742417
22544736,8743330172108817
27787616,4274906325848337
29884768,8778505953214737
24117600,8743330172112897
31457632,8778505953218817
15968,4522502298533937
24160,4522364859580467
1056352,4504781264519217
4202080,13793446904987697
16784992,4786248187117617
33562208,4504773210472497
28256,4557549231669267
44640,4522510888468497
77408,4524563882835987
142944,13529701553274897
274016,4522502835404817
52832,4522373449515027
85600,4524495163359255
151136,13529564114321427
282208,4522365396451347
544352,4803771116814387
1068640,4522304731086867
4214368,13810970371555347
8408672,4557480512192787
16797280,4803771653685267
33574496,4522296677040147
560736,4786256240181297
4230752,13793455494922257
16813664,4786256777052177
33590880,4504781800407057
2166368,4788377954029587
8457824,4524495163359507
659040,13793446904987697
1183328,13511980519260177
16911968,13793447441858577
33689184,13511972465213457
790112,4786248187117617
1314400,4504781801390097
4460128,13793447441858577
1576544,4786187521753137
2625120,5349128884195377
34082400,4786179467706417
5246560,13793386776494097
17829472,4786188058624017
34606688,4504713081978897
6295136,14356328138936337
18878048,5349129421066257
37752416,13793378722447377
50602592,299281693081617
50610784,299144254128147
50659936,282651579711507
50725472,4785289134407697
51642976,281560659066897
52691552,844502021509137
54788704,5348101648875537
50599008,4785289134407697
50603104,4802881320452097
50611296,4802743881498627
50660448,4786251207081987
51119200,5348101648875537
51643488,4785160286437377
52692064,5348101648879617
178272,4523335320862737
407648,4523327267799057
50600032,282789018664977
50604128,300381204709377
50612320,300243765755907
50727008,4786388646035457
51120224,845601533132817
51644512,282660170694657
52693088,845601533136897
54790240,5349201160503297
23595104,8726828940267537
241760,4523335287308307
700512,4803710752391217
4370528,13810910007132177
8564832,4557420147769617
16953440,4803711289262097
33730656,4522236312616977
1355872,18653866098705
2404448,300111661895697
4501600,4803711289262097
17084512,300112735633425
33861728,18637758988305
471136,4523327234244627
929888,4803702699327537
1454176,4522236313600017
4599904,13810901954068497
8794208,4557412094705937
50614368,299281659527187
1478752,4504661307424785
2527328,4786119103221777
8818784,4522236312551697
17207392,4786120176959505
33984608,4504645200314385
50630752,281972941324305
50663520,282788985110547
51646560,281698064465937
52695136,844639426908177
54792288,5348239054274577
23597152,8725798114562097
958560,4803711289262097
1482848,4522253493469185
2531424,4803711289266177
17211488,4803712363003905
33988704,4522237386358785
50634848,299565127368705
50667616,300381171154947
51126368,862231612948497
51650656,299290250510337
52699232,862231612952577
54796384,5365831240318977
58990688,334466031616257
50741344,4802881286897667
51134560,862094173995027
51658848,299152811556867
52707424,862094173999107
54804576,5365693801365507
58998880,334328592662787
23609440,8743321581129747
50757728,4785572568694785
51675232,281715244335105
59015264,299290249462017
23625824,8725806704496657
50790496,4786388612481027
51183712,845601499578387
51708000,282660137140227
52756576,845601499582467
54853728,5349201126948867
23658592,8726828906713107
51249248,5348239054274577
51773536,4785297691836417
52822112,5348239054278657
23724128,17732997369303057
52166752,844510578933777
53739616,844510578937857
55836768,5348110206304257
24641632,8725737986068497
8096,4806038592159792
12192,4841222964248592
20384,4841154244771857
36768,4806047182094352
135072,13813237846900752
2101152,5368919826108432
8392608,4841154244772112
16781216,5368920094539792
6816672,8744420322054192
19399584,4240820963119152
21496736,8744420590485552
6817184,17751619576795152
21497248,17751619845226512
23070112,17751619845230592
8415648,548729368084737
6818208,8746619345309712
19401120,4243019986374672
21498272,8746619613741072
23071136,8746619613745152
176544,4839994368720912
307616,336395009785872
8446368,546676340162817
8479136,548729334530307
9462176,546538903306497
434592,4839994637156352
7864736,8744428880531472
20447648,4240829521596432
22544800,8744429148962832
24117664,8744429148966912
24224,4524563615449137
73376,4511369475915825
532128,4788446406115440
2104992,4788446406119472
8396448,4524563615449392
16785056,4788446674550832
33562272,4506971697905712
28320,4559747987537937
274080,4524701322838032
536224,4806038592159792
4206240,13813237846900752
8400544,4559747987538192
52896,4524572205383697
85664,4528892942483475
151200,13531762870190097
544416,4805969872683057
4214432,13813169127424017
8408736,4559679268061457
102048,4511378065850385
2133664,4788454996054032
8425120,4524572205383952
16813728,4788455264485392
33590944,4506980287840272
200352,13518568730656785
593568,4792775733149745
4263584,13799974987890705
2231968,13795645660860432
4329120,31810044170338320
8523424,13531762870190352
16912032,13795645929291792
33689248,13514170952646672
790176,4788446674550832
4460192,13795645929291792
17043104,4788447211421712
33820320,4506972234776592
8916640,4805969872683312
34082464,4788377955139632
18878112,5351327908499472
12586656,13813169127424272
37752480,13795577209880592
50335392,4788378492010512
406176,4523326731976752
434848,4523335321911312
23593632,8726828404445232
308384,4523335321911312
406688,13530525986717712
23594144,17734027659186192
407712,4525525755232272
23595168,8729027427700752
192672,4558519392010257
323744,54920033075217
241824,4525534043176977
372896,21934684241937
700576,4804809996632112
1224864,4523352201887760
4370592,13812009251373072
8564896,4558519392010512
831648,301210637697072
1355936,19752842952720
8695968,54920033075472
17084576,301211174567952
33861792,19736197922832
1454240,4523335290454032
495776,4507942125568017
954528,4787218079023152
1478816,4505760284278800
4624544,13794417333764112
17207456,4787218615894032
33984672,4505743639248912
450720,4558519660445697
499872,4525534311612417
1482912,4523352470323200
4628640,13812009519808512
8822944,4558519660445952
17211552,4804810801938432
33988768,4523335825293312
24641696,8726836962922512
24352,4839023939944497
73504,4806038591111217
270112,4803977275244592
532256,5366789521277040
1056544,4803848158838832
2105120,5366789521281072
8396576,4839023939944752
16785184,5366789789712432
77600,4841222963200017
274208,4839161647333392
1060640,4839032530927632
2109216,5401973893369872
16789280,5401974161801232
53024,4839032529879057
151328,13846223194685457
1068832,4838963811450897
2117408,5401905173893137
16797472,5401905442324497
102176,4806047181045777
298784,4803985865179152
2133792,5366798111215632
8425248,4839032529879312
16813856,5366798379646992
200480,13813237845852177
1117984,4805978462617617
2166560,5368919825059857
8458016,4841154243723537
16846624,5368920093491217
397088,13811176529985552
1183520,13811047413579792
2232096,14373988776022032
4329248,32388387285499920
8523552,13846223194685712
16912160,14373989044453392
790304,5366789789712432
4460320,14373989044453392
17043232,5366790326583312
2625312,6492620708646960
17305376,6492620977078320
34082592,5366721070301232
3149600,5366729392787472
9441056,4838963811451152
17829664,5366729661218832
6295328,15499819963387920
10489632,5401905173893392
20975392,15499820231819280
37752608,14373920325042192
25169696,5401905442324752
50335520,5366721607172112
19400480,8743321144922160
23070496,17750520399663120
6818592,8744420388114480
19401504,4240821029179440
21498656,8744420656545840
6820640,8743389528854640
19403552,4239790169919600
21500704,8743389797286000
23073568,8743389797290032
8479520,546530343780627
8545056,5049167898476817
8676128,545568539541777
9462560,545439423136017
10511136,1108380785578257
12608288,5611980412944657
25191200,1108381054009617
23077664,8778574169378832
23085856,8778505449902097
23102240,8743398387224592
6882080,8744420321005617
19464992,4240820962070577
21562144,8744420589436977
19530528,8743389797290032
23200544,17750589052030992
7078688,8743389797290032
23331616,8743390334160912
40370976,8743321077878832
24118048,8743329668796432
31458080,8778505449902352
56623904,8743321614749712
6819104,17751619642855440
21499168,17751619911286800
23072032,17751619911290880
8418592,5049167898476817
19404064,8743389797290032
23074080,17750589052030992
8480032,5050129971151107
8676640,5049168166912257
8938784,5611980412944657
9463072,5049039050506497
10511648,5611980412948737
25191712,5611980681380097
19408160,8778574169378832
19416352,8778505449902097
19432736,8743398387224592
6882592,17751619575746577
21562656,17751619844177937
23135520,17751619844182017
6948128,35764987293077520
19531040,17750589052030992
21628192,35764987561508880
23201056,35764987561512960
7079200,17750589052030992
19662112,8743390334160912
20448544,8743329668796432
40371488,17750520332619792
27788576,8778505449902352
52954400,8743321614749712
8419616,546667782734097
407840,4839986079727632
432416,4804810297573392
6822176,8744489040482352
19405088,4240889681547312
21502240,8744489308913712
8546592,5050267410104577
8677664,546668051169537
8939808,1109480297201937
9464096,546538934763777
10512672,1109480297206017
12609824,5613079924572417
25192736,1109480565637377
6826272,8779673412571152
19409184,4276074053636112
21506336,8779673681002512
23079200,8779673681006592
6834464,8779604693094417
19417376,4276005334159377
21514528,8779604961525777
23087392,8779604961529857
6850848,8744497630416912
19433760,4240898271481872
21530912,8744497898848272
23103776,8744497898852352
6883616,8746619344261137
19466528,4243019985326097
21563680,8746619612692497
23136544,8746619612696577
6949152,17751688295223312
21629216,17751688563654672
23202080,17751688563658752
19663136,4240890218418192
21760288,8744489845784592
23333152,8744489845788672
7866656,8744428911988752
20449568,4240829553053712
22546720,8744429180420112
15206688,8779604693094672
27789600,4276005334159632
52955424,4240821499006992
29886752,8779604961526032
55052576,8744421126373392
24119584,8744429180424192
31459616,8779604961530112
56625440,8744421126377472
192800,4909263600222225
323872,405664241287185
8450336,545851705393425
8483104,546667749179667
9466144,545576828535057
10514720,1108518190977297
12611872,5612117818343697
25194784,1108518459408657
241952,4839994367672337
373024,336395008737297
1224992,4838912036962320
8565024,4909263600222480
33730848,4838895124545552
1356064,335312678027280
8696096,405664241287440
1454368,4838895125528592
2502944,5401836487970832
33960224,4838887071481872
23081248,8778711574777872
446752,4838895124480017
6836512,8778573867388977
19419424,4274974508453937
21516576,8778574135820337
2527520,5366660705816592
8818976,4838895124480272
33984800,4803711289327632
23105824,8743535792623632
19534112,8743527202689072
23204128,17750726457430032
7082272,8743527202689072
23335200,8743527739559952
7868704,8743398086283312
20451616,4239798727348272
22548768,8743398354714672
15208736,8778573867389232
27791648,4274974508454192
52957472,4239790673301552
29888800,8778574135820592
55054624,8743390300667952
450848,4909263868657665
8577312,5049451332763905
8708384,545851973828865
9494816,545594008404225
42000672,545577095987457
8610080,5050267376550147
8741152,546668017615107
9003296,1109480263647507
9527584,546538901209347
10576160,1109480263651587
12673312,5613079891017987
25256224,1109480532082947
9068832,5612117818343697
9593120,5049176455905537
10641696,5612117818347777
25321760,5612118086779137
9199904,1108518459408657
9724192,545577096970497
10772768,1108518459412737
12869920,5612118086779137
42230048,545569042923777
9986336,1108389343002897
11559200,1108389343006977
13656352,5611988970373377
26239264,1108389611438337
58745120,1108381557391617
500000,4839994636107777
1483040,4838912305397760
8823072,4909263868657920
19538208,8778711574777872
7086368,8778711574777872
7872800,8778582458372112
20455712,4274983099437072
22552864,8778582726803472
52961568,4274975045390352
55058720,8778574672756752
24125728,8778582726807552
56631584,8778574672760832
6865184,8778582457323537
19448096,4274983098388497
21545248,8778582725754897
23118112,8778582725758977
6897952,8779604659539987
19480864,4276005300604947
21578016,8779604927971347
23150880,8779604927975427
6963488,17785773122129937
21643552,17785773390561297
23216416,17785773390565377
19677472,4274975045324817
21774624,8778574672691217
23347488,8778574672695297
7880992,8778513738895377
20463904,4274914379960337
22561056,8778514007326737
52969760,4274906325913617
55066912,8778505953280017
24133920,8778514007330817
56639776,8778505953284097
19562784,8743535792623632
7110944,8743535792623632
15237408,8778582457323792
27820320,4274983098388752
52986144,4239799263236112
29917472,8778582725755152
55083296,8743398890602512
31490336,8778582725759232
56656160,8743398890606592
7209248,17750726457430032
19792160,8743527739559952
7995680,17750597341024272
22675744,17750597609455632
15335712,17785773122130192
30015776,17785773390561552
55181600,17750589555408912
24248608,17750597609459712
31588640,17785773390565632
56754464,17750589555412992
20709664,4239799264219152
22806816,8743398891585552
28049696,4274975045325072
30146848,8778574672691472
24379680,8743398891589632
31719712,8778574672695552
16253216,8778513738895632
28836128,4274914379960592
54001952,4239730544807952
30933280,8778514007326992
56099104,8743330172174352
61341984,4274906325913872
63439136,8778505953280272
32506144,8778514007331072
57671968,8743330172178432
65012000,8778505953284352
278048,4522777176440880
540192,4803977006809200
2113056,4803977006813232
16793120,4803977275244592
33570336,4522502298599472
286240,4522502298533937
1072672,4522373182128177
4218400,13811038822596657
8412704,4557548963234097
597536,4788446405066865
2170400,4788446405070897
8461856,4524563614400817
16850464,4788446673502257
33627680,4506971696857137
794144,4786385089200240
2367008,4786385089204272
8658464,4522502298534192
1580576,4786255972794480
2629152,5349197335236720
17309216,5349197603668080
3153440,4786255972798512
9444896,4522373182128432
17833504,4786256241229872
34610720,4504781264584752
18882080,5349197603672112
12590624,13811038822596912
37756448,13793446905053232
50339360,4786248187183152
290336,4557686670622737
552480,4839023939944497
1076768,4557557554216977
4222496,13846223194685457
306720,4522785766375440
1093152,4522527800950800
2141728,4803985596747792
16821792,4803985865179152
33599008,4522510888534032
339488,4524701321789457
601632,4806038591111217
1125920,4524572205383697
4271648,13813237845852177
8465952,4559747986489617
405024,13529976431181840
2240032,13811176261554192
4337184,31825574771032080
16920096,13811176529985552
33697312,13529701553340432
798240,4803977275244592
1322528,4522510889517072
4468256,13811176529985552
8662560,4557686670622992
17051168,4803977812115472
33828384,4522502835470352
1584672,4803848158838832
2633248,5366789521281072
8924704,4839023939944752
17313312,5366789789712432
5254688,13811047413579792
9448992,4557557554217232
6303264,14373988776022032
12594720,13846223194685712
20983328,14373989044453392
314912,4522510888468497
577056,4803848157790257
4247072,13811047412531217
8441376,4557557553168657
347680,4524563882835987
2182688,4805969871638547
16862752,4805970140069907
33639968,4524495163424787
413216,13529701553274897
675360,13811038822596657
1199648,13529572436869137
8539680,13564748217975057
1592864,4803779439362097
2641440,5366720801804337
8932896,4838955220468017
17321504,5366721070235697
5262880,13810978694103057
9457184,4557488834740497
6311456,14373920056545297
12602912,13846154475208977
20991520,14373920324976657
1150496,4506997199208465
2199072,4788454995005457
8490528,4524572204335377
16879136,4788455263436817
33656352,4506980286791697
1347104,4504935883341840
2395680,4786393679138832
8687136,4522510888468752
1609248,4786273152663600
8949280,4803848157790512
34115104,4786256240246832
5279264,13793472407404560
18910752,5349206193606672
12619296,13811047412531472
37785120,13793455494987792
50368032,4786256777117712
2297376,13795645659811857
4394528,31810044169289745
8588832,13531762869141777
16977440,13795645928243217
33754656,13514170951598097
855584,4788446673502257
1379872,4506980287774737
4525600,13795645928243217
17108512,4788447210373137
33885728,4506972233728017
8982048,4805969871634737
34147872,4788377954091057
3214880,4788386276577297
9506336,4524503485907217
17894944,4788386545008657
34672160,4506911568363537
18943520,5351327907450897
12652064,13813169126375697
37817888,13795577208832017
50400800,4788378490961937
2493984,13793584343945232
4591136,31807982853423120
8785440,13529701553275152
9047584,13811038822596912
34213408,13793446905053232
3280416,13793455227539472
5377568,31807853737017360
9571872,13529572436869392
17960480,13793455495970832
34737696,13511980519325712
6426144,32370795099459600
19009056,14356396858413072
21106208,32370795367890960
50466336,13793447441924112
1838624,4786256241229872
2887200,5349197603672112
34344480,4786248187183152
5508640,13793455495970832
18091552,4786256778100752
34868768,4504781801455632
6557216,14356396858413072
19140128,5349198140542992
38014496,13793447441924112
9965088,4803779439362352
35130912,4786187521818672
11013664,5366720801804592
19402272,6475028791038000
36179488,5349128884260912
25693728,5366721070235952
19926560,5349137475178512
13635104,13810978694103312
38800928,13793386776559632
51383840,4786188058689552
14683680,14373920056545552
23072288,15482228045778960
39849504,14356328139001872
52432416,5349129421131792
29363744,14373920324976912
408096,4523326798037040
436768,4523335387971600
23595552,8726828470505520
471584,4523326730928177
930336,4803702196011120
2503200,4803702196015152
23597600,8725797611245680
500256,4523335320862737
1483296,4522252990152720
2531872,4803710785949712
23601696,8743389797290032
23609888,8743321077813297
23659040,8726828403396657
31982112,8743321077813552
310304,4523335387971600
408608,13530526052778000
23596064,17734027725246480
373792,4523335320862737
1356832,4522252990152720
2405408,4803710785949712
472096,13530525985669137
2503712,13810901450756112
4600864,31825299960234000
23602208,17750589052030992
23610400,17750520332554257
23659552,17734027658137617
23725088,35747395375468560
31982624,17750520332554512
423968,4558511103016977
1226784,4523352233345040
2275360,4804810029142032
16955424,4804810297573392
33732640,4523335320928272
1357856,19752874410000
2406432,301210670206992
4503584,4804810297573392
473120,4525525754183697
931872,4804801707638832
1456160,4523335321911312
4601888,13812000962379792
8796192,4558511103017232
17184800,4804802244509712
33962016,4523327267864592
448544,4523335320862737
1480736,4505760315736080
2529312,4787218111533072
8820768,4523335320862992
23599136,8726897122873392
960544,4804810297573392
1484832,4523352501780480
2533408,4804810297577472
23627808,8726905712807952
23660576,8729027426652177
23726112,17734096377614352
23857184,8726897659744272
24643616,8726836994379792
57149472,8726828940333072
1241120,4557437060251665
2289696,4838894856048657
8581152,4627788623511825
16969760,4838895124480017
33746976,4557420147834897
1372192,53837701316625
2420768,335295497113617
4517920,4838895124480017
8712224,124189264576785
487456,4558511069462547
946208,4838886534545457
1470496,4557420148817937
4616224,13846085789286417
17199136,4838887071416337
33976352,4557412094771217
765984,4804809995583537
4436000,13812009250324497
8630304,4558519390961937
897056,301210636648497
8761376,54920032026897
17149984,301211173519377
33927200,19736196874257
1749024,4803727664873520
34254880,4803710752456752
5419040,13810926919614480
9613344,4557437060251920
10661920,4838894856048912
19050528,5366660705816592
37924896,13810910007197712
25341984,4838895124480272
42119200,4557420147835152
50507808,4803711289327632
1880096,300128305938480
9744416,53837701316880
18133024,300128842809360
34910240,18653866164240
6598688,5366660705816592
10792992,335295497113872
35958816,300111661961232
12890144,4838895124480272
38055968,4803711289327632
50638880,300112735698960
1978400,4803710753439792
3026976,5366652115882032
9318432,4838886534545712
34484256,4803702699393072
5648416,13810910008180752
9842720,4557420148818192
18231328,4803711290310672
35008544,4522236313665552
6696992,14373851370622992
19279904,5366652652752912
12988448,13846085789286672
38154272,13810901954134032
25571360,4838887071416592
42348576,4557412094771472
23605280,8743527202689072
512032,4523335287308307
970784,4803710752391217
4640800,13810910007132177
8835104,4557420147769617
17223712,4803711289262097
34000928,4522236312616977
1019936,4787218077974577
4689952,13794417332715537
17272864,4787218614845457
34050080,4505743638200337
2002976,4786135747264560
9343008,4803710752391472
5672992,13793335002005520
18255904,4786136284135440
35033120,4504661307490320
36081696,4786119103287312
13013024,13810910007132432
25595936,4803711289262352
42373152,4522236312617232
50761760,4786120177025040
24645664,8725806168674352
57151520,8725798114627632
974880,4838895124480017
1499168,4557437328687105
2547744,4838895124484097
8839200,4627788891947265
4694048,13812009518759937
8888352,4558519659397377
17276960,4804810800889857
34054176,4523335824244737
3055648,5366660705816592
9347104,4838895124480272
34512928,4803711289327632
5677088,13810927188049920
9871392,4557437328687360
18260000,4803728470179840
35037216,4522253493534720
10919968,4838895124484352
36085792,4803711289331712
50765856,4803712363069440
23633952,8743535792623632
23732256,17750726457430032
23863328,8743527739559952
57180192,8725806704562192
24772640,17733005423415312
57278496,17732997369368592
24903712,8725806705545232
58196000,8725737986134032
19399616,4240817171468337
21496768,8744416798834737
21497280,17751616053575697
23070144,17751616053579777
8415680,548725307998467
50596288,865388414959617
19401152,4243016194723857
21498304,8746615822090257
23071168,8746615822094337
8417728,546663706919187
307648,336386939944977
405952,4839982272348177
50598336,863326813880337
19403200,4240885874167857
21500352,8744485501534257
8446400,546668001886467
8479168,548725291221255
8544704,5050263334289667
8937920,1109476221387027
9462208,546530565030147
10510784,1109476221391107
12607936,5613075848757507
41968064,546526804902147
434624,4839986567315457
19407296,4276070246256657
21504448,8779669873623057
23077312,8779669873627137
6832576,8779600617279507
50627008,863331108847617
6881728,8746615268446227
50725312,5366926441250817
21627328,17751684756275217
23200192,17751684756279297
51642816,863193671991297
58982848,898373747015937
20447680,4240821451755537
22544832,8744421079121937
27787712,4276001526780177
29884864,8779601154146577
24117696,8744421079126017
31457728,8779601154150657
50596544,284846309048337
307904,19727607922737
406208,4523322940325937
430784,4505735049248817
50598592,282784691191857
50660032,284846275493907
51118784,845597205659697
23593664,8726824612794417
50597056,4788445936418817
406720,13530522195066897
431296,13512934303989777
435392,13530526490034177
50660544,4788445902864387
50726080,13793583573303297
54789312,14356396087771137
23594176,17734023867535377
309440,21926631178257
407744,4525521963581457
432320,4507934072504337
50600128,284983714447377
436416,4525526258548737
50604224,302575900491777
50612416,302438461538307
50628800,284988009414657
50661568,289244322004995
50727104,4788583341817857
51120320,847796228915217
51644608,284850572558337
52693184,847796228919297
54790336,5351395856285697
23595200,8729023636049937
192704,4558511053733907
241856,4525525704900627
1224896,4523335273676817
831680,301202567856177
8696000,54911963234577
929984,4804797900259377
1454272,4523327220613137
4600000,13811997155000337
8794304,4558507295637777
446656,4523327218515987
50614464,300376860459027
954560,4787210009182257
4624576,13794409263923217
51646656,282788971479057
52695232,845734627840017
54792384,5349334255206417
23597248,8726893315493937
4628672,13812001449967617
8822976,4558511590605057
51126464,863326813880337
51650752,300381157523457
52699328,863326813884417
54796480,5366926441250817
58990784,335561232548097
50643136,300381155426307
50675904,302438444761095
50741440,4803976487829507
51134656,863189374926867
51658944,300243718569987
52707520,863189374930947
54804672,5366789002297347
58998976,335423793594627
23609536,8744416782061587
51151040,845738922803217
52723904,845738922807297
54821056,5349338550173697
59048128,302438444761347
51249344,5349334255206417
51773632,4786388598849537
52822208,5349334255210497
23724224,17734092570234897
52166848,845601485946897
53739712,845601485950977
55836864,5349201113317377
24641728,8726828893081617
8415040,5049026432991507
50595648,5365689539952657
8416064,546526317248787
50596672,863189424209937
6818624,8744416294473777
23071552,8744416831344657
176960,4838886534545457
430912,4803702699327537
19403584,4239786378268785
21500736,8743386005635185
23073600,8743386005639217
8446784,545568505987347
8545088,5049163838390547
10511168,1108376725491987
12608320,5611976352858387
41968448,545427309003027
435008,4838887071416337
6824768,8778569840857137
23077696,8778570377728017
50627392,862231612948497
19432256,4239790673236017
21529408,8743390300602417
50660160,863189390655507
6882112,8744416260919347
23135040,8744416797790227
50725696,5365826945351697
6947648,17750584723509297
19530560,8743386005639217
23200576,17750585260380177
7078720,8743386005639217
19661632,4239787452010545
21758784,8743387079376945
51118912,1987989785870385
58983232,897274251116817
20448064,4239721954807857
22545216,8743321582174257
15205184,8778501121380657
40371008,8743317286228017
52953920,4239718732599345
55051072,8743318359965745
31458112,8778501658251537
8416576,5050125944619267
50597184,5366789051580417
6819136,17751615549214737
19402048,8744416831344657
8418624,5049163838390547
177472,13846085789286417
308544,4838887071416337
431424,13810901954068497
50599232,5365826945351697
6821184,17750584723509297
19404096,8743386005639217
23074112,17750585260380177
8447296,5049168133357827
8938816,5611976352858387
10511680,5611976352862467
41968960,5049026936373507
6825280,17785769095598097
19408192,8778570377728017
50627904,5365831240318977
21529920,17750589555343377
23102784,17750589555347457
50660672,5366789018025987
6882624,17751615515660307
19465536,8744416797790227
19531072,17750585260380177
21628224,35764983769858065
23201088,35764983769862145
7079232,17750585260380177
21759296,17750586334117905
23332160,17750586334121985
54789440,15498788667981825
58983744,5400873878487297
22545728,17750520836915217
15205696,17785700376121617
40371520,17750516540968977
27788608,8778501658251537
55051584,17750517614706705
24118592,17750520836919297
56624448,17750517614710785
8419648,546663722647827
309568,336386955673617
407872,4839982288076817
50600256,863326829608977
19405120,4240885889896497
21502272,8744485517262897
8448320,546668017615107
8481088,548725306949895
8546624,5050263350018307
8939840,1109476237115667
10512704,1109476237119747
12609856,5613075864486147
41969984,546526820630787
436544,4839986583044097
19409216,4276070261985297
21506368,8779669889351697
23079232,8779669889355777
6834496,8779600633008147
50628928,863331124576257
6883648,8746615284174867
50727232,5366926456979457
21629248,17751684772003857
23202112,17751684772007937
58984768,898373762744577
27789632,4276001542508817
29886784,8779601169875217
31459648,8779601169879297
192832,4909255261945875
8450368,545843367117075
8483136,546663705870615
8548672,5049438699520275
9466176,545568490258707
241984,4839986029395987
1225024,4838895108751377
2273600,5401836471193617
33730880,4838887054704657
8696128,405656171446545
33861952,335288501075985
1454400,4838887055687697
8794432,4909251503849745
33960256,4838883833479185
495936,4804802194178067
1478976,4803711273533457
2527552,5366652635975697
8819008,4838887054639377
17207616,5366653709713425
50630976,862506474078225
6852928,8743527185911857
23105856,8743527722782737
6885696,8744484963618867
23138624,8744485500489747
50729280,5366101806481425
51646784,862231597219857
23335232,8743524501557265
52695360,1988127208050705
54792512,6491726835417105
20451648,4239790657507377
22548800,8743390284873777
15208768,8778569824080177
40374592,8743385988927537
52957504,4239787435298865
55054656,8743387062665265
31461696,8778570360951057
8511808,546668000837895
8577344,5049442994487555
8610112,5050263333241095
9003328,1109476220338455
10576192,1109476220342535
12673344,5613075847708935
42033472,546526803853575
9593152,5049168117629187
9986368,1108381004726547
6840640,8848938568257555
11034944,2234276615557395
13132096,6737876242923795
11559232,1108381004730627
13656384,5611980632097027
43016512,545431588241667
14704960,6737876242927875
8823104,4909255798817025
33988928,4838888128446465
6857024,8778711558000657
6889792,8779669335707667
20455744,4274975029596177
22552896,8778574656962577
40378688,8778570361016337
27795776,4345339477758225
52961600,4274971807387665
29892928,8848939105124625
55058752,8778571434754065
24125760,8778574656966657
31465792,8848939105128705
56631616,8778571434758145
6865216,8778574119047187
6897984,8779600616230935
7881024,8778505400619027
15221056,8848869848781075
19497280,4240890168086547
21594432,8744489795452947
23167296,8744489795457027
50757952,5366106101448705
6979904,17750726440652817
19562816,8743527722782737
7110976,8743527722782737
19693888,4239929169154065
21791040,8743528796520465
51151168,1988131503013905
23363904,8743528796524545
52724032,1988131503017985
54821184,6491731130384385
20480320,4239799247441937
22577472,8743398874808337
27820352,4274975028547857
29917504,8778574655914257
24150336,8743398874812417
31490368,8778574655918337
7012672,17751684218359827
19595584,8744485500489747
7143744,8744485500489747
19726656,4240886946861075
21823808,8744486574227475
51183936,1989089280720915
51708224,863193669894147
23396672,8744486574231555
52756800,1989089280724995
54853952,6492688908091395
20513088,4240821449658387
22610240,8744421077024787
15270208,8779600616231187
40436032,8744416781078547
53018944,4240818227449875
55116096,8744417854816275
24183104,8744421077028867
56688960,8744417854820355
19792192,8743524501557265
51249472,6491726835417105
51773760,5365831224590337
52822336,6491726835421185
22675776,17750589539614737
15335744,17785769078821137
40501568,17750585243668497
27918656,8778570360951057
55181632,17750586317406225
24248640,17750589539618817
56754496,17750586317410305
15466816,8778570360951057
28049728,4274971807322385
53215552,4239789582782481
30146880,8778571434688785
55312704,8743389210148881
59507008,2023174141182225
60031296,897278530355457
31719744,8778571434692865
56885568,8743389210152961
61079872,2023174141186305
63177024,6526773768552705
28836160,4274906310119697
30933312,8778505937486097
48759104,8778501641539857
61342016,4274903087911185
63439168,8778502715277585
32506176,8778505937490177
65012032,8778502715281665
50603584,4802877025484817
50611776,4802739586531347
50628160,4785289134407697
50660928,4786246912114707
52692544,5348097353912337
178752,4523326730928177
436800,4523327267799057
50604608,300376909742097
50612800,300239470788627
50629184,282789018664977
50727488,4786384351068177
52693568,845597238169617
54790720,5349196865536017
242240,4523326697373747
1225280,4522235776729137
4371008,13810901417197617
8565312,4557411557835057
16953920,4803702699327537
33731136,4522227722682417
832064,300103071957105
2404928,300103071961137
4502080,4803702699327537
17084992,300104145698865
33862208,18629169053745
930368,4803698404360305
1454656,4522227723665457
2503232,4803698404364337
17183296,4803699478102065
33960512,4522224501456945
50606656,299552242466865
954944,4786110513283185
2527808,4786110513287217
8819264,4522227722617137
17207872,4786111587024945
33985088,4504636610379825
50631232,281964351389745
50729536,4785559683792945
51647040,281689474531377
58987072,299277364560177
23597632,8725793819594865
500288,4523327234244627
959040,4803702699327537
1483328,4522236313600017
4629056,13810901954068497
8823360,4557412094705937
50668096,300376876187667
52699712,862227317985297
54796864,5365826945351697
58991168,334461736648977
23601728,8743386005639217
50643520,299281659527187
50741824,4802876991930387
52707904,862089879031827
54805056,5365689506398227
58999360,334324297695507
50692672,282788985110547
51675712,281698064465937
52724288,844639426908177
54821440,5348239054274577
23626304,8725798114562097
50790976,4786384317513747
52757056,845597204615187
54854208,5349196831981587
52822592,5348234759311377
52167232,844501988999217
23855680,8725794893336625
53215808,1970397599830065
55312960,6473997227196465
59507264,862089879028017
24642112,8725729396133937
31982144,8743317286162737
57147968,8725726173925425
179264,13530525985669137
310336,4523327267799057
50601024,4786384351068177
50605120,4803976537112577
50613312,4803839098159107
50629696,4786388646035457
51121216,5349196865536017
52694080,5349196865540097
242752,13530525952114707
373824,4523327234244627
701504,13810901417197617
1225792,13529435031470097
8565824,13564610812576017
16954432,13810901954068497
33731648,13529426977423377
832576,4803702699327537
1356864,4522236313600017
4502592,13810901954068497
8696896,4557412094705937
1455168,13529426978406417
2503744,13810897659105297
4600896,31825296168583185
17183808,13810898732843025
33961024,13529423756197905
50615360,4802876991930387
2528320,13793309768028177
4625472,31807708277506065
8819776,13529426977358097
17208384,13793310841765905
33985600,13511835865120785
50664512,4786384317513747
50730048,13792758938533905
52696128,5348234759311377
959552,13810901954068497
2532416,13810901954072577
4629568,31825300463550465
17212480,13810903027810305
33989696,13529428051165185
50668608,4803976503558147
50734144,13810351124578305
51127360,5365826945351697
52700224,5365826945355777
58991680,4838061364019457
23602240,17750585260380177
50644032,4802881286897667
51135552,5365689506398227
52708416,5365689506402307
58999872,4837923925065987
50693184,4786388612481027
50758720,13792763233501185
51151936,5348239054274577
51676224,4785297691836417
52724800,5348239054278657
23626816,17732997369303057
51184704,5349196831981587
52757568,5349196831985667
51774528,13792488356642817
59114560,13810076246671617
23725120,35747391583817745
23856192,17732994148077585
55313472,15481196481937425
55837760,14355300871110657
56886336,15481196481941505
63177792,14372888761139457
24642624,17732928650874897
31982656,17750516540903697
57148480,17732925428666385
194624,4558511069462547
243776,4525525720629267
833600,301202583584817
1357888,19736197857297
8697920,54911978963217
931904,4804797915988017
4601920,13811997170728977
8796224,4558507311366417
448576,4523327234244627
50616384,300376876187667
956480,4787210024910897
1480768,4505743639183377
4626496,13794409279651857
52697152,845734643568657
54794304,5349334270935057
23599168,8726893331222577
1484864,4523335825227777
4630592,13812001465696257
8824896,4558511606333697
51128384,863326829608977
52701248,863326829613057
54798400,5366926456979457
58992704,335561248276737
50645056,300381171154947
50677824,302438460489735
50743360,4803976503558147
51136576,863189390655507
52709440,863189390659587
54806592,5366789018025987
59000896,335423809323267
23611456,8744416797790227
51152960,845738938531857
51677248,282797576093697
52725824,845738938535937
54822976,5349338565902337
51710016,284850570461187
59050048,302438460489987
51251264,5349334270935057
52824128,5349334270939137
23726144,17734092585963537
258112,4558511052685335
2289728,4838886517772307
8581184,4627780285235475
766016,4804801657307187
1290304,4523335271579667
4436032,13812000912048147
8630336,4558511052685587
17018944,4804802194178067
33796160,4523327217532947
2469952,301202566811667
4567104,4804802194178067
17150016,301203640549395
33927232,19728663904275
1749056,4803710736662577
2797632,5366652099104817
9089088,4838886517768497
34254912,4803702682615857
5419072,13810909991403537
9613376,4557420132040977
18001984,4803711273533457
34779200,4522236296888337
6467648,14373851353845777
19050560,5366652635975697
12759104,13846085772509457
37924928,13810901937356817
25342016,4838887054639377
42119232,4557412077994257
34385984,300104128987185
3452992,300111646167057
5550144,4803711273533457
18133056,300112719904785
34910272,18637743259665
6598720,5366652635975697
10793024,335287427272977
19181632,863054082347025
12890176,4838887054639377
21278784,5366653709713425
25473088,335288501010705
42250304,53813524365585
50638912,300106276470801
1519680,4523327218515987
2568256,4804797899214867
17248320,4804798972952595
34025536,4523323996307475
50671680,300651737317395
1978432,4803702683598897
34484288,4803699461390385
5648448,13810901938339857
9842752,4557412078977297
10891328,4838882759676177
19279936,5366649414750225
38154304,13810898716131345
25571392,4838883833413905
42348608,4557408856768785
50737216,4803701608874001
52703296,862502179115025
54800448,5366101806481425
58994752,334736597778705
512064,4523327217467415
2543680,4803702682554387
17223744,4803703756292115
34000960,4522228779646995
50647104,299556520656915
50679872,300376859410455
50745408,4803151853060115
51662912,299281643798547
2592832,4787210008137747
8884288,4523327217467667
17272896,4787211081875475
34050112,4505736105230355
50696256,283063846240275
9343040,4803702682550577
34508864,4786111570313265
3575872,4786119087493137
9867328,4522236296823057
18255936,4786120161230865
35033152,4504645184585745
19304512,5349061523673105
13013056,13810901937291537
38178880,13793310825054225
50761792,4786113717796881
51679296,281972925595665
52727872,844914288037905
54825024,5348513915404305
50794560,4786659178643475
51712064,282788969381907
59052096,300376859410707
52826176,5348509620441105
53743680,844639411179537
55840832,5348239038545937
56889408,6474134649376785
61083712,862227301208337
63180864,5365826928574737
24645696,8725798098833457
31985728,8743385988862257
57151552,8725794876624945
1024064,4804802194178067
2596928,4804802194182147
17276992,4804803267919875
34054208,4523328291274755
50700352,300656032284675
2007104,4803711273533457
3055680,5366652635975697
9347136,4838887054639377
17735744,5366653709713425
3579968,4803711273537537
18260032,4803712347275265
35037248,4522237370630145
10920000,4838887054643457
19308608,5366653709717505
38182976,13810903011098625
25600064,4838888128381185
42377280,4557413151736065
50765888,4803705903841281
51159104,862506474078225
51683392,299565111640065
52731968,862506474082305
54829120,5366106101448705
59023424,334740892745985
23633984,8743527722782737
50798656,4804251364687875
51716160,300381155426307
23666752,8744485500489747
51257408,5366101806481425
52830272,5366101806485505
59121728,4838336225149185
52174912,862231597219857
23863360,8743524501557265
53223488,1988127208050705
55320640,6491726835417105
53747776,862231597223937
55844928,5365831224590337
60039232,334466015887617
56893504,6491726835421185
31989824,8778570360951057
50708544,300381154377735
50774080,4803156148027395
23642176,8743390283829267
50806848,4803976486780935
51200064,863189373878295
52772928,863189373882375
54870080,5366789001248775
59064384,335423792546055
23674944,8744416781013015
51789888,4802881271169027
52183104,862094158266387
23871552,8743387062603795
53231680,1987989769097235
55328832,6491589396463635
53755968,862094158270467
55853120,5365693785636867
60047424,334328576934147
56901696,6491589396467715
24657984,8743321565401107
57163840,8743318343192595
50823232,4786663473610755
59080768,300381154377987
23691328,8726897609412627
51281984,5348513915404305
51806272,4785572552966145
52854848,5348513915408385
23887936,8725936610480145
53248064,1970539316973585
55345216,6474138944339985
59539520,862231596171537
60063808,299290233733377
56918080,6474138944344065
61112384,862231596175617
63209536,5365831223542017
24674368,8725806688768017
51839040,4786388596752387
59179072,4803976486781187
52232256,845601483849747
23920704,8726894388187155
53280832,1971497094680595
55377984,6475096722046995
59572288,863189373878547
53805120,845601483853827
55902272,5349201111220227
56950848,6475096722051075
61145152,863189373882627
63242304,5366789001249027
24707136,8726828890984467
32047168,8744416781013267
57212992,8726825668775955
52297792,5348239038545937
53346368,6474134649376785
59637824,5365826928574737
53870656,5348239038550017
61210688,5365826928578817
24772672,17732997353574417
32112704,17750585243603217
57278528,17732994131365905
57409600,8725797024108561
19400576,8744416295522352
23070592,17751615550263312
8416128,548725073117457
23071616,8746615318777872
8418176,546663455260977
177024,4839985778786352
308096,336386419851312
406400,4839981752254512
8479616,548725039563027
8938368,1109475969728817
6824832,8779669085098032
19407744,4276069726162992
21504896,8779669353529392
6833024,8779600365621297
19415936,4276001006686257
21513088,8779600634052657
6882176,8746615016788017
19465088,4243015657852977
21562240,8746615285219377
6947712,17751683967750192
21627776,17751684236181552
19661696,4240885890945072
21758848,8744485518311472
7865216,8744420290596912
20448128,4240820931661872
22545280,8744420559028272
15205248,8779600365621552
27788160,4276001006686512
52953984,4240817171533872
29885312,8779600634052912
55051136,8744416798900272
8416640,5052324700487937
19402112,8746615318777872
177536,13847185033527312
406912,13847181006995472
6821248,17751683967750192
21501312,17751684236181552
8480128,5052324666933507
8545664,14057462337372417
12608896,14620274851840257
435584,13847185301962752
6825344,17786868339838992
21505408,17786868608270352
23078272,17786868608274432
6833536,17786799620362257
21513600,17786799888793617
23086464,17786799888797697
6882688,17753814271528977
21562752,17753814539960337
23135616,17753814539964417
21759360,17751684773052432
23332224,17751684773056512
7865728,17751619545337872
22545792,17751619813769232
15205760,17786799620362512
29885824,17786799888793872
55051648,17751616053641232
24118656,17751619813773312
31458688,17786799888797952
56624512,17751616053645312
8419712,548862478516497
178560,4842184802041872
309632,338585443106832
407936,4842180775510032
6822272,8746683736264752
19405184,4243084377329712
21502336,8746684004696112
8448384,548866773483777
8481152,553123086074115
8546688,5052462105886977
8677760,548862746951937
8939904,1111674992984337
9464192,548729336627457
10512768,1111674992988417
12609920,5615274620354817
25192832,1111675261419777
436608,4842185070477312
6826368,8781868108353552
19409280,4278268749418512
21506432,8781868376784912
23079296,8781868376788992
6834560,8781799388876817
19417472,4278200029941777
21514624,8781799657308177
23087488,8781799657312257
6949248,17753882991005712
21629312,17753883259437072
23202176,17753883259441152
19663232,4243084914200592
21760384,8746684541566992
23333248,8746684541571072
7866752,8746619313852432
20449664,4243019954917392
22546816,8746619582283792
15206784,8781799388877072
27789696,4278200029942032
52955520,4243016194789392
29886848,8781799657308432
55052672,8746615822155792
24119680,8746619582287872
31459712,8781799657312512
56625536,8746615822159872
9466240,546667735548177
10514816,1109613391909137
12611968,5613213019275537
25194880,1109613660340497
242048,4842184785264657
373120,338585426329617
2273664,5402935715434512
16953728,5402935983865872
2404736,899336356499472
4501888,5402935983865872
33862016,336386940010512
471424,4842180758732817
1454464,4839986032541712
2503040,5402931688902672
33960320,4839982272413712
23081344,8779806775709712
6836608,8779669068320817
19419520,4276069709385777
21516672,8779669336752177
954752,5367751611777072
1479040,4804810250387472
4624768,14374950866518032
17207680,5367752148647952
6852992,8744626430152752
19435904,4241027071217712
21533056,8744626698584112
6885760,8746683719487537
19468672,4243084360552497
21565824,8746683987918897
19534208,8744622403620912
23204224,17751821658361872
7082368,8744622403620912
23335296,8744622940491792
7868800,8744488993296432
20451712,4240889634361392
22548864,8744489261727792
15208832,8779669068321072
27791744,4276069709386032
52957568,4240885874233392
29888896,8779669336752432
55054720,8744485501599792
8970624,1109617686872337
10543488,1109617686876417
12640640,5613217314242817
25223552,1109617955307777
42033536,548725291286787
9068928,5613213019275537
9593216,5050267362918657
10641792,5613213019279617
25321856,5613213287710977
9200000,1109613660340497
9724288,546668003983617
10772864,1109613660344577
12870016,5613213287710977
42230144,546664243855617
9986432,1109480250016017
11559296,1109480250020097
13656448,5613079877386497
26239360,1109480518451457
58745216,1109476758323457
500096,4842185053700097
958848,5402935983865872
2531712,5402935983869952
33988992,4839986567380992
6857088,8779810802241552
19440000,4276211443306512
21537152,8779811070672912
23110016,8779811070676992
6889856,8781868091576337
19472768,4278268732641297
21569920,8781868360007697
23142784,8781868360011777
19538304,8779806775709712
7086464,8779806775709712
7872896,8779673365385232
20455808,4276074006450192
22552960,8779673633816592
52961664,4276070246322192
55058816,8779669873688592
24125824,8779673633820672
56631680,8779669873692672
6963584,17786868323061777
21643648,17786868591493137
23216512,17786868591497217
19677568,4276070246256657
21774720,8779669873623057
23347584,8779669873627137
7881088,8779604645908497
20464000,4276005286973457
22561152,8779604914339857
52969856,4276001526845457
55067008,8779601154211857
24134016,8779604914343937
56639872,8779601154215937
6979968,17751825684893712
21660032,17751825953325072
23232896,17751825953329152
19693952,4241027608088592
21791104,8744627235454992
23363968,8744627235459072
7897472,8744497583230992
20480384,4240898224295952
22577536,8744497851662352
24150400,8744497851666432
7012736,17753882974228497
21692800,17753883242659857
23265664,17753883242663937
19726720,4243084897423377
21823872,8746684524789777
23396736,8746684524793857
7930240,8746619297075217
20513152,4243019938140177
22610304,8746619565506577
15270272,8781799372099857
27853184,4278200013164817
53019008,4243016178012177
29950336,8781799640531217
55116160,8746615805378577
24183168,8746619565510657
31523200,8781799640535297
56689024,8746615805382657
7209344,17751821658361872
19792256,8744622940491792
7995776,17751688248037392
22675840,17751688516468752
15335808,17786868323062032
30015872,17786868591493392
55181696,17751684756340752
24248704,17751688516472832
31588736,17786868591497472
56754560,17751684756344832
20709760,4240890171232272
22806912,8744489798598672
28049792,4276070246256912
30146944,8779669873623312
24379776,8744489798602752
31719808,8779669873627392
16253312,8779604645908752
28836224,4276005286973712
54002048,4240821451821072
30933376,8779604914340112
56099200,8744421079187472
61342080,4276001526845712
63439232,8779601154212112
32506240,8779604914344192
57672064,8744421079191552
65012096,8779601154216192
308864,4523326731976752
435840,13530525986717712
436864,4525525755232272
193152,4558510802075697
324224,54911443140657
422528,4558506775543857
242304,4525525453242417
373376,21926094307377
4371072,13812000661438512
8565376,4558510802075952
8696448,54911443140912
17085056,301202584633392
33862272,19727607988272
471680,4525521426710577
1454720,4523326700519472
4600448,13811996634906672
8794752,4558506775544112
17183360,4804797917036592
33960576,4523322940391472
496256,4507933535633457
4625024,13794408743829552
17207936,4787210025959472
33985152,4505735049314352
1483392,4523335290454032
23659136,8729023099179057
23724672,17734092050141232
23855744,8726893332271152
24642176,8726828372987952
57148032,8726824612859952
310400,4525525755232272
193664,13565710056816657
423040,13565706030284817
242816,13532724707983377
701568,13812000661438512
8565888,13565710056816912
1356928,4523335290454032
472192,13532720681451537
930944,13811996634906672
1455232,13530525955260432
8795264,13565706030285072
17183872,13811997171777552
33961088,13530522195132432
496768,13515132790374417
955520,13794408743829552
17208448,13794409280700432
33985664,13512934304055312
23598208,17734092050141232
451712,13565710325252097
500864,13532724976418817
8823936,13565710325252352
17212544,13812001466744832
33989760,13530526490099712
23659648,17736222353920017
23856256,17734092587012112
24642688,17734027627728912
57148544,17734023867600912
194688,4560709825331217
325760,57110466396177
424064,4560705798799377
702592,4807000429953072
4372608,13814199684694032
8566912,4560709825331472
833664,303401071018032
8697984,57110466396432
17086592,303401607888912
33863808,21926631243792
931968,4806996403421232
1456256,4525525723774992
4601984,13814195658162192
8796288,4560705798799632
17184896,4806996940292112
33962112,4525521963646992
956544,4789408512344112
4626560,13796607767085072
17209472,4789409049214992
33986688,4507934072569872
23599232,8729091818655792
452736,4560710093766657
4630656,13814199953129472
8824960,4560710093766912
17213568,4807001235259392
33990784,4525526258614272
23726208,17736291073396752
23857280,8729092355526672
24643712,8729027396243472
57149568,8729023636115472
716928,4839985762009137
4386944,13847185016750097
848000,336386403074097
17100928,336386939944977
33878144,54911963299857
946304,4839981735477297
1470592,4558511055831057
4616320,13847180990218257
17199232,4839982272348177
33976448,4558507295703057
766080,4807000413175857
4436096,13814199667916817
8630400,4560709808554257
897152,303401054240817
8761472,57110449619217
17150080,303401591111697
33927296,21926614466577
2797696,5367751343345712
9089152,4839985762009392
17477760,5367751611777072
3321984,4804809981956112
18002048,4804810250387472
34779264,4523335273742352
6467712,14374950598086672
12759168,13847185016750352
21147776,14374950866518032
2928768,864151984410672
5025920,5367751611777072
9220224,336386403074352
34386048,301202567921712
3453056,301210623021072
5550208,4804810250387472
19181696,864152521281552
21278848,5367752148647952
25473152,336386939945232
42250368,54911963300112
995456,4806996386644017
1519744,4525525706997777
4665472,13814195641384977
8859776,4560705782022417
17248384,4806996923514897
34025600,4525521946869777
1978496,4804801660452912
3027072,5367747316813872
9318528,4839981735477552
34484352,4804797900324912
5648512,13812000915193872
9842816,4558511055831312
18231424,4804802197323792
35008640,4523327220678672
6697088,14374946571554832
19280000,5367747853684752
12988544,13847180990218512
38154368,13811997155065872
25571456,4839982272348432
42348672,4558507295703312
23605376,8744622403620912
512128,4525525704900627
1495168,4523335273676817
1020032,4789408495566897
4690048,13796607750307857
17272960,4789409032437777
34050176,4507934055792657
3051648,5350159425736752
34508928,4787210009247792
3575936,4787218064347152
9867392,4523335273677072
6721664,14357358680477712
19304576,5350159962607632
38178944,13794409263988752
23629952,8727034512543792
23662720,8729091801878577
24645760,8726897075687472
57151616,8726893315559472
4644992,13847185285185537
17227904,4839986567315457
34005120,4558511590670337
4694144,13814199936352257
8888448,4560710076989697
17277056,4807001218482177
34054272,4525526241837057
2007168,4804810250387472
5152896,14374950866518032
17735808,5367752148647952
3580032,4804810250391552
6725760,14374950866522112
19308672,5367752148652032
13017216,13847185285185792
38183040,13812001450033152
25600128,4839986567315712
42377344,4558511590670592
23732352,17751821658361872
23863424,8744622940491792
23675008,8746615268446227
23756928,17734233767284752
23888000,8727035049414672
24674432,8726905665622032
23789696,17736291056619537
23920768,8729092338749457
24707200,8729027379466257
57213056,8729023619338257
24772736,17734096330428432
57278592,17734092570300432
24903808,8726897612558352
58196096,8726828893147152
19402496,8744416361582640
23072512,17751615616323600
19404544,8743385502322800
8447744,5049167898476817
8480512,5050125676183827
8677120,5049163871944977
10512128,5611976117981457
25192192,5611976386412817
19433216,8743389797290032
23103232,17750589052030992
19465984,8744416294473777
23136000,17751615549214737
23201536,35764983266545680
20449024,8743321078861872
24119040,17750520333602832
432896,4804801707638832
6822656,8744484745515120
19405568,4240885386580080
21502720,8744485013946480
23075584,8744485013950512
8448768,546667782734097
8547072,5050263115137297
8678144,546663756202257
10513152,1109476002238737
12610304,5613075629605137
25193216,1109476270670097
436992,4839986079727632
23079680,8779669386039312
23087872,8779600666562577
6851328,8744489040482352
19434240,4240889681547312
21531392,8744489308913712
23137024,8746615317729297
19532544,8744485013950512
23202560,17751684268691472
7080704,8744485013950512
23333632,8744485550821392
7867136,8744420322054192
20450048,4240820963119152
22547200,8744420590485552
40372992,8744416294539312
31460096,8779600666562832
56625920,8744416831410192
193280,4909255010287665
324352,405655651352625
8450816,545843115458865
422656,4909250983755825
8549120,5049438447862065
8680192,545839088927025
9466624,545568238600497
41972480,545564211085617
242432,4839985777737777
373504,336386418802737
8565504,4909255010287920
33731328,4838886534610992
8696576,405655651352880
471808,4839981751205937
1454848,4838886535594032
8794880,4909250983756080
447232,4838886534545457
6836992,8778569572421745
19419904,4274970213486705
21517056,8778569840853105
23089920,8778569840857137
955136,5366652115878000
1479424,4803710753439792
2528000,5366652115882032
8819456,4838886534545712
33985280,4803702699393072
6853376,8743526934253680
19436288,4239927575318640
21533440,8743527202685040
23106304,8743527202689072
19534592,8743522907721840
7082752,8743522907721840
15209216,8778569572422000
27792128,4274970213486960
52957952,4239786378334320
29889280,8778569840853360
55055104,8743386005700720
31462144,8778569840857392
56627968,8743386005704752
8512256,546667749179667
9495296,545576828535057
10543872,1108518190977297
12641024,5612117818343697
25223936,1108518459408657
8610560,5050263081582867
8741632,546663722647827
10576640,1109475968684307
12673792,5613075596050707
25256704,1109476237115667
10642176,5612113523380497
25322240,5612113791811857
10773248,1108514164445457
12870400,5612113791811857
42230528,545564747956497
9986816,1108380753068337
6841088,8848938316599345
11035392,2234276363899185
19424000,4345338957664305
13132544,6737875991265585
21521152,8848938585030705
25715456,2234276632330545
42492672,1108376725553457
58745600,1108377262424337
1483520,4838895125528592
2532096,5401836487970832
33989376,4838887071481872
23110400,8778711574777872
6890240,8779669084049457
19473152,4276069725114417
21570304,8779669352480817
7873280,8778573868437552
20456192,4274974509502512
22553344,8778574136868912
15213312,8848938316599600
40379136,8778569840922672
27796224,4345338957664560
29893376,8848938585030960
56632064,8778570377793552
6865664,8778573867388977
19448576,4274974508453937
21545728,8778574135820337
23151360,8779600633008147
19546880,8778569840857137
23216896,17785769095598097
7095040,8778569840857137
23347968,8778570377728017
7881472,8778505148960817
20464384,4274905790025777
22561536,8778505417392177
15221504,8848869597122865
40387328,8778501121445937
27804416,4345270238187825
29901568,8848869865554225
56640256,8778501658316817
19563264,8743527202689072
23233280,17750726457430032
7111424,8743527202689072
23364352,8743527739559952
7897856,8743398086283312
20480768,4239798727348272
22577920,8743398354714672
15237888,8778573867389232
27820800,4274974508454192
52986624,4239790673301552
29917952,8778574135820592
55083776,8743390300667952
7013120,17751683966701617
21693184,17751684235132977
19727104,4240885889896497
21824256,8744485517262897
15270656,8779600364572977
27853568,4276001005637937
53019392,4240817170485297
29950720,8779600633004337
55116544,8744416797851697
7996160,17750588751089712
22676224,17750589019521072
40502016,17750584723574832
27919104,8778569840857392
53084928,8743386005704752
31589120,17785769095598352
56754944,17750585260445712
20710144,4239790674284592
22807296,8743390301650992
15467264,8778569840857392
40633088,8743386005704752
53216000,4239787452076080
55313152,8743387079442480
31720192,8778570377728272
16253696,8778505148961072
28836608,4274905790026032
54002432,4239721954873392
30933760,8778505417392432
56099584,8743321582239792
48759552,8778501121446192
65012480,8778501658317072
8420608,5050263115137297
310528,4839986079727632
433408,13812000962379792
19406080,8744485013950512
23076096,17751684268691472
8449280,5050267410104577
8678656,5050263383572737
8940800,5613075629605137
10513664,5613075629609217
25193728,5613075898040577
19410176,8779669386039312
19418368,8779600666562577
6851840,17751688295223312
21531904,17751688563654672
23104768,17751688563658752
19467520,8746615317729297
6950144,35766082509738000
19533056,17751684268691472
21630208,35766082778169360
23203072,35766082778173440
7081216,17751684268691472
19664128,8744485550821392
7867648,17751619576795152
22547712,17751619845226512
40373504,17751615549280272
27790592,8779600666562832
52956416,8744416831410192
24120576,17751619845230592
193792,13916454265028625
8484096,5050263081582867
423168,13916450238496785
8549632,14056637702603025
10515712,5612113523380497
25195776,5612113791811857
242944,13847185032478737
8566016,13916454265028880
33731840,13846085789351952
1357056,4838895125528592
2405632,5401836487970832
33862912,4838887071481872
472320,13847181005946897
1455360,13846085790334992
8795392,13916450238497040
447744,13846085789286417
19420416,8778569840857137
23090432,17785769095598097
1479936,13810910008180752
2528512,14373851370622992
4625664,32388249880100880
8819968,13846085789286672
33985792,13810901954134032
19436800,8743527202689072
23106816,17750726457430032
6886656,17751683966701617
21566720,17751684235132977
23205120,35765120671944720
7869696,17750588751089712
22549760,17750589019521072
40375552,17750584723574832
27792640,8778569840857392
52958464,8743386005704752
31462656,17785769095598352
56628480,17750585260445712
8512768,5050267376550147
451840,13916454533464065
8578304,14056641997570305
8971520,5612117818343697
9495808,5049176455905537
10544384,5612117818347777
25224448,5612118086779137
8742144,5050263350018307
9004288,5613075596050707
10577152,5613075596054787
25257216,5613075864486147
8807680,14056637971038465
9594112,14056367120711937
42099968,14056363093197057
9200896,5612113791811857
10773760,5612113791815937
42231040,5049164375326977
6841600,17856137571340305
13133056,15745075246006545
21521664,17856137839771665
13657344,14619179635179777
14705920,15745075246010625
23094528,17856137839775745
29385984,15745075514441985
46163200,14619175607664897
58746112,5611976889794817
500992,13847185300914177
8824064,13916454533464320
19440896,8778711574777872
6890752,17786868338790417
21570816,17786868607221777
23143680,17786868607225857
7873792,17785773123178512
22553856,17785773391609872
15213824,17856137571340560
40379648,17785769095663632
52962560,8778570377793552
29893888,17856137839771920
24126720,17785773391613952
31466752,17856137839776000
6866176,17785773122129937
21546240,17785773390561297
23119104,17785773390565377
19481856,8779600633008147
6964480,35800167336644625
19547392,17785769095598097
21644544,35800167605075985
23217408,35800167605080065
7095552,17785769095598097
19678464,8778570377728017
7881984,17785704403701777
22562048,17785704672133137
15222016,17856068851863825
40387840,17785700376186897
52970752,8778501658316817
29902080,17856069120295185
24134912,17785704672137217
31474944,17856069120299265
6980864,35765124698476560
19563776,17750726457430032
21660928,35765124966907920
23233792,35765124966912000
7111936,17750726457430032
19694848,8743527739559952
7898368,17750597341024272
22578432,17750597609455632
15238400,17785773122130192
29918464,17785773390561552
55084288,17750589555408912
24151296,17750597609459712
31491328,17785773390565632
56657152,17750589555412992
21824768,17751684772003857
23397632,17751684772007937
15271168,17786799619313937
29951232,17786799887745297
55117056,17751616052592657
31524096,17786799887749377
56689920,17751616052596737
7210240,35765120671944720
15336704,35800167336644880
27919616,17785769095598352
53085440,17750585260445712
30016768,35800167605076240
55182592,35764983769923600
31589632,35800167605080320
56755456,35764983769927680
22807808,17750589556391952
15467776,17785769095598352
40633600,17750585260445712
28050688,8778570377728272
55313664,17750586334183440
24380672,17750589556396032
56886528,17750586334187520
16254208,17785704403702032
30934272,17785704672133392
56100096,17750520836980752
48760064,17785700376187152
61342976,8778501658317072
32507136,17785704672137472
57672960,17750520836984832
10516736,1109613407637777
12613888,5613213035004177
25196800,1109613676069137
243968,4842184800993297
375040,338585442058257
1227008,4839994368720912
2275584,5402935731163152
16955648,5402935999594512
1358080,336395009785872
2406656,899336372228112
4503808,5402935999594512
33863936,336386955739152
473344,4842180774461457
2504960,5402931704631312
33962240,4839982288142352
23083264,8779806791438352
6838528,8779669084049457
19421440,4276069725114417
21518592,8779669352480817
956672,5367751627505712
4626688,14374950882246672
17209600,5367752164376592
6854912,8744626445881392
19437824,4241027086946352
21534976,8744626714312752
6887680,8746683735216177
19470592,4243084376281137
21567744,8746684003647537
19536128,8744622419349552
23206144,17751821674090512
7084288,8744622419349552
23337216,8744622956220432
15210752,8779669084049712
27793664,4276069725114672
52959488,4240885889962032
29890816,8779669352481072
55056640,8744485517328432
8972544,1109617702600977
9496832,546676340162817
10545408,1109617702605057
12642560,5613217329971457
25225472,1109617971036417
9529600,548729334530307
42035456,548725307015427
9070848,5613213035004177
10643712,5613213035008257
25323776,5613213303439617
9201920,1109613676069137
10774784,1109613676073217
12871936,5613213303439617
42232064,546664259584257
58747136,1109476774052097
502016,4842185069428737
960768,5402935999594512
1485056,4839994637156352
2533632,5402935999598592
33990912,4839986583109632
6859008,8779810817970192
19441920,4276211459035152
21539072,8779811086401552
23111936,8779811086405632
6891776,8781868107304977
19474688,4278268748369937
21571840,8781868375736337
23144704,8781868375740417
19540224,8779806791438352
7088384,8779806791438352
52963584,4276070262050832
55060736,8779669889417232
56633600,8779669889421312
6965504,17786868338790417
21645568,17786868607221777
23218432,17786868607225857
19679488,4276070261985297
21776640,8779669889351697
23349504,8779669889355777
52971776,4276001542574097
55068928,8779601169940497
56641792,8779601169944577
6981888,17751825700622352
21661952,17751825969053712
23234816,17751825969057792
19695872,4241027623817232
21793024,8744627251183632
23365888,8744627251187712
7014656,17753882989957137
21694720,17753883258388497
23267584,17753883258392577
19728640,4243084913152017
21825792,8746684540518417
23398656,8746684540522497
15272192,8781799387828497
27855104,4278200028893457
53020928,4243016193740817
29952256,8781799656259857
55118080,8746615821107217
31525120,8781799656263937
56690944,8746615821111297
7211264,17751821674090512
19794176,8744622956220432
15337728,17786868338790672
30017792,17786868607222032
55183616,17751684772069392
31590656,17786868607226112
56756480,17751684772073472
28051712,4276070261985552
30148864,8779669889351952
31721728,8779669889356032
61344000,4276001542574352
63441152,8779601169940752
65014016,8779601169944832
258304,4910354505138195
389376,406755146203155
8515840,546942610309395
1241344,4909263584493585
2289920,5472204946935825
8581376,5049992481866001
16969984,5472205215367185
1372416,405664225558545
2420992,968605588000785
4518144,5472205215367185
8712448,546393122930961
33878272,405656171511825
9498880,545851689664785
10547456,1108793052107025
12644608,5612392679473425
25227520,1108793320538385
487680,4910350478606355
8614144,5050537942712595
8745216,546938583777555
9531648,546667733451027
42037504,546663705936147
2519296,5472200920403985
8810752,5049988455334161
33976576,4909251503915025
10645760,5612388384510225
25325824,5612388652941585
10776832,1108789025575185
12873984,5612388652941585
42234112,545839609086225
11563264,1108518175248657
13660416,5612117802615057
26243328,1108518443680017
14708992,6738013413445905
23097600,8849076007211025
27291904,2234414054510865
44069120,1108514147733777
29389056,6738013681877265
46166272,5612113775100177
1290496,4839994351943697
2339072,5402935714385937
17019136,5402935982817297
1421568,336394993008657
2470144,899336355450897
4567296,5402935982817297
33927424,336386938961937
9613568,4909263584493840
34779392,4838895108816912
10662144,5472204946936080
19050752,6527736378036240
35827968,5401836471259152
25342208,5472205215367440
9744640,405664225558800
6598912,6527736378036240
10793216,968605588001040
12890368,5472205215367440
42250496,405656171512080
23113984,8778986435907600
2568448,5402931687854097
34025728,4839982271365137
23146752,8779806774661137
3551488,5401836472242192
35008768,4838887055753232
10891520,5472200920404240
42348800,4909251503915280
24129792,8778711559049232
31469824,8849076007211280
512256,4839986029395987
1495296,4838895108751377
2543872,5401836471193617
34001152,4838887054704657
23122176,8778711558000657
23154944,8779669335707667
7885056,8778573851660337
20467968,4274974492725297
22565120,8778574120091697
15225088,8848938299822385
40390912,8778569824145457
27808000,4345338940887345
29905152,8848938568253745
56643840,8778570361016337
1020160,5367751610728497
4690176,14374950865469457
17273088,5367752147599377
6918400,8744626429104177
19501312,4241027070169137
21598464,8744626697535537
3051776,6492552005947440
3576064,5366660690087952
9867520,4838895108751632
35033344,4803711273598992
6721792,15499751260688400
10916096,5401836471193872
19304704,6492552542818320
36081920,5366652636041232
42373376,4838887054704912
50761984,5366653709778960
19566848,8743802063818800
23236864,17751001318559760
7115008,8743802063818800
23367936,8743802600689680
40407296,8743527185977392
24154368,8743535776894992
31494400,8778711558000912
56660224,8743527722848272
19599616,8744622402572337
23269632,17751821657313297
7147776,8744622402572337
23400704,8744622939443217
15274240,8779669067272497
27857152,4276069708337457
53022976,4240885873184817
29954304,8779669335703857
55120128,8744485500551217
20582656,8743527186960432
24252672,17750726441701392
8130816,8743527186960432
24383744,8743527723831312
56889600,8743524501622800
16257280,8778573851660592
28840192,4274974492725552
54006016,4239790657572912
30937344,8778574120091952
56103168,8743390284939312
48763136,8778569824145712
65016064,8778570361016592
516352,4910354773573635
8642816,5050542237679875
8773888,546942878744835
42066176,546668000903427
975104,5472205215367185
1499392,4909263852929025
2547968,5472205215371265
8839424,5049992750301441
34005248,4909255798882305
9101568,5612392679473425
9625856,5049451317035265
10674432,5612392679477505
25354496,5612392947908865
9232640,1108793320538385
9756928,545851958100225
10805504,1108793320542465
12902656,5612392947908865
42262784,545843904053505
6873344,8849080033742865
11067648,2234418081042705
19456256,4345480674807825
13164800,6738017708409105
21553408,8849080302174225
25747712,2234418349474065
42524928,1108518442696977
43049216,545577080258817
14737664,6738017708413185
23126272,8849080302178305
27320576,2234418349478145
44097792,1108518442701057
29417728,6738017976844545
46194944,5612118070067457
8872192,5050538211148035
9658624,5050267360821507
42164480,5050263333306627
9789696,546668001886467
10051840,1109480247918867
6906112,8850037811449875
11100416,2235375858749715
19489024,4346438452514835
13197568,6738975486116115
21586176,8850038079881235
25780480,2235376127181075
42557696,1109476220403987
11624704,1109480247922947
13721856,5613079875289347
26304768,1109480516354307
14770432,6738975486120195
23159040,8850038079885315
27353344,2235376127185155
44130560,1109476220408067
29450496,6738975754551555
46227712,5613075847774467
9330944,5612388652941585
10903808,5612388652945665
42361088,5049439236456705
10117376,5612117802615057
11165952,6738013413445905
19554560,8849076007211025
25846016,6738013681877265
42623232,5612113775100177
11690240,5612117802619137
26370304,5612118071050497
27418880,6738013681881345
44196096,5612113775104257
10248448,1108518443680017
7102720,8849076007211025
11297024,2234414054510865
13394176,6738013681877265
11821312,1108518443684097
13918464,5612118071050497
43278592,545569027195137
14967040,6738013681881345
15229184,8989675788177681
27812096,4486076429242641
52977920,4345339477823505
29909248,8989676056609041
55075072,8848939105189905
59269376,2234277152489745
59793664,1108381541662977
31482112,8989676056613121
56647936,8848939105193985
60842240,2234277152493825
62939392,6737876779860225
1024256,5402935982817297
1548544,4839994620379137
2597120,5402935982821377
34054400,4839986566332417
6922496,8779810801192977
19505408,4276211442257937
21602560,8779811069624337
23175424,8779811069628417
3055872,6527736378036240
9347328,5472205215367440
9871616,4909263852929280
10920192,5472205215371520
42377472,4909255798882560
19570944,8778986435907600
7119104,8778986435907600
15245568,8849080033743120
40411392,8778711558066192
27828480,4345480674808080
29925632,8849080302174480
31498496,8849080302178560
19603712,8779806774661137
7151872,8779806774661137
53027072,4276070245273617
55124224,8779669872640017
56697088,8779669872644097
20586752,8778711559049232
27926784,8849076007211280
8134912,8778711559049232
15474944,8849076007211280
54010112,4274975029661712
56107264,8778574657028112
61350144,4345339477823760
63447296,8848939105190160
57680128,8778574657032192
65020160,8848939105194240
6930688,8779673362239507
19513600,4276074003304467
21610752,8779673630670867
23183616,8779673630674947
19579136,8778711558000657
7127296,8778711558000657
7913728,8778582441594897
20496640,4274983082659857
22593792,8778582710026257
53002496,4274975028613137
55099648,8778574655979537
24166656,8778582710030337
56672512,8778574655983617
19611904,8779669335707667
7160064,8779669335707667
7946496,8779604643811347
20529408,4276005284876307
22626560,8779604912242707
15286528,8849969091973395
40452352,8779600616296467
27869440,4346369733038355
29966592,8849969360404755
24199424,8779604912246787
31539456,8849969360408835
8012032,17785773106401297
22692096,17785773374832657
15352064,17856137554563345
40517888,17785769078886417
53100800,8778570361016337
30032128,17856137822994705
24264960,17785773374836737
31604992,17856137822998785
20726016,4274975029596177
22823168,8778574656962577
40648960,8778570361016337
28066048,4345339477758225
53231872,4274971807387665
30163200,8848939105124625
55329024,8778571434754065
24396032,8778574656966657
31736064,8848939105128705
56901888,8778571434758145
54018304,4274906310184977
56115456,8778505937551377
61358336,4345270758347025
63455488,8848870385713425
57688320,8778505937555457
65028352,8848870385717505
7045376,17751825683845137
21725440,17751825952276497
23298304,17751825952280577
19759360,4241027607040017
21856512,8744627234406417
23429376,8744627234410497
7241984,17751001318559760
19824896,8743802600689680
20611328,8743535776894992
40534272,17750726440718352
27951360,8778711558000912
53117184,8743527722848272
8159488,8743535776894992
15499520,8778711558000912
40665344,8743527722848272
53248256,4239929169219600
55345408,8743528796586000
56918272,8743528796590080
16285952,8778582441595152
28868864,4274983082660112
54034688,4239799247507472
30966016,8778582710026512
56131840,8743398874873872
61374720,4274975028613392
63471872,8778574655979792
32538880,8778582710030592
57704704,8743398874877952
65044736,8778574655983872
7274752,17751821657313297
19857664,8744622939443217
15401216,17786868322013457
30081280,17786868590444817
55247104,17751684755292177
31654144,17786868590448897
56819968,17751684755296257
28115200,4276070245208337
30212352,8779669872574737
31785216,8779669872578817
61407488,4276001525797137
63504640,8779601153163537
65077504,8779601153167617
8257792,17750726441701392
20840704,8743527723831312
53346560,8743524501622800
16384256,17785773106401552
31064320,17785773374832912
56230144,17750589539680272
48890112,17785769078886672
61473024,8778570361016592
32637184,17785773374836992
57803008,17750589539684352
29098240,4274975029596432
31195392,8778574656962832
49021184,8778570361016592
61604096,4274971807387920
63701248,8778571434754320
32768256,8778574656966912
65274112,8778571434758400
62390528,4274906310185232
64487680,8778505937551632
66060544,8778505937555712
310784,4523326798037040
437760,13530526052778000
374272,4523326730928177
833024,4803702196011120
2405888,4803702196015152
501248,13530525985669137
2532864,13810901450756112
4630016,31825299960234000
702976,4804801439203440
2275840,4804801439207472
16955904,4804801707638832
33733120,4523326730993712
834048,301202080268400
2406912,301202080272432
4504064,4804801707638832
932352,4804797412671600
1456640,4523326731976752
2505216,4804797412675632
449024,4523326730928177
956928,4787209521594480
2529792,4787209521598512
8821248,4523326730928432
23599616,8726892827906160
453120,4558511103016977
502272,4525525754183697
961024,4804801707638832
1485312,4523335321911312
4631040,13812000962379792
8825344,4558511103017232
17213952,4804802244509712
33991168,4523327267864592
23603712,8744485013950512
23611904,8744416294473777
23628288,8726897122873392
24644096,8726828404445232
31984128,8744416294474032
717312,4838886266110065
2290176,4838886266114097
8581632,4627780033577265
16970240,4838886534545457
33747456,4557411557900337
848384,335286907175025
2421248,335286907179057
4518400,4838886534545457
8712704,124180674642225
946688,4838882239578225
1470976,4557411558883377
2519552,4838882239582257
8811008,4627776007045425
1290752,4523335019921457
4436480,13812000660389937
8630784,4558510801027377
1421824,19735660986417
8761856,54911442092337
17150464,301202583584817
33927680,19727606939697
1749504,4803710485004400
2798080,5366651847446640
9089536,4838886266110320
17478144,5366652115878000
3322368,4803710485008432
18002432,4803710753439792
34779648,4522235776794672
10662400,4838886266114352
19051008,5366652115882032
37925376,13810901417263152
25342464,4838886534545712
42119680,4557411557900592
50508288,4803702699393072
1880576,300111126069360
2929152,863052488511600
5026304,5366652115878000
9220608,335286907175280
34386432,300103072022640
3453440,300111126073392
5550592,4803710753439792
6599168,5366652115882032
10793472,335286907179312
35959296,300103072026672
12890624,4838886534545712
38056448,4803702699393072
50639360,300104145764400
4665856,13811996633858097
8860160,4558506774495537
17248768,4804797915988017
34025984,4523322939342897
3027456,5366647820914800
9318912,4838882239578480
34484736,4803698404425840
5648896,13810901418246192
9843200,4557411558883632
18231808,4803702700376112
35009024,4522227723730992
10891776,4838882239582512
36057600,4803698404429872
50737664,4803699478167600
23605760,8743522907721840
512512,4523326697373747
1495552,4522235776729137
4641280,13810901417197617
8835584,4557411557835057
17224192,4803702699327537
34001408,4522227722682417
1544704,4505743102312497
4690432,13794408742780977
17273344,4787210024910897
34050560,4505735048265777
2003456,4786118567395440
3052032,5349059929837680
34509312,4786110513348720
3576320,4786118567399472
9867776,4522235776729392
36082176,4786110513352752
13013504,13810901417197872
25596416,4803702699327792
42373632,4522227722682672
50762240,4786111587090480
23630336,8725935016644720
57152000,8725793819660400
516608,4558511069462547
975360,4838886534545457
1499648,4557420148817937
4645376,13846085789286417
17228288,4838887071416337
34005504,4557412094771217
23618048,8778569840857137
2007552,4803710753439792
3056128,5366652115882032
9347584,4838886534545712
34513408,4803702699393072
5677568,13810910008180752
9871872,4557420148818192
18260480,4803711290310672
35037696,4522236313665552
6726144,14373851370622992
19309056,5366652652752912
13017600,13846085789286672
38183424,13810901954134032
25600512,4838887071416592
42377728,4557412094771472
23634432,8743527202689072
31990272,8778569840857392
57156096,8743386005704752
23675392,8744416260919347
23740928,17750584723509297
23872000,8743386005639217
31998464,8778501121380657
57164288,8743317286228017
24674816,8725806168674352
57180672,8725798114627632
23790080,17734092049092657
23921152,8726893331222577
57213440,8726824611811377
24773120,17732996833480752
32113152,17750584723509552
24904192,8725798115610672
32244224,8743386005639472
57410048,8725794893402160
58196480,8725729396199472
65536512,8743317286228272
326656,4558511103016977
375808,4525525754183697
2276352,13812000693948432
4373504,31826399203426320
16956416,13812000962379792
33733632,13530525985734672
834560,4804801707638832
1358848,4523335321911312
4504576,13812000962379792
8698880,4558511103017232
17087488,4804802244509712
33864704,4523327267864592
1457152,13530525986717712
2505728,13811996667416592
4602880,31826395176894480
449536,13530525985669137
2530304,13794408776339472
4627456,31808807285817360
8821760,13530525985669392
961536,13812000962379792
2534400,13812000962383872
4631552,31826399471861760
23604224,17751684268691472
23612416,17751615549214737
23628800,17734096377614352
23727104,35748490592129040
24644608,17734027659186192
31984640,17751615549214992
390144,4558511069462547
2290688,13846085520855057
4387840,31860484030332945
8582144,13634979288318225
16970752,13846085789286417
33747968,13564610812641297
848896,4838886534545457
1373184,4557420148817937
4518912,13846085789286417
17101824,4838887071416337
33879040,4557412094771217
1471488,13564610813624337
2520064,13846081494323217
4617216,31860480003801105
8811520,13634975261786385
766976,13812000660389937
1291264,13530534274662417
8631296,13565710055768337
34255872,13810901417263152
3322880,13810909739749392
5420032,31825308249227280
18002944,13810910008180752
34780160,13529435031535632
6468608,32388249611669520
10662912,13846085520855312
19051520,14373851370622992
12760064,31860484030333200
21148672,32388249880100880
25342976,13846085789286672
42120192,13564610812641552
50508800,13810901954134032
1881088,4803710753439792
2929664,5366652115882032
9221120,4838886534545712
34386944,4803702699393072
5551104,13810910008180752
9745408,4557420148818192
18134016,4803711290310672
34911232,4522236313665552
6599680,14373851370622992
19182592,5366652652752912
12891136,13846085789286672
38056960,13810901954134032
25474048,4838887071416592
42251264,4557412094771472
996352,13811996633858097
8860672,13565706029236497
17249280,13811997170728977
34026496,13530522194083857
1979392,13810901418246192
9843712,13564610813624592
18232320,13810901955117072
35009536,13529426978471952
6697984,32388245585137680
10892288,13846081494323472
36058112,13810897659170832
12989440,31860480003801360
38155264,31825296168648720
50738176,13810898732908560
513024,13530525952114707
971776,13810901417197617
1496064,13529435031470097
8836096,13564610812576017
17224704,13810901954068497
34001920,13529426977423377
23614464,17750584723509297
1020928,13794408742780977
1545216,13512942357053457
17273856,13794409279651857
34051072,13512934303006737
9344000,13810901417197872
3576832,13793317822140432
5673984,31807716331618320
9868288,13529435031470352
6722560,32370657694060560
36082688,13793309768093712
38179840,31807708277571600
25596928,13810901954068752
42374144,13529426977423632
50762752,13793310841831440
23663616,17734092049092657
24646656,17732996833480752
31986688,17750584723509552
975872,13846085789286417
2548736,13846085789290497
4645888,31860484298768385
8840192,13634979556753665
23618560,17785769095598097
1549312,13530534543097857
8889344,13565710324203777
17277952,13812001465696257
34055168,13530526489051137
2008064,13810910008180752
3056640,14373851370622992
5153792,32388249880100880
9348096,13846085789286672
34513920,13810901954134032
3580928,13810910008184832
5678080,31825308517662720
6726656,32388249880104960
10920960,13846085789290752
36086784,13810901954138112
13018112,31860484298768640
38183936,31825300463616000
50766848,13810903027875840
23634944,17750726457430032
23733248,35765120671944720
31990784,17785769095598352
57156608,17750585260445712
23675904,17751615515660307
23872512,17750585260380177
31998976,17785700376121617
57164800,17750516540968977
23757824,35747532780867600
24675328,17733005423415312
57181184,17732997369368592
23921664,17734092585963537
57213952,17734023866552337
57279488,35747391583883280
24904704,17732997370351632
32244736,17750585260380432
57410560,17732994148143120
58196992,17732928650940432
65537024,17750516540969232
718848,4839985777737777
1243136,4558519392010257
4388864,13847185032478737
849920,336386418802737
1374208,54920033075217
17102848,336386955673617
33880064,54911979028497
948224,4839981751205937
4618240,13847181005946897
17201152,4839982288076817
33978368,4558507311431697
768000,4807000428904497
1292288,4525534043176977
4438016,13814199683645457
8632320,4560709824282897
899072,303401069969457
1423360,21934684241937
8763392,57110465347857
17152000,303401606840337
33929216,21926630195217
1751040,4804809996632112
2799616,5367751359074352
9091072,4839985777738032
17479680,5367751627505712
5421056,13812009251373072
9615360,4558519392010512
6469632,14374950613815312
12761088,13847185032478992
21149696,14374950882246672
1882112,301210637697072
2930688,864152000139312
5027840,5367751627505712
9222144,336386418802992
34387968,301202583650352
9746432,54920033075472
18135040,301211174567952
34912256,19736197922832
19183616,864152537010192
21280768,5367752164376592
25475072,336386955673872
42252288,54911979028752
997376,4806996402372657
4667392,13814195657113617
8861696,4560705797751057
17250304,4806996939243537
34027520,4525521962598417
3028992,5367747332542512
9320448,4839981751206192
34486272,4804797916053552
6699008,14374946587283472
19281920,5367747869413392
12990464,13847181005947152
38156288,13811997170794512
25573376,4839982288077072
42350592,4558507311431952
23607296,8744622419349552
514048,4525525720629267
1021952,4789408511295537
1546240,4507942125568017
4691968,13796607766036497
17274880,4789409048166417
34052096,4507934071521297
2004992,4787218079023152
3053568,5350159441465392
34510848,4787210024976432
5675008,13794417333764112
18257920,4787218615894032
35035136,4505743639248912
6723584,14357358696206352
19306496,5350159978336272
38180864,13794409279717392
23631872,8727034528272432
23664640,8729091817607217
57153536,8726893331288112
1501184,4558519660445697
4646912,13847185300914177
17229824,4839986583044097
34007040,4558511606398977
1550336,4525534311612417
4696064,13814199952080897
8890368,4560710092718337
17278976,4807001234210817
34056192,4525526257565697
5154816,14374950882246672
17737728,5367752164376592
5679104,13812009519808512
9873408,4558519660445952
18262016,4804810801938432
35039232,4523335825293312
6727680,14374950882250752
19310592,5367752164380672
13019136,13847185300914432
38184960,13812001465761792
25602048,4839986583044352
42379264,4558511606399232
23734272,17751821674090512
23865344,8744622956220432
23676928,8746615284174867
23758848,17734233783013392
23889920,8727035065143312
23791616,17736291072348177
23922688,8729092354478097
57214976,8729023635066897
57280512,17734092586029072
2355200,4839985760964627
8646656,4628879528427795
17035264,4839986029395987
33812480,4558511052750867
2486272,336386402029587
4583424,4839986029395987
8777728,125280169492755
9105408,4909254993510705
34271232,4838886517833777
3338240,4838894840320017
9629696,4627788607783185
18018304,4838895108751377
34795520,4557420132106257
19066880,5401836471193617
12775424,13916454248251665
37941248,13846085772574737
50524160,4838887054704657
9236480,405655634575665
3469312,335295481384977
5566464,4838895108751377
9760768,124189248848145
6615040,5401836471193617
35975168,335287427338257
38072320,4838887054704657
25489408,405656171446545
42266624,124181194801425
50655232,335288501075985
1536000,4558511053733907
2584576,4839981734432787
8876032,4628875501895955
1994752,4838886518816817
9334784,4909250966978865
5664768,13846085773557777
18247680,4838887055687697
35024896,4557412079042577
36073472,4838882759741457
13004800,13916450221719825
25587712,4909251503849745
42364928,4627776527204625
50753536,4838883833479185
1814528,4804809979854897
2863104,5367751342297137
9154560,4839985760960817
17543168,5367751610728497
5484544,13812009234595857
9678848,4558519375233297
6533120,14374950597038097
12824576,13847185015701777
21213184,14374950865469457
1945600,301210620919857
2994176,864151983362097
5091328,5367751610728497
9285632,336386402025777
34451456,301202566873137
9809920,54920016298257
18198528,301211157790737
34975744,19736181145617
19247104,864152520232977
21344256,5367752147599377
25538560,336386938896657
42315776,54911962251537
35303424,4803710736728112
19574784,6492552005947440
36352000,5366652099170352
42643456,4838886517834032
11710464,4838894840320272
20099072,5366660690087952
38973440,13810909991469072
26390528,4838895108751632
43167744,4557420132106512
51556352,4803711273598992
23244800,15499751260688400
40022016,14373851353911312
27439104,5401836471193872
52604928,5366652636041232
46313472,13846085772574992
58896384,4838887054704912
7122944,6492552005947440
7647232,5366660690087952
11841536,335295481385232
37007360,300111646232592
13938688,4838895108751632
39104512,4803711273598992
51687424,300112719970320
14987264,5401836471193872
23375872,6492552542818320
40153088,5366652636041232
44347392,335287427338512
52736000,863054082412560
46444544,4838887054704912
54833152,5366653709778960
59027456,335288501076240
23638016,8743802063818800
3092480,5367747315765297
9383936,4839981734428977
34549760,4804797899276337
6762496,14374946570506257
19345408,5367747852636177
13053952,13847180989169937
38219776,13811997154017297
25636864,4839982271299857
42414080,4558507294654737
23670784,8744622402572337
4075520,5366652100153392
10366976,4838886518817072
35532800,4803702683664432
7745536,14373851354894352
20328448,5366652637024272
14036992,13846085773558032
39202816,13810901938405392
26619904,4838887055687952
43397120,4557412079042832
44445696,4838882759741712
52834304,5366649414815760
59125760,4838883833479440
24653824,8743527186960432
1036288,4804801657307187
1560576,4523335271579667
4706304,13812000912048147
8900608,4558511052685587
17289216,4804802194178067
34066432,4523327217532947
2019328,4803710736662577
3067904,5366652099104817
9359360,4838886517768497
34525184,4803702682615857
5689344,13810909991403537
9883648,4557420132040977
18272256,4803711273533457
35049472,4522236296888337
6737920,14373851353845777
19320832,5366652635975697
13029376,13846085772509457
38195200,13810901937356817
25612288,4838887054639377
42389504,4557412077994257
23646208,8743527185911857
23678976,8744484963618867
32002048,8778569824080177
57167872,8743385988927537
2068480,4787218062245937
3117056,5350159424688177
34574336,4787210008199217
5738496,13794417316986897
18321408,4787218599116817
35098624,4505743622471697
6787072,14357358679429137
19369984,5350159961559057
38244352,13794409262940177
23695360,8727034511495217
10391552,4803710736662832
11440128,5366652099105072
42897408,4803702682616112
37130240,4786119087558672
14061568,13810909991403792
26644480,4803711273533712
43421696,4522236296888592
51810304,4786120161296400
15110144,14373851353846032
27693056,5366652635975952
52858880,5349061523738640
46567424,13810901937357072
32018432,8743527185912112
57217024,8726893314510897
58200064,8725798098898992
65540096,8743385988927792
1040384,4839986029395987
2613248,4839986029400067
8904704,4628879796863235
2023424,4838895108751377
3072000,5401836471193617
34529280,4838887054704657
3596288,4838895108755457
9887744,4627788876218625
36102144,4838887054708737
13033472,13916454516687105
25616384,4909255798817025
42393600,4627780822171905
50782208,4838888128446465
23650304,8778711558000657
23683072,8779669335707667
57171968,8778570361016337
5218304,14374950865469457
17801216,5367752147599377
5742592,13812009503031297
9936896,4558519643668737
18325504,4804810785161217
35102720,4523335808516097
6791168,14374950865473537
19374080,5367752147603457
13082624,13847185284137217
38248448,13812001448984577
25665536,4839986566267137
42442752,4558511589622017
4104192,5366660690087952
10395648,4838895108751632
35561472,4803711273598992
7249920,15499751260688400
11444224,5401836471193872
19832832,6492552542818320
36610048,5366652636041232
42901504,4838887054704912
51290112,5366653709778960
11968512,4838895108755712
37134336,4803711273603072
51814400,4803712347340800
44474368,4838887054708992
52862976,5366653709783040
59154432,4838888128446720
23764992,17751001318559760
23896064,8743802600689680
24682496,8743535776894992
32022528,8778711558000912
57188352,8743527722848272
23797760,17751821657313297
23928832,8744622939443217
24780800,17750726441701392
24911872,8743527723831312
57417728,8743524501622800
65544192,8778570361016592
23773184,17750726440652817
23904256,8743527722782737
23805952,17751684218359827
23937024,8744485500489747
32063488,8779600616231187
57229312,8744416781078547
32129024,17785769078821137
57294848,17750585243668497
32260096,8778570360951057
65552384,8778501641539857
23822336,17734233766236177
23953408,8727035048366097
32145408,17750726440653072
32276480,8743527722782992
57442304,8725936610545680
58228736,8725806688833552
57344000,17734092569251857
58327040,17732997353639952
65667072,17750585243668752
