65551,3302829921043
167,3311437681408
551,1112446931728
1063,4504712074302208
65575,3311436632833
2097191,282587390096128
33554471,1112681943808
65607,3303098356483
33554503,1104612102913
32903,3380140380928
2097287,284777807688448
33554567,3303099536128
2097415,863120922850048
2567,3302880252688
3079,4506902507623168
34823,3380156109568
1050631,3311437681408
2099207,284777823417088
33556487,3303115264768
36871,1318555030288
40967,18910741074688
81927,20895015965443
98311,3380139332353
163847,4504918182400768
294919,1318823465728
2129927,282656092795648
33587207,1181384643328
1114119,3311420904193
2162695,284777806639873
33619975,3303098487553
33816583,1173331579648
2621447,845528736805648
3145735,282587374367488
34603015,1112666215168
6291463,5349128364176128
18874375,845529005241088
35651591,282579051950848
50331655,282579588813568
65563,4506902457222931
107,1112681743123
171,3311437611793
1067,4504712074232593
4139,1181132784433
16427,18704599352083
524331,282587390018353
203,3303099335443
587,1104091808563
2123,3303115064083
4171,1172794508083
32843,1181384442643
65611,3303098286871
262219,1173331378963
524363,282579051742003
1048651,1112666014483
16777291,282579588612883
33554507,1104611967763
651,3302847677233
4235,3371550376753
16523,20895016944403
32907,3380140311313
65675,7700877411091
524427,284777807610673
16651,335355341439763
65803,302369992606483
524555,863120922772273
1547,4504703484298033
16907,18696009417523
33291,1181132784433
1049099,1112414356273
3083,4506902507553553
66571,4506902473999123
6155,3371566105393
18443,20895032673043
34827,3380156039953
67595,7700893139731
526347,284777823339313
1050635,3311437611793
12299,18902151070513
20491,18764712117043
135179,4504909592396593
266251,1310233461553
1052683,1181117055793
24587,53949084205843
40971,18910741005073
73739,20963735372563
49163,18773302051603
81931,20895015895831
540683,300170969350963
1064971,18704583623443
8405003,53880364730131
163851,4504918182331153
294923,1318823396113
557067,282656092717873
196619,4506971176698643
327691,3371817763603
2162699,284777806566163
4259851,4788377433932563
8454155,20895015896851
16842763,284778074997523
33619979,3303098352403
1572875,282587374289713
2621451,845528736731953
4718603,5349128364098353
17301515,845529005163313
179,4506911064983296
563,4504712074233616
65587,4506911063934721
131123,13511980014896896
4194355,13793386272130816
8388659,4522304226725632
65619,4506902725658371
1171,13514101729789696
32915,4506979767682816
131219,13514170432489216
4194451,13795576689723136
8388755,4524494644317952
4194579,14373919804884736
8388883,4838954968813312
1555,13511902739040016
2579,4506902507554576
33811,13511980014896896
66579,13514101728741121
1049619,13511911296468736
8389651,13529494891532032
34835,4506979783411456
133139,13514170448217856
1050643,4506911064983296
4196371,13795576705451776
8390675,4524494660046592
36883,4504918182332176
135187,13512108847138576
40979,4522510368376576
139283,13529701033182976
8396819,4557548711579392
81939,4524494643267331
8405011,4557479992102657
98323,4506979766634241
294931,4504918450767616
4227091,13793454974830336
8421395,4522372929425152
196627,13514170431440641
1114131,4506911048206081
4259859,13795576688674561
8454163,4524494643269377
393235,13512109115574016
1179667,13511979999168256
8519699,13529563594231552
4718611,14356327618840336
5242899,13793386256402176
9437203,4522304210996992
6291475,14356327618844416
12582931,13810969851465472
20971539,14356327887275776
227,3311706047233
611,1112715297553
1123,4504712342668033
16483,18704867787523
262243,1181938090753
16777315,282588195324673
33554531,1113218679553
419,302378600366848
4259,3380157088528
8355,20972343132928
16547,20903623656193
32931,3397336957696
65699,7709484122881
131235,4506979784459008
262307,3380425523968
524451,284786414322448
2097315,284786414326528
4194467,4788386041692928
8388771,20903623657216
16777379,284786682757888
33554595,3311706112768
803,300179609617168
1315,4803779236987648
8483,335432667628288
16675,335363948151553
65827,302378599318273
524579,863129529484048
2097443,863129529488128
4194595,5366729156854528
8388899,335363948152576
16777507,863129797919488
1571,4504712141341456
8739,18773352383248
16931,18704632906513
33315,1198346208016
131619,4504780793709328
262691,1181434774288
1049123,1129627779856
2097699,282587423576848
4194851,4786187050943248
8389155,18704632907536
16777763,282587692008208
33554979,1112715363088
5155,4504780793709328
9251,4522372979753728
17443,4522304260276993
33827,4504797973578496
263203,4504781062144768
525347,4786187050943248
1049635,4504729255150336
2098211,4786187050947328
8389667,4522304260278016
16778275,4786187319378688
33555491,4504712342733568
12323,18910757782288
36899,1335751607056
69667,3380156039953
135203,4504918199108368
266275,1318840173328
528419,282656109495088
24611,53957690917633
40995,18927937651456
73763,20972342084353
139299,4522510385152768
270371,18911026217728
8396835,53957690918656
8405027,53888971441921
98339,3397335909121
163875,4504935378977536
294947,1336020042496
1081379,1232673440512
196643,4506979783410433
327715,3380424475393
589859,284786413273873
1114147,3328617480961
2162723,284786413277953
4259875,4788386040644353
8454179,20903622608641
16842787,284786681709313
33620003,3311705064193
393251,4504918467543808
4325411,13793454991606528
17039395,282656914801408
33816611,1181938156288
2621475,845537343443728
4718627,5349136970810128
17301539,845537611875088
6291491,5349136970814208
18874403,845537611879168
20971555,5349137239245568
50331683,282588195390208
16579,20895285379843
32963,3380408746753
65731,7701145846531
262339,3372355683073
16777411,284778612916993
33554627,3303636271873
16707,335355609875203
65859,302370261041923
16777539,863121728078593
2627,3303148618513
66115,3303115064083
3139,4506902775988993
66627,4506902742434563
18499,20895301108483
34883,3380424475393
67651,7701161575171
264259,3372371411713
1050691,3311706047233
16779331,284778628645633
33556547,3303652000513
36931,1318823396113
69699,3371817763603
266307,1310770332433
24643,53949352641283
41027,18911009440513
73795,20964003808003
270403,18902956376833
49219,18773570487043
81987,20895284331271
278595,18765517423363
1065027,18704852058883
8405059,53880633165571
16793667,300171774657283
33570883,18696798012163
163907,4504918450766593
16810051,282656898024193
33587267,1181921379073
196675,4506971445134083
589891,284778074997523
2162755,284778075001603
4259907,4788377702368003
8454211,20895284332291
393283,4504910397702913
1310787,1181922362113
17301571,845529542034193
17825859,282588179596033
34603075,1113202950913
18874435,845529542038273
20971587,5349129169404673
8579,337623085220608
16771,337554365743873
33155,302447303066368
524675,865319947076368
2097539,865319947080448
4194691,5368919574446848
8388995,337554365744896
16777603,865320215511808
1667,4506902508602128
2691,7700927742736
4739,3371567153968
33411,3380157088528
524931,284777824387888
3203,4511300555113216
33923,4506979784459008
132227,13514170449265408
4195459,13795576706499328
34947,7778203599616
67715,16496987210497
12419,21101175374608
135299,4507108616700688
266371,3509257765648
528515,284846527087408
24707,56148108509953
139395,4524700802745088
270467,21101443810048
8396931,56148108510976
49283,20972326355713
82051,25293063455491
8405123,56079389034241
98435,7778186822401
557187,284855117021968
2130051,284855117026048
4227203,4788454744392448
8421507,20972326356736
16810115,284855385457408
33587331,3380408812288
393347,4507108885136128
4325507,13795645409198848
17039491,284847332393728
33816707,3372355748608
2621571,847727761036048
4718723,5351327388402448
17301635,847728029467408
6291587,5351327388406528
18874499,847728029471488
20971651,5351327656837888
50331779,284778612982528
2819,302370042938128
525059,863120939549488
3331,4805969670308608
4195587,14373919821660928
10499,337623100949248
18691,337554381472513
35075,302447318795008
526595,865319962805008
1050883,302378600366848
2099459,865319962809088
4196611,5368919590175488
8390915,337554381473536
16779523,865320231240448
12547,335561499869968
37123,300385717715728
528643,863189642249008
73987,337623084172033
139523,4839161127240448
270595,335561768305408
532739,898374014337808
1057027,335432651899648
2105603,898374014341888
4202755,5401973641708288
16785667,898374282773248
49411,335432650851073
540931,898305294861073
1065219,335363932422913
2113795,898305294865153
4210947,5401904922231553
16793859,898305563296513
98563,302447302017793
164099,4803985345086208
295171,300385986151168
557315,863198232183568
2130179,863198232187648
4227331,5366797859554048
8421635,335432650852096
16810243,863198500619008
590083,865319946027793
1114371,302378583589633
2162947,865319946031873
4260099,5368919573398273
8454403,337554364696321
16843011,865320214463233
4325635,14373988524360448
17039619,863190447555328
1573123,863129513755408
8913155,898305294862096
3145987,863129513759488
5243139,5366729141125888
9437443,335363932423936
17826051,863129782190848
10486019,898305294866176
12583171,5401904922232576
25166083,898305563297536
50331907,863121728144128
3587,4506902574662416
5635,4504772203774768
34307,4504780793709328
67075,4506902507553553
132611,13511971458515728
525827,4786178461008688
1050115,4504712075281168
4195843,13793377715749648
10755,20963785704208
18947,20895066227473
68099,7700926694161
133635,4506971227030288
264707,3371868095248
2099715,284777856897808
4196867,4788377484264208
8391171,20895066228496
16779779,284778125329168
33556995,3303148684048
12803,18902167847728
70147,3371566105393
135683,4504909609173808
266755,1310250238768
1053187,1181133833008
41475,18910757782288
82435,20895032673043
98819,3380156039953
164355,4504918199108368
295427,1318840173328
557571,282656109495088
590339,284777823339313
1114627,3311437611793
1573379,282587391066928
2621955,845528753509168
4719107,5349128380875568
17302019,845529021940528
7171,4506971227030288
11267,4524563413074688
19459,4524494693597953
68611,4511300554064641
265219,4506971495465728
527363,4788377484264208
2100227,4788377484268288
8391683,4524494693598976
16780291,4788377752699648
33557507,4506902776054528
37891,4504918199108368
136195,13512108863914768
41987,4522510385152768
140291,13529701049959168
82947,4524494660043523
99331,4506979783410433
295939,4504918467543808
4228099,13793454991606528
197635,13514170448216833
1115139,4506911064982273
4260867,13795576705450753
394243,13512109132350208
1180675,13511980015944448
4719619,14356327635616528
5243907,13793386273178368
6292483,14356327635620608
20972547,14356327904051968
14339,21101191103248
137219,4507108632429328
268291,3509273494288
530435,284846542816048
1054723,3380157088528
26627,56148124238593
141315,4524700818473728
272387,21101459538688
1058819,20972343132928
8398851,56148124239616
51203,20972342084353
83971,25293079184131
1067011,20903623656193
8407043,56079404762881
100355,7778202551041
559107,284855132750608
1083395,3397336957696
2131971,284855132754688
4229123,4788454760121088
8423427,20972342085376
16812035,284855401186048
33589251,3380424540928
1116163,7709484122881
395267,4507108900864768
1181699,4506979784459008
4327427,13795645424927488
1312771,3380425523968
17041411,284847348122368
33818627,3372371477248
1574915,284786414322448
2623491,847727776764688
4720643,5351327404131088
17303555,847728045196048
3147779,284786414326528
5244931,4788386041692928
9439235,20903623657216
17827843,284786682757888
34605059,3311706112768
6293507,5351327404135168
18876419,847728045200128
20973571,5351327672566528
50333699,284778628711168
28675,54086523159313
45059,19185618912016
77827,21101174326033
536579,300377127781168
1060867,18910742053648
8400899,54086523160336
53251,18910741005073
86019,20963735372563
167939,4505193060238096
299011,1593701303056
1085443,1335735878416
2134019,282793531675408
4231171,4786393159041808
8425475,18910741006096
16814083,282793800106768
33591299,1318823461648
200707,4507108615652113
331779,3509256717073
593923,284846526038833
1118211,3380140311313
659459,4786384569107248
1183747,4504918183379728
4329475,13793583823848208
790531,282785210172208
1314819,1318824444688
17043459,282785747043088
33820675,1310770397968
1576963,282656093766448
2625539,845597456208688
4722691,5349197083575088
17305603,845597724640048
155651,4557686150529793
286723,54086791594753
1073155,53957675188993
172035,4522785246282496
303107,19185887347456
565251,300385717715728
1089539,18927921922816
2138115,300385717719808
4235267,4803985345086208
16818179,300385986151168
33595395,18911009506048
204803,4524700801696513
335875,21101442761473
1122307,20972326355713
8462339,56148107462401
1187843,4522510369424128
4333571,13811176009892608
8527875,4557686150530816
1318915,18911010489088
8658947,54086791595776
17047555,300377933087488
33824771,18902956442368
9445379,53957675190016
180227,4522510368375553
311299,18911009440513
8437763,53957674141441
212995,4524563362743043
344067,20964003808003
606211,302369992606483
2179075,302369992610563
4276227,4805969619976963
16859139,302370261041923
33636355,20895284396803
9453571,53888955713281
622595,284855115973393
1146883,3397320180481
2195459,284855115977473
4292611,4788454743343873
8486915,20972325308161
16875523,284855384408833
33652739,3380407763713
425987,4505193328673536
688131,4786393159041808
1212419,4504935363248896
2260995,4786393159045888
8552451,4522510368376576
16941059,4786393427477248
33718275,4504918450832128
819203,282793800106768
1343491,1336004313856
2392067,282793800110848
4489219,4786393427477248
8683523,18911009441536
2654211,845606046143248
4751363,5349205673509648
17334275,845606314574608
6324227,5349205673513728
18907139,845606314578688
21004291,5349205941945088
50364419,282656898089728
458755,4507108884087553
1245187,4506979767681793
4390915,13795645408150273
1376259,3380408746753
17104899,284847331345153
33882115,3372354700033
1638403,284786397545233
2686979,847727759987473
4784131,5351327387353873
17367043,847728028418833
3211267,284786397549313
5308419,4788386024915713
9502723,20903606880001
17891331,284786665980673
34668547,3311689335553
6356995,5351327387357953
18939907,847728028422913
21037059,5351327655789313
50397187,284778611933953
1441795,4504918451815168
4587523,13793584092283648
17170435,4786385374413568
33947651,4504910397768448
4849667,14356396338316048
5373955,13793454975877888
6422531,14356396338320128
21102595,14356396606751488
17563651,845598261510928
18087939,282656899072768
34865155,1181922427648
19136515,845598261515008
21233667,5349197888881408
3670019,845537327715088
5767171,5349136955081488
18350083,845537596146448
50855939,845529542099728
7340035,5349136955085568
19922947,845537596150528
22020099,5349137223516928
51380227,282588179661568
52428803,845529542103808
54525955,5349129169470208
65565,4506898162324243
33554509,1100317135123
2573,3298585284913
66061,3298551730483
69645,3367254430003
8405005,53876069831443
589837,284773511663923
2162701,284773511672083
8454157,20890720998163
33619981,3298803519763
2621453,845524441837873
1077,13511902739108608
2101,4506902507623168
65621,4506898430759683
33554517,4504699944506113
1173,13514097434891008
131221,13514166137590528
1048725,4506902460437248
2097301,4788373140091648
4194453,13795572394824448
33554581,4506898431939328
2097429,5366716255253248
4194581,14373915509986048
1557,13511898444141328
2581,4506898212655888
66581,13514097433842433
2098197,13793373387305728
33555477,13511898679153408
133141,13514166153319168
2099221,4788373155820288
4196373,13795572410553088
33556501,4506898447667968
135189,13512104552239888
139285,13529696738284288
81941,4524490348368643
163861,13512108847207168
196629,13514166136541953
2162709,4788373139043073
4259861,13795572393775873
33619989,4506898430890753
393237,13512104820675328
2228245,13793442090005248
33685525,13511967381852928
33816597,4504768663982848
2621461,5349124069208848
4718613,14356323323941648
18874389,5349124337644288
35651605,4786174384354048
20971541,14356323592377088
37748757,13793373639086848
50331669,4786174921216768
1048741,3311439778048
34853,3380189663488
1050661,3311471235328
2099237,284777856971008
8390693,20895066297088
33556517,3303148818688
33554629,3299341439233
33556549,3299357167873
8405061,53876338266883
33570885,18692503179523
327749,3368059736323
2162757,284773780107523
8454213,20890989433603
16842821,284774316970243
18874437,845525247144193
35651653,282575293853953
41943109,18692503180033
2097541,865315652186368
8388997,337550070846208
8396933,56143813612288
8405125,56075094135553
1081477,3380142477568
33816709,3368060915968
2621573,847723466141968
3145861,284777809785088
9437317,20895019111168
34603141,3303101632768
6291589,5351323093512448
10485893,302365698765568
18874501,847723734577408
35651717,284773781287168
41943173,20890990613248
50331781,284774318149888
2099461,865315667915008
8390917,337550086574848
2105605,898369719447808
82181,337550069797123
2113797,898300999971073
2162949,865315651137793
8454405,337550069797633
8913157,898300999963408
35651845,863116896448768
12583173,5401900627333888
25166085,898301268398848
41943301,335351315108608
50331909,863117433311488
6661,3367304761648
526853,284773561995568
2099717,284773562003728
8391173,20890771329808
33556997,3298853851408
2621957,845524458615088
134149,13514166186873088
2100229,4788373189374208
4197381,13795572444107008
8391685,4524490398700288
33557509,4506898481221888
6292485,14356323340726528
8398853,56143829340928
8407045,56075109864193
33818629,3368076644608
2623493,847723481870608
6293509,5351323109241088
10487813,302365714494208
18876421,847723750306048
35653637,284773797015808
41945093,20891006341888
50333701,284774333878528
8400901,54082228261648
33820677,1306475565328
2625541,845593161314608
90117,56143812563203
8429573,54086523228928
8462341,56143812563713
8527877,4557681855632128
8658949,54082496697088
33824773,18898661609728
10493957,335419766027008
41951237,53945057874688
2179077,302365697716483
33636357,20890989564163
10502149,335351046550273
41959429,53876338397953
33849349,1310770532608
33882117,3368059867393
2686981,847723465093393
6356997,5351323092463873
10551301,302365697716993
18939909,847723733528833
35717125,284773780238593
42008581,20890989564673
50397189,284774317101313
33947653,4504906102935808
6422533,14356392043426048
19136517,845593966620928
35913733,282644013330688
42205189,18761222656768
11010053,863116627882768
36175877,845524710404368
50855941,845525247267088
14680069,5366716255253248
39845893,5349124337774848
27262981,863116896318208
44040197,300166943027968
54525957,5349124874637568
58720261,300167479890688
569,4504703484298033
1081,13511902739038993
2105,4506902507553553
65593,4506902473999123
217,4506898431738643
601,4504699424211763
1113,13511898678952723
2137,4506898447467283
4185,4504768126911283
65625,4506898430690071
131161,13511967381652243
262233,4504768663782163
524377,4786174384145203
4194393,13793373638886163
16777305,4786174921016083
33554521,4504699944370963
665,4506898180080433
1177,13514097434821393
4249,4506966882779953
16537,4524490349347603
65689,4511296209814291
131225,13514166137520913
524441,4788373140013873
1048729,4506902460367633
4194457,13795572394754833
16665,4838950673842963
65817,4805965325009683
524569,5366716255175473
4194585,14373915509916433
16921,4522291341820723
131609,13511967129994033
4194841,13793373387227953
5145,13511967129994033
17433,13529490596561683
525337,13793373387227953
6169,4506966898508593
18457,4524490365076243
67609,4511296225542931
133145,13514166153249553
526361,4788373155742513
4196377,13795572410483473
12313,4522497483473713
20505,4522360044520243
36889,4504909592396593
266265,4504905565864753
4198425,13793442089927473
24601,4557544416609043
73753,4524559067775763
139289,13529696738214673
81945,4524490348299031
147481,13529559299261203
540697,4803766301754163
4210713,13810965556495123
8405017,4557475697133331
98329,4506971176698643
163865,13512108847137553
327705,4506967150166803
1114137,4506902458270483
2162713,4788373138969363
8454169,4524490348300051
16842777,4788373407400723
33619993,4506898430755603
393241,13512104820605713
655385,13793442089927473
2621465,5349124069135153
17301529,5349124337566513
6291481,14356323323876113
20971545,14356323592307473
617,1104125362483
2153,3303148618003
681,3302881231153
1048745,3311439708433
2601,3302947291441
16937,18696042971443
33321,1181166338353
1049129,1112447910193
8389161,18696042971953
66601,4506902507553043
6185,3371599659313
18473,20895066226963
34857,3380189593873
67625,7700926693651
526377,284777856893233
1050665,3311471165713
8390697,20895066227473
36905,1318571737393
69673,3371566104883
8405033,53880381506323
98345,3380156039443
589865,284777823338803
1114153,3311437611283
8454185,20895032673043
713,3298821144883
4297,3367523844403
262345,3368060715283
524489,284773781078323
1048777,3303101432083
8388809,20890990412563
16777417,284774317949203
33554633,3299341304083
524617,863116896239923
8388937,335351314907923
16777545,863117433110803
1609,4504699457765683
66121,3298820096311
262729,1169053188403
8389193,18691982885683
16777801,282575310422323
33555017,1100333777203
3145,4506898481021203
6217,3367539573043
264265,3368076443923
526409,284773796806963
8390729,20891006141203
16779337,284774333677843
33556553,3299357032723
12361,18898124538163
36937,1310233461043
69705,3367522795831
135241,4504905565864243
8392777,18760685585203
16781385,282644013121843
33558601,1169036476723
270409,18898661409043
8396873,53945057674003
81993,20890989363487
8405065,53876338197271
294985,1310770331923
327753,3368059666711
589897,284773780029751
8454217,20890989363991
16842825,284774316900631
33620041,3299340255511
393289,4504906102735123
786505,282644013121843
8650825,18761222456083
2621513,845524710199603
4718665,5349124337566003
8912969,300166942819123
34078793,282575293710643
18874441,845525247070483
20971593,5349124874436883
25165897,300167479690003
41943113,18692503044883
16777,337550070776083
524681,865315652108593
8389001,337550070776593
1673,4506898213634353
2697,7696632774961
17033,20890738753843
66185,7696599220531
1049225,3302849773873
8389257,20890738754353
67721,16492692242707
12425,21096880406833
20617,20959441453363
37001,3508989329713
69769,7765301920051
135305,4507104321732913
266377,3504962797873
1052809,3371552473393
8392841,20959441453873
24713,56143813542163
8396937,56143813542673
540809,302365698687283
1065097,20895019041043
1081481,3380142407953
589961,289171559153971
1114249,7700879507731
8454281,25288768488211
1573001,284777809707313
2621577,847723466068273
4718729,5351323093434673
8913033,302365698687793
17301641,847723734499633
9437321,20895019041553
2825,302365747970353
17161,335351063249203
66313,302365714415923
8389385,335351063249713
18697,337550086504723
526601,865315667837233
8390921,337550086505233
12553,335557204902193
20745,335419765948723
69897,302434417115443
8392969,335419765949233
73993,337618789204243
532745,898369719370033
82185,337550069727511
2113801,898300999897363
4210953,5401900627263763
8405257,405719790650131
16793865,898301268328723
2162953,865315651064083
4260105,5368915278430483
16843017,865315919495443
10486025,898300999897873
12583177,5401900627264273
25166089,898301268329233
3593,4506898279694641
17929,4522291375374643
132617,13511967163547953
4195849,13793373420781873
8390153,4522291375375153
6665,3367304692081
10761,20959490736433
35337,3371599659313
133641,4506966932062513
264713,3367573127473
526857,284773561926001
1051145,3302881231153
2099721,284773561930033
4196873,4788373189296433
16779785,284773830361393
33557001,3298853716273
70153,3367271137651
25097,53944806015283
74249,20959457182003
8397321,53944806015793
82441,20890737705271
98825,3371566104883
197129,4506966898508083
328201,3367539573043
590345,284773528371571
1114633,3302847676723
2163209,284773528375603
4260361,4788373155742003
16843273,284773796806963
33620489,3298820161843
7177,4506966932062513
19465,4524490398630163
68617,4511296259096851
134153,13514166186803473
527369,4788373189296433
4197385,13795572444037393
8391689,4524490398630673
70665,4506966898508083
136201,13512104568946993
8406025,4557475713909523
197641,13514166153249043
590857,4788373155742003
4260873,13795572410482963
8455177,4524490365076243
4719625,14356323340648753
14345,21096896135473
22537,20959457182003
38921,3509005058353
71689,7765317648691
137225,4507104337461553
268297,3504978526513
8394761,20959457182513
26633,56143829270803
8398857,56143829271313
542729,302365714415923
591881,289171574882611
8456201,25288784216851
2623497,847723481796913
4720649,5351323109163313
8914953,302365714416433
17303561,847723750228273
53257,18902151070003
86025,20959440404791
151561,4522497483473203
282633,18898124538163
1085449,1318556008753
8425481,18902151070513
593929,284842231071091
1118217,3371550376243
2166793,284842231075123
4263945,4788441858441523
16846857,284842499506483
33624073,3367522861363
4329481,13793579528880433
8523785,4522497483473713
8654857,18898124538673
17043465,282781452075313
33820681,1306475430193
57353,54086523158803
90121,56143812493591
155657,4557681855562003
286729,54082496626963
548873,335419765948723
8413193,124313533416211
106505,21101174325523
8429577,54086523159313
204809,4524696506728723
335881,21097147793683
598025,302434417115443
8527881,4557681855562513
8658953,54082496627473
8921097,335419765949233
8437769,53949084205843
606217,302365697638711
8536073,4557544416609043
8667145,53945057674003
2637833,863116627808563
4734985,5366716255174963
17317897,863116896239923
9453577,53880365777683
10502153,335351046476563
12599305,4838950673842963
25182217,335351314907923
41959433,53876338262803
229385,4507108615651603
360457,3509256716563
622601,284846526038323
1146889,3380140310803
8486921,20963735372563
458761,4507104589119763
720905,4788441858441523
4390921,13795641113182483
8585225,4524559067775763
851977,284842499506483
8716297,20959708840723
17104905,284843036377363
33882121,3368059732243
1638409,284777807610163
34144265,284773780095283
9502729,20895016944403
6357001,5351323092390163
10551305,302365697643283
18939913,847723733455123
12648457,4805965325009683
21037065,5351323360821523
25231369,302365966074643
42008585,20890989429523
50397193,284774316966163
4849673,14356392043348273
17563657,845593966543153
11010057,863116627809073
13107209,5366716255175473
25690121,863116896240433
50855945,845525247131953
1137,13511903007474433
2161,4506902775988993
65649,4506902742434563
689,4506902508602128
2225,4511300555113216
32945,4506979784459008
131249,13514170449265408
4194481,13795576706499328
1329,13810969901794048
2353,4805969670308608
4194609,14373919821660928
1585,13511902806147856
2609,4506902574662416
4657,4504772203774768
33329,4504780793709328
66097,4506902507553553
131633,13511971458515728
524849,4786178461008688
1049137,4504712075281168
4194865,13793377715749648
5169,13511971458515728
9265,13529563644560128
17457,13529494925083393
132145,31526369967997696
263217,13511971726951168
525361,13793377715749648
2098225,13793377715753728
4195377,31807776225231616
8389681,13529494925084416
16778289,13793377984185088
33555505,13511903007539968
6193,4506971227030288
10289,4524563413074688
18481,4524494693597953
67633,4511300554064641
264241,4506971495465728
526385,4788377484264208
2099249,4788377484268288
8390705,4524494693598976
16779313,4788377752699648
33556529,4506902776054528
36913,4504918199108368
135217,13512108863914768
41009,4522510385152768
139313,13529701049959168
81969,4524494660043523
98353,4506979783410433
294961,4504918467543808
4227121,13793454991606528
196657,13514170448216833
1114161,4506911064982273
4259889,13795576705450753
393265,13512109132350208
1179697,13511980015944448
4718641,14356327635616528
5242929,13793386273178368
6291505,14356327635620608
20971569,14356327904051968
1233,13514097703256833
16593,4524490617783043
65745,4511296478249731
131281,13514166405956353
262353,4506967688086273
1048785,4506902728803073
4194513,13795572663190273
16777425,4788373945320193
33554641,4506898968675073
16721,4838950942278403
65873,4805965593445123
4194641,14373915778351873
16777553,5366717060481793
1617,13511898712507153
2641,4506898481021713
66129,4506898447467283
17489,13529490864997123
263249,13511967935300353
16778321,13793374192534273
33555537,13511899215889153
18513,4524490633511683
67665,4511296493978371
133201,13514166421684993
264273,4506967703814913
4196433,13795572678918913
16779345,4788373961048833
33556561,4506898984403713
69713,4506967150166803
135249,13512104820605713
266321,4504906102735633
24657,4557544685044483
73809,4524559336211203
139345,13529697006650113
270417,4522498288780033
82001,4524490616734471
147537,13529559567696643
278609,4522360849826563
4210769,13810965824930563
8405073,4557475965568771
16793681,4803767107060483
33570897,4522292130415363
98385,4506971445134083
163921,13512109115572993
294993,4504910397702913
589905,4788373407400723
1114193,4506902726705923
2162769,4788373407404803
8454225,4524490616735491
16908369,13793442895233793
33685585,13511967918588673
4456529,13793442895233793
4718673,14356323592307473
17301585,5349124874437393
6291537,14356323592311553
18874449,5349124874441473
37748817,13793374175822593
1425,13813164597576448
8593,4841218417623808
16785,4841149698147073
131473,13813233300275968
524689,5368915279479568
1048977,4805969623122688
2097553,5368915279483648
8389009,4841149698148096
16777617,5368915547915008
2705,4511296260145936
4753,4506966899557168
131729,13514166154298128
524945,4788373156791088
1049233,4506902477144848
4194961,13795572411532048
5265,13514166154298128
9361,13531758340342528
17553,13531689620865793
33937,13514170449265408
66705,13518495481332481
132241,31528564663780096
263313,13514166422733568
525457,13795572411532048
2098321,13795572411536128
4195473,31809970921014016
8389777,13531689620866816
16778385,13795572679967488
33555601,13514097703322368
67729,4520092319613697
133265,13518564200809216
1050769,4511300523655936
4196497,13799970458043136
12433,4524696507777808
37009,4507108616700688
266385,4507104590168848
528529,4788441859490608
1052817,4506971179844368
4198545,13795641114231568
24721,4559743440913153
41105,4524700802745088
270481,4524696776213248
1056913,4524563365888768
4202641,13813233300275968
8396945,4559743440914176
82065,4528888395858691
147601,13531758323565313
1065105,4524494646412033
4210833,13813164580799233
8405137,4559674721437441
295057,4507108885136128
4227217,13795645409198848
196753,13518564184032001
1114257,4511300506878721
4259985,13799970441265921
655505,13795641114231568
2228369,13795641114235648
4325521,31810039623713536
8519825,13531758323566336
16908433,13795641382667008
33685649,13514166406021888
1310865,4506971448279808
4456593,13795641382667008
17039505,4788442664796928
33816721,4506967688151808
1573009,4788377437078288
2621585,5351323093439248
17301649,5351323361870608
3145873,4788377437082368
9437329,4524494646413056
17825937,4788377705513728
34603153,4506902728868608
18874513,5351323361874688
12583057,13813164580800256
37748881,13795572663255808
50331793,4788373945385728
1809,13810965606826768
2833,4805965375341328
525073,5366716271952688
4195089,14373915526693648
9489,13846218664837888
17681,13846149945361153
66833,13813164596527873
525585,14373915526693648
2098449,14373915526697728
4195601,32388314036175616
8389905,13846149945362176
16778513,14373915795129088
10513,4841218433352448
18705,4841149713875713
133393,13813233316004608
526609,5368915295208208
2099473,5368915295212288
8390929,4841149713876736
16779537,5368915563643648
12561,4839156832273168
135441,13811171714925328
528657,5366784974652208
4198673,14373984229393168
41233,4839161127240448
74001,4841218416575233
270609,4839157100708608
532753,5401969346741008
2105617,5401969346745088
16785681,5401969615176448
147729,13846218648060673
540945,5401900627264273
2113809,5401900627268353
16793873,5401900895699713
164113,13811176009892608
4227345,14373988524360448
196881,13813233299227393
590097,5368915278430993
2162961,5368915278435073
8454417,4841149697099521
16843025,5368915546866433
393489,13811171983360768
655633,14373984229393168
2228497,14373984229397248
4325649,32388382738875136
8519953,13846218648061696
16908561,14373984497828608
4456721,14373984497828608
17039633,5366785779958528
4718865,15499815416759056
8913169,5401900627265296
5243153,14373919805932288
6291729,15499815416763136
10486033,5401900627269376
20971793,15499815685194496
37749009,14373915778417408
25166097,5401900895700736
50331921,5366717060547328
9745,13529559349592848
17937,13529490630116113
34321,13511971458515728
132625,31526365673030416
263697,13511967431983888
1050129,13511902740087568
2098705,13793373420786448
4195857,31807771930264336
8390161,13529490630117136
16778769,13793373689217808
33555985,13511898712572688
10769,4524559118107408
18961,4524490398630673
35345,4506971227030288
68113,4511296259097361
264721,4506967200498448
1051153,4506902508602128
2099729,4788373189301008
8391185,4524490398631696
16779793,4788373457732368
33557009,4506898481087248
12817,4522497500250928
37393,4504909609173808
70161,4506966898508593
266769,4504905582641968
4198929,13793442106704688
139793,13529696754991888
82449,4524490365076243
164369,13512108863914768
197137,13514166153249553
590353,4788373155742513
4260369,13795572410483473
393745,13512104837382928
655889,13793442106704688
2621969,5349124085912368
17302033,5349124354343728
6291985,14356323340653328
20972049,14356323609084688
13329,13529696754991888
37905,13512108863914768
70673,13514166153249553
136209,31526503078429456
267281,13512104837382928
529425,13793442106704688
25617,13564743688127233
42001,13529701049959168
74769,13531758339293953
140305,31544095264473856
271377,13529697023427328
8397841,13564743688128256
8406033,13564674968651521
99345,13514170448216833
164881,31526507373396736
295953,13512109132350208
1082385,13511980015944448
197649,31528564662731521
328721,13514166421684993
590865,13795572410483473
1115153,13514101729788673
2163729,13795572410487553
4260881,31809970919965441
8455185,13531689619818241
16843793,13795572678918913
33621009,13514097702273793
394257,31526503346864896
4326417,67836637635150592
17040401,13793442912011008
33817617,13511967935365888
2622481,14356323340653328
4719633,32370721850131216
17302545,14356323609084688
6292497,32370721850135296
18875409,14356323609088768
20972561,32370722118566656
50332689,13793374192599808
14353,4524696523506448
38929,4507108632429328
268305,4507104605897488
530449,4788441875219248
4200465,13795641129960208
26641,4559743456641793
43025,4524700818473728
272401,4524696791941888
4204561,13813233316004608
8398865,4559743456642816
83985,4528888411587331
149521,13531758339293953
4212753,13813164596527873
8407057,4559674737166081
296977,4507108900864768
1083409,4506979784459008
4229137,13795645424927488
198673,13518564199760641
4261905,13799970456994561
657425,13795641129960208
1181713,13514170449265408
2230289,13795641129964288
4327441,31810039639442176
8521745,13531758339294976
16910353,13795641398395648
33687569,13514166421750528
4458513,13795641398395648
17041425,4788442680525568
33818641,4506967703880448
2623505,5351323109167888
17303569,5351323377599248
5244945,13795576706499328
18876433,5351323377603328
12584977,13813164596528896
37750801,13795572678984448
50333713,4788373961114368
28689,4557681855562513
77841,4524696506729233
143377,13529971616121616
536593,4803972460184368
4206609,13811171714925328
8400913,4557681855563536
86033,4524559067775763
151569,13529696738214673
102417,4507108615652113
167953,13512383725044496
561169,4786384569107248
1085457,4504918183379728
4231185,13793583823848208
331793,4507104589120273
593937,4788441858442033
4263953,13795641113182993
397329,13512379698512656
1183761,13512108848186128
2232337,13793579528885008
4329489,31807978038362896
8523793,13529696738215696
16912401,13793579797316368
33689617,13512104820671248
790545,4786380542575408
4460561,13793579797316368
17043473,4786381079446288
33820689,4504906102801168
2625553,5349192788611888
17305617,5349193057043248
6295569,14356392043352848
20975633,14356392311784208
57361,4557686150529793
286737,4557682123997953
4218897,13846218648060673
106513,4524700801696513
172049,13529975911088896
1089553,4522510369424128
4235281,13811176009892608
8429585,4557686150530816
335889,4524696775164673
4268049,13813233299227393
8462353,4559743439865601
401425,13529971884557056
663569,13811171714925328
1187857,13529701034230528
2236433,13811171714929408
4333585,31825570224407296
16916497,13811171983360768
33693713,13529697006715648
4464657,13811171983360768
8658961,4557682123998976
17047569,4803973265490688
33824785,4522498288845568
4726801,14373984229393168
6299665,14373984229397248
12591121,13846218648061696
20979729,14373984497828608
114705,4524563362743043
180241,13529701033181953
344081,4524559336211203
606225,4805965325009683
1130513,4524494644314883
2179089,4805965325013763
16859153,4805965593445123
33636369,4524490616800003
409617,13529697006650113
8536081,13564743671351041
4734993,14373915509916433
6307857,14373915509920513
12599313,13846149928584961
20987921,14373915778351873
360465,4507108884087553
1146897,4506979767681793
4292625,13795645408150273
426001,13512383993479936
688145,13793583823848208
2261009,13793583823852288
4358161,31807982333330176
8552465,13529701033182976
16941073,13793584092283648
33718289,13512109115638528
1343505,4504918451815168
4489233,13793584092283648
17072145,4786385374413568
33849361,4504910397768448
4751377,14356396338316048
5275665,13793454975877888
6324241,14356396338320128
21004305,14356396606751488
720913,13795641113182993
1245201,13514170432488193
2293777,13795641113187073
4390929,31810039622664961
8585233,13531758322517761
16973841,13795641381618433
33751057,13514166404973313
4522001,13795641381618433
17104913,4788442663748353
33882129,4506967687103233
2686993,5351323092390673
17367057,5351323360822033
5308433,13795576689722113
18939921,5351323360826113
12648465,13813164579751681
37814289,13795572662207233
50397201,4788373944337153
917521,13793579797316368
1441809,13512109116621568
2490385,13793579797320448
4587537,31807978306798336
8781841,13529697006651136
2752529,14356392043352848
4849681,32370790552830736
17432593,14356392311784208
6422545,32370790552834816
19005457,14356392311788288
21102609,32370790821266176
50462737,13793442895299328
4980753,14356392311784208
17563665,5349193593914128
6553617,14356392311788288
19136529,5349193593918208
38010897,13793442895299328
5767185,14356327619887888
6815761,15482223230718736
13107217,14373915509917456
21495825,15482223499150096
38273041,14356323592373008
50855953,5349124874502928
7340049,14356327619891968
22020113,14356327888323328
14680081,14373915509921536
23068689,15482223499154176
39845905,14356323592377088
52428817,5349124874507008
29360145,14373915778352896
1048801,3311708143873
66145,3303148618003
66657,4506902775988483
18529,20895334662403
34913,3380458029313
67681,7701195129091
264289,3372404965633
1050721,3311739601153
8390753,20895334662913
16779361,284778662199553
33556577,3303685554433
8405089,53880649941763
98401,3380424474883
295009,1319377043713
327777,3372371411203
1114209,3311706046723
8454241,20895301108483
16842849,284778628645123
33620065,3303652000003
1048993,302378602463488
8389025,337554382521088
4769,3371600707888
33441,3380190642448
524961,284777857941808
8389281,20895067276048
33953,4506979818012928
132257,13514170482819328
4195489,13795576740053248
8389793,4524494694646528
34977,7778237153536
67745,16497020764417
8390817,25293113787136
37025,3517596041488
1052833,3380159185168
41121,21109782085888
1056929,20972345229568
8396961,56148125287168
1065121,20903625752833
8405153,56079405810433
164001,4507117223411968
295073,3517864476928
1081505,3397339054336
8421537,20972343132928
1114273,7709486219521
1179809,4506979786555648
1310881,3380427620608
1573025,284786416419088
3145889,284786416423168
5243041,4788386043789568
17825953,284786684854528
34603169,3311708209408
525089,863120973103408
8389409,335355391771408
4195617,14373919855214848
8389921,4838955019141888
10529,337623134503168
18721,337554415026433
35105,302447352348928
526625,865319996358928
1050913,302378633920768
2099489,865319996363008
4196641,5368919623729408
16779553,865320264794368
41249,335570106581248
82209,337554381472003
8421665,335432667628288
8454433,337554381472513
8913185,898305311638288
9437473,335363949200128
10486049,898305311642368
12583201,5401904939008768
25166113,898305580073728
3617,4506902708879632
6689,3371666768176
35361,3380256702736
526881,284777924002096
1051169,3311538274576
8391201,20895133336336
12833,18902201401648
70177,3371599659313
135713,4504909642727728
266785,1310283792688
1053217,1181167386928
8393249,18764762448688
41505,18910791336208
8397345,53949134537488
82465,20895066226963
8405537,53880415060753
98849,3380189593873
164385,4504918232662288
295457,1318873727248
557601,282656143049008
8421921,18773352383248
590369,284777856893233
1114657,3311471165713
8454689,20895066227473
1573409,282587424620848
2621985,845528787063088
4719137,5349128414429488
8913441,300171019682608
17302049,845529055494448
9437729,18704633955088
35873,4506979884073216
134177,13514170548879616
1051681,4506911165645056
4197409,13795576806113536
8391713,4524494760706816
37921,4504918232662288
136225,13512108897468688
42017,4522510418706688
140321,13529701083513088
8397857,4557548761907968
82977,4524494693597443
8406049,4557480042431233
99361,4506979816964353
295969,4504918501097728
4228129,13793455025160448
8422433,4522372979753728
197665,13514170481770753
1115169,4506911098536193
4260897,13795576739004673
8455201,4524494693597953
394273,13512109165904128
1180705,13511980049498368
8520737,13529563644560128
4719649,14356327669170448
5243937,13793386306732288
9438241,4522304261325568
6292513,14356327669174528
12583969,13810969901794048
20972577,14356327937605888
14369,21101224657168
137249,4507108665983248
268321,3509307048208
530465,284846576369968
1054753,3380190642448
8394785,20963785704208
26657,56148157792513
141345,4524700852027648
272417,21101493092608
1058849,20972376686848
51233,20972375638273
84001,25293112738051
1067041,20903657210113
100385,7778236104961
559137,284855166304528
1083425,3397370511616
2132001,284855166308608
4229153,4788454793675008
16812065,284855434739968
33589281,3380458094848
1116193,7709517676801
8456225,25293112738561
395297,4507108934418688
1181729,4506979818012928
4327457,13795645458481408
8521761,4524563413074688
1312801,3380459077888
8652833,20964054139648
17041441,284847381676288
33818657,3372405031168
1574945,284786447876368
2623521,847727810318608
4720673,5351327437685008
8914977,302370042938128
17303585,847728078749968
3147809,284786447880448
5244961,4788386075246848
17827873,284786716311808
34605089,3311739666688
6293537,5351327437689088
10487841,302370042942208
18876449,847728078754048
12584993,4805969670308608
20973601,5351327706120448
25167905,302370311373568
41945121,20895334728448
50333729,284778662265088
8400929,54086539936528
102433,3517594992913
561185,282793548448048
8425505,18910757782288
57377,54095129870593
90145,56148124238083
106529,21109781037313
8462369,56148124238593
8527905,4557686167307008
8658977,54086808371968
9445409,53957691966208
114721,20972342083843
8437793,53957690917633
1130529,20903623655683
9453601,53888972489473
229409,4507117222363393
360481,3517863428353
8486945,20972342084353
4358177,13793592430559488
8552481,4522510385152768
8683553,18911026217728
17072161,282794353754368
33849377,1319377109248
9502753,20903623656193
16833,337550339211523
8389057,337550339212033
16777665,865316457414913
67777,16492960678147
266433,3505499668753
24769,56144081977603
270529,21097685713153
8396993,56144081978113
278721,20960246759683
1065153,20895287476483
16793793,302366503993603
33571009,20891527348483
295105,3509794636033
1081537,3380410843393
327873,7766107226371
1114305,7701147943171
8454337,25289036923651
16842945,289172364460291
33620161,7697387815171
393409,4507105127039233
1310913,3372357779713
8650945,20960246760193
17301697,847724271370513
9437377,20895287476993
17825985,284778615013633
34603201,3303638368513
18874561,847724271374593
20971713,5351323898740993
25166017,302366503994113
41943233,20891527348993
18753,337550354940163
8390977,337550354940673
16779585,865316473143553
74049,337619057639683
270657,335558010208513
16785729,898370524676353
82241,337550338162951
278849,335420571255043
540993,898301268328723
2113857,898301268332803
4211009,5401900895699203
8405313,405720059085571
33571137,335351851843843
328001,302435222421763
590145,865315919495443
2163009,865315919499523
4260161,5368915546865923
33620289,302366503010563
8651073,335420571255553
8913217,898301268329233
10486081,898301268333313
12583233,5401900895699713
41943361,335351851844353
67137,4506898481021203
6721,3367573127473
19009,20891039695123
68161,7696900161811
264769,3368109998353
526913,284773830361393
8391233,20891039695633
16779841,284774367232273
33557057,3299390587153
70209,3367539573043
266817,1306492141873
8405569,53876354974483
328257,3368076443923
590401,284773796806963
8454721,20891006141203
16843329,284774333677843
33620545,3299357032723
17302081,845525263843633
19521,4524490667065603
68673,4511296527532291
134209,13514166455238913
265281,4506967737368833
4197441,13795572712472833
8391745,4524490667066113
16780353,4788373994602753
33557569,4506899017957633
8406081,4557475982344963
197697,13514166421684483
328769,4506967703814403
4260929,13795572678918403
8455233,4524490633511683
16843841,4788373961048323
33621057,4506898984403203
394305,13512105374253313
20972609,14356324145955073
268353,3505515397393
26689,56144097706243
272449,21097701441793
8398913,56144097706753
280641,20960262488323
16795713,302366519722243
33572929,20891543077123
297025,3509810364673
329793,7766122955011
8456257,25289052652291
16844865,289172380188931
33622081,7697403543811
395329,4507105142767873
8652865,20960262488833
17303617,847724287099153
18876481,847724287103233
20973633,5351323914469633
25167937,302366519722753
41945153,20891543077633
28737,54082496626963
77889,21097147793683
8400961,54082496627473
282689,18898661409043
8409153,53945057674003
102465,3509256716563
200769,4507104589119763
593985,284842499506483
8458305,20959708840723
16846913,284843036377363
33624129,3368059732243
790593,282781452075313
8654913,18898661409553
17305665,845593966543153
57409,54086791594243
90177,56144080929031
155713,4557682123997443
8413249,124313801851651
16801857,335420571255043
33579073,53945594609923
106561,21101442760963
8429633,54086791594753
204865,4524696775164163
16851009,302435222421763
33628225,20960245776643
8527937,4557682123997953
25174081,335420571255553
41951297,53945594610433
311361,18902956376323
8437825,53949352641283
344129,20960245711111
16859201,302366502945031
33636417,20891526299911
409665,4522498288779523
8536129,4557544685044483
8929345,335351314907923
17317953,863117433110803
9453633,53880634213123
10502209,335351314912003
18890817,863117433114883
12599361,4838950942278403
20987969,5366717060481283
229441,4507108884087043
1146945,3380408746243
8486977,20964003808003
16875585,284847331344643
33652801,3372354699523
1343553,1319361315073
8683585,18902956376833
4390977,13795641381617923
8585281,4524559336211203
16973889,4788442663747843
33751105,4506967687102723
852033,284843036377363
1376321,3372355682563
2424897,284843036381443
4522049,4788442663747843
17104961,284844110119171
33882177,3369133474051
2687041,847723733455123
4784193,5351323360821523
8978497,302365966074643
34144321,284774316966163
9502785,20895285379843
17891393,284778612916483
34668609,3303636271363
6357057,5351323360825603
10551361,302365966078723
35717185,284774316970243
12648513,4805965593445123
37814337,4788373944336643
50397249,284775390707971
4587585,13793580334186753
8781889,4522498288780033
21102657,14356392848654593
25690177,863117433111313
27263041,863117433115393
29360193,5366717060481793
525185,865315668885808
8389505,337550087553808
4195713,14376114550997248
8390017,4841149714924288
8391041,341948134064896
12673,337756229206288
528769,865384371585328
8393089,337618790253328
41345,337760524173568
139649,4841355856576768
270721,337756497641728
532865,900568743674128
1057153,337623087317248
2105729,900568743678208
4202881,5404168371044608
8397185,407987534430976
16785793,900569012109568
82305,341948117287171
541057,900500024197393
1065345,337554367840513
2113921,900500024201473
4211073,5404099651567873
8405377,407918814954241
16793985,900500292632833
1081729,302447305163008
8421761,337623085220608
8454529,341948117287681
4325761,14376183253696768
8520065,4841218417623808
8651137,337619058688768
17039745,865385176891648
1573249,865319949173008
3146113,865319949177088
5243265,5368919576543488
17826177,865320217608448
41943425,337550339277568
50332033,865316457480448
5761,4506966933111088
132737,13514166187852048
525953,4788373190345008
1050241,4506902510698768
4195969,13795572445085968
8390273,4524490399679248
6785,7765352251696
68225,16492725797137
526977,289171609485616
1051265,7700929839376
8391297,25288818819856
12929,21096897184048
37505,3509006106928
135809,4507104338510128
266881,3504979575088
1053313,3371569250608
8393345,20959458231088
8397441,56143830319888
8405633,56075110843153
1081985,3380159185168
1573505,284777826484528
2622081,847723482845488
4719233,5351323110211888
8913537,302365715465008
17302145,847723751276848
9437825,20895035818768
68737,4520092353167617
134273,13518564234363136
1051777,4511300557209856
4197505,13799970491597056
8391809,4528888446190336
136321,13514303593251088
140417,13531895779295488
8397953,4559743457690368
8406145,4559674738213633
164993,13514307888218368
1082497,4506979786555648
394369,13514303861686528
1180801,13514170451362048
8520833,13531758340342528
4719745,14358522364952848
5244033,13795576708595968
9438337,4524494663189248
6292609,14358522364956928
12584065,13813164597576448
20972673,14358522633388288
8398977,60541876830976
84097,34084878287107
8407169,60473157354241
1083521,7778205696256
1116289,16496989307137
8456321,34084878287617
9439361,25293082329856
28801,56281252495633
536705,302571857117488
1060993,21101177471248
8409217,56143813542673
561281,284983966040368
8425601,21101175374608
659585,4788579298443568
1183873,4507108618797328
4329601,13795778553184528
8523905,4524696507777808
790657,284979939508528
1314945,3509259862288
8654977,21097148842768
17043585,284980476379408
33820801,3505499734288
1577089,284846529184048
2625665,847792185545008
4722817,5351391812911408
8917121,302434418164528
17305729,847792453976368
9441409,20963738518288
57473,56285547462913
90241,60541860053251
155777,4559880879866113
286849,56281520931073
1073281,56148110606593
8413313,126512557720321
8462465,60541860053761
1187969,4524700804841728
4333697,13813370739228928
1319041,21101445906688
17047681,302572662423808
33824897,21097685778688
8921217,337618790253328
10494081,337618790257408
12591233,4841218417623808
25174145,337619058688768
41951361,56144082043648
1097857,20972328452353
8437889,56148108509953
1130625,25293065552131
8536193,4559743440913153
8667265,56144081978113
8929409,337550070776593
10502273,337550070780673
12599425,4841149698147073
25182337,337550339212033
41959553,56075362566913
1147009,7778188919041
4358273,13795782848151808
8552577,4524700802745088
8683649,21101443810048
17072257,284984771346688
33849473,3509794701568
1605761,284855119118608
3178625,284855119122688
5275777,4788454746489088
17858689,284855387554048
34635905,3380410908928
9502849,25293065552641
1441921,4507108887232768
4587649,13795778821619968
8781953,4524696776213248
17170561,4788580103749888
33947777,4507105127104768
4849793,14358591067652368
5374081,13795645411295488
9568385,4524563365888768
6422657,14358591067656448
12714113,13813233300275968
21102721,14358591336087808
17563777,847792990847248
9699457,20964006953728
18088065,284847334490368
34865281,3372357845248
19136641,847792990851328
21233793,5351392618217728
25428097,302435223470848
42205313,20960246825728
3670145,847727763132688
5767297,5351327390499088
9961601,302369995752208
18350209,847728031564048
11010177,865315652113168
13107329,5368915279479568
25690241,865315920544528
50856065,847724271436048
7340161,5351327390503168
11534465,302369995756288
19923073,847728031568128
13631617,4805969623122688
22020225,5351327658934528
26214529,302370264187648
42991745,20895287542528
51380353,284778615079168
14680193,5368915279483648
27263105,865315920548608
52428929,847724271440128
29360257,5368915547915008
54526081,5351323898806528
58720385,302366504059648
526081,5366716305506608
4196097,14373915560247568
8390401,4838950724174608
6913,302434467447088
11009,337618839535888
19201,337550120059153
2099969,865315701395728
4197121,5368915328762128
16780033,865315969827088
13057,335557221679408
8393473,335419782726448
533249,898369736147248
82689,337550086504723
541441,898301016670513
590593,865315667837233
8454913,337550086505233
10486529,898301016675088
12583681,5401900644041488
25166593,898301285106448
11521,4841218466906368
19713,4841149747429633
134401,13813233349558528
527617,5368915328762128
2100481,5368915328766208
16780545,5368915597197568
140545,13846356103790848
4203777,14409168618258688
83201,4841149713875203
4211969,14409099898781953
4261121,14376114549948673
8455425,4841149713875713
8520961,13846218664837888
8914177,5401900644041488
10487041,5401900644045568
25167105,5401900912476928
14593,337756244934928
530689,865384387313968
8395009,337618805981968
43265,337760539902208
141569,4841355872305408
272641,337756513370368
534785,900568759402768
2107649,900568759406848
4204801,5404168386773248
8399105,407987550159616
16787713,900569027838208
84225,341948133015811
542977,900500039926033
2115841,900500039930113
4212993,5404099667296513
8407297,407918830682881
16795905,900500308361473
8423681,337623100949248
8456449,341948133016321
4327681,14376183269425408
8521985,4841218433352448
8653057,337619074417408
17041665,865385192620288
9439489,337554382521088
41945345,337550355006208
50333953,865316473209088
78081,337756228157713
2109697,898507158327568
4206849,5402106785693968
8401153,405925949080336
16789761,898507426758928
86273,337618789204243
545025,898369719370033
561409,863327081201968
8425729,335561499869968
594177,865384370536753
8458497,337618789204753
659713,5366922413605168
4329729,14374121668346128
8524033,4839156832273168
790785,863323054670128
8655105,335557473338128
17043713,863323591541008
10490113,898369719374608
12587265,5401969346741008
25170177,898369987805968
90369,407987533381891
8413441,546525998482177
106753,337760523124993
565505,898511453290768
1089793,335570090852608
2138369,898511453294848
4235521,5402111080661248
8429825,405930244047616
16818433,898511721726208
205057,4841355855528193
336129,337756496593153
598273,900568742625553
2171137,900568742629633
4268289,5404168369996033
8462593,407987533382401
16851201,900569011060993
663809,5402106785693968
2236673,5402106785698048
8528129,4909525576450816
16916737,5402107054129408
794881,898507426758928
2367745,898507426763008
4464897,5402107054129408
8659201,405926217515776
33825025,335558010274048
8921345,968738463548176
10494209,968738463552256
12591361,5472338090918656
25174273,968738731983616
50340097,898370524741888
114945,337623084171523
213249,4841218416574723
344321,337619057639683
1130753,337554365743363
33636609,337550338228483
4342017,14409168601481473
17056001,898370524676353
8929537,968669744071441
10502401,968669744075521
12599553,5472269371441921
25182465,968670012506881
50348289,898301805265153
8487169,337623084172033
4358401,14374125963313408
8552705,4839161127240448
8683777,335561768305408
17072385,863327886508288
8945921,898374014337808
9470209,335432651899648
10518785,898374014341888
12615937,5401973641708288
25198849,898374282773248
4391169,14376183252648193
8585473,4841218416575233
8716545,337619057640193
17105153,865385175843073
9502977,337554365743873
42008833,337550338228993
50397441,865316456431873
4587777,14374121936781568
8782081,4839157100708608
17170689,5366923218911488
9044225,5401969346741008
10617089,5401969346745088
25297153,5401969615176448
9175297,898369987805968
10748161,898369987810048
12845313,5401969615176448
42205441,335420571321088
9961729,898305295909648
11010305,2024200906740496
13107457,6527800534106896
25690369,2024201175171856
42467585,898301268394768
11534593,898305295913728
13631745,5401904923280128
26214657,898305564345088
14680321,6527800534110976
27263233,2024201175175936
44040449,898301268398848
29360385,6527800802542336
46137601,5401900895765248
7681,4506966999171376
134657,13514166253912336
527873,4788373256405296
4197889,13795572511146256
8392193,4524490465739536
13825,4522497533804848
38401,4504909642727728
71169,4506966932062513
267777,4504905616195888
4199937,13793442140258608
8394241,4522360094851888
140801,13529696788545808
8398337,4557544466940688
83457,4524490398630163
8406529,4557475747463953
165377,13512108897468688
198145,13514166186803473
591361,4788373189296433
4261377,13795572444037393
8455681,4524490398630673
394753,13512104870936848
656897,13793442140258608
8521217,13529559349592848
2622977,5349124119466288
8914433,4803766352085808
17303041,5349124387897648
6292993,14356323374207248
12584449,13810965606826768
20973057,14356323642638608
23041,20959490736433
72193,7765351203121
530945,284842281402736
1055233,3371600707888
2103809,284842281406768
4200961,4788441908773168
16783873,284842549838128
33561089,3367573193008
27137,56143862825233
43521,21101224657168
141825,4524696557060368
272897,21097198125328
535041,302434467447088
84481,25288817770771
543233,302365747970353
166401,4507108665983248
297473,3509307048208
559617,284846576369968
1083905,3380190642448
8423937,20963785704208
592385,289171608437041
8456705,25288817771281
395777,4507104639451408
657921,4788441908773168
4327937,13795641163514128
8522241,4524559118107408
788993,284842549838128
8653313,20959759172368
17041921,284843086709008
33819137,3368110063888
1575425,284777857941808
34081281,284773830426928
9439745,20895067276048
6294017,5351323142721808
10488321,302365747974928
18876929,847723783786768
12585473,4805965375341328
20974081,5351323411153168
25168385,302366016406288
41945601,20891039761168
50334209,284774367297808
29185,54082244968753
78337,21096896135473
86529,20959457182003
8409601,53944806015793
102913,3509005058353
1085953,1318572785968
8425985,18902167847728
201217,4507104337461553
332289,3504978526513
8458753,20959457182513
4329985,13793579545657648
8524289,4522497500250928
8655361,18898141315888
17043969,282781468852528
33821185,1306492207408
90625,56143829270803
8430081,54086539936528
8462849,56143829271313
8528385,4557681872339728
8659457,54082513404688
8921601,335419782726448
606721,302365714415923
8929793,335351063249713
2687489,847723481796913
4784641,5351323109163313
8978945,302365714416433
17367553,847723750228273
4850177,14356392060125488
17564161,845593983320368
11010561,863116644586288
13107713,5366716271952688
25690625,863116913017648
50856449,845525263909168
15361,4524696557060368
39937,4507108665983248
269313,4507104639451408
531457,4788441908773168
4201473,13795641163514128
8395777,4524559118107408
27649,4559743490195713
44033,4524700852027648
273409,4524696825495808
4205569,13813233349558528
84993,4528888445141251
150529,13531758372847873
4213761,13813164630081793
297985,4507108934418688
1084417,4506979818012928
4230145,13795645458481408
8424449,4524563413074688
199681,13518564233314561
4262913,13799970490548481
8457217,4528888445141761
658433,13795641163514128
1182721,13514170482819328
2231297,13795641163518208
4328449,31810039672996096
16911361,13795641431949568
33688577,13514166455304448
4459521,13795641431949568
8653825,4524559386542848
17042433,4788442714079488
33819649,4506967737434368
2624513,5351323142721808
8915969,4805965375341328
17304577,5351323411153168
5245953,13795576740053248
9440257,4524494694646528
10488833,4805965375345408
18877441,5351323411157248
37751809,13795572712538368
25168897,4805965643776768
41946113,4524490667131648
50334721,4788373994668288
8401921,4557681872339728
201729,13514303592202513
660481,13793579545657648
8524801,13529696754991888
4723713,14356392060125488
91137,4559743456641283
156673,13564881127080193
8430593,4557686167307008
205825,13531895778246913
8463361,4559743456641793
8659969,4557682140775168
12592129,13846218664837888
214017,13531758339293443
4277249,13813164596527363
8537089,13564743688127233
12600321,13846149945361153
230401,13514307887169793
1213441,13512117454897408
8553473,13529701049959168
459777,13514303860637953
8586241,13531758339293953
4785153,14358522363904273
6358017,14358522363908353
12649473,13813164596527873
21038081,14358522632339713
8782849,13529697023427328
17171457,13793580350963968
33948673,13512105374318848
21234689,14356392865431808
13108225,14373915526693648
14681089,14373915526697728
29361153,14373915795129088
54526977,14356324146020608
30721,56281268224273
538625,302571872846128
8411137,56143829271313
563201,284983981769008
1087489,3517596041488
8427521,21101191103248
661505,4788579314172208
4331521,13795778568913168
8525825,4524696523506448
792577,284979955237168
8656897,21097164571408
17045505,284980492108048
33822721,3505515462928
2627585,847792201273648
4724737,5351391828640048
8919041,302434433893168
17307649,847792469705008
59393,56285563191553
92161,60541875781891
157697,4559880895594753
288769,56281536659713
8415233,126512573448961
1091585,21109782085888
8464385,60541875782401
4335617,13813370754957568
17049601,302572678152448
33826817,21097701507328
8923137,337618805981968
9447425,56148125287168
10496001,337618805986048
12593153,4841218433352448
25176065,337619074417408
41953281,56144097772288
8439809,56148124238593
8538113,4559743456641793
8669185,56144097706753
8931329,337550086505233
9455617,56079405810433
10504193,337550086509313
12601345,4841149713875713
25184257,337550354940673
41961473,56075378295553
1214465,4507117223411968
4360193,13795782863880448
8554497,4524700818473728
1345537,3517864476928
8685569,21101459538688
17074177,284984787075328
33851393,3509810430208
9472001,20972343132928
4589569,13795778837348608
8783873,4524696791941888
17172481,4788580119478528
33949697,4507105142833408
4851713,14358591083381008
6424577,14358591083385088
12716033,13813233316004608
21104641,14358591351816448
17565697,847793006575888
19138561,847793006579968
21235713,5351392633946368
25430017,302435239199488
42207233,20960262554368
11012097,865315667841808
13109249,5368915295208208
25692161,865315936273168
50857985,847724287164688
14682113,5368915295212288
27265025,865315936277248
52430849,847724287168768
29362177,5368915563643648
54528001,5351323914535168
58722305,302366519788288
552961,335557204902193
8417281,124450972369681
8433665,54361401066256
602113,302571856068913
8531969,4557956733469456
8663041,54357374534416
2633729,863322786238768
4730881,5366922413605168
17313793,863323054670128
9449473,54086524207888
10498049,335557204906768
12595201,4839156832273168
25178113,335557473338128
41955329,54082496693008
118785,21101174325523
8441857,54086523159313
217089,4524696506728723
348161,21097147793683
610305,302434417115443
8540161,4557681855562513
8671233,54082496627473
8933377,335419765949233
626689,284983964991793
1150977,3517579264273
8491009,21101174326033
1609729,282793532719408
2658305,845734895161648
4755457,5349334522528048
8949761,300377127781168
17338369,845735163593008
9474049,18910742053648
724993,4788579297394993
4395009,13795778552135953
8589313,4524696506729233
856065,284979938459953
8720385,21097147794193
17108993,284980475330833
33886209,3505498685713
2691073,847792184496433
4788225,5351391811862833
8982529,302434417115953
17371137,847792452927793
2756609,5349330227564848
9048065,4803972460184368
17436673,5349330495996208
6426625,14356529482305808
12718081,13811171714925328
21106689,14356529750737168
2887681,845730868629808
4984833,5349330495996208
9179137,300373101249328
34344961,282781452140848
19140609,845731405500688
21237761,5349331032867088
25432065,300373638120208
42209281,18898661475088
11014145,863185347285808
13111297,5366784974652208
25694209,863185615717168
50860033,845593966608688
1105921,54095114141953
8445953,124455267336961
614401,337618789204243
1138689,56148108509443
2187265,337618789208323
4284417,4841218416574723
16867329,337619057639683
33644545,56144080994563
4349953,13846356087013633
8544257,4628050599740161
8675329,124451240805121
17063937,335558010208513
33841153,54083033563393
1155073,21109765308673
8560641,4557961028436736
8691713,54361669501696
8953857,335561499869968
10526721,335561499874048
12623873,4839161127240448
25206785,335561768305408
41984001,54086791660288
4399105,13813370738180353
17113089,302572661375233
33890305,21097684730113
8986625,337618789204753
9510913,56148108509953
10559489,337618789208833
12656641,4841218416575233
25239553,337619057640193
42016769,56144080995073
8790017,4557957001904896
4857857,14374121668346128
9052161,4839156832273168
9576449,4557686151578368
6430721,14374121668350208
10625025,4839156832277248
21110785,14374121936781568
25305089,4839157100708608
42082305,4557682124063488
9183233,335557473338128
17571841,863323591541008
9707521,54086792643328
10756097,335557473342208
19144705,863323591545088
12853249,4839157100708608
21241857,5366923218911488
11018241,898369719374608
13115393,5401969346741008
25698305,898369987805968
14688257,5401969346745088
27271169,898369987810048
29368321,5401969615176448
58728449,335420571321088
245761,4524700801696003
376833,21101442760963
1163265,20972326355203
8568833,4557686150529793
8699905,54086791594753
9486337,53957675188993
475137,4524696775164163
4407297,13813233299226883
17121281,302435222421763
33898497,20960245776643
2703361,865315651064083
4800513,5368915278430483
17383425,865315919495443
6373377,5368915278434563
18956289,865315919499523
21053441,5368915546865923
50413569,302366503010563
8798209,4557682123997953
12730369,13846218648060673
25444353,335420571255553
42221569,53945594610433
11026433,898300999897873
13123585,5401900627264273
25706497,898301268329233
14696449,5401900627268353
27279361,898301268333313
29376513,5401900895699713
58736641,335351851844353
1277953,4507117206634753
4423681,13795782847103233
8617985,4524700801696513
1409025,3517847699713
8749057,21101442761473
17137665,284984770298113
33914881,3509793652993
9535489,20972326355713
4882433,14356533777269008
5406721,13793592414830848
9601025,4522510369424128
6455297,14356533777273088
12746753,13811176009892608
21135361,14356534045704448
17596417,845735700463888
9732097,18911010489088
18120705,282794338025728
34897921,1319361380608
19169281,845735700467968
21266433,5349335327834368
25460737,300377933087488
42237953,18902956442368
4653057,13795778820571393
8847361,4524696775164673
17235969,4788580102701313
34013185,4507105126056193
4915201,14358591066603793
6488065,14358591066607873
12779521,13813233299227393
21168129,14358591335039233
17629185,847792989798673
19202049,847792989802753
21299201,5351392617169153
25493505,302435222422273
42270721,20960245777153
11075585,865315651064593
13172737,5368915278430993
25755649,865315919495953
50921473,847724270387473
14745601,5368915278435073
27328513,865315919500033
52494337,847724270391553
29425665,5368915546866433
54591489,5351323897757953
58785793,302366503011073
5111809,14356529750737168
17694721,5349331032867088
6684673,14356529750741248
19267585,5349331032871168
12976129,13811171983360768
38141953,13793580334252288
25559041,4803973265490688
42336257,4522498288845568
13238273,14373984229393168
14811137,14373984229397248
29491201,14373984497828608
54657025,14356392848720128
25952257,863186152588048
27525121,863186152592128
29622273,5366785779958528
59244545,863117433176848
60817409,863117433180928
62914561,5366717060547328
558,12935303473
33554510,5100474643
36878,219043402033
8405006,52780853170963
2621454,844429225177393
566,4503612562674448
2102,4504712074302208
131126,13510880503337728
2097206,4785087505838848
4194358,13792286760571648
33554486,4503612797686528
33554518,4503604727845633
1048726,4504712027116288
2097430,5365621038592768
4194582,14372820293325568
1558,13510803227480848
3094,13511902739108608
33814,13510880503337728
1049622,13510811784909568
2098198,13792278170645248
33555478,13510803462492928
36886,4503818670773008
135190,13511009335579408
40982,4521410856817408
139286,13528601521623808
294934,4503818939208448
2129942,4785156208538368
4227094,13792355463271168
33587222,4503681500386048
393238,13511009604014848
1179670,13510880487609088
2228246,13792346873344768
33685526,13510872165192448
33816598,4503673447322368
2621462,5348028852548368
4718614,14355228107281168
3145750,4785087490110208
5242902,13792286744843008
34603030,4503612781957888
18874390,5348029120983808
35651606,4785079167693568
20971542,14355228375716608
37748758,13792278422426368
50331670,4785079704556288
33554534,13707186433
2214,3311471235328
2097446,862030017933568
8388902,334264436593408
4646,81654780208
524838,281487912014128
2097702,281487912022288
8389158,17605121348368
33554982,13203869968
132134,13510880536891648
2098214,4785087539392768
4195366,13792286794125568
8389670,4521204748718848
33555494,4503612831240448
67622,3311470186753
2099238,282587423650048
8390694,18704632976128
33556518,1112715497728
8396838,52858179359488
8405030,52789459882753
33816614,82426663168
2621478,844437831889168
6291494,5348037459259648
10485798,299080064512768
18874406,844438100324608
35651622,281488147034368
41943078,17605356360448
50331686,281488683897088
8405062,52781121606403
33570886,17597286519043
294982,219848708353
33587270,82409885953
33620038,1104612102403
34603078,13691457793
18874438,844430030483713
35651654,281480077193473
41943110,17597286519553
1050758,3311439778048
1114246,3311423000833
3145862,282587376464128
9437318,18704585790208
34603142,1112668311808
41222,334470578245888
2105606,897274502787328
2113798,897205783310593
2130182,862098720633088
8421638,334333139292928
8913158,897205783302928
3145990,862030002204928
9437446,334264420864768
35651846,862021679788288
12583174,5400805410673408
25166086,897206051738368
41943302,334256098448128
50331910,862022216651008
37382,219060179248
2621958,844429241954608
164870,13511017942290688
6292486,14355228124066048
8400902,52987011601168
561158,281694020112688
2134022,281694020120848
8425478,17811229446928
33591302,219311968528
33820678,211258904848
2625542,844497944654128
57350,52995601535233
2138118,299286206165248
33595398,17811498012928
8527878,4556586638971648
8658950,52987280036608
33824774,17803444949248
9445382,52858163630848
10493958,334324549366528
41951238,52849841214208
8437766,52858162582273
8470534,53880364798723
9453574,52789444154113
10502150,334255829889793
41959430,52781121737473
2260998,4785293647491328
4358150,13792492902224128
8552454,4521410856817408
33718278,4503818939339008
2392070,281694288556288
8683526,17811497882368
17072134,281694825419008
2654214,844506534588688
6324230,5348106161959168
10518534,299148767212288
18907142,844506803024128
35684358,281556849733888
41975814,17674059059968
50364422,281557386596608
33947654,4503810886275328
6422534,14355296826765568
34865158,82410934528
19136518,844498749960448
35913734,281548796670208
42205190,17666005996288
3670022,844437816160528
11010054,862021411222288
36175878,844429493743888
50855942,844430030606608
7340038,5348037443531008
11534342,299080048784128
19922950,844438084595968
36700166,281488131305728
42991622,17605340631808
51380230,281488668168448
14680070,5365621038592768
39845894,5348029121114368
27262982,862021679657728
44040198,299071726367488
54525958,5348029657977088
58720262,299072263230208
122,4503612797485843
2106,4504712074232593
4154,4503681248527153
16442,4521204715094803
65594,4504712040678163
131130,13510880503268113
524346,4785087505761073
4194362,13792286760502033
602,4503604207551283
1114,13510803462292243
4186,4503672910250803
32858,4503681500185363
131162,13510872164991763
262234,4503673447121683
524378,4785079167484723
1048666,4503612781757203
4194394,13792278422225683
16777306,4785079704355603
33554522,4503604727710483
65690,4506902458270483
1048730,4504712027046673
16666,4837855457182483
524570,5365621038514993
4194586,14372820293255953
2586,4504703484298033
16922,4521196125160243
33306,4503681248527153
66074,4504703450743603
131610,13510871913333553
1049114,4503612530098993
4194842,13792278170567473
3098,13511902739038993
5146,13510871913333553
17434,13528395379901203
33818,13510880503268113
66586,13511902705484563
525338,13792278170567473
1049626,13510811784839953
67610,4506902473999123
12314,4521402266813233
20506,4521264827859763
69658,4504772153443123
266266,4503810349204273
1052698,4503681232798513
4198426,13792346873266993
24602,4556449199948563
40986,4521410856747793
139290,13528601521554193
49178,4521273417794323
147482,13528464082600723
540698,4802671085093683
1064986,4521204699366163
4210714,13809870339834643
8405018,4556380480472851
98330,4504780743377683
294938,4503818939138833
557082,4785156208460593
4227098,13792355463201553
196634,13511971408184083
589850,4786178410677043
1114138,4504712024949523
4259866,13793377665418003
393242,13511009603945233
655386,13792346873266993
1179674,13510880487539473
1572890,4785087490032433
2621466,5348028852474673
17301530,5348029120906033
5242906,13792286744773393
6291482,14355228107215633
20971546,14355228375646993
1130,4503612831039763
2154,1112715297043
4202,81889591603
262250,82426462483
524394,281488146825523
8388714,17605356159763
16777322,281488683696403
33554538,13707051283
682,1112447910193
2218,3311471165713
65706,3311437611283
810,299080097988913
16682,334264436523283
524586,862030017855793
8388906,334264436523793
1578,4503612629713201
2602,1112513970481
4650,81654710641
8746,17673840754993
33322,98834579761
131626,4503681282081073
262698,81923146033
524842,281487911944561
1049130,30116151601
2097706,281487911948593
4194858,4785087539314993
16777770,281488180379953
33554986,13203734833
5162,4503681282081073
17450,4521204748648723
66602,4504712074232083
132138,13510880536822033
525354,4785087539314993
4195370,13792286794055953
8389674,4521204748649233
6186,1181166338353
18474,18704632906003
526378,282587423572273
8390698,18704632906513
12330,17811246154033
20522,17673807200563
36906,236239978801
69674,1181132783923
135210,4503818687480113
266282,219328545073
8392746,17673807201073
24618,52858179289363
8396842,52858179289873
540714,299080064434483
589866,282587390017843
8454186,18704599352083
2621482,844437831815473
4718634,5348037459181873
8912938,299080064434993
17301546,844438100246833
1048778,1112668111123
524618,862021679579443
8388938,334256098247443
16777546,862022216450323
1610,4503604241105203
2634,1104125362483
33354,81889591603
262730,73836527923
1049162,13171163443
8389194,17596766225203
16777802,281480093761843
33555018,5117116723
12362,17802907877683
135242,4503810349203763
1052746,81873862963
8392778,17665468924723
16781386,281548796461363
33558602,73819816243
41034,17811497812243
270410,17803444748563
8396874,52849841013523
8405066,52781121536791
163914,4503818939138323
557130,281556849525043
8421450,17674058859283
16810058,281557386395923
33587274,82409750803
393290,4503810886074643
786506,281548796461363
1310794,82410733843
8650826,17666005795603
1572938,281488131096883
2621514,844429493539123
4718666,5348029120905523
8912970,299071726158643
34078794,281480077050163
9437258,17605340431123
17825866,281488667967763
34603082,13691322643
18874442,844430030410003
20971594,5348029657776403
25165898,299072263029523
41943114,17597286384403
2698,3302881231153
66186,3302847676723
1049226,1112416452913
1050762,3311439708433
37002,1318556008753
69770,3371550376243
1052810,1181119152433
1065098,18704585720083
8405130,53880365777683
98442,3380140310803
589962,284777807610163
8454282,20895016944403
1573002,282587376386353
9437322,18704585720593
17162,334255846588723
8389386,334255846589233
12554,334461988241713
20746,334324549288243
37130,299286206087473
8392970,334324549288753
41226,334470578176273
532746,897274502709553
49418,334333139222803
1065226,334264420794643
2113802,897205783236883
4210954,5400805410603283
8405258,404624573989651
16793866,897206051668243
557322,862098720555313
8421642,334333139223313
590090,863120922771763
8454410,335355341439763
1573130,862030002127153
9437450,334264420795153
10486026,897205783237393
12583178,5400805410603793
25166090,897206051668753
17930,4521196158714163
34314,4503681282081073
67082,4504703484297523
132618,13510871946887473
1050122,4503612563652913
4195850,13792278204121393
8390154,4521196158714673
18954,18696042971443
35338,1181166338353
1051146,1112447910193
8391178,18696042971953
37386,219060109681
25098,52849589354803
41482,17811246154033
8397322,52849589355313
49674,17673807200563
1065482,17605088772403
98826,1181132783923
164362,4503818687480113
295434,219328545073
8421898,17673807201073
1114634,1112414355763
8454666,18696009417523
9437706,17605088772913
68618,4506902507553043
37898,4503818687480113
136202,13511009352286513
8406026,4556380497249043
164874,13511017942221073
4719626,14355228123988273
38922,1318571737393
71690,3371566104883
8407050,53880381506323
100362,3380156039443
591882,284777823338803
1116170,3311437611283
8456202,20895032673043
45066,18086107283761
77834,18902151070003
1060874,17811230425393
151562,4521402266812723
282634,17802907877683
1069066,17673791471923
167946,4504093548609841
299018,494189674801
561162,281694020043121
1085450,236224250161
2134026,281694020047153
4231178,4785293647413553
16814090,281694288478513
33591306,219311833393
200714,4504909592396083
331786,1310233461043
1118218,1181117055283
8458250,18764712117043
1183754,4503818671751473
4329482,13792484312219953
8523786,4521402266813233
1314826,219312816433
8654858,17802907878193
17043466,281686235414833
33820682,211258769713
9441290,17673791472433
155658,4556586638901523
286730,52987279966483
548874,334324549288243
1073162,52858163560723
8413194,123218316755731
106506,18910741004563
565258,299286206087473
8462346,53949084205843
8527882,4556586638902033
8658954,52987279966993
8921098,334324549288753
9445386,52858163561233
180234,4521410856747283
311306,17811497812243
573450,299148767134003
8470538,53880364729111
8536074,4556449199948563
8667146,52849841013523
1589258,299080048705843
2637834,862021411148083
4734986,5365621038514483
17317898,862021679579443
10502154,334255829816083
12599306,4837855457182483
25182218,334256098247443
41959434,52781121602323
229386,4504918182330643
360458,1318823395603
622602,282656092717363
8486922,18773302051603
688138,4785293647413553
4358154,13792492902154513
8552458,4521410856747793
819210,281694288478513
8683530,17811497812753
17072138,281694825349393
33849354,219848704273
2654218,844506534514993
4751370,5348106161881393
8945674,299148767134513
17334282,844506802946353
1638410,282587374289203
2686986,845528736731443
4784138,5349128364097843
8978442,300170969350963
17367050,845529005162803
9502730,18704583623443
4849674,14355296826687793
17563658,844498749882673
3670026,844437816086833
5767178,5348037443453233
9961482,299080048706353
18350090,844438084518193
11010058,862021411148593
13107210,5365621038514993
25690122,862021679579953
50855946,844430030471473
626,4503612831040273
2162,4504712342668033
16498,4521204983530243
65650,4504712309113603
131186,13510880771703553
262258,4503682053833473
4194418,13792287028937473
16777330,4785088311067393
33554546,4503613334422273
690,4504712075281168
65714,4506911064982273
131250,13511980015944448
1048754,4504729223693056
4194482,13793386273178368
818,4802679725359888
2354,4803779236987648
8498,4837932783371008
16690,4837864063894273
131378,13809947666023168
524594,5365629645226768
2097458,5365629645230848
8388914,4837864063895296
16777522,5365629913662208
2610,4504712141341456
8754,4521273468125968
16946,4521204748649233
33330,4503698461950736
66098,4504712074232593
262706,4503681550517008
1049138,4503629743522576
2097714,4785087539319568
8389170,4521204748650256
16777778,4785087807750928
33554994,4503612831105808
6194,4504780793709328
10290,4522372979753728
18482,4522304260276993
34866,4504797973578496
264242,4504781062144768
526386,4786187050943248
1050674,4504729255150336
2099250,4786187050947328
8390706,4522304260278016
16779314,4786187319378688
33556530,4504712342733568
12338,4521410873525008
36914,4503835867349776
266290,4503818955916048
528434,4785156225237808
4198450,13792355479978768
24626,4556457806660353
41010,4521428053394176
270386,4521411141960448
4202546,13809947666023168
8396850,4556457806661376
81970,4522304226722563
147506,13528472689312513
4210738,13809878946546433
8405042,4556389087184641
294962,4503836135785216
1081394,4503732789183232
4227122,13792372659847936
196658,13511980014895873
4259890,13793386272129793
655410,13792355479978768
1179698,13510897684185856
2228274,13792355479982848
4325426,31806753989460736
8519730,13528472689313536
16908338,13792355748414208
33685554,13510880771769088
4456498,13792355748414208
17039410,4785157030544128
33816626,4503682053899008
2621490,5348037459186448
17301554,5348037727617808
5242930,13792303941419776
18874418,5348037727621888
12582962,13809878946547456
37748786,13792287029003008
50331698,4785088311132928
65746,4506902726705923
1048786,4504712295482113
16722,4837855725617923
4194642,14372820561691393
16777554,5365621843821313
1618,13510803495846673
3154,13511903007474433
17490,13528395648336643
33874,13510880771703553
66642,13511902973920003
263250,13510872718639873
1049682,13510812053275393
16778322,13792278975873793
33555538,13510803999228673
67666,4506902742434563
36946,4503818939138833
135250,13511009603945233
266322,4503810886075153
24658,4556449468384003
41042,4521411125183233
139346,13528601789989633
270418,4521403072119553
49234,4521273686229763
147538,13528464351036163
278610,4521265633166083
1065042,4521204967801603
4210770,13809870608270083
8405074,4556380748908291
16793682,4802671890400003
33570898,4521196913754883
98386,4504781011813123
4227154,13792355731636993
16810066,4785157013766913
33587282,4503682037121793
196690,13511971676619523
327762,4504772958749443
1114194,4504712293384963
4259922,13793377933853443
16842834,4786179215983363
33620050,4504704239338243
1179730,13510880755974913
16908370,13792347678573313
33685586,13510872701928193
1310802,4503682038104833
4456530,13792347678573313
4718674,14355228375646993
17301586,5348029657776913
5242962,13792287013208833
17825874,4785088295338753
34603090,4503613318693633
6291538,14355228375651073
18874450,5348029657780993
37748818,13792278959162113
1048978,4803779189801728
4194706,14373919805932288
1682,13511902740087568
2706,4506902508602128
1049234,4504712043823888
33938,13511980015944448
66706,13514101729788673
34962,4506979784459008
133266,13514170449265408
4196498,13795576706499328
37010,4504918183379728
135314,13512108848186128
1052818,4504780746523408
41106,4522510369424128
139410,13529701034230528
1056914,4522372932567808
82066,4524494644314883
1065106,4522304213091073
98450,4506979767681793
295058,4504918451815168
1081490,4504797926392576
4227218,13793454975877888
196754,13514170432488193
4259986,13795576689722113
393362,13512109116621568
1310866,4504781014958848
1573010,4786187003757328
4718738,14356327619887888
3145874,4786187003761408
9437330,4522304213092096
17825938,4786187272192768
34603154,4504712295547648
6291602,14356327619891968
20971666,14356327888323328
1810,13809870390166288
525074,5365621055292208
4195090,14372820310033168
3346,13810969901794048
9490,13845123448177408
17682,13845054728700673
34066,13809947666023168
525586,14372820310033168
1049874,13809878947595008
2098450,14372820310037248
4195602,32387218819515136
8389906,13845054728701696
16778514,14372820578468608
4196626,14373919821660928
12562,4838061615612688
37138,4802885833458448
135442,13810076498264848
528658,5365689757991728
4198674,14372889012732688
270610,4838061884048128
532754,5400874130080528
1057042,4837932767642368
2105618,5400874130084608
16785682,5400874398515968
49426,4837932766593793
82194,4838954968810243
147730,13845123431400193
540946,5400805410603793
1065234,4837864048165633
2113810,5400805410607873
16793874,5400805679039233
295186,4802886101893888
557330,5365698347926288
2130194,5365698347930368
8421650,4837932766594816
16810258,5365698616361728
4260114,14373919804883713
393490,13810076766700288
655634,14372889012732688
1179922,13809947650294528
2228498,14372889012736768
4325650,32387287522214656
8519954,13845123431401216
16908562,14372889281168128
4456722,14372889281168128
17039634,5365690563298048
1573138,5365629629498128
4718866,15498720200098576
8913170,5400805410604816
3146002,5365629629502208
9437458,4837864048166656
17826066,5365629897933568
6291730,15498720200102656
10486034,5400805410608896
20971794,15498720468534016
37749010,14372820561756928
25166098,5400805679040256
50331922,5365621843886848
3602,13511902806147856
9746,13528464132932368
17938,13528395413455633
67090,13511902739038993
132626,31525270456369936
263698,13510872215323408
2098706,13792278204125968
4195858,31806676713603856
8390162,13528395413456656
16778770,13792278472557328
33555986,13510803495912208
6674,4504772203774768
35346,4504780793709328
68114,4506902507553553
133650,13511971458515728
526866,4786178461008688
1051154,4504712075281168
4196882,13793377715749648
12818,4521402283590448
266770,4503810365981488
1053202,4503681249575728
4198930,13792346890044208
41490,4521410873525008
139794,13528601538331408
295442,4503818955916048
557586,4785156225237808
4227602,13792355479978768
393746,13511009620722448
655890,13792346890044208
1180178,13510880504316688
1573394,4785087506809648
2621970,5348028869251888
17302034,5348029137683248
5243410,13792286761550608
6291986,14355228123992848
20972050,14355228392424208
7186,13511971458515728
11282,13529563644560128
19474,13529494925083393
134162,31526369967997696
265234,13511971726951168
527378,13793377715749648
2100242,13793377715753728
4197394,31807776225231616
8391698,13529494925084416
16780306,13793377984185088
33557522,13511903007539968
13330,13528601538331408
136210,31525407861768976
267282,13511009620722448
529426,13792346890044208
1053714,13510880504316688
25618,13563648471466753
140306,31543000047813376
271378,13528601806766848
1057810,13528472690361088
8397842,13563648471467776
50194,13528472689312513
82962,13529494891528963
1066002,13528403970884353
8406034,13563579751991041
99346,13511980014895873
558098,13792355479978768
1082386,13510897684185856
2130962,13792355479982848
4228114,31806753989460736
8422418,13528472689313536
16811026,13792355748414208
33588242,13510880771769088
1115154,13511911296467713
394258,31525408130204416
1180690,31525279013798656
4326418,67835542418490112
1311762,13510880772752128
17040402,13792347695350528
33817618,13510872718705408
1573906,13792286761550608
2622482,14355228123992848
4719634,32369626633470736
17302546,14355228392424208
3146770,13792286761554688
5243922,31806685271032576
9438226,13528403970885376
17826834,13792287029986048
34604050,13510812053340928
6292498,32369626633474816
18875410,14355228392428288
20972562,32369626901906176
50332690,13792278975939328
38930,4504918199108368
137234,13512108863914768
43026,4522510385152768
141330,13529701049959168
83986,4524494660043523
100370,4506979783410433
296978,4504918467543808
4229138,13793454991606528
198674,13514170448216833
1116178,4506911064982273
4261906,13795576705450753
395282,13512109132350208
1181714,13511980015944448
4720658,14356327635616528
5244946,13793386273178368
6293522,14356327635620608
20973586,14356327904051968
28690,4556586638902033
45074,4521685734654736
143378,13528876399461136
536594,4802877243523888
1060882,4521410857796368
4206610,13810076498264848
8400914,4556586638903056
53266,4521410856747793
151570,13528601521554193
102418,4504918182331153
299026,4504093817045776
1085458,4503835851621136
2134034,4785293647418128
8425490,4521410856748816
16814098,4785293915849488
33591314,4503818939204368
200722,13512108847137553
397330,13511284481852176
2232338,13792484312224528
4329490,31806882821702416
8523794,13528601521555216
16912402,13792484580655888
33689618,13511009604010768
790546,4785285325914928
1314834,4503818940187408
4460562,13792484580655888
17043474,4785285862785808
33820690,4503810886140688
1576978,4785156209509168
2625554,5348097571951408
17305618,5348097840382768
5246994,13792355464250128
6295570,14355296826692368
20975634,14355297095123728
90130,4557548711576323
286738,4556586907337473
1073170,4556457790931713
4218898,13845123431400193
106514,4522510368375553
303122,4521686003090176
565266,4802885833458448
1089554,4521428037665536
2138130,4802885833462528
16818194,4802886101893888
33595410,4521411125248768
204818,13529701033181953
401426,13528876667896576
663570,13810076498264848
2236434,13810076498268928
4333586,31824475007746816
16916498,13810076766700288
33693714,13528601790055168
1318930,4521411126231808
4464658,13810076766700288
8658962,4556586907338496
17047570,4802878048830208
33824786,4521403072185088
4726802,14372889012732688
5251090,13809947650294528
9445394,4556457790932736
6299666,14372889012736768
12591122,13845123431401216
20979730,14372889281168128
114706,4522372929422083
311314,4521411125183233
4243474,13809947649245953
8437778,4556457789884161
213010,13529563594228483
1130514,4522304210993923
4276242,13810969851462403
8470546,4557479992100611
409618,13528601789989633
1196050,13528472673583873
8536082,13563648454690561
4734994,14372820293255953
5259282,13809878930817793
9453586,4556389071456001
6307858,14372820293260033
12599314,13845054711924481
20987922,14372820561691393
360466,4504918450766593
4292626,13793454974829313
819218,4785293915849488
1343506,4503836120056576
2392082,4785293915853568
8683538,4521411125184256
2654226,5348106161885968
17334290,5348106430317328
5275666,13792372644119296
18907154,5348106430321408
12615698,13809947649246976
37781522,13792355731702528
50364434,4785157013832448
458770,13512109115572993
1245202,13511979999167233
4784146,14356327618839313
5308434,13793386256401153
6357010,14356327618843393
21037074,14356327887274753
917522,13792484580655888
2490386,13792484580659968
4587538,31806883090137856
8781842,13528601789990656
1703954,13792355464250128
2752530,14355296826692368
4849682,32369695336170256
17432594,14355297095123728
3276818,13792355464254208
5373970,31806753973732096
9568274,13528472673584896
17956882,13792355732685568
34734098,13510880756040448
6422546,32369695336174336
19005458,14355297095127808
21102610,32369695604605696
50462738,13792347678638848
4980754,14355297095123728
17563666,5348098377253648
5505042,13792355732685568
18087954,4785157014815488
34865170,4503682038170368
6553618,14355297095127808
19136530,5348098377257728
38010898,13792347678638848
3670034,5348037443457808
18350098,5348037711889168
6815762,15481128014058256
13107218,14372820293256976
21495826,15481128282489616
38273042,14355228375712528
50855954,5348029657842448
19922962,5348037711893248
13631506,13809878930818816
38797330,13792287013274368
51380242,4785088295404288
14680082,14372820293261056
23068690,15481128282493696
39845906,14355228375716608
52428818,5348029657846528
29360146,14372820561692416
2274,3311739601153
65762,3311706046723
16738,334264704958723
8388962,334264704959233
16777570,862030823162113
4706,81923146033
16994,17605389713683
66146,1112715297043
262754,82460016913
524898,281488180379953
8389218,17605389714193
16777826,281488717250833
33555042,13740605713
17506,4521205017084163
66658,4504712342667523
132194,13510880805257473
263266,4503682087387393
4195426,13792287062491393
8389730,4521205017084673
16778338,4785088344621313
33555554,4503613367976193
18530,18704901341443
264290,1181971644673
8390754,18704901341953
16779362,282588228878593
33556578,1113252233473
266338,219865415953
24674,52858447724803
270434,17812051460353
8396898,52858447725313
278626,17674612506883
16793698,299080869740803
33570914,17605893095683
295010,237045285121
327778,1181938090243
8454242,18704867787523
16842850,282588195324163
33620066,1113218679043
393314,4503819492786433
8650850,17674612507393
17301602,844438637117713
18874466,844438637121793
20971618,5348038264488193
25165922,299080869741313
41943138,17605893096193
2466,302378633920768
8389026,335363949200128
2722,3311538274576
4770,1181167386928
66210,3311471165713
524962,282587424620848
1049250,1129629876496
8389282,18704633955088
3234,4506911165645056
66722,4506911098536193
132258,13511980049498368
1049762,4504729257246976
4195490,13793386306732288
8389794,4522304261325568
6306,3380190642448
10402,20972376686848
18594,20903657210113
34978,3397370511616
67746,7709517676801
133282,4506979818012928
264354,3380459077888
526498,284786447876368
2099362,284786447880448
4196514,4788386075246848
16779426,284786716311808
33556642,3311739666688
8396962,53957691966208
82082,20903623655683
8405154,53888972489473
1081506,1232675537152
1114274,3328619577601
8454306,20903623656193
9437346,18721782366976
4898,299148817465648
8994,334333189554448
17186,334264470077713
2097954,862030051414288
4195106,5365629678780688
16778018,862030319845648
9506,4837932816924928
17698,4837864097448193
132386,13809947699577088
525602,5365629678780688
2098466,5365629678784768
16778530,5365629947216128
10530,335432701182208
18722,335363981705473
67874,302378632872193
526626,863129563037968
2099490,863129563042048
4196642,5366729190408448
16779554,863129831473408
12578,334470594953488
528674,862098737332528
8392994,334333156000528
41250,334487774822656
139554,4838070222323968
270626,334470863388928
532770,897283109421328
2105634,897283109425408
4202786,5400882736791808
8397090,404701900178176
16785698,897283377856768
82210,335363948151043
540962,897214389944593
2113826,897214389948673
4210978,5400814017315073
8405282,404633180701441
16793890,897214658380033
8421666,334350335869696
8454434,335363948151553
4325666,14372897619443968
8519970,4837932783371008
8651042,334333424435968
17039650,862099542638848
9437474,334281617441536
41943330,334264705024768
50331938,862030823227648
3618,4504712275558672
5666,4503681349189936
132642,13510880603930896
525858,4785087606423856
4195874,13792286861164816
8390178,4521204815758096
6690,1181233447216
68130,3311537226001
526882,282587490681136
8391202,18704700015376
21026,17673840754993
70178,1181166338353
528930,281556631421296
1053218,98835628336
2101794,281556631425328
4198946,4785156258791728
16781858,281556899856688
33559074,81923211568
25122,52858212843793
41506,17828459577616
139810,4521410907078928
270882,17811548143888
533026,299148817465648
82466,18704632906003
541218,299080097988913
164386,4503835900903696
295458,236541968656
557602,281573811290416
1081890,133195366672
8421922,17691020624656
590370,282587423572273
8454690,18704632906513
393762,4503818989469968
655906,4785156258791728
4325922,13792355513532688
8520226,4521273468125968
786978,281556899856688
8651298,17674109190928
17039906,281557436727568
33817122,82460082448
1573410,281505092862256
34079266,281488180445488
9437730,17622302196496
6292002,5348037492740368
10486306,299080097993488
18874914,844438133805328
12583458,4802679725359888
20972066,5348037761171728
25166370,299080366424848
41943586,17605389779728
50332194,281488717316368
68642,4506911164596481
134178,13511980115558656
4197410,13793386372792576
8391714,4522304327385856
13346,4521410907078928
37922,4503835900903696
267298,4503818989469968
529442,4785156258791728
4199458,13792355513532688
8393762,4521273468125968
25634,4556457840214273
42018,4521428086948096
271394,4521411175514368
4203554,13809947699577088
82978,4522304260276483
148514,13528472722866433
4211746,13809878980100353
295970,4503836169339136
1082402,4503732822737152
4228130,13792372693401856
8422434,4521290647995136
197666,13511980048449793
4260898,13793386305683713
8455202,4522304260276993
656418,13792355513532688
1180706,13510897717739776
2229282,13792355513536768
4326434,31806754023014656
16909346,13792355781968128
33686562,13510880805323008
4457506,13792355781968128
8651810,4521273736561408
17040418,4785157064098048
33817634,4503682087452928
2622498,5348037492740368
8913954,4802679725359888
17302562,5348037761171728
5243938,13792303974973696
9438242,4521221929566976
10486818,4802679725363968
18875426,5348037761175808
37749794,13792287062556928
25166882,4802679993795328
41944098,4521205017150208
50332706,4785088344686848
14370,18910791336208
38946,1335785160976
71714,3380189593873
137250,4504918232662288
268322,1318873727248
530466,282656143049008
8394786,18773352383248
26658,53957724471553
43042,18927971205376
75810,20972375638273
141346,4522510418706688
272418,18911059771648
100386,3397369463041
165922,4504935412531456
296994,1336053596416
1083426,1232706994432
8423458,18790532252416
198690,4506979816964353
329762,3380458029313
591906,284786446827793
1116194,3328651034881
2164770,284786446831873
4261922,4788386074198273
16844834,284786715263233
33622050,3311738618113
395298,4504918501097728
4327458,13793455025160448
8521762,4522372979753728
8652834,18773620818688
17041442,282656948355328
33818658,1181971710208
2623522,845537376997648
4720674,5349137004364048
8914978,300179609617168
17303586,845537645429008
9439266,18721813824256
6293538,5349137004368128
10487842,300179609621248
18876450,845537645433088
12584994,4803779236987648
20973602,5349137272799488
25167906,300179878052608
41945122,18704901407488
50333730,282588228944128
28706,52995618242833
536610,299286222864688
8409122,52858179289873
561186,281711216689456
1085474,270600765712
8425506,17828426023696
659490,4785293664190768
4329506,13792492918931728
8523810,4521410873525008
790562,281694305255728
8654882,17811514589968
17043490,281694842126608
33820706,219865481488
2625570,844506551292208
4722722,5348106178658608
8917026,299148783911728
17305634,844506819723568
57378,53012798112001
90146,53957690917123
155682,4556595245613313
286754,52995886678273
8413218,123226923467521
1089570,17862786810112
8462370,53957690917633
4333602,13810085104976128
17047586,299287028171008
33824802,17812051525888
8921122,334333156000528
9445410,52875360207616
10493986,334333156004608
12591138,4837932783371008
25174050,334333424435968
41951266,52858447790848
8437794,52875359159041
8536098,4556457806660353
8667170,52858447725313
8929314,334264436523793
9453602,52806640730881
10502178,334264436527873
12599330,4837864063894273
25182242,334264704959233
41959458,52789728314113
1212450,4503870228136192
4358178,13792510098800896
8552482,4521428053394176
1343522,270869201152
8683554,17828694459136
17072162,281712021995776
33849378,237045350656
9469986,17725347857152
4587554,13792493187367168
8781858,4521411141960448
17170466,4785294469497088
33947682,4503819492851968
4849698,14355305433399568
6422562,14355305433403648
12714018,13809947666023168
21102626,14355305701835008
17563682,844507356594448
19136546,844507356598528
21233698,5348106983964928
25428002,299149589218048
42205218,17674612572928
11010082,862030017860368
13107234,5365629645226768
25690146,862030286291728
50855970,844438637183248
14680098,5365629645230848
27263010,862030286295808
52428834,844438637187328
29360162,5365629913662208
54525986,5348038264553728
58720290,299080869806848
1050818,3311708143873
1065154,18704854155523
8405186,53880634213123
98498,3380408746243
295106,1319361315073
327874,3372355682563
8454338,20895285379843
16842946,284778612916483
33620162,3303636271363
1310914,1181924458753
9437378,18704854156033
17825986,282588181692673
34603202,1113205047553
41282,334470846611713
270658,334462793548033
16785730,897275308015873
49474,334333407658243
278850,334325354594563
540994,897206051668243
1065282,334264689230083
2113858,897206051672323
4211010,5400805679038723
8405314,404624842425091
33571138,334256635183363
295234,299287011393793
8421698,334333407658753
16810306,862099525861633
8454466,335355609875203
16843074,863121728078083
8651074,334325354595073
8913218,897206051668753
9437506,334264689230593
17826114,862030807433473
10486082,897206051672833
12583234,5400805679039233
41943362,334256635183873
68162,3303148618003
37442,219328545073
266818,211275481393
8405570,52781138314003
295490,219865415953
17302082,844430047183153
68674,4506902775988483
8406082,4556380765684483
164930,13511018210656513
296002,4503819492786433
394306,13511010157592833
20972610,14355228929294593
8407106,53880649941763
100418,3380424474883
297026,1319377043713
329794,3372371411203
1116226,3311706046723
8456258,20895301108483
16844866,284778628645123
33622082,3303652000003
28738,52987279966483
8400962,52987279966993
53314,17811497812243
282690,17803444748563
8409154,52849841013523
102466,1318823395603
299074,494726545681
561218,281694288478513
8425538,17811497812753
16814146,281694825349393
33591362,219848704273
331842,1310770331923
790594,281686235414833
1314882,219849687313
8654914,17803444749073
17305666,844498749882673
155714,4556586907336963
1073218,52858431996163
8413250,123218585191171
16801858,334325354594563
33579074,52850377949443
106562,18911009440003
303170,18086912590081
16818242,299287011393793
33595458,17812034748673
335938,18902956376323
8462402,53949352641283
8527938,4556586907337473
1318978,17812035731713
9445442,52858431996673
25174082,334325354595073
41951298,52850377949953
180290,4521411125182723
16826434,299149572440323
33603650,17674595795203
8470594,53880633164551
409666,4521403072119043
8536130,4556449468384003
1327170,17674596778243
8929346,334256098247443
17317954,862022216450323
17842242,299080854012163
34619458,17605877367043
10502210,334256098251523
18890818,862022216454403
12599362,4837855725617923
20987970,5365621843820803
229442,4504918450766083
8486978,18773570487043
16875586,282656898023683
33652802,1181921378563
426050,4504094353916161
4358210,13792493170589953
8552514,4521411125183233
16941122,4785294452719873
33718338,4503819476074753
819266,281694825349393
1343554,237029556481
2392130,281694825353473
4489282,4785294452719873
17072194,281695899091201
33849410,220922446081
17334338,844507339817233
18907202,844507339821313
21004354,5348106967187713
25198658,299149572440833
41975874,17674595795713
458818,4504910397702403
1376322,1181922361603
8716354,18765517423363
17367106,845529542033683
9502786,18704852058883
17891394,282588179595523
34668610,1113202950403
18939970,845529542037763
21037122,5349129169404163
25231426,300171774657283
42008642,18696798012163
1441858,4503819477057793
4587586,13792485117526273
8781890,4521403072119553
21102658,14355297631994113
9699394,17674596778753
18350146,844438621389073
25690178,862022216450833
19923010,844438621393153
22020162,5348038248759553
26214466,299080854012673
42991682,17605877367553
27263042,862022216454913
29360194,5365621843821313
1051010,302378602463488
8391042,337554382521088
41346,335570090852608
1057154,335432653996288
82306,337554365743363
1065346,335363934519553
8421762,335432651899648
1114498,302378585686273
8454530,337554365743873
1573250,863129515852048
8913282,898305295909648
3146114,863129515856128
5243266,5366729143222528
17826178,863129784287488
10486146,898305295913728
12583298,5401904923280128
25166210,898305564345088
1050242,4504712077377808
6786,3371600707888
35458,3380190642448
526978,284777857941808
8391298,20895067276048
37506,1318572785968
1053314,1181135929648
1114754,3311439708433
1573506,282587393163568
9437826,18704602497808
35970,4506979818012928
134274,13514170482819328
4197506,13795576740053248
8391810,4524494694646528
164994,13512117454897408
1115266,4506911067078913
1180802,13511980018041088
5244034,13793386275275008
9438338,4522304229868288
39042,3517596041488
1054850,3380159185168
43138,21109782085888
1058946,20972345229568
8398978,56148125287168
1067138,20903625752833
8407170,56079405810433
166018,4507117223411968
297090,3517864476928
1083522,3397339054336
8423554,20972343132928
1116290,7709486219521
1181826,4506979786555648
1312898,3380427620608
1575042,284786416419088
3147906,284786416423168
5245058,4788386043789568
17827970,284786684854528
34605186,3311708209408
1060994,18910744150288
8401026,54086524207888
102530,3517579264273
561282,282793532719408
1085570,1335737975056
8425602,18910742053648
1118338,3380142407953
1183874,4504918185476368
1314946,1318826541328
1577090,282656095863088
9441410,18773305197328
57474,54095114141953
90242,56148108509443
1073282,53957677285633
106626,21109765308673
1089666,18927924019456
1122434,20972328452353
8462466,56148108509953
1187970,4522510371520768
8528002,4557686151578368
1319042,18911012585728
8659074,54086792643328
114818,20972326355203
8437890,53957675188993
229506,4507117206634753
360578,3517847699713
1147010,3397322277121
8487042,20972326355713
1212546,4504935365345536
4358274,13793592414830848
8552578,4522510369424128
1343618,1336006410496
8683650,18911010489088
17072258,282794338025728
33849474,1319361380608
9470082,18790485066496
1245314,4506979769778433
1376386,3380410843393
1638530,284786399641873
3211394,284786399645953
5308546,4788386027012353
17891458,284786668077313
34668674,3311691432193
1441922,4504918453911808
5374082,13793454977974528
9568386,4522372932567808
9699458,18773573632768
18088066,282656901169408
34865282,1181924524288
3670146,845537329811728
5767298,5349136957178128
9961602,300179562431248
18350210,845537598243088
7340162,5349136957182208
11534466,300179562435328
19923074,845537598247168
13631618,4803779189801728
22020226,5349137225613568
26214530,300179830866688
42991746,18704854221568
51380354,282588181758208
526082,5365621088846128
4196098,14372820343587088
8390402,4837855507514128
527106,863120973103408
8391426,335355391771408
13058,334462005018928
37634,299286222864688
8393474,334324566065968
41730,334470594953488
533250,897274519486768
541442,897205800010033
557826,862098737332528
8422146,334333156000528
1573634,862030018904368
9437954,334264437572368
10486530,897205800014608
12583682,5400805427381008
25166594,897206068445968
4197634,14373919855214848
8391938,4838955019141888
42242,4838070222323968
140546,13845260887130368
4203778,14408073401598208
4211970,14408004682121473
165122,13810085104976128
4228354,14372897619443968
8422658,4837932783371008
8520962,13845123448177408
8914178,5400805427381008
5244162,14372828901015808
9438466,4837864064942848
10487042,5400805427385088
25167106,5400805695816448
43266,335570106581248
84226,337554381472003
8423682,335432667628288
8456450,337554381472513
8915202,898305311638288
9439490,335363949200128
10488066,898305311642368
12585218,5401904939008768
25168130,898305580073728
45314,334745456083216
1061122,334470579224848
2109698,897411941667088
4206850,5401011569033488
8401154,404830732419856
16789762,897412210098448
53506,334470578176273
545026,897274502709553
2134274,862236159512848
4231426,5365835786879248
16814338,862236427944208
659714,5365827196944688
4329730,14373026451685648
8524034,4838061615612688
790786,862227838009648
8655106,334462256677648
17043714,862228374880528
1577218,862098721603888
9441538,334333140271888
10490114,897274502714128
12587266,5400874130080528
25170178,897274771145488
57602,404839322353921
8413442,545430781821697
106754,335570089804033
172290,4838345083453696
303362,334745724518656
1089794,334487759094016
33595650,334470846677248
663810,5401011569033488
1188098,4838070206595328
2236674,5401011569037568
8528130,4908430359790336
16916738,5401011837468928
794882,897412210098448
1319170,334470847660288
2367746,897412210102528
4464898,5401011837468928
8659202,404831000855296
33825026,334462793613568
1581314,897283093692688
8921346,967643246887696
3154178,897283093696768
5251330,5400882721063168
9445634,404701884449536
17834242,897283362128128
10494210,967643246891776
12591362,5471242874258176
25174274,967643515323136
50340098,897275308081408
114946,335432650850563
180482,4838070205546753
311554,334470846611713
573698,897283092644113
2146562,897283092648193
4243714,5400882720014593
8438018,404701883400961
16826626,897283361079553
606466,898305294860563
1130754,335363932422403
2179330,898305294864643
4276482,5401904922231043
8470786,405724085617411
16859394,898305563296003
4342018,14408073384820993
17056002,897275308015873
1589506,897214374215953
8929538,967574527410961
3162370,897214374220033
5259522,5400814001586433
9453826,404633164972801
17842434,897214642651393
10502402,967574527415041
12599554,5471174154781441
25182466,967574795846401
50348290,897206588604673
8487170,335432650851073
688386,5365835786879248
2261250,5365835786883328
16941314,5365836055314688
819458,862236427944208
2392322,862236427948288
4489474,5365836055314688
33849602,299287011459328
9470210,334350320141056
41976066,334333407724288
50364674,862099525927168
8978690,898305294861073
9502978,335363932422913
10551554,898305294865153
12648706,5401904922231553
25231618,898305563296513
4587778,14373026720121088
8782082,4838061884048128
17170690,5365828002251008
9044226,5400874130080528
5374210,14372897603715328
9568514,4837932767642368
10617090,5400874130084608
25297154,5400874398515968
9175298,897274771145488
9699586,334333408707328
18088194,862099526910208
10748162,897274771149568
12845314,5400874398515968
42205442,334325354660608
11010306,2023105690080016
13107458,6526705317446416
25690370,2023105958511376
42467586,897206051734288
42991874,334264689296128
51380482,862030807499008
14680322,6526705317450496
27263234,2023105958515456
44040450,897206051738368
29360386,6526705585881856
46137602,5400805679104768
13826,4521402317144368
267778,4503810399535408
1054210,4503681283129648
4199938,13792346923598128
8394242,4521264878191408
42498,4521410907078928
140802,13528601571885328
8398338,4556449250280208
8406530,4556380530803473
296450,4503818989469968
558594,4785156258791728
4228610,13792355513532688
8422914,4521273468125968
394754,13511009654276368
656898,13792346923598128
1181186,13510880537870608
8521218,13528464132932368
1574402,4785087540363568
2622978,5348028902805808
8914434,4802671135425328
17303042,5348029171237168
5244418,13792286795104528
9438722,4521204749697808
6292994,14355228157546768
12584450,13809870390166288
20973058,14355228425978128
14850,18902201401648
72194,3371599659313
137730,4504909642727728
268802,1310283792688
1055234,1181167386928
8395266,18764762448688
43522,18910791336208
8399362,53949134537488
84482,20895066226963
8407554,53880415060753
100866,3380189593873
166402,4504918232662288
297474,1318873727248
559618,282656143049008
8423938,18773352383248
592386,284777856893233
1116674,3311471165713
8456706,20895066227473
1575426,282587424620848
2624002,845528787063088
4721154,5349128414429488
8915458,300171019682608
17304066,845529055494448
9439746,18704633955088
29186,52987028308273
45570,18086124060976
1061378,17811247202608
53762,17811246154033
8409602,52849589355313
102914,1318571737393
168450,4504093565387056
299522,494206452016
561666,281694036820336
1085954,236241027376
2134530,281694036824368
4231682,4785293664190768
16814594,281694305255728
33591810,219328610608
1184258,4503818688528688
4329986,13792484328997168
8524290,4521402283590448
1315330,219329593648
8655362,17802924655408
17043970,281686252192048
33821186,211275546928
9441794,17673808249648
57858,52995618242833
565762,299286222864688
8528386,4556586655679248
8659458,52987296744208
8921602,334324566065968
9445890,52858180338448
8438274,52858179289873
8471042,53880381506323
8929794,334255846589233
9454082,52789460861713
688642,4785293664190768
4358658,13792492918931728
8552962,4521410873525008
819714,281694305255728
8684034,17811514589968
17072642,281694842126608
33849858,219865481488
2654722,844506551292208
4751874,5348106178658608
8946178,299148783911728
17334786,844506819723568
4850178,14355296843465008
17564162,844498766659888
3670530,844437832864048
5767682,5348037460230448
9961986,299080065483568
18350594,844438101295408
11010562,862021427925808
13107714,5365621055292208
25690626,862021696357168
50856450,844430047248688
39938,4504918232662288
138242,13512108897468688
44034,4522510418706688
142338,13529701083513088
8399874,4557548761907968
84994,4524494693597443
8408066,4557480042431233
101378,4506979816964353
297986,4504918501097728
4230146,13793455025160448
8424450,4522372979753728
199682,13514170481770753
1117186,4506911098536193
4262914,13795576739004673
8457218,4524494693597953
396290,13512109165904128
1182722,13511980049498368
8522754,13529563644560128
4721666,14356327669170448
5245954,13793386306732288
9440258,4522304261325568
6294530,14356327669174528
12585986,13810969901794048
20974594,14356327937605888
8401922,4556586655679248
168962,13511292820128016
562178,4785293664190768
4232194,13792492918931728
8426498,4521410873525008
660482,13792484328997168
1184770,13511017943269648
8524802,13528601538331408
4723714,14355296843465008
58370,4556595245613313
156674,13563785910419713
173058,13528885006172416
4236290,13810085104976128
1188866,13528610129314048
8659970,4556586924114688
9446402,4556457807708928
12592130,13845123448177408
181250,13528610128265473
8438786,4556457806660353
8471554,4557480008876803
8537090,13563648471466753
9454594,4556389088232193
12600322,13845054728700673
230402,13512117453848833
427010,13511293088563456
689154,13792492918931728
1213442,13511035123138816
2262018,13792492918935808
4359170,31806891428413696
16942082,13792493187367168
33719298,13511018210722048
4490242,13792493187367168
8684546,4521411141960448
17073154,4785294469497088
33850370,4503819492851968
4752386,14355305433399568
6325250,14355305433403648
12616706,13809947666023168
21005314,14355305701835008
1442818,13511018211705088
8782850,13528601806766848
17171458,13792485134303488
33948674,13511010157658368
9569282,13528472690361088
21234690,14355297648771328
5768194,14355236714971408
13108226,14372820310033168
7341058,14355236714975488
13632514,13809878947595008
22021122,14355236983406848
14681090,14372820310037248
29361154,14372820578468608
54526978,14355228929360128
8402946,54086539936528
104450,3517594992913
563202,282793548448048
8427522,18910757782288
59394,54095129870593
92162,56148124238083
108546,21109781037313
8464386,56148124238593
8529922,4557686167307008
8660994,54086808371968
9447426,53957691966208
116738,20972342083843
8439810,53957690917633
1132546,20903623655683
9455618,53888972489473
231426,4507117222363393
362498,3517863428353
8488962,20972342084353
4360194,13793592430559488
8554498,4522510385152768
8685570,18911026217728
17074178,282794353754368
33851394,1319377109248
9504770,20903623656193
61442,53270479372561
94210,54086523158803
552962,334461988241713
1077250,52995602514193
8417282,123355755709201
176130,4522235490468112
307202,18636131533072
569346,299561083994416
8466434,54086523159313
8531970,4556861516808976
8663042,53262157873936
1585154,299286207136048
2633730,862227569578288
4730882,5365827196944688
17313794,862227838009648
10498050,334461988246288
12595202,4838061615612688
25178114,334462256677648
41955330,52987280032528
118786,18910741004563
577538,299286206087473
8474626,53949084205843
8540162,4556586638902033
8671234,52987279966993
8933378,334324549288753
9457666,52858163561233
626690,282793531670833
8491010,18910741005073
430082,4504643572859152
692226,4785568525320496
4362242,13792767780061456
8556546,4521685734654736
823298,281969166385456
8687618,18086375719696
17076226,281969703256336
33853442,494726611216
1609730,281711200960816
34115586,281694288544048
9474050,17828410295056
6328322,5348243600838928
10522626,299286206092048
18911234,844644241903888
12619778,4802885833458448
21008386,5348243869270288
25202690,299286474523408
41979906,17811497878288
50368514,281694825414928
1708034,4785293648462128
2756610,5348235010904368
9048066,4802877243523888
17436674,5348235279335728
5378050,13792492903203088
9572354,4521410857796368
6426626,14355434265645328
12718082,13810076498264848
21106690,14355434534076688
1839106,281694289527088
2887682,844635651969328
4984834,5348235279335728
9179138,299277884588848
34344962,281686235480368
9703426,17811498861328
18092034,281694826397968
34869250,219849752848
19140610,844636188840208
21237762,5348235816206608
25432066,299278421459728
42209282,17803444814608
3674114,844506535563568
5771266,5348106162929968
9965570,299148768183088
18354178,844506803994928
11014146,862090130625328
13111298,5365689757991728
25694210,862090399056688
50860034,844498749948208
188418,4556870106743041
319490,53270747808001
581634,334470578176273
1105922,53012782383361
2154498,334470578180353
4251650,4838070205546753
16834562,334470846611713
33611778,52995869966593
221186,4557686150529283
352258,54086791594243
1138690,53957675188483
8478722,124317828383491
1204226,4556595229884673
4349954,13845260870353153
8544258,4626955383079681
1335298,52995870949633
8675330,123356024144641
17063938,334462793548033
33841154,52987816902913
9461762,123226907738881
434178,4522235758903552
4366338,13810359966105856
17080322,299561889300736
33857538,18086912655616
2662402,862236159512848
4759554,5365835786879248
17342466,862236427944208
6332418,5365835786883328
18915330,862236427948288
21012482,5365836055314688
50372610,299287011459328
8593410,4557686150529793
8724482,54086791594753
9510914,53957675188993
8790018,4556861785244416
4857858,14373026451685648
9052162,4838061615612688
5382146,13810085089247488
6430722,14373026451689728
10625026,4838061615616768
21110786,14373026720121088
25305090,4838061884048128
42082306,4556586907403008
9183234,334462256677648
17571842,862228374880528
18096130,299287012442368
34873346,17812035797248
10756098,334462256681728
19144706,862228374884608
12853250,4838061884048128
21241858,5365828002251008
9969666,334333140271888
11018242,897274502714128
13115394,5400874130080528
25698306,897274771145488
11542530,334333140275968
13639682,4837932767642368
26222594,334333408707328
42999810,52858432062208
14688258,5400874130084608
27271170,897274771149568
29368322,5400874398515968
58728450,334325354660608
245762,4522510368375043
376834,18911009440003
4374530,13810085088198913
17088514,299287011393793
33865730,17812034748673
8962050,334333139223313
9486338,52875343430401
10534914,334333139227393
12632066,4837932766593793
25214978,334333407658753
41992194,52858431013633
8601602,4557548711576323
8732674,53949352641283
8994818,335355341439763
10567682,335355341443843
12664834,4838954968810243
25247746,335355609875203
42024962,53880633230083
8798210,4556586907337473
9584642,4556457790931713
12730370,13845123431400193
9715714,52858431996673
25444354,334325354595073
42221570,52850377949953
9977858,334264420795153
11026434,897205783237393
13123586,5400805410603793
25706498,897206051668753
11550722,334264420799233
13647874,4837864048165633
26230786,334264689230593
43008002,52789712585473
14696450,5400805410607873
27279362,897206051672833
29376514,5400805679039233
58736642,334256635183873
4423682,13793592413782273
8617986,4522510368375553
8749058,18911009440513
17137666,282794336977153
33914882,1319360332033
4620290,13792768048496896
8814594,4521686003090176
17203202,4785569330626816
33980418,4504094353981696
2785282,5348243600838928
9076738,4802885833458448
17465346,5348243869270288
5406722,13792510083072256
9601026,4521428037665536
10649602,4802885833462528
19038210,5348243869274368
37912578,13792493170655488
25329666,4802886101893888
42106882,4521411125248768
50495490,4785294452785408
2916354,844644241903888
5013506,5348243869270288
9207810,299286474523408
34373634,281694825414928
9732098,17828678730496
18120706,281712006267136
34897922,237029622016
6586370,5348243869274368
10780674,299286474527488
35946498,281694825419008
12877826,4802886101893888
38043650,4785294452785408
50626562,281695899156736
11042818,862098720559888
13139970,5365698347926288
25722882,862098988991248
50888706,844507339882768
14712834,5365698347930368
27295746,862098988995328
52461570,844507339886848
29392898,5365698616361728
54558722,5348106967253248
58753026,299149572506368
5111810,14355434534076688
17694722,5348235816206608
5636098,13792493171638528
9830402,4521411126231808
18219010,4785294453768448
34996226,4503819477123328
6684674,14355434534080768
19267586,5348235816210688
12976130,13810076766700288
38141954,13792485117591808
25559042,4802878048830208
42336258,4521403072185088
5898242,14355305417670928
13238274,14372889012732688
7471106,14355305417675008
13762562,13809947650294528
22151170,14355305686106368
14811138,14372889012736768
29491202,14372889281168128
54657026,14355297632059648
18612226,844507340865808
25952258,862090935927568
20185090,844507340869888
22282242,5348106968236288
26476546,299149573489408
43253762,17674596844288
27525122,862090935931648
29622274,5365690563298048
12058626,862030002131728
14155778,5365629629498128
26738690,862030270563088
51904514,844438621454608
59244546,862022216516368
15728642,5365629629502208
28311554,862030270567168
53477378,844438621458688
30408706,5365629897933568
55574530,5348038248825088
59768834,299080854078208
60817410,862022216520448
62914562,5365621843886848
33554524,4503600432877843
1564,13510798932513073
135196,13511005040611633
8405020,4556376185574163
2621468,5348024557580593
4718620,14355223812313393
6291484,14355223812321553
620,4613804083
33554540,5117251603
16940,17596531413043
33324,81654779953
66092,1103856996403
1049132,12936351793
2097708,281479322087473
33554988,4613935153
67628,3302880251923
36908,219060178993
2621484,844429241954353
33554636,1100318183443
524620,862017384681523
2097484,862017384689683
16777548,862017921552403
33554764,299067968262163
1612,4503599946207283
2636,1099830464563
262732,69541630003
2097740,281475262001203
16777804,281475798863923
33555532,4503600449654803
33556556,1100333912083
12364,17798612979763
36940,210721902643
135244,4503806054305843
2101324,281543964700723
16781388,281544501563443
270412,17799149850643
33562700,17661711028243
33570892,17592991551511
294988,211258773523
33587276,73819951123
33620044,1100317134871
393292,4503806591176723
33685580,4503669152354323
786508,281544501563443
2359372,281544501571603
33816652,70598725651
4718668,5348024826007603
34603084,5101522963
6291532,5348024826015763
20971596,5348025362878483
37748812,4785075409588243
41943116,17592991551763
50331724,281476855959571
2700,3298586333233
66188,3298552778803
69772,3367255478323
589964,284773512712243
1114252,3302833066003
2162828,284773512720403
33620108,3298804568083
2621580,845524442886193
17164,334251551690803
2097932,862017133031473
12556,334457693343793
20748,334320254390323
2101516,862085835730993
532748,897270207811633
2105612,897270207819793
4210956,5400801115705363
16793868,897201756770323
33571084,334251803480083
590092,863116627873843
2162956,863116627882003
2621708,1987917023096881
8913164,897201488335153
34078988,862017384812593
10486028,897201488343313
35651852,862017384820753
50331916,862017921683473
17932,4521191863816243
67084,4504699189399603
132620,13510867651989553
2098700,4785074654490673
4195852,13792273909223473
33555980,4503599946338353
18956,18691748073523
2099724,282574538747953
33557004,1099830595633
25100,52845294456883
2114060,299067179610163
8405516,52776574980403
33571340,17592471457843
2163212,282574505193523
33620492,1099797041203
33817100,69541761073
2621964,844424946987121
6291980,5348024574357553
18874892,844425215422513
35652108,281475262132273
50332172,281475798994993
68620,4506898212655123
136204,13511005057388593
2622476,5348024574357553
4719628,14355223829090353
6292492,14355223829098513
71692,3367271206963
591884,284773528440883
2164748,284773528449043
33622028,3298820296723
2623500,845524458614833
77836,18897856172083
2109452,299273321263153
8400908,52982716633393
33566732,17798613110833
53260,17802639511603
151564,4521397971914803
282636,17798612979763
2117644,299135882309683
8409100,52845277679923
33574924,17661174157363
102412,1309965094963
1085452,219044450353
2134028,281685430186033
33591308,210722033713
200716,4504905297498163
331788,1305938563123
2166796,282643207893043
33624076,1168499740723
2232332,4785280762589233
4329484,13792480017322033
33689612,4503806054436913
2363404,281681403654193
17043468,281681940516913
2625548,844493649686641
6295564,5348093277057073
18878476,844493918122033
35655692,281543964831793
50335756,281544501694513
57356,52987011600403
155660,4556582344003603
286732,52982985068563
548876,334320254390323
2121740,334320254398483
33579020,52845546246163
33824780,17799149981713
2629644,862085835730993
33832972,17661711028243
4734988,5365616743616563
8929292,334251534913843
17317900,862017384681523
34095116,299067431391283
6307852,5365616743624723
10502156,334251534922003
18890764,862017384689683
35667980,299067431399443
41959436,52776826769683
50348044,299067968262163
33849356,211258904593
2654220,844497944653873
33882124,1169036611603
4784140,5349124069199923
17367052,845524710264883
34144268,282574756974643
6357004,5349124069208083
18939916,845524710273043
35717132,282574756982803
50397196,282575293845523
33947660,4503806591307793
2752524,5348093277057073
4849676,14355292531789873
6422540,14355292531798033
2883596,844493918122033
17563660,844494454984753
34340876,281544501694513
19136524,844494454992913
35913740,281544501702673
3670028,844429226225713
6815756,6473924464422961
11010060,862017116254513
19398668,1970325105487921
38273036,5348024826138673
39845900,5348024826146833
54525964,5348025363009553
33844,13510880536891648
1049652,13510811818463488
2098228,13792278204199168
8389684,13528395413525248
33555508,13510803496046848
163892,13511017942290688
6291508,14355228124066048
33555540,13510799704396033
8405076,4556376454009603
33570900,4521192618922243
33620052,4504699944505603
393300,13511005845917953
33685588,13510868407095553
6291540,14355224080756993
18874452,5348025362886913
35651668,4785075409596673
20971604,14355224617619713
37748820,13792274664329473
41943124,4521192618922753
3220,13514097468444928
6291604,14356323324997888
2098452,14372816015143168
8389908,13845050433803008
139540,13845256575455488
2105620,5400869835190528
4202772,14408069089923328
2113812,5400801115713793
4210964,14408000370446593
2228500,14372884717842688
8519956,13845119136502528
8913172,5400801115706128
6291732,15498715905208576
35651860,5365617012191488
37749012,14372816266924288
25166100,5400801384141568
41943316,4837851430851328
50331924,5365617549054208
5652,13510867651989808
525844,13792273909223728
2098708,13792273909231888
8390164,13528391118557968
33555988,13510799201079568
135700,13511005057388848
2621972,5348024574357808
4719124,14355223829090608
6291988,14355223829098768
68628,13514097467396353
2100244,13793373420859648
8391700,13529490630185728
33557524,13511898712707328
8397844,13563644176569088
8406036,13563575457092353
33817620,13510868423872768
2622484,14355223829098768
6292500,32369622338580736
10486804,13809866061722368
18875412,14355224097534208
35652628,13792274144243968
41944084,13528391353570048
50332692,13792274681106688
6293524,14356323340726528
8400916,4556582344004368
659476,13792480017322288
2232340,13792480017330448
8523796,13528597226656528
33689620,13511005309178128
33820692,4503806591308048
2625556,5348093277057328
4722708,14355292531790128
6295572,14355292531798288
155668,13563781598744833
8429588,4556586638971648
2236436,13810072203374848
33693716,13528597495222528
8658964,4556582612439808
33824788,4521398777352448
6299668,14372884717842688
10493972,4837919881769728
12591124,13845119136502528
41951252,4556445173617408
8470548,4557475697201923
8536084,13563644159791873
6307860,14372815998365953
10502164,4837851162292993
12599316,13845050417025793
41959444,4556376454140673
1212436,13511017926562048
2261012,13792484312297728
8552468,13528601521623808
33718292,13511009604145408
33849364,4503810886275328
6324244,14355296826765568
6357012,14356323323949313
2490388,13792480285765888
8781844,13528597495091968
17170452,13792480822628608
2752532,14355292531798288
6422548,32369691041280256
10616852,13809934764421888
19005460,14355292800233728
35782676,13792342846943488
42074132,13528460056269568
50462740,13792343383806208
6553620,14355292800233728
19136532,5348094082363648
35913748,4785144129073408
21233684,14355293337096448
38010900,13792343383806208
42205204,4521261338399488
6815764,15481123719164176
11010068,5365616743625488
36175892,5348024826147088
13107220,14372815998358288
38273044,14355224080879888
50855956,5348025363009808
7340052,14355228108337408
23068692,15481123987599616
27262996,5365617012060928
44040212,4802667058770688
29360148,14372816266793728
46137364,13809866313503488
58720276,4802667595633408
33555044,5150806033
33555556,4503604778176513
67684,3303148687363
33556580,1104662433793
33570916,17597303296003
295012,219865485313
33587300,82426662913
33620068,1104628879363
34603108,13708234753
18874468,844430047260673
35651684,281480093970433
1049252,1112450076688
1049764,4504712077447168
34980,3380190711808
2099364,284777858019328
33556644,3303149867008
1114276,3311439777793
3145892,282587393241088
34603172,1112685088768
525092,862021461545008
2097956,862021461553168
2098468,5365621088923648
4195620,14372820343656448
2099492,863120973180928
41252,334470595022848
2105636,897274519564288
2113828,897205800087553
2130212,862098737410048
3146020,862030018981888
10486052,897205800087808
35651876,862021696565248
50331940,862022233427968
12836,17802689843248
135716,4503810131169328
266788,210772234288
1053220,81655828528
2101796,281548041564208
33559076,73333411888
41508,17811279777808
164388,4503818721103888
295460,219362168848
557604,281556631490608
2130468,281556631498768
33587748,81923346448
33817124,73870282768
1573412,281487913062448
4719140,5348028902871088
17302052,844429543936048
34079268,281479590645808
3146276,281487913070608
34603556,13204918288
6292004,5348028902879248
18874916,844429543944208
35652132,281479590653968
50332196,281480127516688
37924,4503818721103888
136228,13511009385910288
42020,4521410907148288
140324,13528601571954688
295972,4503818989539328
2130980,4785156258869248
4228132,13792355513602048
33588260,4503681550716928
394276,13511009654345728
1180708,13510880537939968
2229284,13792346923675648
33686564,13510872215523328
33817636,4503673497653248
2622500,5348028902879248
4719652,14355228157612048
3146788,4785087540441088
5243940,13792286795173888
34604068,4503612832288768
18875428,5348029171314688
35652644,4785079218024448
20972580,14355228426047488
37749796,13792278472757248
50332708,4785079754887168
38948,1318605361168
43044,18910791405568
84004,20895066296323
100388,3380189663233
165924,4504918232731648
296996,1318873796608
2132004,282656143126528
33589284,1181434974208
1116196,3311471235073
2164772,284777856970753
33622052,3303148818433
33818660,1173381910528
2623524,845528787136528
3147812,282587424698368
34605092,1112716546048
6293540,5349128414507008
18876452,845529055571968
35653668,282579102281728
50333732,282579639144448
561188,281694036889648
2134052,281694036897808
33591332,219328745488
33820708,211275681808
2625572,844497961431088
57380,52995618312193
2138148,299286222942208
8429604,52995618312448
33595428,17811514789888
33824804,17803461726208
2261028,4785293664268288
4358180,13792492919001088
33718308,4503818956115968
2392100,281694305333248
17072164,281694842195968
2654244,844506551365648
6324260,5348106178736128
18907172,844506819801088
35684388,281556866510848
50364452,281557403373568
33947684,4503810903052288
6422564,14355296843542528
34865188,82427711488
19136548,844498766737408
35913764,281548813447168
3670052,844437832937488
36175908,844429510520848
50855972,844430047383568
7340068,5348037460307968
19922980,844438101372928
36700196,281488148082688
51380260,281488684945408
39845924,5348029137891328
54525988,5348029674754048
33556676,3299358216193
33571012,18692504227843
327876,3368060784643
1114308,3303101501443
2162884,284773781155843
16842948,284774318018563
34603204,1104615247873
18874564,845525248192513
35651780,282575294902273
270660,334458498650113
2105668,897270476255233
16785732,897271013117953
33562948,334321059827713
278852,334321059696643
540996,897201756770323
4211012,5400801384140803
2163012,863116896317443
16843076,863117433180163
33620292,300167479889923
2359620,862086641037313
34079044,862017921683473
10486084,897201756778753
18874692,1987917828403201
37749060,5365617549053953
25166148,897202293641473
41943364,334252340351233
50331972,862018995425281
33556036,4503600483209233
68164,3298853720083
33557060,1100367466513
266820,206980583473
33559108,69541761073
33571396,17593008328723
33620548,1100333912083
2622020,844425215422513
17302084,844425752285233
34079300,281475798994993
18874948,844425752293393
35652164,281475799003153
68676,4506898481090563
33557572,4504699994836993
33571908,4521192635699203
33621060,4504699961282563
394308,13511005862694913
33686596,13510868423872513
6292548,14355224097533953
18875460,5348025379663873
35652676,4785075426373633
20972612,14355224634396673
37749828,13792274681106433
33572932,18692519956483
329796,3368076513283
2164804,284773796884483
16844868,284774333747203
18876484,845525263921153
35653700,282575310630913
28740,52982985068563
33566788,17799149981713
282692,17799149850643
33574980,17661711028243
33591364,211258904593
331844,1306475434003
33624132,1169036611603
33689668,4503806591307793
790596,281681940516913
2363460,281681940525073
33820740,208037679121
2625604,844493918122033
17305668,844494454984753
34082884,281544501694513
18878532,844494454992913
35655748,281544501702673
57412,52987280035843
155716,4556582612439043
2121796,334320522833923
16801860,334321059696643
33595460,17803444948993
335940,18898661478403
33628228,18761222656003
33693764,4521398777352193
2367556,299274126569473
8659012,52983521939713
33824836,17800223723521
18882628,862086641037313
35659844,299136687747073
41951300,52846083117313
311364,17803444817923
33603652,17666005995523
33636420,18692503179271
409668,4521398777221123
33701956,4521261338398723
2375748,299136687616003
8667204,52846082986243
33833028,17662784770051
2637892,862017384689683
17317956,862017921552403
34095172,299067968262163
34619460,17597287567363
6307908,5365617012060163
10502212,334251803357443
20987972,5365617548922883
37765188,4802667595632643
25182276,334252340220163
50348100,299069042003971
360516,1310770401283
33652804,1173331578883
33718340,4503810886275073
1343556,219849756673
2392132,281686235492353
33849412,212332646401
34635844,82410934273
18907204,844498749960193
35684420,281548796669953
458820,4504906102804483
33751108,4504768663982083
2424900,282644013199363
33882180,1170110353411
2687044,845524710273043
17367108,845525247135763
34144324,282575293845523
34668612,1104613150723
6357060,5349124337643523
21037124,5349124874506243
37814340,4786174921216003
42008644,18692503179523
50397252,282576367587331
2490436,4785281567895553
4587588,13792480822628353
33947716,4503807665049601
6422596,14355292800233473
19005508,5348094082363393
35782724,4785144129073153
21102660,14355293337096193
37879876,13792343383805953
2883652,844494454992913
6553668,5348094082363393
19136580,844495528734721
35913796,281545575444481
50593860,281547722919937
19398724,1970325642358801
38273092,5348025363009553
50856004,844426809380881
19923012,844430031532033
36700228,281480078241793
23068740,6473925269729281
27263044,862017921560833
44040260,299067968270593
54526020,5348026436751361
2099588,865315668963328
2105732,898369720496128
82308,337550070845443
2113924,898301001019393
2163076,865315652186113
3146116,863120925995008
10486148,898301001019648
35651972,863116897497088
50332036,863117434359808
6788,3367305809968
526980,284773563043888
1051268,3302883397648
2099844,284773563052048
33557124,3298854899728
2622084,845524459663408
134276,13514166187921408
1051780,4506902510768128
2100356,4788373190422528
4197508,13795572445155328
33557636,4506898482270208
6292612,14356323341774848
1083524,3380159254528
33818756,3368077692928
2623620,847723482918928
3147908,284777826562048
34605188,3303118409728
6293636,5351323110289408
18876548,847723751354368
35653764,284773798064128
50333828,284774334926848
1085572,1318558175248
33820804,1306476613648
2625668,845593162362928
90244,56143813611523
1089668,18910744219648
33824900,18898662658048
1130628,20895019110403
2179204,302365698764803
8470660,56075094135043
33636484,20890990612483
1147012,3380142477313
1212548,4504918185545728
1343620,1318826610688
33849476,1310771580928
3178628,282656095940608
34635908,1181387788288
33882244,3368060915713
2687108,847723466141713
3211396,284777809784833
34668676,3303101632513
6357124,5351323093512193
18940036,847723734577153
35717252,284773781286913
50397316,284774318149633
33947780,4504906103984128
6422660,14356392044474368
34865284,1173334724608
19136644,845593967669248
35913860,282644014379008
3670148,845528739950608
36176004,845524711452688
50856068,845525248315408
7340164,5349128367321088
19923076,845529008386048
36700292,282579055095808
51380356,282579591958528
39846020,5349124338823168
54526084,5349124875685888
526084,5365616793948208
2098948,5365616793956368
4196100,14372816048689168
527108,863116678205488
2099972,863116678213648
13060,334457710121008
2102020,862085852508208
533252,897270224588848
2106116,897270224597008
541444,897201505112113
2114308,897201505120273
2622212,1987917039874096
8913668,897201505112368
34079492,862017401589808
10486532,897201505120528
35652356,862017401597968
50332420,862017938460688
2100484,5366716305584128
4197636,14373915560316928
140548,13845256592232448
2106628,5400869851967488
4203780,14408069106700288
2114820,5400801132490753
4211972,14408000387223553
2229508,14372884734619648
6292740,15498715921985536
10487044,5400801132491008
35652868,5365617028968448
12584196,14408000387223808
37750020,14372816283701248
50332932,5365617565831168
2107652,898369736224768
84228,337550086574083
2115844,898301016748033
2164996,865315667914753
10488068,898301016748288
35653892,863116913225728
50333956,863117450088448
4206852,5401007274135568
16789764,897407915200528
33566980,334457961910288
545028,897270207811633
2117892,897270207819793
561412,862227569643568
2134276,862227569651728
659716,5365822902046768
2232580,5365822902054928
4329732,14373022156787728
790788,862223543111728
2363652,862223543119888
17043716,862224079982608
33820932,299274126692368
2625796,1987985742573616
8917252,897270207811888
34083076,862086104289328
10490116,897270207820048
35655940,862086104297488
50336004,862086641160208
2121988,967638951997441
565508,897411941732368
1089796,334470579294208
4235524,5401011569102848
16818436,897412210167808
33595652,334462256877568
2171140,898369719447553
663812,5401007274135568
16916740,5401007542571008
33693956,4838057589280768
794884,897407915200528
4464900,5401007542571008
2629892,2023170114662416
34087172,897270476378128
3154180,897274503835648
6299908,6526769742032896
10494212,967638951997696
18882820,2023170383097856
37757188,5400870103748608
2146564,897274502787073
606468,898300999962643
4276484,5401900627333123
16859396,898301268398083
33636612,335351315107843
2244868,5400869835190273
4342020,14408069089923073
2375940,897270476255233
17056004,897271013117953
33833220,334321059827713
2638084,2023101395185681
34095364,897201756901393
3162372,897205784358913
6308100,6526701022556161
10502404,967570232520961
18891012,2023101663621121
37765380,5400801384271873
2261252,5365827197022208
4358404,14373026451755008
2392324,862227838087168
17072388,862228374949888
33849604,299278421659648
3178756,862098721681408
10518788,897274502787328
35684612,862090399264768
50364676,862090936127488
10551556,898300999971073
35717380,863116896448513
50397444,863117433311233
2490628,5365823170490368
4587780,14373022425223168
17170692,5365823707353088
33947908,4802873754062848
6422788,15498784624685056
10617092,5400869835190528
35782916,5365685731667968
12714244,14408069089923328
37880068,14372884986400768
50462980,5365686268530688
34341124,862086641160208
10748164,897270476255488
19136772,1987986547879936
38011140,5365686268530688
25428228,897271013118208
42205444,334321059827968
50594052,862087714902016
6816004,8743316464152592
11010308,2023101395185936
19398916,4239717105217552
36176132,1987917291663376
42467588,897201756901648
50856196,1987917828526096
11534596,897205784359168
36700420,862021680836608
51380484,862022217699328
14680324,6526701022556416
23068932,8743316732588032
39846148,6491516919033856
27263236,2023101663621376
46137604,5400801384272128
54526212,6491517455896576
13828,4521398022246448
38404,4503810131169328
267780,4503806104637488
2102788,4785143373967408
4199940,13792342628700208
33560068,4503668665815088
140804,13528597276987408
165380,13511009385910288
394756,13511005359378448
656900,13792342628700208
2229764,13792342628708368
33687044,13510867920556048
33818116,4503669202685968
17303044,5348024876339248
34080260,4785074923049008
18875908,5348024876347408
35653124,4785074923057168
20973060,14355224131080208
37750276,13792274177789968
50333188,4785075459919888
14852,18897906503728
39428,1310015426608
72196,3367304761393
137732,4504905347829808
268804,1305988894768
2103812,282643258224688
33561092,1168550072368
84484,20890771329043
592388,284773561995313
2165252,284773562003473
33622532,3298853851153
33819140,1169086943248
4721156,5349124119531568
17304068,845524760596528
34081284,282574807306288
6294020,5349124119539728
18876932,845524760604688
35654148,282574807314448
50334212,282575344177168
29188,52982733410353
2109956,299273338040368
8401412,52982733410608
33567236,17798629888048
1085956,219061227568
2134532,281685446963248
33591812,210738810928
2232836,4785280779366448
4329988,13792480034099248
33690116,4503806071214128
2363908,281681420431408
17043972,281681957294128
2626052,844493666463856
6296068,5348093293834288
18878980,844493934899248
35656196,281543981609008
50336260,281544518471728
33825284,17799166758928
2630148,862085852508208
2638340,862017133031473
33849860,211275681808
2654724,844497961431088
2687492,845524458614833
33948164,4503806608085008
2753028,5348093293834288
4850180,14355292548567088
6423044,14355292548575248
2884100,844493934899248
17564164,844494471761968
34341380,281544518471728
19137028,844494471770128
35914244,281544518479888
3670532,844429243002928
6816260,6473924481200176
11010564,862017133031728
19399172,1970325122265136
38273540,5348024842915888
39846404,5348024842924048
54526468,5348025379786768
138244,13512104602570768
142340,13529696788615168
84996,4524490398699523
166916,13512108897538048
199684,13514166186872833
2165764,4788373189373953
4262916,13795572444106753
33623044,4506898481221633
396292,13512104871006208
2231300,13793442140336128
33688580,13511967432183808
33819652,4504768714313728
2624516,5349124119539728
4721668,14356323374272528
18877444,5349124387975168
35654660,4786174434684928
20974596,14356323642707968
37751812,13793373689417728
50334724,4786174971547648
660484,13792480034099248
2233348,13792480034107408
33690628,13511005325955088
33821700,4503806608085008
2626564,5348093293834288
4723716,14355292548567088
6296580,14355292548575248
156676,13563781615521793
2237444,13810072220151808
8528900,13563781615522048
33694724,13528597511999488
33825796,4521398794129408
6300676,14372884734619648
6308868,14372816015142913
1213444,13511017943339008
2262020,13792484329074688
33719300,13511009620922368
33850372,4503810903052288
6325252,14355296843542528
6358020,14356323340726273
2491396,13792480302542848
17171460,13792480839405568
2753540,14355292548575248
6423556,32369691058057216
19006468,14355292817010688
35783684,13792342863720448
50463748,13792343400583168
6554628,14355292817010688
19137540,5348094099140608
35914756,4785144145850368
21234692,14355293353873408
38011908,13792343400583168
6816772,15481123735941136
36176900,5348024842924048
38274052,14355224097656848
50856964,5348025379786768
7341060,14355228125114368
14681092,14372816015143168
23069700,15481124004376576
33822724,1306492342288
2627588,845593178091568
92164,56143829340163
33826820,18898678386688
2181124,302365714493443
8472580,56075109863683
33638404,20891006341123
33851396,1310787309568
33884164,3368076644353
2689028,847723481870353
6359044,5351323109240833
18941956,847723750305793
35719172,284773797015553
50399236,284774333878273
33949700,4504906119712768
6424580,14356392060203008
19138564,845593983397888
35915780,282644030107648
36177924,845524727181328
50857988,845525264044048
39847940,5349124354551808
54528004,5349124891414528
94212,54082228260883
552964,334457693343793
2125828,334457693351953
33583108,52982985199633
33828868,18074027888656
4730884,5365822902046768
8925188,334457693344048
17313796,862223543111728
34091012,299273589821488
6303748,5365822902054928
10498052,334457693352208
18886660,862223543119888
35663876,299273589829648
41955332,52982985199888
50343940,299274126692368
33837060,17799149981713
2641924,862085835730993
33853444,486136811536
1609732,281694021161008
4755460,5348235010969648
17338372,844635652034608
34115588,281685698744368
3182596,281694021169168
34639876,219313016848
6328324,5348235010977808
18911236,844635652042768
35688452,281685698752528
50368516,281686235615248
33886212,1306475565073
2691076,845593161314353
33951748,4504081469214736
17436676,5348230984437808
34213892,4785281031147568
19009540,5348230984445968
35786756,4785281031155728
21106692,14355430239178768
37883908,13792480285888528
50466820,4785281568018448
4984836,5348230984437808
34869252,211259953168
6557700,5348230984445968
21237764,5348231521308688
38014980,4785281568018448
42209284,17799149981968
50597892,281683014389776
3674116,844497945702448
6819844,6473993183899696
11014148,862085835731248
19402756,1970393824964656
38277124,5348093545615408
39849988,5348093545623568
54530052,5348094082486288
122884,54086523228163
1105924,52995602583553
2154500,334461988319233
33611780,52987280166913
221188,4557681855631363
352260,54082496696323
2187268,335419766026243
33644548,53945057873923
2252804,4838057320722433
4349956,13845256575455233
33710084,4556582612570113
2383876,334457961787393
17063940,334458498650113
2646020,897270207819793
6316036,5400869835190273
18898948,897270476255233
35676164,334320522964993
50356228,334321059827713
33857540,18078322855936
2662404,862227569651728
3186692,299286207213568
9478148,52995602583808
34643972,17811499061248
6332420,5365827197022208
10526724,334461988319488
18915332,862227838087168
35692548,299277884796928
41984004,52987280167168
50372612,299278421659648
33890308,18898661609473
33955844,4521673655259136
2760708,5365822902054928
4857860,14373022156787728
10625028,4838057320722688
19013636,5365823170490368
35790852,4802873217200128
12722180,13845256575455488
21110788,14373022425223168
37888004,13810072471932928
42082308,4556582612570368
50470916,4802873754062848
2891780,862223543119888
17571844,862224079982608
34349060,299274126692368
34873348,17803445997568
6561796,5365823170490368
10756100,334457961787648
21241860,5365823707353088
38019076,4802873754062848
25436164,334458498650368
50601988,299275200434176
11018244,897270207820048
36184068,862086104297488
50864132,862086641160208
14688260,5400869835190528
39854084,5365685731667968
27271172,897270476255488
44048388,334320522965248
54534148,5365686268530688
58728452,334321059827968
33865732,17803444948993
33898500,18761222656003
2703364,863116627882003
6373380,5366716255252483
10567684,335351046549763
18956292,863116896317443
35733508,300166943027203
42024964,53876338397443
50413572,300167479889923
33964036,4521398777352193
6438916,14372884717842433
19152900,862086641037313
35930116,299136687747073
42221572,52846083117313
11026436,897201488343313
36192260,862017384820753
50872324,862017921683473
14696452,5400801115713793
39862276,5365617012191233
27279364,897201756778753
44056580,334251803488513
54542340,5365617549053953
58736644,334252340351233
33914884,1310770532353
33980420,4504085764182016
2785284,5348235010977808
4882436,14355434265710608
3309572,4785293648539648
5406724,13792492903272448
34766852,4503818940387328
19038212,5348235279413248
35815428,4785285326123008
21135364,14355434534146048
37912580,13792484580855808
50495492,4785285862985728
2916356,844635652042768
17596420,844636188905488
34373636,281686235615248
3440644,281694289604608
18120708,281694826467328
6586372,5348235279413248
21266436,5348235816275968
38043652,4785285862985728
42237956,17803444949248
50626564,281687309357056
3702788,844506535637008
36208644,844498213220368
50888708,844498750083088
7372804,5348106163007488
19955716,844506804072448
36732932,281556850782208
51412996,281557387644928
39878660,5348097840590848
54558724,5348098377453568
34013188,4504906102935553
6488068,14356392043425793
19202052,845593966620673
35979268,282644013330433
36241412,845524710404113
50921476,845525247266833
39911428,5349124337774593
54591492,5349124874637313
3014660,5348230984445968
5111812,14355430239178768
17694724,5348231521308688
34471940,4785281568018448
34996228,4503810887323648
42336260,4521398777352448
50724868,4785282641760256
6946820,15481192438640656
36306948,5348093545623568
38404100,14355292800356368
50987012,5348094082486288
7471108,14355296827813888
14811140,14372884717842688
23199748,15481192707076096
19660804,1970394361835536
38535172,5348094082486288
51118084,844495528857616
20185092,844498751008768
36962308,281548797718528
23330820,6473993989206016
27525124,862086641037568
44302340,299136687747328
54788100,5348095156228096
37224452,844429494792208
51904516,844430031654928
23592964,8725724546543632
40370180,6473924732989456
44564484,862017384821008
55050244,6473925269852176
59244548,862017921683728
40894468,5348029122162688
55574532,5348029659025408
48234500,5365617012191488
62914564,5365617549054208
632,4503604241105203
1144,13510803495846163
1592,13510803294519601
16952,4521196158714163
33336,4503681282081073
66104,4504703484297523
131640,13510871946887473
1049144,4503612563652913
4194872,13792278204121393
8389176,4521196158714673
5176,13510871946887473
17464,13528395413455123
33848,13510880536822033
66616,13511902739038483
525368,13792278204121393
1049656,13510811818393873
8389688,13528395413455633
67640,4506902507553043
36920,4503818687480113
135224,13511009352286513
8405048,4556380497249043
163896,13511017942221073
4718648,14355228123988273
524632,5365617011982643
4194648,14372816266723603
8388952,4837851430650643
16777560,5365617548853523
2648,4504699457765683
131672,13510867886801203
262744,4503669168931123
4194904,13792274144035123
8389208,4521192098628403
16777816,4785075426165043
33555032,4503600449519923
3160,13511898712506643
5208,13510867886801203
263256,13510868423672083
525400,13792274144035123
8389720,13528391353369363
16778328,13792274680906003
33555544,13510799704260883
12376,4521398240280883
36952,4503810349203763
4198488,13792342846734643
8392792,4521260801327923
16781400,4785144128864563
33558616,4503669152219443
139352,13528597495021843
270424,4521398777151763
8396888,4556445173416723
8405080,4556376453939991
163928,13511009603944723
295000,4503810886074643
655448,13792342846734643
8519768,13528460056068883
16908376,13792343383605523
33685592,13510868406960403
786520,4785144128864563
4456536,13792343383605523
8650840,4521261338198803
2621528,5348024825942323
8912984,4802667058561843
34078808,4785075409453363
6291544,14355224080683283
18874456,5348025362813203
12583000,13809866313302803
37748824,13792274664194323
25165912,4802667595432723
41943128,4521192618787603
1688,13511898445119793
2712,4506898213634353
66200,4506898180079923
3224,13514097468375313
66712,13514097434820883
69784,4506966882779443
135320,13512104553218353
8405144,4557475698180883
196760,13514166137520403
589976,4788373140013363
1114264,4506902460367123
4259992,13795572394754323
8454296,4524490349347603
4718744,14356323324920113
1816,13809866095198513
17176,4837851178991923
4195096,14372816015065393
8389400,4837851178992433
17688,13845050433732883
525592,14372816015065393
8389912,13845050433733393
12568,4838057320644913
20760,4837919881691443
135448,13810072203297073
4198680,14372884717764913
8392984,4837919881691953
139544,13845256575385873
532760,5400869835112753
4202776,14408069089853713
147736,13845119136432403
2113816,5400801115640083
8405272,4908219906392851
16793880,5400801384071443
590104,5366716255174963
4260120,14373915509915923
8454424,4838950673842963
655640,14372884717764913
8519960,13845119136432913
4718872,15498715905130801
10486040,5400801115640593
25166104,5400801384071953
3608,13511898511180081
5656,13510867651920241
9752,13528459837964593
34328,13510871946887473
132632,31525266161402161
263704,13510867920355633
525848,13792273909154161
1050136,13510803228459313
2098712,13792273909158193
4195864,31806672418636081
16778776,13792274177589553
33555992,13510799200944433
18968,4522291375374643
133656,13511967163547953
4196888,13793373420781873
8391192,4522291375375153
135704,13511005057319281
25112,4556444921758003
139800,13528597243363633
8397336,4556444921758513
147992,13528459804410163
4211224,13809866061644083
164376,13511009352286513
197144,13511967129993523
4260376,13793373387227443
8454680,4522291341820723
393752,13511005325754673
8520216,13528459804410673
4719128,14355223829021041
6291992,14355223829025073
12583448,13809866061644593
20972056,14355224097456433
7192,13511967163547953
19480,13529490630115603
527384,13793373420781873
8391704,13529490630116113
13336,13528597243363633
21528,13528459804410163
37912,13511009352286513
70680,13511967129993523
136216,31525403566801201
267288,13511005325754673
8393752,13528459804410673
25624,13563644176498963
8397848,13563644176499473
541720,13809866061644083
590872,13793373387227443
8455192,13529490596561683
2622488,14355223829025073
4719640,32369622338502961
8913944,13809866061644593
17302552,14355224097456433
71704,4506966898508083
137240,13512104568946993
8407064,4557475713909523
198680,13514166153249043
591896,4788373155742003
4261912,13795572410482963
8456216,4524490365076243
4720664,14356323340648753
77848,4522497483473203
143384,13528872104493361
4206616,13810072203297073
53272,4521402266812723
282648,4521398240280883
4214808,13809934764343603
102424,4504909592396083
167960,13511284213416241
1085464,4503818671751473
4231192,13792484312219953
8425496,4521402266813233
331800,4504905565864243
4263960,13793442089926963
8458264,4522360044520243
397336,13511280186884401
659480,13792480017252721
1183768,13511009336557873
2232344,13792480017256753
4329496,31806878526734641
16912408,13792480285688113
33689624,13511005309042993
4460568,13792480285688113
8654872,4521398240281393
17043480,4785281567818033
33820696,4503806591172913
4722712,14355292531720561
6295576,14355292531724593
12587032,13809934764344113
20975640,14355292800155953
57368,4556586638901523
286744,4556582612369683
548888,4837919881691443
4218904,13845119136432403
8413208,4626813649158931
8429592,4556586638902033
204824,13529696738214163
8462360,4557544416609043
663576,13810072203297073
8658968,4556582612370193
4726808,14372884717764913
8921112,4837919881691953
12591128,13845119136432913
180248,13528601521553683
8437784,4556449199948563
8470552,4557475697132311
409624,13528597495021843
671768,13809934764343603
8667160,4556445173416723
2637848,5365616743551283
17317912,5365617011982643
9453592,4556380481520403
6307864,14372815998292243
10502168,4837851162219283
20987928,14372816266723603
25182232,4837851430650643
41959448,4556376454005523
229400,13512108847137043
688152,13792484312219953
1212440,13511017926492433
8552472,13528601521554193
4751384,14355296826687793
458776,13512104820605203
720920,13793442089926963
8585240,13529559299261203
2687000,5349124069134643
8978456,4803766301754163
17367064,5349124337566003
6357016,14356323323875603
12648472,13810965556495123
21037080,14356323592306963
917528,13792480285688113
8781848,13528597495022353
17170456,13792480822558993
33947672,13511005845913873
2752536,14355292531724593
4849688,32369691041202481
9043992,13809934764344113
17432600,14355292800155953
4980760,14355292800155953
17563672,5348094082285873
21233688,14355293337026833
5767192,14355228108259633
6815768,15481123719090481
11010072,5365616743551793
21495832,15481123987521841
38273048,14355224080744753
25690136,5365617011983153
50855960,5348025362874673
14680088,14372815998292753
29360152,14372816266724113
54525976,14355224617615633
744,1104126410803
2280,3303149666323
1048808,1112684888083
872,299071776489523
524648,862021696356403
16777576,862022233227283
1640,4503604308213811
2664,1104192471091
4712,73333211251
8808,17665519255603
17000,17596799778871
66152,1104125362231
131688,4503672960581683
524904,281479590445171
2097768,281479590449203
4194920,4785079217815603
8389224,17596799779123
5224,4503672960581683
33896,4503681550516243
132200,13510872215322643
263272,4503673497452563
525416,4785079217815603
1049704,4503612832088083
4195432,13792278472556563
16778344,4785079754686483
33555560,4503604778041363
6248,1172844838963
34920,1181434773523
67688,3303148617751
264296,1173381709843
526440,282579102072883
1050728,1112716345363
16779368,282579638943763
33556584,1104662298643
12392,17802924654643
135272,4503810365980723
1052776,81890639923
16781416,281548813238323
33558632,73836593203
41064,17811514589203
270440,17803461525523
163944,4503818955915283
557160,281556866302003
16810088,281557403172883
33587304,82426527763
393320,4503810902851603
786536,281548813238323
1310824,82427510803
1572968,281488147873843
2621544,844429510316083
4718696,5348029137682483
34078824,281480093827123
17825896,281488684744723
34603112,13708099603
18874472,844430047186963
20971624,5348029674553363
2728,3302948339761
17064,18696044019763
33448,1181167386673
66728,4506902508601363
1049768,4504712077377553
6312,3371600707633
18600,20895067275283
34984,3380190642193
67752,7700927741971
526504,284777857941553
37032,1318572785713
69800,3371567153203
1052840,1181135929393
1065128,18704602497043
98472,3380157087763
589992,284777824387123
1573032,282587393163313
9000,334324599619633
33576,299148817465393
66344,300171019681843
525096,862021461475441
1049384,299080099037233
2097960,862021461479473
4195112,5365621088845873
8389416,334255880143153
16778024,862021729910833
17704,4837855507513363
525608,5365621088845873
4195624,14372820343586833
18728,335355391770643
67880,302370042937363
526632,863120973103153
12584,334462005018673
20776,334324566065203
37160,299286222864433
41256,334470594953233
532776,897274519486513
49448,334333155999763
1065256,334264437571603
2113832,897205800013843
4210984,5400805427380243
16793896,897206068445203
557352,862098737332273
590120,863120939548723
1573160,862030018904113
8913192,897205800010033
3624,4504703685623857
17960,4521196225822771
34344,4503681349189681
67112,4504703551406131
132648,13510872013996081
1050152,4503612630761521
4195880,13792278271230001
18984,18696110080051
35368,1181233446961
1051176,1112515018801
12840,17802689773681
21032,17665250820211
70184,1172576403571
135720,4503810131099761
266792,210772164721
528936,281548041486577
1053224,81655758961
74280,18764762447923
139816,4521402317144113
270888,17802958209073
1057320,17673841803313
8397352,52849622909233
82472,18696042971191
148008,4521264878190643
279080,17665519255603
541224,299071508054131
2114088,299071508058163
4211240,4802671135424563
16794152,299071776489523
33571368,17596799844403
557608,281556631421041
1081896,98835628081
2130472,281556631425073
4227624,4785156258791473
8421928,17673840754993
16810536,281556899856433
33587752,81923211313
197160,4504772203774003
328232,1172844838963
590376,282578833637491
2163240,282578833641523
4260392,4786178461007923
8454696,18696042971443
16843304,282579102072883
33620520,1104125427763
393768,4503810399535153
1180200,4503681283129393
4325928,13792346923597873
1311272,81924194353
17039912,281548846792753
33817128,73870147633
1573416,281487912992881
2621992,844429275435121
4719144,5348028902801521
17302056,844429543866481
3146280,281487912996913
5243432,4785087540363313
9437736,17605122326833
17826344,281488181428273
34603560,13204783153
6292008,5348028902805553
18874920,844429543870513
20972072,5348029171236913
50332200,281480127381553
68648,4506902574661651
13352,4521402317144113
21544,4521264878190643
70696,4504772203774003
267304,4503810399535153
1053736,4503681283129393
4199464,13792346923597873
25640,4556449250279443
42024,4521410907078673
140328,13528601571885073
50216,4521273468125203
148520,13528464132931603
541736,4802671135424563
1066024,4521204749697043
4211752,13809870390165523
8406056,4556380530802963
99368,4504780793708563
295976,4503818989469713
558120,4785156258791473
4228136,13792355513532433
197672,13511971458514963
590888,4786178461007923
1115176,4504712075280403
4260904,13793377715748883
394280,13511009654276113
656424,13792346923597873
1180712,13510880537870353
1573928,4785087540363313
2622504,5348028902805553
17302568,5348029171236913
5243944,13792286795104273
6292520,14355228157546513
20972584,14355228425977873
14376,18902201401393
22568,18764762447923
137256,4504909642727473
268328,1310283792433
1054760,1181167386673
26664,53949134536723
43048,18910791335953
75816,20963785703443
51240,18773352382483
84008,20895066226711
542760,300171019681843
1067048,18704633954323
8407080,53880415060243
165928,4504918232662033
297000,1318873726993
559144,282656143048753
198696,4506971227029523
329768,3371868094483
2164776,284777856897043
4261928,4788377484263443
8456232,20895066226963
16844840,284778125328403
33622056,3303148683283
1574952,282587424620593
2623528,845528787062833
4720680,5349128414429233
17303592,845529055494193
45096,18086124060721
77864,18902167846963
1060904,17811247202353
8400936,52987028308273
151592,4521402283589683
282664,17802924654643
1069096,17673808248883
8409128,52849589354803
167976,4504093565386801
299048,494206451761
561192,281694036820081
1085480,236241027121
2134056,281694036824113
4231208,4785293664190513
8425512,17811246154033
16814120,281694305255473
33591336,219328610353
200744,4504909609173043
331816,1310250238003
1118248,1181133832243
1183784,4503818688528433
4329512,13792484328996913
1314856,219329593393
17043496,281686252191793
33820712,211275546673
155688,4556586655678483
286760,52987296743443
548904,334324566065203
1073192,52858180337683
106536,18910757781523
565288,299286222864433
8429608,52995618242833
180264,4521410873524243
311336,17811514589203
573480,299148783910963
8437800,52858179289363
1589288,299080065482803
2637864,862021427925043
4735016,5365621055291443
8929320,334255846588723
17317928,862021696356403
9453608,52789460861203
229416,4504918199107603
360488,1318840172563
622632,282656109494323
688168,4785293664190513
4358184,13792492918931473
819240,281694305255473
17072168,281694842126353
33849384,219865481233
2654248,844506551291953
4751400,5348106178658353
17334312,844506819723313
1638440,282587391066163
2687016,845528753508403
4784168,5349128380874803
17367080,845529021939763
4849704,14355296843464753
17563688,844498766659633
3670056,844437832863793
5767208,5348037460230193
18350120,844438101295153
50855976,844430047248433
524744,863116897288243
16777672,863117434159123
1736,4504699458814003
66248,3298821144631
262856,1169054236723
1049288,1104094953523
16777928,282575311470643
33555144,1100334825523
3272,4506898482069523
6344,3367540621363
264392,3368077492243
526536,284773797855283
1050824,3303118209043
16779464,284774334726163
33556680,3299358081043
12488,18898125586483
37064,1310234509363
69832,3367523844151
135368,4504905566912563
1052872,1172797653043
16781512,282644014170163
33558728,1169037525043
270536,18898662457363
82120,20890990411807
295112,1310771380243
1081544,1181387587603
327880,3368060715031
590024,284773781078071
1114312,3303101431831
16842952,284774317948951
33620168,3299341303831
393416,4504906103783443
786632,282644014170163
1310920,1173334523923
1573064,282579054886963
2621640,845524711247923
4718792,5349124338614323
34078920,282575294758963
17825992,282579591757843
34603208,1104615112723
18874568,845525248118803
20971720,5349124875485203
1864,4802667108892723
2888,300166993150003
9032,334320539533363
17224,334251820056631
262984,299136704315443
525128,862017401389171
2097992,862017401393203
4195144,5365617028759603
8389448,334251820056883
33555272,299067984904243
525640,5365617028759603
4195656,14372816283500563
16778568,5365617565630483
526664,863116913016883
16779592,863117449887763
20808,334320522756151
37192,299277884588083
135496,4802873216991283
528712,862086104088691
2101576,862086104092723
4198728,5365685731459123
8393032,334320522756403
33558856,299136687603763
41288,334462256676883
139592,4838057589080083
2105672,897270476181523
4202824,5400870103547923
33562952,334321059692563
82248,335351314907167
278856,334321059627031
2113864,897201756704791
4211016,5400801384071191
33571144,334252340215831
295240,299278421458963
557384,862090399055923
16810312,862090935926803
590152,863116896239671
16843080,863117433110551
393544,4802873753862163
655688,5365685731459123
4325704,14372884986200083
16908616,5365686268330003
2359624,862086640963603
4456776,5365686268330003
8651080,334321059627283
17039688,862087714701331
1573192,862021680627763
2621768,1987917291458611
4718920,6491516918825011
17826120,862022217498643
10486088,897201756705043
18874696,1987917828329491
35651912,862017921552403
12583240,5400801384071443
20971848,6491517455695891
37749064,5365617548918803
41943368,334252340216083
50331976,862018995290131
3656,4504699524874291
5704,4503668665614451
9800,4521260851658803
17992,4521192132182071
34376,4503672960581683
67144,4504699457765431
525896,4785074922848371
1050184,4503604242153523
2098760,4785074922852403
8390216,4521192132182323
6728,1168549871731
10824,18760735916083
19016,18692016439351
35400,1172844838963
133704,4504768177242163
526920,282574807105651
1051208,1104126410803
2099784,282574807109683
4196936,4786174434476083
8391240,18692016439603
12872,17798629687411
37448,210738610291
135752,4503806071013491
528968,281543981400307
16781896,281544518271091
33559112,69541625971
25160,52845562822711
41544,17802924654643
139848,4521398257057843
8397384,52845562822963
16785992,299136704315443
33563208,17661727670323
82504,18691982884927
279112,17661727604791
8405576,52776843346231
16794184,299067984838711
33571400,17593008193591
164424,4503810365980723
1081928,81890639923
16810568,281548813238323
33587784,73836593203
328264,1169053188151
16843336,282575310422071
33620552,1100333776951
4325960,13792342863511603
16908872,4785144145641523
33686088,4503669168996403
787016,281544518271091
1311304,73837576243
2359880,281544518275123
4457032,4785144145641523
8651336,17661727605043
17039944,281545592012851
33817160,70615367731
2622024,844425215348851
4719176,5348024842715251
34079304,281475798859891
17826376,281480094810163
34603592,5118165043
6292040,5348024842719283
35652168,281475798863923
37749320,4785075426230323
25166408,299067984838963
41943624,17593008193843
50332232,281476872601651
7240,4504768177242163
68680,4506898481020951
134216,13511967431983123
265288,4504768714113043
527432,4786174434476083
4197448,13793373689217043
16780360,4786174971346963
33557576,4504699994701843
13384,4521398257057843
37960,4503810365980723
4199496,13792342863511603
16782408,4785144145641523
33559624,4503669168996403
140360,13528597511798803
271432,4521398793928723
164936,13511009620721683
296008,4503810902851603
656456,13792342863511603
16909384,13792343400382483
33686600,13510868423737363
787528,4785144145641523
4457544,13792343400382483
2622536,5348024842719283
34079816,4785075426230323
6292552,14355224097460243
18875464,5348025379590163
37749832,13792274680971283
14408,18898141315123
38984,1310250238003
71752,3367539572791
137288,4504905582641203
16783432,282644029898803
33560648,1169053253683
272456,18898678186003
84040,20891006140447
297032,1310787108883
329800,3368076443671
591944,284773796806711
16844872,284774333677591
33622088,3299357032471
395336,4504906119512083
788552,282644029898803
2623560,845524726976563
4720712,5349124354342963
34080840,282575310487603
18876488,845525263847443
20973640,5349124891213843
45128,18077785784371
77896,18898124537911
143432,4521673118187571
536648,299273589620851
1060936,17802908926003
2109512,299273589624883
4206664,4802873216991283
53320,17802907877431
86088,18760685584447
151624,4521398240280631
8409160,52845546045751
16797768,299136687538231
33574984,17661710893111
102472,1310233460791
168008,4504085227110451
561224,281685698543731
2134088,281685698547763
4231240,4785285325914163
8425544,17802907877683
200776,4504905565863991
16846920,282644013121591
33624136,1169036476471
659528,4785281030946931
1183816,4503810350252083
2232392,4785281030950963
8523848,4521398240280883
2625608,844493918048371
4722760,5348093545414771
34082888,281544501559411
17829960,281548797509683
34607176,73820864563
6295624,5348093545418803
35655752,281544501563443
37752904,4785144128929843
25169992,299136687538483
41947208,17661710893363
50335816,281545575301171
57416,52987279966231
90184,53945057673247
155720,4556582612369431
548936,334320522756151
16801864,334321059627031
33579080,52846082981911
303176,18078322655251
565320,299277884588083
1089608,17811498860563
8429640,52987279966483
16818248,299278421458963
33595464,17803444813843
335944,18898661408791
401480,4521673655058451
663624,4802873216991283
4333640,13810072471732243
8527944,4556582612369683
16916552,4802873753862163
33693768,4521398777217043
1318984,17803445796883
2367560,299274126495763
4464712,4802873753862163
17047624,299275200233491
33824840,17800223588371
2629704,862086104092723
4726856,5365685731459123
8921160,334320522756403
34086984,299136687603763
18882632,862086640963603
20979784,5365686268330003
25174088,334321059627283
41951304,52846082982163
311368,17803444748311
344136,18761222455327
606280,300166942818367
8470600,53876338196767
16859208,300167479689247
33636424,18692503044127
409672,4521398777151511
802888,299136687538231
8667208,52846082916631
2637896,862017384615991
4735048,5365617011982391
8929352,334251803279671
34095176,299067968127031
18890824,862017921486871
20987976,5365617548853271
25182280,334252340150551
41959496,52777363505431
360520,1310770331671
426056,4504085763981331
688200,4785285325914163
1212488,4503818940186643
4358216,13792484580655123
16941128,4785285862785043
33718344,4503810886139923
2392136,281686235418643
4489288,4785285862785043
8683592,17803444748563
17072200,281687309156371
33849416,212332511251
1605704,281556850573363
2654280,844498213015603
4751432,5348097840382003
34111560,281548796526643
17858632,281557387444243
34635848,82410799123
18907208,844498749886483
21004360,5348098377252883
458824,4504906102734871
852040,282644013121591
2687048,845524710199351
4784200,5349124337565751
34144328,282575293710391
18939976,845525247070231
21037128,5349124874436631
1441864,4503810887122963
2490440,4785281567821843
8781896,4521398777151763
17170504,4785282641559571
33947720,4503807664914451
2752584,5348093545418803
34209864,4785144128929843
6422600,14355292800159763
19005512,5348094082289683
37879880,13792343383670803
1835080,281548797509683
9175112,299136687538483
34340936,281545575301171
6553672,5348094082289683
19136584,844495528661011
21233736,5348095156027411
50593864,281547722784787
3670088,844429494587443
5767240,5348029121953843
35127368,281480078098483
6815816,6473924732784691
11010120,862017384616243
13107272,5365617011982643
42467400,299067968127283
19923016,844430031458323
22020168,5348029658824723
23068744,6473925269655571
39845960,5348025362878483
27263048,862017921487123
52428872,844426809249811
29360200,5365617548853523
54526024,5348026436616211
2952,302365749018673
17288,335351064297523
66440,302365715464243
18824,337550087553043
526728,865315668885553
12680,335557205950513
20872,335419766997043
70024,302434418163763
74120,337618790252563
532872,898369720418353
82312,337550070775831
1065352,335355344584723
2113928,898301000945683
4211080,5401900628312083
16793992,898301269377043
1114504,302369995751443
2163080,865315652112403
4260232,5368915279478803
8454536,337550070776083
16843144,865315920543763
1573256,863120925917233
8913288,898301000941873
3720,4506898280742961
18056,4522291376422963
132744,13511967164596273
1050248,4504703487442993
4195976,13793373421830193
6792,3367305740401
10888,20959491784753
35464,3371600707633
133768,4506966933110833
264840,3367574175793
526984,284773562974321
2099848,284773562978353
4197000,4788373190344753
8391304,20890772308273
16779912,284773831409713
33557128,3298854764593
70280,3367272185971
25224,53944807063603
74376,20959458230323
82568,20890738753591
1065608,18696012562483
8405640,53876087587123
98952,3371567153203
1081992,1181135929393
197256,4506966899556403
328328,3367540621363
590472,284773529419891
2163336,284773529423923
4260488,4788373156790323
8454792,20890738753843
16843400,284773797855283
33620616,3298821210163
7304,4506966933110833
19592,4524490399678483
68744,4511296260145171
134280,13514166187851793
527496,4788373190344753
1051784,4506902510698513
4197512,13795572445085713
70792,4506966899556403
136328,13512104569995313
197768,13514166154297363
590984,4788373156790323
1115272,4506902477144083
4261000,13795572411531283
4719752,14356323341697073
14472,21096897183793
22664,20959458230323
39048,3509006106673
71816,7765318697011
137352,4507104338509873
268424,3504979574833
1054856,3371569250353
26760,56143830319123
542856,302365715464243
1067144,20895035818003
8407176,56075110842643
1083528,3380159184913
592008,289171575930931
1116296,7700896284691
1575048,284777826484273
2623624,847723482845233
4720776,5351323110211633
17303688,847723751276593
1061000,18902154215473
8401032,54082229240113
53384,18902152118323
86152,20959441453111
151688,4522497484521523
282760,18898125586483
1069192,18764715262003
8409224,53944790286643
594056,284842232119411
2166920,284842232123443
4264072,4788441859489843
8458376,20959441453363
16846984,284842500554803
33624200,3367523909683
1183880,4504909595541553
4329608,13793579529928753
1314952,1310236606513
17043592,282781453123633
33820808,1306476478513
57480,54086524207123
90248,56143813541911
155784,4557681856610323
286856,54082497675283
549000,335419766997043
1073288,53949087350803
106632,21101175373843
1089672,18910744150033
204936,4524696507777043
336008,21097148842003
598152,302434418163763
1122440,20963738517523
8462472,56143813542163
1097864,18773305196563
606344,302365698687031
1130632,20895019040791
8470664,56075094065431
1589384,300170972495923
2637960,863116628856883
4735112,5366716256223283
8929416,335351047520563
17318024,863116897288243
9453704,53880367874323
229512,4507108616699923
360584,3509257764883
622728,284846527086643
1212552,4504918185476113
1343624,1318826541073
1605768,282656095862833
458888,4507104590168083
721032,4788441859489843
1245320,4506971179843603
4391048,13795641114230803
852104,284842500554803
1376392,3371820908563
17105032,284843037425683
33882248,3368060780563
8978568,302365698687283
34144392,284773781143603
3211400,284777809711123
5308552,4788377437077523
9502856,20895019041043
17891464,284778078142483
34668680,3303101497363
6357128,5351323093438483
18940040,847723734503443
21037192,5351323361869843
50397320,284774318014483
4849800,14356392044396593
17563784,845593967591473
3670152,845528739876913
5767304,5349128367243313
18350216,845529008308273
50856072,845525248180273
9992,4837919932022833
67336,4803766352085043
132872,13809934814674993
526088,5365616793878641
2098952,5365616793882673
8390408,4837851212546353
16779016,5365617062314033
11016,335419816280113
527112,863116678135921
2099976,863116678139953
4197128,5366716305506353
8391432,335351096803633
16780040,863116946571313
13064,334457710051441
21256,334320271097971
529160,862085852430577
25352,404689015275571
41736,334462005018673
74504,335419782725683
140040,4838057337421873
271112,334457978486833
533256,897270224519281
2106120,897270224523313
4203272,5400869851889713
16786184,897270492954673
49928,334324566065203
82696,335351063248951
148232,4837919898468403
279304,334320539533363
1065736,334255847637043
8405768,404620295799091
33571592,334251820122163
590600,863116644581491
2163464,863116644585523
4260616,5366716271951923
8454920,335351063249203
16843528,863116913016883
4326152,14372884734541873
17040136,862086657736753
8913672,897201505042801
10486536,897201505046833
12583688,5400801132413233
25166600,897201773478193
50332424,862017938325553
19720,4838950724173843
68872,4805965375340563
527624,5366716305506353
4197640,14373915560247313
13576,4838057337421873
21768,4837919898468403
136456,13810072220074033
4199688,14372884734541873
140552,13845256592162833
533768,5400869851889713
4203784,14408069106630673
148744,13845119153209363
2114824,5400801132417043
16794888,5400801400848403
591112,5366716271951923
4261128,14373915526692883
656648,14372884734541873
4719880,15498715921907761
8914184,5400801132413233
12584200,14408000387154193
14600,335557221679153
22792,335419782725683
71944,302434433892403
76040,337618805981203
534792,898369736146993
84232,337550086504471
2115848,898301016674323
4213000,5401900644040723
16795912,898301285105683
2165000,865315667841043
4262152,5368915295207443
8456456,337550086504723
16845064,865315936272403
8915208,898301016670513
45320,334736866148401
143624,4838332198551601
274696,334732839616561
1061128,334461989290033
8401160,404826437452081
33566984,334457961775153
86280,335419765948471
1069320,334324550336563
8409352,404688998498611
33575176,334320522821683
102664,300377127780403
561416,862227569574001
1085704,299286207135793
2134280,862227569578033
4231432,5365827196944433
8425736,334461988241713
16814344,862227838009393
200968,4803972460183603
332040,300373101248563
594184,863185347281011
2167048,863185347285043
4264200,5366784974651443
8458504,335419765948723
16847112,863185615716403
659720,5365822901977201
2232584,5365822901981233
8524040,4838057320644913
16912648,5365823170412593
790792,862223543042161
2363656,862223543046193
4460808,5365823170412593
8655112,334457961709873
33820936,299274126557233
8917256,897270207742321
10490120,897270207746353
12587272,5400869835112753
25170184,897270476177713
50336008,862086641025073
57608,404830732419091
155912,4908426064822291
286984,404826705887251
2121992,967638951923731
4219144,5471238579290131
8413448,545426486853907
16802056,967639220355091
106760,335561499869203
1089800,334470579224593
2138376,897411941666833
4235528,5401011569033233
16818440,897412210098193
205064,4839156832272403
336136,335557473337363
2171144,898369719373843
4268296,5401969346740243
16851208,898369987805203
2236680,5401007274070033
16916744,5401007542501393
2367752,897407915134993
4464904,5401007542501393
33825032,334458498646033
1581320,897274503757873
2629896,2023170114588721
4727048,6526769741955121
8921352,967638951919921
17309960,2023170383020081
34087176,897270476242993
50340104,897271013113873
180488,4838061615611923
311560,334462256676883
1097992,334333140271123
2146568,897274502713363
4243720,5400874130079763
16826632,897274771144723
2179336,898300999897111
4276488,5401900627263511
16859400,898301268328471
409864,4838057589080083
2244872,5400869835116563
16924936,5400870103547923
2375944,897270476181523
4473096,5400870103547923
33833224,334321059692563
3162376,897205784285203
5259528,5400805411651603
17842440,897206052716563
6308104,6526701022482451
10502408,967570232447251
18891016,2023101663547411
35668232,897201756770323
12599560,5471169859813651
20988168,6526701290913811
37765384,5400801384136723
25182472,967570500878611
622856,863189642248243
688392,5365827196944433
4358408,14373026451685393
819464,862227838009393
17072392,862228374880273
1605896,862098721603633
8945928,897274502709553
721160,5366784974651443
4391176,14373984229392403
852232,863185615716403
17105160,863186152587283
1638664,863120923820083
2687240,1989016534650931
4784392,6492616162017331
17367304,1989016803082291
34144520,863116896305203
10551560,898300999897363
12648712,5401900627263763
25231624,898301268328723
50397448,863117433176083
917768,5365823170412593
4587784,14373022425153553
17170696,5365823707283473
4849928,15498784624607281
9044232,5400869835112753
12714248,14408069089853713
9175304,897270476177713
17563912,1987986547802161
34341128,862086641025073
25428232,897271013048593
9961736,897205784281393
6816008,8743316464078897
11010312,2023101395112241
19398920,4239717105143857
13107464,6526701022478641
21496072,8743316732510257
25690376,2023101663543601
42467592,897201756766513
50856200,1987917828390961
58720520,897202293637393
19976,4522291442483251
134664,13511967230656561
4197896,13793373487890481
13832,4521398022176881
22024,4521260583223411
38408,4503810131099761
71176,4504767908806771
267784,4503806104567921
529928,4785143373889777
4199944,13792342628630641
42504,4521402317144113
75272,4522360094851123
271880,4521398290612273
4204040,13809934814674993
8398344,4556444955312433
50696,4521264878190643
83464,4522291375374391
280072,4521260851658803
542216,4802666840457331
1066504,4521196159762483
2115080,4802666840461363
16795144,4802667108892723
33572360,4521192132247603
99848,4504772203774003
296456,4503810399535153
1082888,4503681283129393
4228616,13792346923597873
329224,4504768177242163
591368,4786174166040691
1115656,4504703485345843
2164232,4786174166044723
8455688,4522291375374643
16844296,4786174434476083
33621512,4504699457830963
656904,13792342628630641
1181192,13510871947935793
2229768,13792342628634673
4326920,31806741138112561
8521224,13528459837964593
16909832,13792342897066033
33687048,13510867920420913
4457992,13792342897066033
17040904,4785144179195953
33818120,4503669202550833
2622984,5348024607838321
17303048,5348024876269681
5244424,13792278205169713
18875912,5348024876273713
12584456,13809866095198513
37750280,13792274177654833
50333192,4785075459784753
14856,18897906434161
23048,18760467480691
39432,1310015357041
137736,4504905347760241
268808,1305988825201
530952,282643258147057
43528,18902201401393
141832,4522497533804593
272904,18898174869553
8399368,53944839569713
51720,18764762447923
150024,4522360094851123
281096,18760735916083
543240,300166724714611
1067528,18696044019763
2116104,300166724718643
4213256,4803766352085043
16796168,300166993150003
33573384,18692016504883
166408,4504909642727473
297480,1310283792433
1083912,1181167386673
395784,4504905616195633
4327944,13793442140258353
17041928,282644063453233
33819144,1169086808113
2624008,845524492095601
4721160,5349124119462001
17304072,845524760526961
6294024,5349124119466033
18876936,845524760530993
20974088,5349124387897393
50334216,282575344042033
78344,18897872879731
537096,299273337962737
8401416,52982733341041
53768,17802656219251
152072,4521397988622451
283144,17798629687411
545288,299135899009267
8409608,52845294387571
102920,1309981802611
561672,281685446885617
1085960,219061158001
201224,4504905314205811
332296,1305955270771
594440,282643224592627
659976,4785280779288817
4329992,13792480034029681
791048,281681420353777
17043976,281681957224561
33821192,206980579441
2626056,844493666390257
4723208,5348093293756657
17306120,844493934821617
90632,53944806015031
549384,334320271097971
1073672,52849590403123
2122248,334320271102003
4219400,4837919898468403
8413704,123214038565171
16802312,334320539533363
33579528,52845562888243
107016,18902167846963
1090056,17811247202353
8430088,52987028308273
205320,4522497500250163
336392,18898141315123
8462856,53944806015283
4334088,13810072220074033
8528392,4556582360711473
8659464,52983001776433
17048072,299274143268913
33825288,17799166623793
180744,4521402283589683
311816,17802924654643
1098248,17673808248883
8438280,52849589354803
8471048,53876086538551
410120,4521398257057843
4342280,13809934781120563
8536584,4556444921758003
8667656,52845562822963
17056264,299136704315443
33833480,17661727670323
2638344,862017132957811
4735496,5365616760324211
8929800,334251551621491
17318408,862017401389171
9454088,52780870926643
6308360,5365616760328243
10502664,334251551625523
18891272,862017401393203
12599816,4837851178991923
20988424,5365617028759603
25182728,334251820056883
41959944,52776843411763
50348552,299067984904243
229896,4504909609173043
360968,1310250238003
1147400,1181133832243
1212936,4503818688528433
4358664,13792484328996913
1344008,219329593393
17072648,281686252191793
33849864,211275546673
459272,4504905582641203
4391432,13793442106703923
17105416,282644029898803
33882632,1169053253683
2687496,845524458541171
4784648,5349124085907571
17367560,845524726972531
6357512,5349124085911603
18940424,845524726976563
21037576,5349124354342963
50397704,282575310487603
4588040,13792480302465073
17170952,4785281584594993
33948168,4503806607949873
4850184,14355292548497521
6423048,14355292548501553
21103112,14355292816932913
17564168,844494471692401
19137032,844494471696433
21234184,5348094099062833
50856456,844425752281201
52429320,844425752285233
54526472,5348025379651633
15368,4522497533804593
23560,4522360094851123
39944,4504909642727473
269320,4504905616195633
4201480,13793442140258353
27656,4557544466939923
76808,4524559118106643
142344,13529696788545553
85000,4524490398629911
150536,13529559349592083
543752,4803766352085043
4213768,13810965606826003
8408072,4557475747463443
101384,4506971227029523
166920,13512108897468433
330760,4506967200497683
1117192,4506902508601363
2165768,4788373189300243
8457224,4524490398630163
16845832,4788373457731603
33623048,4506898481086483
396296,13512104870936593
658440,13793442140258353
2624520,5349124119466033
17304584,5349124387897393
6294536,14356323374206993
20974600,14356323642638353
78856,4522497500250163
144392,13528872121270321
4207624,13810072220074033
8401928,4556582360711473
54280,4521402283589683
283656,4521398257057843
4215816,13809934781120563
8410120,4556444921758003
103432,4504909609173043
168968,13511284230193201
1086472,4503818688528433
4232200,13792484328996913
332808,4504905582641203
4264968,13793442106703923
398344,13511280203661361
660488,13792480034029681
1184776,13511009353334833
2233352,13792480034033713
4330504,31806878543511601
8524808,13528597243363633
16913416,13792480302465073
33690632,13511005325819953
4461576,13792480302465073
17044488,4785281584594993
33821704,4503806607949873
4723720,14355292548497521
6296584,14355292548501553
20976648,14355292816932913
58376,4556586655678483
287752,4556582629146643
549896,4837919898468403
4219912,13845119153209363
205832,13529696754991123
664584,13810072220074033
8528904,13563781615452433
4727816,14372884734541873
181256,13528601538330643
410632,13528597511798803
672776,13809934781120563
8537096,13563644176498963
2638856,5365616760328243
8930312,4837851178991923
17318920,5365617028759603
6308872,14372816015069203
12600328,13845050433732883
20988936,14372816283500563
230408,13512108863914003
689160,13792484328996913
1213448,13511017943269393
4752392,14355296843464753
459784,13512104837382163
721928,13793442106703923
2688008,5349124085911603
17368072,5349124354342963
6358024,14356323340652563
21038088,14356323609083923
918536,13792480302465073
17171464,13792480839335953
33948680,13511005862690833
2753544,14355292548501553
4850696,32369691057979441
17433608,14355292816932913
4981768,14355292816932913
17564680,5348094099062833
21234696,14355293353803793
5768200,14355228125036593
6816776,15481123735867441
13108232,14372816015065393
21496840,15481124004298801
38274056,14355224097521713
50856968,5348025379651633
54526984,14355224634392593
8402952,54082244968753
55304,18902167846963
88072,20959457181751
153608,4522497500250163
284680,18898141315123
8411144,53944806015283
1087496,1318572785713
595976,284842247848051
1120264,3371567153203
2168840,284842247852083
4265992,4788441875218483
8460296,20959457182003
16848904,284842516283443
33626120,3367539638323
4331528,13793579545657393
17045512,282781468852273
33822728,1306492207153
59400,54086539935763
92168,56143829270551
157704,4557681872338963
288776,54082513403923
550920,335419782725683
108552,21101191102483
206856,4524696523505683
337928,21097164570643
600072,302434433892403
8464392,56143829270803
608264,302365714415671
8472584,56075109794071
2639880,863116644585523
4737032,5366716271951923
8931336,335351063249203
17319944,863116913016883
231432,4507108632428563
362504,3509273493523
624648,284846542815283
1148936,3380157087763
460808,4507104605896723
722952,4788441875218483
4392968,13795641129959443
854024,284842516283443
17106952,284843053154323
33884168,3368076509203
1640456,284777824387123
8980488,302365714415923
34146312,284773796872243
6359048,5351323109167123
18941960,847723750232083
21039112,5351323377598483
50399240,284774333743123
4851720,14356392060125233
17565704,845593983320113
50857992,845525263908913
110600,19177028976691
176136,4522226900533297
307208,18627541598257
1093640,18086108332081
8433672,53261889438001
208904,4522772361379891
339976,19173002444851
602120,300372832813171
1126408,18902152118323
2174984,300372832817203
4272136,4803972460183603
16855048,300373101248563
33632264,18898124603443
405512,4522222874001457
4337672,13810347081203761
8531976,4556857221841201
8663048,53257862906161
17051656,299549004398641
33828872,18074027753521
2633736,862223274610801
4730888,5365822901977201
8925192,334457693274481
17313800,862223543042161
9449480,52987012579633
6303752,5365822901981233
10498056,334457693278513
18886664,862223543046193
12595208,4838057320644913
20983816,5365823170412593
25178120,334457961709873
41955336,52982985064753
50343944,299274126557233
118792,18902151069751
184328,4521677144719411
315400,18077785784371
577544,299277616152691
2150408,299277616156723
4247560,4802877243523123
16830472,299277884588083
33607688,17802907942963
217096,4522497483472951
348168,18898124537911
8474632,53944789238071
413704,4521673118187571
675848,4802872948555891
1200136,4521402267861043
2248712,4802872948559923
16928776,4802873216991283
33705992,4521398240346163
806920,299273589620851
1331208,17802908926003
2379784,299273589624883
4476936,4802873216991283
2641928,862085835657331
4739080,5365685463023731
8933384,334320254321011
17321992,862086104088691
9457672,52849573626163
6311944,5365685463027763
10506248,334320254325043
18894856,862086104092723
12603400,4837919881691443
20992008,5365685731459123
25186312,334320522756403
41963528,52845546111283
50352136,299136687603763
233480,4505184470302771
364552,1585111367731
626696,282784941736051
2199560,282784941740083
4296712,4786384569106483
8491016,18902151070003
16879624,282785210171443
33656840,1310233526323
430088,4504634982924337
1216520,4504093549658161
4362248,13792759190126641
1347592,494190723121
17076232,281961113321521
33853448,486136676401
1609736,281694021091441
2658312,844635383533681
4755464,5348235010900081
17338376,844635651965041
3182600,281694021095473
5279752,4785293648461873
9474056,17811230425393
17862664,281694289526833
34639880,219312881713
6328328,5348235010904113
18911240,844635651969073
21008392,5348235279335473
50368520,281686235480113
462856,4505180443770931
725000,4786380274139251
1249288,4504909593444403
2297864,4786380274143283
8589320,4522497483473203
16977928,4786380542574643
33755144,4504905565929523
856072,282780915204211
1380360,1310234509363
2428936,282780915208243
4526088,4786380542574643
8720392,18898124538163
2691080,845593161240691
4788232,5349192788607091
17371144,845593429672051
6361096,5349192788611123
18944008,845593429676083
21041160,5349193057042483
50401288,282644013187123
4591624,13792755163594801
17174536,4785556445724721
33951752,4504081469079601
2756616,5348230715936881
17436680,5348230984368241
5378056,13792484313268273
19009544,5348230984372273
12718088,13810072203297073
37883912,13792480285753393
50466824,4785281567883313
2887688,844631357001841
4984840,5348230984368241
34344968,281681940512881
18092040,281686236463153
34869256,211259818033
6557704,5348230984372273
35917832,281681940516913
38014984,4785281567883313
25432072,299274126491953
42209288,17799149846833
50597896,281683014254641
50860040,844494454980721
52432904,844494454984753
54530056,5348094082351153
122888,54086523158551
188424,4556861516808211
319496,53262157873171
2154504,334461988245523
4251656,4838061615611923
8445960,123355755708691
16834568,334462256676883
33611784,52987280031763
221192,4557681855561751
352264,54082496626711
614408,335419765948471
417800,4556857490276371
1204232,4556586639949843
2252808,4838057320648723
8544264,4626951088111891
16932872,4838057589080083
33710088,4556582612434963
1335304,52987281014803
2383880,334457961713683
4481032,4838057589080083
8675336,123351729176851
1597448,334324550336563
8937480,404688998498611
34103304,334320522821683
6316040,5400869835116563
18898952,897270476181523
20996104,5400870103547923
50356232,334321059692563
630792,300377127780403
1155080,18910742052883
8495112,54086523158803
1613832,299286207135793
2662408,862227569578033
4759560,5365827196944433
8953864,334461988241713
17342472,862227838009393
9478152,52995602514193
729096,4803972460183603
4399112,13811171714924563
8593416,4557681855562003
860168,300373101248563
8724488,54082496626963
17113096,300373638119443
33890312,18898661474323
2695176,863185347285043
4792328,5366784974651443
8986632,335419765948723
17375240,863185615716403
2760712,5365822901981233
9052168,4838057320644913
17440776,5365823170412593
6430728,14373022156722193
12722184,13845256575385873
21110792,14373022425153553
2891784,862223543046193
4988936,5365823170412593
9183240,334457961709873
34349064,299274126557233
19144712,862224079917073
21241864,5365823707283473
25436168,334458498580753
42213384,52983521935633
11018248,897270207746353
13115400,5400869835112753
25698312,897270476177713
50864136,862086641025073
704520,4802877243523123
1228808,4521410857795603
4374536,13810076498264083
8568840,4556586638901523
835592,299277884588083
1359880,17811498860563
8699912,52987279966483
17088520,299278421458963
33865736,17803444813843
1622024,299148768182323
2670600,862090130624563
4767752,5365689757990963
8962056,334324549288243
17350664,862090399055923
9486344,52858163560723
2703368,863116627808311
4800520,5366716255174711
8994824,335351046471991
17383432,863116896239671
933896,4802873216991283
4603912,13810072471732243
8798216,4556582612369683
17186824,4802873753862163
33964040,4521398777217043
2768904,5365685463027763
9060360,4837919881691443
17448968,5365685731459123
6438920,14372884717768723
12730376,13845119136432403
21118984,14372884986200083
2899976,862086104092723
4997128,5365685731459123
9191432,334320522756403
34357256,299136687603763
19152904,862086640963603
21250056,5365686268330003
25444360,334321059627283
42221576,52846082982163
3686408,862021412196403
5783560,5365621039562803
9977864,334255830860083
18366472,862021680627763
6832136,6491516650393651
19415048,1987917291458611
36192264,862017384681523
21512200,6491516918825011
38289416,5365617012047923
42483720,334251803345203
14696456,5400801115640083
27279368,897201756705043
52445192,862017921552403
29376520,5400801384071443
54542344,5365617548918803
58736648,334252340216083
753672,4786384569106483
1277960,4504918183378963
4423688,13793583823847443
884744,282785210171443
1409032,1318824443923
17137672,282785747042323
33914888,1310770397203
1671176,282656093765683
2719752,845597456207923
4816904,5349197083574323
17399816,845597724639283
1736712,4785293648461873
2785288,5348235010904113
17465352,5348235279335473
5406728,13792492903202833
6455304,14355434265645073
21135368,14355434534076433
1867784,281694289526833
2916360,844635651969073
5013512,5348235279335473
34373640,281686235480113
18120712,281694826397713
34897928,219849752593
19169288,844636188839953
21266440,5348235816206353
3702792,844506535563313
5799944,5348106162929713
18382856,844506803994673
50888712,844498749947953
983048,4786380542574643
4653064,13793579797315603
17235976,4786381079445523
34013192,4504906102800403
2818056,5349192788611123
17498120,5349193057042483
6488072,14356392043352083
21168136,14356392311783443
2949128,845593429676083
5046280,5349193057042483
34406408,282644013187123
19202056,845593966546963
21299208,5349193593913363
3735560,845528737779763
5832712,5349128365146163
18415624,845529006211123
6881288,6475023975977011
11075592,863116627808563
19464200,1971424617041971
36241416,845524710264883
13172744,5366716255174963
21561352,6475024244408371
38338568,5349124337631283
25755656,863116896239923
52494344,845525247135763
54591496,5349124874502163
3014664,5348230984372273
34471944,4785281567883313
6684680,14355430239113233
19267592,5348231521243153
38141960,13792480822624273
5898248,14355296827736113
6946824,15481192438566961
13238280,14372884717764913
21626888,15481192706998321
38404104,14355292800221233
50987016,5348094082351153
54657032,14355293337092113
18612232,844498750930993
19660808,1970394361761841
36438024,844494454984753
21757960,6473993989128241
38535176,5348094082351153
25952264,862086640959793
51118088,844495528722481
51904520,844430031519793
23592968,8725724546469937
52953096,1970325642350641
55050248,6473925269717041
59244552,862017921548593
17520,13528395681890563
33904,13510880805257473
66672,13511903007473923
263280,13510872752193793
1049712,13510812086829313
8389744,13528395681891073
16778352,13792279009427713
33555568,13510804032782593
67696,4506902775988483
8405104,4556380765684483
163952,13511018210656513
295024,4503819492786433
393328,13511010157592833
20971632,14355228929294593
1049264,4504712077377808
3248,13514101830451456
33968,13511980049498368
66736,13514101763342593
8389808,13529494926131968
34992,4506979818012928
133296,13514170482819328
4196528,13795576740053248
8390832,4524494694646528
164016,13512117454897408
1114288,4506911067078913
1179824,13511980018041088
5243056,13793386275275008
9437360,4522304229868288
525104,5365621088846128
4195120,14372820343587088
8389424,4837855507514128
9520,13845123481731328
17712,13845054762254593
34096,13809947699577088
525616,14372820343587088
1049904,13809878981148928
2098480,14372820343591168
4195632,32387218853069056
16778544,14372820612022528
4196656,14373919855214848
8390960,4838955019141888
41264,4838070222323968
139568,13845260887130368
4202800,14408073401598208
4210992,14408004682121473
164144,13810085104976128
4227376,14372897619443968
8421680,4837932783371008
8519984,13845123448177408
8913200,5400805427381008
5243184,14372828901015808
9437488,4837864064942848
10486064,5400805427385088
25166128,5400805695816448
3632,13511902940365072
5680,13510872013996336
34352,13510880603930896
525872,13792278271230256
1050160,13510811885502736
8390192,13528395480564496
12848,4521402317144368
266800,4503810399535408
1053232,4503681283129648
4198960,13792346923598128
8393264,4521264878191408
41520,4521410907078928
139824,13528601571885328
8397360,4556449250280208
8405552,4556380530803473
295472,4503818989469968
557616,4785156258791728
4227632,13792355513532688
8421936,4521273468125968
393776,13511009654276368
655920,13792346923598128
1180208,13510880537870608
8520240,13528464132932368
1573424,4785087540363568
2622000,5348028902805808
8913456,4802671135425328
17302064,5348029171237168
5243440,13792286795104528
9437744,4521204749697808
6292016,14355228157546768
12583472,13809870390166288
20972080,14355228425978128
35888,13511980115558656
68656,13514101829402881
1051696,13511911397130496
8391728,13529494992192256
13360,13528601571885328
136240,31525407895322896
267312,13511009654276368
529456,13792346923598128
1053744,13510880537870608
8393776,13528464132932368
25648,13563648505020673
140336,31543000081367296
271408,13528601840320768
1057840,13528472723915008
50224,13528472722866433
82992,13529494925082883
1066032,13528404004438273
99376,13511980048449793
558128,13792355513532688
1082416,13510897717739776
2130992,13792355513536768
4228144,31806754023014656
16811056,13792355781968128
33588272,13510880805323008
1115184,13511911330021633
8455216,13529494925083393
394288,31525408163758336
1180720,31525279047352576
4326448,67835542452044032
8520752,31542862642414336
1311792,13510880806306048
8651824,13528464401367808
17040432,13792347728904448
33817648,13510872752259328
1573936,13792286795104528
2622512,14355228157546768
4719664,32369626667024656
8913968,13809870390166288
17302576,14355228425978128
3146800,13792286795108608
5243952,31806685304586496
17826864,13792287063539968
34604080,13510812086894848
6292528,32369626667028736
10486832,13809870390170368
18875440,14355228425982208
12583984,31824268899648256
20972592,32369626935460096
25166896,13809870658601728
41944112,13528395681956608
50332720,13792279009493248
38960,4504918232662288
137264,13512108897468688
43056,4522510418706688
141360,13529701083513088
8398896,4557548761907968
84016,4524494693597443
8407088,4557480042431233
100400,4506979816964353
297008,4504918501097728
4229168,13793455025160448
8423472,4522372979753728
198704,13514170481770753
1116208,4506911098536193
4261936,13795576739004673
8456240,4524494693597953
395312,13512109165904128
1181744,13511980049498368
8521776,13529563644560128
4720688,14356327669170448
5244976,13793386306732288
9439280,4522304261325568
6293552,14356327669174528
12585008,13810969901794048
20973616,14356327937605888
8400944,4556586655679248
167984,13511292820128016
561200,4785293664190768
4231216,13792492918931728
8425520,4521410873525008
659504,13792484328997168
1183792,13511017943269648
8523824,13528601538331408
4722736,14355296843465008
57392,4556595245613313
155696,13563785910419713
172080,13528885006172416
4235312,13810085104976128
1187888,13528610129314048
8658992,4556586924114688
9445424,4556457807708928
12591152,13845123448177408
180272,13528610128265473
8437808,4556457806660353
8470576,4557480008876803
8536112,13563648471466753
9453616,4556389088232193
12599344,13845054728700673
229424,13512117453848833
426032,13511293088563456
688176,13792492918931728
1212464,13511035123138816
2261040,13792492918935808
4358192,31806891428413696
16941104,13792493187367168
33718320,13511018210722048
4489264,13792493187367168
8683568,4521411141960448
17072176,4785294469497088
33849392,4503819492851968
4751408,14355305433399568
6324272,14355305433403648
12615728,13809947666023168
21004336,14355305701835008
1441840,13511018211705088
8781872,13528601806766848
17170480,13792485134303488
33947696,13511010157658368
9568304,13528472690361088
21233712,14355297648771328
5767216,14355236714971408
13107248,14372820310033168
7340080,14355236714975488
13631536,13809878947595008
22020144,14355236983406848
14680112,14372820310037248
29360176,14372820578468608
54526000,14355228929360128
3280,13514097736810753
66768,13514097703256323
8405200,4557475966616323
196816,13514166405955843
327888,4506967688085763
1114320,4506902728802563
4260048,13795572663189763
8454352,4524490617783043
16842960,4788373945319683
33620176,4506898968674563
393424,13512105358524673
20971728,14356324130226433
17744,13845050702168323
8389968,13845050702168833
16778576,14372816820371713
139600,13845256843821313
270672,4838058125951233
4202832,14408069358289153
16785744,5400870640419073
147792,13845119404867843
278864,4837920686997763
541008,5400801384071443
2113872,5400801384075523
8405328,4908220174828291
33571152,4837851967586563
4260176,14373915778351363
8454480,4838950942278403
16843088,5366717060481283
393552,13810073008603393
8520016,13845119404868353
16908624,14372885523071233
4456784,14372885523071233
8651088,4837920686998273
8913232,5400801384071953
10486096,5400801384076033
20971856,15498716710437121
37749072,14372816803660033
41943376,4837851967587073
5712,13510867920355633
18000,13528391386923283
67152,13511898712506643
263760,13510868457226513
525904,13792274177589553
8390224,13528391386923793
16778832,13792274714460433
33556048,13510799737815313
68176,4506898481021203
135760,13511005325754673
266832,4503806607884593
8405584,4556376470717203
393808,13511005862625553
4719184,14355224097456433
17302096,5348025379586353
20972112,14355224634327313
19536,13529490898551043
265296,13511967968854273
8391760,13529490898551553
16780368,13793374226088193
33557584,13511899249443073
267344,13511005862625553
25680,13563644444934403
271440,13528598048669953
8397904,13563644444934913
279632,13528460609716483
16794704,13809866866950403
33571920,13528391890305283
296016,13511010157592833
328784,13511967935299843
8455248,13529490864997123
16843856,13793374192533763
33621072,13511899215888643
394320,31525404372107521
8651856,13528460609716993
17302608,14355224634327313
18875472,14355224634331393
20972624,32369623143809281
25166928,13809866866950913
41944144,13528391890305793
8407120,4557475982344963
198736,13514166421684483
329808,4506967703814403
4261968,13795572678918403
8456272,4524490633511683
16844880,4788373961048323
33622096,4506898984403203
395344,13512105374253313
20973648,14356324145955073
28752,4556582612369683
8400976,4556582612370193
151632,13528597495021843
282704,4521398777151763
8409168,4556445173416723
200784,13512104820605203
331856,4504906102735123
397392,13511280723755281
659536,13792480285688113
8523856,13528597495022353
16912464,13792480822558993
33689680,13511005845913873
790608,4785281567818033
4460624,13792480822558993
8654928,4521398777152273
4722768,14355292800155953
17305680,5348094082285873
20975696,14355293337026833
57424,4556586907336963
4218960,13845119404867843
8413264,4626813917594371
16801872,4837920686997763
33579088,4556445710352643
8429648,4556586907337473
204880,13529697006649603
335952,4522498288779523
8462416,4557544685044483
401488,13528872909799681
16916560,13810073008603393
33693776,13528598031958273
4464720,13810073008603393
12591184,13845119404868353
20979792,14372885523071233
25174096,4837920686998273
41951312,4556445710353153
180304,13528601789989123
311376,4521403072119043
8437840,4556449468384003
8470608,4557475965567751
16924752,13809935569649923
33701968,13528460593004803
4472912,13809935569649923
4735056,14372816266723603
8929360,4837851430650643
17317968,5365617548853523
9453648,4556380749955843
6307920,14372816266727683
10502224,4837851430654723
18890832,5365617548857603
37765200,13809866850238723
229456,13512109115572483
360528,4504910397702403
426064,13511285018722561
1212496,13511018194927873
8552528,13528601789989633
16941136,13792485117526273
33718352,13511010140881153
1343568,4503819477057793
4489296,13792485117526273
8683600,4521403072119553
21004368,14355297631994113
8585296,13529559567696643
16973904,13793442895233283
33751120,13511967918588163
4522064,13793442895233283
8716368,4522360849826563
4784208,14356323592306963
17367120,5349124874436883
6357072,14356323592311043
18939984,5349124874440963
12648528,13810965824930563
37814352,13793374175822083
25231440,4803767107060483
42008656,4522292130415363
917584,13792480822558993
1441872,13511010141864193
2490448,13792480822563073
4587600,31806879332040961
17170512,13792481896300801
33947728,13511006919655681
17432656,14355293337026833
19005520,14355293337030913
21102672,32369691846508801
25296976,13809935569650433
42074192,13528460593005313
4980816,14355293337026833
6553680,14355293337030913
12845136,13809935569650433
21233744,14355294410768641
13107280,14372816266724113
21495888,15481124524392721
38273104,14355224617615633
25690192,5365617548854033
22020176,14355228913565953
14680144,14372816266728193
23068752,15481124524396801
39845968,14355224617619713
27263056,5365617548858113
46137424,13809866850239233
54526032,14355225691357441
3472,13813164631130368
8390032,13846149946409728
4196752,14376114550997248
8391056,4841149714924288
139664,13846356088062208
4202896,14409168602530048
82320,4841149698146563
4211088,14409099883053313
4260240,14376114534220033
8454544,4841149698147073
8520080,13846218649109248
8913296,5401900628312848
5243280,14373919808028928
9437584,4838954971955968
10486160,5401900628316928
25166224,5401900896748288
3728,13514097535484176
5776,13511967164596528
67216,13514097468375313
525968,13793373421830448
1050256,13511902742184208
8390288,13529490631164688
6800,4506966933111088
133776,13514166187852048
526992,4788373190345008
1051280,4506902510698768
4197008,13795572445085968
8391312,4524490399679248
135824,13512104569995568
4719248,14356323341697328
7312,13514166187852048
11408,13531758373896448
19600,13531689654419713
35984,13514170482819328
68752,13518495514886401
134288,31528564697334016
265360,13514166456287488
527504,13795572445085968
2100368,13795572445090048
4197520,31809970954567936
16780432,13795572713521408
33557648,13514097736876288
8397968,13564743689175808
83088,13531689620865283
8406160,13564674969699073
1082512,13511980018041088
1115280,13514101731885313
8455312,13531689620865793
9438352,13529494894674688
137360,13514303593251088
141456,13531895779295488
8398992,4559743457690368
8407184,4559674738213633
166032,13514307888218368
1083536,4506979786555648
395408,13514303861686528
1181840,13514170451362048
8521872,13531758340342528
4720784,14358522364952848
5245072,13795576708595968
9439376,4524494663189248
6293648,14358522364956928
12585104,13813164597576448
20973712,14358522633388288
8401040,4557681856611088
1085584,4504918185476368
200848,13514303576473873
659600,13793579529929008
1183888,13512108850282768
8523920,13529696739263248
4722832,14356392044396848
90256,4559743440912643
155792,13564881111351553
1089680,4522510371520768
8429712,4557686151578368
204944,13531895762518273
8462480,4559743440913153
1187984,13529701036327168
8659088,4557682125046528
9445520,4557548714722048
12591248,13846218649109248
213136,13531758323564803
1130640,4524494646411523
4276368,13813164580798723
8536208,13564743672398593
9453712,4557479995245313
12599440,13846149929632513
229520,13514307871441153
1147024,4506979769778433
8552592,13529701034230528
1343632,4504918453911808
5275792,13793454977974528
9470096,4522372932567808
458896,13514303844909313
1245328,13514170434584833
8585360,13531758323565313
4784272,14358522348175633
5308560,13795576691818753
9502864,4524494646412033
6357136,14358522348179713
12648592,13813164580799233
21037200,14358522616611073
1441936,13512109118718208
8781968,13529697007698688
17170576,13793580335235328
33947792,13512105358590208
9568400,13529563597374208
21233808,14356392849703168
5767312,14356327621984528
13107344,14373915510965008
7340176,14356327621988608
13631632,13810969854608128
22020240,14356327890419968
14680208,14373915510969088
29360272,14373915779400448
54526096,14356324130291968
5904,13809934814675248
10000,13845119186764048
18192,13845050467287313
2098960,14372816048623888
4196112,32387214558101776
16779024,14372816317055248
527120,5366716305506608
4197136,14373915560247568
8391440,4838950724174608
13072,4838057337422128
135952,13810072220074288
4199184,14372884734542128
8393488,4837919898469168
140048,13845256592163088
533264,5400869851889968
4203280,14408069106630928
541456,5400801132413233
4211472,14408000387154193
656144,14372884734542128
8520464,13845119153210128
4719376,15498715921908016
10486544,5400801132417808
25166608,5400801400849168
11536,13846218698391808
19728,13846149978915073
68880,13813164630081793
527632,14373915560247568
2100496,14373915560251648
4197648,32388314069729536
16780560,14373915828683008
13584,13845256592163088
529680,14372884734542128
8394000,13845119153210128
42256,13845260887130368
140560,31859655101645056
271632,13845256860598528
533776,14408069106630928
2106640,14408069106635008
4203792,32422467616112896
8398096,13915487897387776
16786704,14408069375066368
83216,13846149945360643
541968,14408000387154193
2114832,14408000387158273
4211984,32422398896636161
8406288,13915419177911041
16794896,14408000655589633
8422672,13845123448177408
8455440,13846149945361153
4326672,68416080262988032
8520976,31859517662692096
8652048,13845119421645568
17040656,14372885539848448
9438480,13845054729749248
41944336,13845050702234368
50332944,14372816820437248
141584,13846356103790848
4204816,14409168618258688
84240,4841149713875203
4213008,14409099898781953
4262160,14376114549948673
8456464,4841149713875713
8522000,13846218664837888
8915216,5401900644041488
10488080,5401900644045568
25168144,5401900912476928
143632,13845531453292816
2109712,5401007274070288
8401168,4908426064823056
16789776,5401007542501648
151824,13845256575385873
545040,5400869835112753
4215056,14408069089853713
561424,5365827196944688
4231440,14373026451685648
8425744,4838061615612688
2232592,14373022156722448
4329744,32387420666200336
16912656,14373022425153808
790800,5365823170412848
4460816,14373022425153808
8655120,4838057589080848
17043728,5365823707283728
4722960,15498784624607536
10490128,5400869835117328
25170192,5400870103548688
155920,13915625319563521
4219152,14478437834031361
8413456,5049026114224897
172304,13845535748260096
565520,5401011569033488
1089808,4838070206595328
2138384,5401011569037568
8429840,4908430359790336
16818448,5401011837468928
205072,13846356087013633
4268304,14409168601481473
401680,13845531721728256
1188112,13845260871401728
33693968,13845256843886848
794896,5401007542501648
2367760,5401007542505728
8659216,4908426333258496
33825040,4838058126016768
4727056,15533968996696336
8921360,5471238579290896
5251344,14408073385869568
6299920,15533968996700416
10494224,5471238579294976
20979984,15533969265131776
37757200,14408069358354688
25174288,5471238847726336
50340112,5400870640484608
180496,13845260870353153
4243728,14408073384820993
213264,13846218648060163
606480,5401900627263763
2179344,5401900627267843
8470800,4909319418020611
16859408,5401900895699203
409872,13845256843821313
672016,14408069089853713
2244880,14408069089857793
4342032,32422467599335681
8536336,13915487880610561
16924944,14408069358289153
4473104,14408069358289153
17056016,5400870640419073
4735248,15533900277219601
8929552,5471169859814161
5259536,14408004666392833
6308112,15533900277223681
10502416,5471169859818241
20988176,15533900545655041
37765392,14408000638877953
25182480,5471170128249601
50348304,5400801921007873
688400,14373026451685648
1212688,13810085089247488
2261264,14373026451689728
4358416,32387424961167616
16941328,14373026720121088
4489488,14373026720121088
8683792,4838061884048128
17072400,5365828002251008
8945936,5400874130080528
5275920,14372897603715328
9470224,4837932767642368
10518800,5400874130084608
25198864,5400874398515968
8585488,13846218648060673
8978704,5401900627264273
10551568,5401900627268353
25231632,5401900895699713
917776,14373022425153808
2490640,14373022425157888
4587792,32387420934635776
33947920,13810073008668928
9568528,13845123432448768
42074384,13845119404933888
50462992,14372885523136768
9175312,5400870103548688
10748176,5400870103552768
21233936,15498785429913856
38011152,14372885523136768
42205456,4837920687063808
9961744,5400805411652368
6816016,17750515718820112
11010320,6526701022483216
21496080,17750515987251472
25690384,6526701290914576
42467600,5400801384137488
11534608,5400805411656448
26214672,5400805680087808
23068944,17750515987255552
27263248,6526701290918656
44040464,5400801384141568
54526224,15498716710502656
7696,13511967230656816
69136,13514097534435601
527888,13793373487890736
8392208,13529490697224976
22032,13528459837964593
71184,13511967163547953
529936,13792342628630896
1054224,13510871947936048
2102800,13792342628634928
4199952,31806741138112816
16782864,13792342897066288
33560080,13510867920421168
26128,13563644210053393
42512,13528601571885328
140816,31542995786400016
271888,13528597545353488
534032,13809934814675248
83472,13529490630115603
542224,13809866095198513
165392,31525407895322896
296464,13511009654276368
558608,13792346923598128
1082896,13510880537870608
8422928,13528464132932368
591376,13793373420781873
8455696,13529490630116113
394768,31525403868791056
656912,31806741138112816
4326928,67835538157076752
8521232,31542858347447056
787984,13792342897066288
8652304,13528460106400528
17040912,13792343433937168
33818128,13510868457292048
1574416,13792278205169968
34080272,13792274177655088
9438736,13528395414504208
6293008,32369622372061456
10487312,13809866095203088
18875920,14355224131014928
12584464,31824264604680976
20973072,32369622640492816
25167376,13809866363634448
41944592,13528391386989328
50333200,13792274714525968
14864,4522497533804848
39440,4504909642727728
72208,4506966932062513
268816,4504905616195888
4200976,13793442140258608
8395280,4522360094851888
141840,13529696788545808
8399376,4557544466940688
84496,4524490398630163
8407568,4557475747463953
166416,13512108897468688
199184,13514166186803473
592400,4788373189296433
4262416,13795572444037393
8456720,4524490398630673
395792,13512104870936848
657936,13793442140258608
8522256,13529559349592848
2624016,5349124119466288
8915472,4803766352085808
17304080,5349124387897648
6294032,14356323374207248
12585488,13810965606826768
20974096,14356323642638608
29200,4556582360711473
143888,13528872121270576
4207120,13810072220074288
152080,13528597243363633
8409616,4556444921758513
168464,13511284230193456
1085968,4503818688528688
4231696,13792484328997168
8426000,4521402283590448
201232,13512104568946993
397840,13511280203661616
659984,13792480034029936
1184272,13511009353335088
2232848,13792480034033968
4330000,31806878543511856
16912912,13792480302465328
33690128,13511005325820208
4461072,13792480302465328
8655376,4521398257058608
17043984,4785281584595248
33821200,4503806607950128
4723216,14355292548497776
6296080,14355292548501808
12587536,13809934781121328
20976144,14355292816933168
156176,13563781615452433
8430096,4556586655679248
664080,13810072220074288
8659472,4556582629147408
4727312,14372884734542128
8921616,4837919898469168
12591632,13845119153210128
8471056,4557475713909523
8536592,13563644176499473
4735504,14372816015065393
8929808,4837851178992433
12599824,13845050433733393
688656,13792484328997168
1212944,13511017943269648
8552976,13528601538331408
4751888,14355296843465008
4784656,14356323340648753
918032,13792480302465328
8782352,13528597511799568
17170960,13792480839336208
33948176,13511005862691088
2753040,14355292548501808
4850192,32369691057979696
9044496,13809934781121328
17433104,14355292816933168
4981264,14355292816933168
17564176,5348094099063088
21234192,14355293353804048
5767696,14355228125036848
6816272,15481123735867696
11010576,5365616760329008
21496336,15481124004299056
38273552,14355224097521968
25690640,5365617028760368
50856464,5348025379651888
14680592,14372816015069968
29360656,14372816283501328
54526480,14355224634392848
15376,13529696788545808
39952,13512108897468688
72720,13514166186803473
138256,31526503111983376
269328,13512104870936848
531472,13793442140258608
8395792,13529559349592848
27664,13564743721681153
44048,13529701083513088
76816,13531758372847873
142352,31544095298027776
273424,13529697056981248
101392,13514170481770753
166928,31526507406950656
298000,13512109165904128
1084432,13511980049498368
8424464,13529563644560128
199696,31528564696285441
330768,13514166455238913
592912,13795572444037393
1117200,13514101763342593
2165776,13795572444041473
4262928,31809970953519361
16845840,13795572712472833
33623056,13514097735827713
396304,31526503380418816
4328464,67836637668704512
8522768,31543957859074816
8653840,13529559618028288
17042448,13793442945564928
33819664,13511967968919808
2624528,14356323374207248
4721680,32370721883685136
8915984,13810965606826768
17304592,14356323642638608
9440272,13529494926131968
6294544,32370721883689216
10488848,13810965606830848
18877456,14356323642642688
12586000,31825364116308736
20974608,32370722152120576
25168912,13810965875262208
41946128,13529490898617088
50334736,13793374226153728
29712,13563781615452433
537616,13810072220074288
8410128,13563644176499473
562192,13792484328997168
1086480,13511017943269648
8426512,13528601538331408
660496,31806878543511856
4330512,67835675562475792
8524816,31542995752846096
791568,13792480302465328
8655888,13528597511799568
17044496,13792480839336208
33821712,13511005862691088
2626576,14355292548501808
4723728,32369691057979696
8918032,13809934781121328
17306640,14355292816933168
58384,13563785910419713
91152,13564743688126723
156688,31578180124934401
287760,13563781883887873
8414224,13634012920677121
1090576,13528610129314048
8463376,13564743688127233
4334608,67853267748520192
17048592,13810073025380608
33825808,13528598048735488
8922128,13845119153210128
9446416,13563648472515328
10494992,13845119153214208
12592144,31859517662692096
25175056,13845119421645568
41952272,13563644445000448
8438800,13563648471466753
8537104,31578042685981441
8668176,13563644444934913
8930320,13845050433733393
9454608,13563579753038593
10503184,13845050433737473
12600336,31859448943215361
25183248,13845050702168833
41960464,13563575725523713
1213456,31525416452751616
4359184,67835679857443072
8553488,31543000047813376
1344528,13511018211705088
8684560,13528601806766848
17073168,13792485134303488
33850384,13511010157658368
9470992,13528472690361088
4588560,67835675830911232
8782864,31542996021281536
17171472,31806879348818176
33948688,31525404372173056
4850704,68398488076943632
6423568,68398488076947712
12715024,67853130309567232
21103632,68398488345379072
17564688,14355293353804048
19137552,14355293353808128
21234704,32369691863286016
25429008,13809935586427648
42206224,13528460609782528
11011088,14372816015069968
13108240,32387214524547856
25691152,14372816283501328
50856976,14355224634392848
14681104,32387214524551936
27264016,14372816283505408
52429840,14355224634396928
29361168,32387214792983296
54526992,32369623143874816
58721296,13809866867016448
8402960,4557681872339728
202768,13514303592202513
661520,13793579545657648
8525840,13529696754991888
4724752,14356392060125488
92176,4559743456641283
157712,13564881127080193
8431632,4557686167307008
206864,13531895778246913
8464400,4559743456641793
8661008,4557682140775168
12593168,13846218664837888
215056,13531758339293443
4278288,13813164596527363
8538128,13564743688127233
12601360,13846149945361153
231440,13514307887169793
1214480,13512117454897408
8554512,13529701049959168
460816,13514303860637953
8587280,13531758339293953
4786192,14358522363904273
6359056,14358522363908353
12650512,13813164596527873
21039120,14358522632339713
8783888,13529697023427328
17172496,13793580350963968
33949712,13512105374318848
21235728,14356392865431808
13109264,14373915526693648
14682128,14373915526697728
29362192,14373915795129088
54528016,14356324146020608
94224,4557681855562003
159760,13564056476582161
552976,4838057320644913
4222992,13845256575385873
8417296,4626951088112401
176144,13529426155274512
8433680,4556861516808976
8466448,4557681855562513
405520,13529422128742672
667664,13810347081204016
8663056,4556857490277136
2633744,5365822901981488
17313808,5365823170412848
9449488,4556586639950608
6303760,14373022156722448
10498064,4838057320649488
20983824,14373022425153808
25178128,4838057589080848
41955344,4556582612435728
8441872,4556586638902033
217104,13529696738214163
8474640,4557544416609043
675856,13810072203297073
8671248,4556582612370193
4739088,14372884717764913
8933392,4837919881691953
12603408,13845119136432913
430096,13511834237665552
692240,13792759190126896
1216528,13511292804399376
8556560,13528876399461136
1609744,4785293648462128
2658320,5348235010904368
8949776,4802877243523888
17338384,5348235279335728
5279760,13792492903203088
9474064,4521410857796368
6328336,14355434265645328
12619792,13810076498264848
21008400,14355434534076688
725008,13793579528880433
8589328,13529696738214673
4788240,14356392043348273
921616,13792755163595056
8785936,13528872372929296
17174544,13792755700465936
33951760,13511280723820816
1708048,13792484313268528
34213904,13792480285753648
9572368,13528601522602768
6426640,32369828480160016
10620944,13810072203301648
19009552,14355430239113488
12718096,31824470712779536
21106704,32369828748591376
25301008,13810072471733008
42078224,13528597495087888
50466832,13792480822624528
2887696,5348230984372528
9179152,4802873216992048
34344976,4785281567883568
6557712,14355430239113488
19140624,5348231521243408
12849168,13810072471733008
38014992,13792480822624528
25432080,4802873753862928
42209296,4521398777217808
5771280,14355296827736368
6819856,15481192438567216
11014160,5365685463028528
21499920,15481192706998576
38277136,14355292800221488
25694224,5365685731459888
50860048,5348094082351408
14684176,14372884717769488
29364240,14372884986200848
54530064,14355293337092368
122896,4557686150529283
188432,13564060771549441
1105936,4556595229884673
4251664,13845260870353153
8445968,4626955383079681
352272,4557682123997443
4284432,13846218648060163
8478736,4627913160786691
417808,13564056745017601
679952,13845256575385873
1204240,13563785894691073
2252816,13845256575389953
4349968,31859655084867841
16932880,13845256843821313
33710096,13563781867176193
4481040,13845256843821313
8675344,4626951356547841
17063952,4838058125951233
33841168,4556583149306113
4743184,14408069089853713
6316048,14408069089857793
12607504,13915487880610561
20996112,14408069358289153
8495120,4557686150529793
434192,13529426423709952
1220624,13528884990443776
8691728,4556861785244416
4759568,14373026451685648
8953872,4838061615612688
5283856,13810085089247488
6332432,14373026451689728
10526736,4838061615616768
21012496,14373026720121088
25206800,4838061884048128
41984016,4556586907403008
8724496,4557682123997953
12656656,13846218648060673
17178640,13810347886510336
33955856,13528872909865216
2760720,14373022156722448
4857872,32387420666200336
17440784,14373022425153808
6430736,32387420666204416
19013648,14373022425157888
21110800,32387420934635776
50470928,13810073008668928
4988944,14373022425153808
9183248,4838057589080848
17571856,5365823707283728
9707536,4556586908386048
6561808,14373022425157888
10756112,4838057589084928
19144720,5365823707287808
38019088,13810073008668928
11018256,5400869835117328
25698320,5400870103548688
13639696,13845123432448768
27271184,5400870103552768
46145552,13845119404933888
54534160,14372885523136768
58728464,4837920687063808
245776,13529701033181443
8503312,4557548711576323
1228816,13528610112536833
8699920,4556586907337473
9486352,4556457790931713
12632080,13845123431400193
475152,13529697006649603
8732688,4557544685044483
4800528,14373915509915923
8994832,4838950673842963
9519120,4557479993148163
6373392,14373915509920003
10567696,4838950673847043
21053456,14373915778351363
25247760,4838950942278403
42024976,4557475965633283
17186832,13810073008603393
33964048,13528598031958273
9060368,13845119136432913
9584656,13563648455738113
10633232,13845119136436993
12730384,31859517645914881
25313296,13845119404868353
42090512,13563644428223233
12861456,13845119404868353
21250064,14372885523071233
25444368,4837920686998273
42221584,4556445710353153
11026448,5400801115640593
25706512,5400801384071953
13647888,13845054712972033
27279376,5400801384076033
46153744,13845050685457153
54542352,14372816803660033
58736656,4837851967587073
1277968,13512117438120193
8618000,13529701033181953
1474576,13511293072834816
8814608,13528876667896576
17203216,13792759995433216
33980432,13511285018788096
1736720,13792492903203088
2785296,14355434265645328
4882448,32369832775123216
9076752,13810076498264848
17465360,14355434534076688
3309584,13792492903207168
5406736,31806891412685056
17989648,13792493171638528
34766864,13511018194993408
6455312,32369832775127296
10649616,13810076498268928
19038224,14355434534080768
12746768,31824475007746816
21135376,32369833043558656
25329680,13810076766700288
42106896,13528601790055168
50495504,13792485117591808
5013520,14355434534076688
17596432,5348235816206608
5537808,13792493171638528
9732112,4521411126231808
18120720,4785294453768448
34897936,4503819477123328
6586384,14355434534080768
19169296,5348235816210688
12877840,13810076766700288
38043664,13792485117591808
25460752,4802878048830208
42237968,4521403072185088
5799952,14355305417670928
13139984,14372889012732688
7372816,14355305417675008
13664272,13809947650294528
22052880,14355305686106368
14712848,14372889012736768
29392912,14372889281168128
54558736,14355297632059648
8847376,13529697006650113
17235984,13793580334186753
34013200,13512105357541633
21299216,14356392848654593
13172752,14373915509916433
14745616,14373915509920513
29425680,14373915778351873
54591504,14356324129243393
3014672,14355430239113488
5111824,32369828748591376
9306128,13810072471733008
34471952,13792480822624528
9830416,13528601791038208
18219024,13792485118574848
34996240,13511010141929728
6684688,32369828748595456
10878992,13810072471737088
36044816,13792480822628608
12976144,31824470981214976
38141968,31806879332106496
50724880,13792481896366336
11141136,14372884717769488
13238288,32387283227247376
25821200,14372884986200848
50987024,14355293337092368
14811152,32387283227251456
27394064,14372884986204928
52559888,14355293337096448
29491216,32387283495682816
54657040,32369691846574336
58851344,13809935569715968
13369360,14372884986200848
21757968,15481193243869456
38535184,14355293337092368
25952272,5365686268330768
22282256,14355297633042688
14942224,14372884986204928
23330832,15481193243873536
40108048,14355293337096448
27525136,5365686268334848
46399504,13809935569715968
54788112,14355294410834176
14155792,14372820294304528
15204368,15498715905135376
23592976,17732923801211152
29884432,15498716173566736
46661648,14372816266789648
55050256,15481124524458256
59244560,5365617548919568
15728656,14372820294308608
30408720,14372820562739968
55574544,14355228913631488
31457296,15498716173570816
48234512,14372816266793728
56623120,15481124524462336
60817424,5365617548923648
66272,3303149666323
1049312,1112718442513
66784,4506902777036803
1049824,4504712345812993
18656,20895335710723
35040,3380459077633
67808,7701196177411
264416,3372406013953
16779488,284778663247873
33556704,3303686602753
1065184,18704870932483
98528,3380425523203
295136,1319378092033
327904,3372372459523
16842976,284778629693443
33620192,3303653048323
1310944,1181941235713
17826016,282588198469633
34603232,1113221824513
17248,334256148578323
525152,862021729910833
16778080,862022266781713
17760,4837855775948803
4195680,14372820612022273
16778592,5365621894152193
18784,335355660206083
67936,302370311372803
16779616,863121778409473
41312,334470863388673
270688,334462810324993
16785760,897275324792833
49504,334333424435203
278880,334325371371523
541024,897206068445203
1065312,334264706007043
2113888,897206068449283
4211040,5400805695815683
33571168,334256651960323
295264,299287028170753
16810336,862099542638593
16843104,863121744855043
17826144,862030824210433
25166176,897206605316353
68192,3303215726611
12896,17802958209073
21088,17665519255603
70240,1172844838963
135776,4503810399535153
1053280,81924194353
16781920,281548846792753
33559136,73870147633
25184,52849891344403
41568,17811548143633
270944,17803495079953
49760,17674109190163
279136,17666056126483
541280,299071776489523
1065568,17605390762003
8405600,52781171867923
16794208,299072313360403
33571424,17597336715283
98912,1181434773523
164448,4503818989469713
557664,281556899856433
16810592,281557436727313
33587808,82460082193
328288,1173381709843
590432,282579102072883
1114720,1112716345363
16843360,282579638943763
33620576,1104662298643
393824,4503810936406033
787040,281548846792753
1311328,82461065233
1573472,281488181428273
2622048,844429543870513
4719200,5348029171236913
34079328,281480127381553
17826400,281488718299153
34603616,13741654033
18874976,844430080741393
20972128,5348029708107793
68704,4506902843097091
37984,4503818989469713
136288,13511009654276113
267360,4503810936406033
25696,4556449518714883
42080,4521411175514113
140384,13528601840320513
271456,4521403122450433
50272,4521273736560643
148576,13528464401367043
279648,4521265683496963
1066080,4521205018132483
4211808,13809870658600963
8406112,4556380799238403
16794720,4802671940730883
33571936,4521196964085763
99424,4504781062144003
4228192,13792355781967873
16811104,4785157064097793
33588320,4503682087452673
197728,13511971726950403
328800,4504773009080323
1115232,4504712343715843
4260960,13793377984184323
16843872,4786179266314243
33621088,4504704289669123
1180768,13510880806305793
16909408,13792347728904193
33686624,13510872752259073
1311840,4503682088435713
4457568,13792347728904193
4719712,14355228425977873
17302624,5348029708107793
5244000,13792287063539713
17826912,4785088345669633
34604128,4503613369024513
6292576,14355228425981953
18875488,5348029708111873
37749856,13792279009492993
39008,1318873726993
71776,3371868094483
268384,1310820663313
26720,53949402972163
43104,18911059771393
75872,20964054138883
272480,18903006707713
51296,18773620817923
84064,20895334662151
280672,18765567754243
1067104,18704902389763
8407136,53880683495683
16795744,300171824988163
33572960,18696848343043
165984,4504918501097473
16812128,282656948355073
33589344,1181971709953
198752,4506971495464963
591968,284778125328403
2164832,284778125332483
4261984,4788377752698883
8456288,20895334662403
395360,4504910448033793
1312864,1181972692993
17303648,845529592365073
17827936,282588229926913
34605152,1113253281793
18876512,845529592369153
20973664,5349129219735553
28768,52987296743443
53344,17811514589203
282720,17803461525523
102496,1318840172563
299104,494743322641
561248,281694305255473
16814176,281694842126353
33591392,219865481233
331872,1310787108883
790624,281686252191793
1314912,219866464273
17305696,844498766659633
155744,4556586924113923
1073248,52858448773123
16801888,334325371371523
33579104,52850394726403
106592,18911026216963
303200,18086929367041
8429664,52995886678273
16818272,299287028170753
33595488,17812051525633
335968,18902973153283
1319008,17812052508673
8659040,52987833614593
180320,4521411141959683
8437856,52858447724803
16826464,299149589217283
33603680,17674612572163
409696,4521403088896003
1327200,17674613555203
8667232,52850394661123
17317984,862022233227283
9453664,52789729296643
17842272,299080870789123
34619488,17605894144003
18890848,862022233231363
20988000,5365621860597763
25182304,334256651895043
41959520,52781675249923
229472,4504918467543043
16875616,282656914800643
33652832,1181938155523
426080,4504094370693121
4358240,13792493187366913
16941152,4785294469496833
33718368,4503819492851713
819296,281694842126353
1343584,237046333441
2392160,281694842130433
4489312,4785294469496833
8683616,17812051460353
17072224,281695915868161
33849440,220939223041
17334368,844507356594193
18907232,844507356598273
21004384,5348106983964673
458848,4504910414479363
1376352,1181939138563
17367136,845529558810643
17891424,282588196372483
34668640,1113219727363
18940000,845529558814723
21037152,5349129186181123
1441888,4503819493834753
4587616,13792485134303233
21102688,14355297648771073
18350176,844438638166033
19923040,844438638170113
22020192,5348038265536513
525216,863120974151728
1049504,300179612762128
1050016,4803779240132608
4195744,14373919856263168
10656,337623135551488
18848,337554416074753
35232,302447353397248
526752,865319997407248
2099616,865319997411328
4196768,5368919624777728
8391072,337554416075008
16779680,865320265842688
41376,335570107629568
1057184,335432670773248
82336,337554382520323
1065376,335363951296513
1114528,302378602463233
1573280,863129532629008
3146144,863129532633088
5243296,5366729159999488
9437600,335363951296768
17826208,863129801064448
3744,4506902709927952
1050272,4504712144486416
6816,3371667816496
35488,3380257751056
527008,284777925050416
12960,18902202449968
70304,3371600707633
135840,4504909643776048
266912,1310284841008
41632,18910792384528
1057440,18773355528208
82592,20895067275283
1065632,18704636051473
98976,3380190642193
164512,4504918233710608
295584,1318874775568
557728,282656144097328
1082016,1198349352976
590496,284777857941553
1180320,4504780796854288
1311392,1181437919248
2622112,845528788111408
4719264,5349128415477808
17302176,845529056542768
3146400,282587426721808
5243552,4786187054088208
9437856,18704636051728
17826464,282587695153168
34603680,1112718508048
36000,4506979885121536
134304,13514170549927936
4197536,13795576807161856
38048,4504918233710608
136352,13512108898517008
1053856,4504780796854288
42144,4522510419755008
140448,13529701084561408
1057952,4522372982898688
83104,4524494694645763
1066144,4522304263421953
99488,4506979818012673
296096,4504918502146048
1082528,4504797976723456
4228256,13793455026208768
197792,13514170482819073
4261024,13795576740052993
394400,13512109166952448
1311904,4504781065289728
1574048,4786187054088208
4719776,14356327670218768
3146912,4786187054092288
9438368,4522304263422208
17826976,4786187322523648
34604192,4504712345878528
6292640,14356327670222848
20972704,14356327938654208
14496,21101225705488
137376,4507108667031568
268448,3509308096528
530592,284846577418288
26784,56148158840833
141472,4524700853075968
272544,21101494140928
8399008,56148158841088
51360,20972376686593
84128,25293113786371
8407200,56079439364353
100512,7778237153281
559264,284855167352848
2132128,284855167356928
4229280,4788454794723328
8423584,20972376686848
16812192,284855435788288
33589408,3380459143168
395424,4507108935467008
4327584,13795645459529728
17041568,284847382724608
33818784,3372406079488
2623648,847727811366928
4720800,5351327438733328
17303712,847728079798288
6293664,5351327438737408
18876576,847728079802368
20973728,5351327707168768
50333856,284778663313408
1061024,18910760927248
102560,3517596041233
561312,282793549496368
1085600,1335754752016
1118368,3380159184913
1183904,4504918202253328
1314976,1318843318288
1577120,282656112640048
57504,54095130918913
90272,56148125286403
1073312,53957694062593
106656,21109782085633
1089696,18927940796416
8429728,54095130919168
1122464,20972345229313
1188000,4522510388297728
1319072,18911029362688
9445536,53957694062848
114848,20972343132163
8470688,56079405809923
9453728,53888974586113
229536,4507117223411713
360608,3517864476673
1147040,3397339054081
1212576,4504935382122496
4358304,13793592431607808
1343648,1336023187456
17072288,282794354802688
33849504,1319378157568
1245344,4506979786555393
1376416,3380427620353
1638560,284786416418833
3211424,284786416422913
5308576,4788386043789313
9502880,20903625752833
17891488,284786684854273
34668704,3311708209153
1441952,4504918470688768
5374112,13793454994751488
18088096,282656917946368
34865312,1181941301248
3670176,845537346588688
5767328,5349136973955088
18350240,845537615020048
7340192,5349136973959168
19923104,845537615024128
22020256,5349137242390528
51380384,282588198535168
526112,5365621155954736
4196128,14372820410695696
527136,863121040212016
21280,334324599619633
135968,4802877293854768
267040,299277934919728
529184,862090180952176
1053472,299148818513968
2102048,862090180956208
4199200,5365689808322608
8393504,334324599619888
16782112,862090449387568
140064,4838061665943568
271136,334462307008528
1057568,334333190602768
2106144,897274553045008
4203296,5400874180411408
16786208,897274821476368
49952,334333189554193
82720,335355391770643
1065760,334264471126033
2114336,897205833568273
4211488,5400805460934673
16794400,897206101999633
164640,4802885883789328
295712,299286524854288
2130720,862098770890768
4227872,5365698398257168
8422176,334333189554448
16810784,862099039322128
590624,863120973103153
656160,5365689808322608
4326176,14372889063063568
787232,862090449387568
17040160,862090986258448
2622240,1987921368322096
4719392,6491520995688496
17302304,1987921636753456
34079520,862021729976368
3146528,862030052462608
5243680,5365629679829008
9437984,334264471126288
17826592,862030320893968
10486560,897205833568528
12583712,5400805460934928
25166624,897206101999888
50332448,862022266847248
4197664,14373919922323456
13600,4838061665943568
38176,4802885883789328
136480,13810076548595728
529696,5365689808322608
4199712,14372889063063568
271648,4838061934379008
533792,5400874180411408
1058080,4837932817973248
2106656,5400874180415488
16786720,5400874448846848
50464,4837932816924673
83232,4838955019141123
148768,13845123481731073
541984,5400805460934673
1066272,4837864098496513
2114848,5400805460938753
16794912,5400805729370113
296224,4802886152224768
558368,5365698398257168
2131232,5365698398261248
8422688,4837932816924928
16811296,5365698666692608
4261152,14373919855214593
394528,13810076817031168
656672,14372889063063568
1180960,13809947700625408
2229536,14372889063067648
4326688,32387287572545536
8520992,13845123481731328
16909600,14372889331499008
4457760,14372889331499008
17040672,5365690613628928
1574176,5365629679829008
4719904,15498720250429456
8914208,5400805460934928
3147040,5365629679833088
9438496,4837864098496768
17827104,5365629948264448
6292768,15498720250433536
10487072,5400805460939008
20972832,15498720518864896
37750048,14372820612087808
25167136,5400805729370368
50332960,5365621894217728
14624,335561550200848
39200,300385768046608
530720,863189692579888
76064,337623134502913
141600,4839161177571328
272672,335561818636288
534816,898374064668688
1059104,335432702230528
2107680,898374064672768
4204832,5401973692039168
16787744,898374333104128
51488,335432701181953
543008,898305345191953
1067296,335363982753793
2115872,898305345196033
4213024,5401904972562433
16795936,898305613627393
100640,302447352348673
166176,4803985395417088
297248,300386036482048
559392,863198282514448
2132256,863198282518528
4229408,5366797909884928
8423712,335432701182208
16812320,863198550949888
592160,865319996358673
1116448,302378633920513
2165024,865319996362753
4262176,5368919623729153
8456480,337554415026433
16845088,865320264794113
4327712,14373988574691328
17041696,863190497886208
1575200,863129564086288
8915232,898305345192208
3148064,863129564090368
5245216,5366729191456768
9439520,335363982754048
17828128,863129832521728
10488096,898305345196288
12585248,5401904972562688
25168160,898305613627648
50333984,863121778475008
45344,334745472860176
1061152,334470596001808
2109728,897411958444048
4206880,5401011585810448
16789792,897412226875408
53536,334470594953233
545056,897274519486513
2134304,862236176289808
4231456,5365835803656208
8425760,334470594953488
16814368,862236444721168
659744,5365827213721648
4329760,14373026468462608
790816,862227854786608
17043744,862228391657488
1577248,862098738380848
8917280,897274519486768
57632,404839339130881
106784,335570106580993
172320,4838345100230656
303392,334745741295616
1089824,334487775870976
8429856,404839339131136
33595680,334470863454208
663840,5401011585810448
1188128,4838070223372288
2236704,5401011585814528
16916768,5401011854245888
794912,897412226875408
1319200,334470864437248
2367776,897412226879488
4464928,5401011854245888
33825056,334462810390528
1581344,897283110469648
3154208,897283110473728
5251360,5400882737840128
17834272,897283378905088
50340128,897275324858368
114976,335432667627523
180512,4838070222323713
311584,334470863388673
573728,897283109421073
2146592,897283109425153
4243744,5400882736791553
16826656,897283377856513
606496,898305311637523
1130784,335363949199363
2179360,898305311641603
4276512,5401904939008003
16859424,898305580072963
4342048,14408073401597953
17056032,897275324792833
1589536,897214390992913
3162400,897214390996993
5259552,5400814018363393
17842464,897214659428353
50348320,897206605381633
688416,5365835803656208
2261280,5365835803660288
8552736,4838070222323968
16941344,5365836072091648
819488,862236444721168
2392352,862236444725248
4489504,5365836072091648
8683808,334470863388928
33849632,299287028236288
8945952,897283109421328
10518816,897283109425408
12615968,5400882736791808
25198880,897283377856768
50364704,862099542704128
4587808,14373026736898048
17170720,5365828019027968
5374240,14372897620492288
12714272,14408073401598208
18088224,862099543687168
25428256,897275324793088
9961760,897214390993168
11534624,897214390997248
13631776,5400814018363648
26214688,897214659428608
51380512,862030824275968
58720544,897206605381888
7712,4504772405100592
36384,4504780995035152
69152,4506902708879377
134688,13511971659841552
527904,4786178662334512
1052192,4504712276606992
4197920,13793377917075472
13856,4521402384252976
267808,4503810466644016
1054240,4503681350238256
4199968,13792346990706736
42528,4521410974187536
140832,13528601638993936
296480,4503819056578576
558624,4785156325900336
4228640,13792355580641296
394784,13511009721384976
656928,13792346990706736
1181216,13510880604979216
1574432,4785087607472176
2623008,5348028969914416
17303072,5348029238345776
5244448,13792286862213136
6293024,14355228224655376
20973088,14355228493086736
14880,18902268510256
72224,3371666767921
137760,4504909709836336
268832,1310350901296
1055264,1181234495536
43552,18910858444816
84512,20895133335571
100896,3380256702481
166432,4504918299770896
297504,1318940835856
559648,282656210157616
592416,284777924001841
1116704,3311538274321
1575456,282587491729456
2624032,845528854171696
4721184,5349128481538096
17304096,845529122603056
78368,18902201401393
143904,4521677195051056
274976,18077836116016
537120,299277666484336
2109984,299277666488368
4207136,4802877293854768
16790048,299277934919728
33567264,17802958274608
86560,18764762447923
152096,4521402317144113
283168,17802958209073
1069600,17673841803313
8409632,52849622909233
201248,4504909642727473
332320,1310283792433
1118752,1181167386673
397856,4504085277442096
660000,4785285107810416
2232864,4785285107814448
8524320,4521402317144368
16912928,4785285376245808
33690144,4503810399600688
791072,281685748875376
2363936,281685748879408
4461088,4785285376245808
8655392,17802958209328
1577504,281556632469616
2626080,844497994911856
4723232,5348097622278256
17306144,844498263343216
3150368,281556632473648
5247520,4785156259840048
9441824,17673841803568
17830432,281556900905008
34607648,81924259888
6296096,5348097622282288
18879008,844498263347248
20976160,5348097890713648
50336288,281548846858288
90656,53949134536723
156192,4556586689232913
287264,52987330297873
549408,334324599619633
1073696,52858213892113
107040,18910791335953
172576,4521685784985616
303648,18086426050576
1090080,17828460625936
2138656,299286256422928
4235808,4802885883789328
16818720,299286524854288
33595936,17811548209168
664096,4802877293854768
1188384,4521410908127248
4334112,13810076548595728
8528416,4556586689233168
795168,299277934919728
1319456,17811549192208
8659488,52987330298128
17048096,299278471790608
33825312,17803495145488
1581600,299148818513968
2630176,862090180956208
4727328,5365689808322608
8921632,334324599619888
17310240,862090449387568
9445920,52858213892368
115232,18773352382483
180768,4521410907078673
311840,17811548143633
573984,299148817465393
8438304,52858212843793
606752,300171019681843
1131040,18704633954323
8471072,53880415060243
1589792,299080099037233
2638368,862021461479473
4735520,5365621088845873
8929824,334255880143153
17318432,862021729910833
9454112,52789494415633
229920,4504918232662033
360992,1318873726993
623136,282656143048753
426528,4504093867376656
1212960,4503835901952016
2261536,4785293697749008
8552992,4521410907078928
16941600,4785293966180368
33718816,4503818989535248
1344032,236543016976
2392608,281694338813968
4489760,4785293966180368
8684064,17811548143888
1606176,281573812338736
8946208,299148817465648
34112032,281556899921968
6324768,5348106212216848
18907680,844506853281808
21004832,5348106480648208
50364960,281557436792848
1638944,282587424620593
2687520,845528787062833
4784672,5349128414429233
17367584,845529055494193
918048,4785285376245808
1442336,4503818990518288
4588064,13792484630986768
17170976,4785285913116688
33948192,4503810936471568
1704480,4785156259840048
2753056,5348097622282288
17433120,5348097890713648
5374496,13792355514581008
6423072,14355296877023248
21103136,14355297145454608
1835552,281556900905008
2884128,844498263347248
4981280,5348097890713648
34341408,281548846858288
18088480,281557437775888
34865696,82461130768
19137056,844498800218128
21234208,5348098427584528
9962016,299080099037488
35127840,281488181493808
6816288,6473928809648176
11010592,862021461479728
19399200,1970329450713136
36176416,844429543936048
13107744,5365621088846128
21496352,6473929078079536
38273568,5348029171302448
25690656,862021729911088
7340576,5348037493788688
19923488,844438134853648
22020640,5348037762220048
51380768,281488718364688
52429344,844430080806928
54526496,5348029708173328
39968,4504918299770896
138272,13512108964577296
44064,4522510485815296
142368,13529701150621696
85024,4524494760706051
101408,4506979884072961
298016,4504918568206336
4230176,13793455092269056
199712,13514170548879361
1117216,4506911165644801
4262944,13795576806113281
396320,13512109233012736
1182752,13511980116606976
4721696,14356327736279056
5245984,13793386373840896
6294560,14356327736283136
20974624,14356328004714496
29728,4556586689232913
46112,4521685784985616
144416,13528876449792016
537632,4802877293854768
1061920,4521410908127248
4207648,13810076548595728
8401952,4556586689233168
54304,4521410907078673
152608,13528601571885073
103456,4504918232662033
300064,4504093867376656
1086496,4503835901952016
2135072,4785293697749008
8426528,4521410907078928
16815136,4785293966180368
33592352,4503818989535248
201760,13512108897468433
398368,13511284532183056
2233376,13792484362555408
4330528,31806882872033296
8524832,13528601571885328
16913440,13792484630986768
33690656,13511009654341648
791584,4785285376245808
1315872,4503818990518288
4461600,13792484630986768
17044512,4785285913116688
33821728,4503810936471568
1578016,4785156259840048
2626592,5348097622282288
17306656,5348097890713648
5248032,13792355514581008
6296608,14355296877023248
20976672,14355297145454608
91168,4557548761907203
287776,4556586957668353
1074208,4556457841262593
4219936,13845123481731073
107552,4522510418706433
304160,4521686053421056
566304,4802885883789328
1090592,4521428087996416
2139168,4802885883793408
16819232,4802886152224768
33596448,4521411175579648
205856,13529701083512833
402464,13528876718227456
664608,13810076548595728
2237472,13810076548599808
4334624,31824475058077696
16917536,13810076817031168
33694752,13528601840386048
1319968,4521411176562688
4465696,13810076817031168
8660000,4556586957668608
17048608,4802878099161088
33825824,4521403122515968
4727840,14372889063063568
5252128,13809947700625408
9446432,4556457841262848
6300704,14372889063067648
12592160,13845123481731328
20980768,14372889331499008
115744,4522372979752963
312352,4521411175514113
4244512,13809947699576833
8438816,4556457840214273
214048,13529563644559363
1131552,4522304261324803
4277280,13810969901793283
8471584,4557480042430723
410656,13528601840320513
1197088,13528472723914753
8537120,13563648505020673
4736032,14372820343586833
5260320,13809878981148673
9454624,4556389121786113
6308896,14372820343590913
12600352,13845054762254593
20988960,14372820612022273
361504,4504918501097473
4293664,13793455025160193
820256,4785293966180368
1344544,4503836170387456
2393120,4785293966184448
8684576,4521411175514368
2655264,5348106212216848
17335328,5348106480648208
5276704,13792372694450176
18908192,5348106480652288
12616736,13809947699577088
37782560,13792355782033408
50365472,4785157064163328
459808,13512109165903873
1246240,13511980049498113
4785184,14356327669170193
5309472,13793386306732033
6358048,14356327669174273
21038112,14356327937605633
918560,13792484630986768
2491424,13792484630990848
4588576,31806883140468736
8782880,13528601840320768
1704992,13792355514581008
2753568,14355296877023248
4850720,32369695386501136
17433632,14355297145454608
3277856,13792355514585088
5375008,31806754024062976
9569312,13528472723915008
17957920,13792355783016448
34735136,13510880806371328
6423584,32369695386505216
19006496,14355297145458688
21103648,32369695654936576
50463776,13792347728969728
4981792,14355297145454608
17564704,5348098427584528
5506080,13792355783016448
18088992,4785157065146368
34866208,4503682088501248
6554656,14355297145458688
19137568,5348098427588608
38011936,13792347728969728
3671072,5348037493788688
18351136,5348037762220048
6816800,15481128064389136
13108256,14372820343587088
21496864,15481128332820496
38274080,14355228426043408
50856992,5348029708173328
19924000,5348037762224128
13632544,13809878981148928
38798368,13792287063605248
51381280,4785088345735168
14681120,14372820343591168
23069728,15481128332824576
39846944,14355228426047488
52429856,5348029708177408
29361184,14372820612022528
30752,54086573490193
47136,19185669242896
79904,21101224656913
538656,300377178112048
1062944,18910792384528
8402976,54086573490448
55328,18910791335953
88096,20963785703443
170016,4505193110568976
301088,1593751633936
1087520,1335786209296
2136096,282793582006288
4233248,4786393209372688
8427552,18910791336208
16816160,282793850437648
33593376,1318873792528
202784,4507108665982993
333856,3509307047953
596000,284846576369713
1120288,3380190642193
661536,4786384619438128
1185824,4504918233710608
4331552,13793583874179088
792608,282785260503088
1316896,1318874775568
17045536,282785797373968
33822752,1310820728848
1579040,282656144097328
2627616,845597506539568
4724768,5349197133905968
17307680,845597774970928
157728,4557686200860673
288800,54086841925633
1075232,53957725519873
174112,4522785296613376
305184,19185937678336
567328,300385768046608
1091616,18927972253696
2140192,300385768050688
4237344,4803985395417088
16820256,300386036482048
33597472,18911059836928
206880,4524700852027393
337952,21101493092353
1124384,20972376686593
8464416,56148157792513
1189920,4522510419755008
4335648,13811176060223488
8529952,4557686200860928
1320992,18911060819968
8661024,54086841925888
17049632,300377983418368
33826848,18903006773248
9447456,53957725520128
182304,4522510418706433
313376,18911059771393
8439840,53957724471553
215072,4524563413073923
346144,20964054138883
608288,302370042937363
2181152,302370042941443
4278304,4805969670307843
16861216,302370311372803
33638432,20895334727683
9455648,53889006043393
624672,284855166304273
1148960,3397370511361
2197536,284855166308353
4294688,4788454793674753
8488992,20972375638273
16877600,284855434739713
33654816,3380458094593
428064,4505193379004416
690208,4786393209372688
1214496,4504935413579776
2263072,4786393209376768
8554528,4522510418706688
16943136,4786393477808128
33720352,4504918501163008
821280,282793850437648
1345568,1336054644736
2394144,282793850441728
4491296,4786393477808128
8685600,18911059771648
2656288,845606096474128
4753440,5349205723840528
17336352,845606364905488
6326304,5349205723844608
18909216,845606364909568
21006368,5349205992275968
50366496,282656948420608
460832,4507108934418433
1247264,4506979818012673
4392992,13795645458481153
1378336,3380459077633
17106976,284847381676033
33884192,3372405030913
1640480,284786447876113
2689056,847727810318353
4786208,5351327437684753
17369120,847728078749713
3213344,284786447880193
5310496,4788386075246593
9504800,20903657210113
17893408,284786716311553
34670624,3311739666433
6359072,5351327437688833
18941984,847728078753793
21039136,5351327706120193
50399264,284778662264833
1443872,4504918502146048
4589600,13793584142614528
17172512,4786385424744448
33949728,4504910448099328
4851744,14356396388646928
5376032,13793455026208768
6424608,14356396388651008
21104672,14356396657082368
17565728,845598311841808
18090016,282656949403648
34867232,1181972758528
19138592,845598311845888
21235744,5349197939212288
3672096,845537378045968
5769248,5349137005412368
18352160,845537646477328
50858016,845529592430608
7342112,5349137005416448
19925024,845537646481408
22022176,5349137273847808
51382304,282588229992448
52430880,845529592434688
54528032,5349129219801088
61472,53270496149521
94240,54086539935763
552992,334462005018673
1077280,52995619291153
176160,4522235507245072
307232,18636148310032
569376,299561100771376
8433696,53270496149776
1585184,299286223913008
2633760,862227586355248
4730912,5365827213721648
8925216,334462005018928
17313824,862227854786608
9449504,52995619291408
118816,18910757781523
577568,299286222864433
8441888,52995618242833
626720,282793548447793
430112,4504643589636112
692256,4785568542097456
4362272,13792767796838416
823328,281969183162416
17076256,281969720033296
33853472,494743388176
1609760,281711217737776
8949792,299286222864688
34115616,281694305321008
6328352,5348243617615888
18911264,844644258680848
21008416,5348243886047248
50368544,281694842191888
1708064,4785293665239088
2756640,5348235027681328
17436704,5348235296112688
5378080,13792492919980048
6426656,14355434282422288
21106720,14355434550853648
1839136,281694306304048
2887712,844635668746288
4984864,5348235296112688
34344992,281686252257328
18092064,281694843174928
34869280,219866529808
19140640,844636205617168
21237792,5348235832983568
3674144,844506552340528
5771296,5348106179706928
18354208,844506820771888
50860064,844498766725168
188448,4556870123520001
319520,53270764584961
581664,334470594953233
1105952,53012799160321
2154528,334470594957313
4251680,4838070222323713
8445984,123364362420481
16834592,334470863388673
33611808,52995886743553
221216,4557686167306243
352288,54086808371203
1138720,53957691965443
1204256,4556595246661633
4349984,13845260887130113
1335328,52995887726593
17063968,334462810324993
33841184,52987833679873
8495136,54095129870593
434208,4522235775680512
4366368,13810359982882816
8560672,4556870123520256
8691744,53270764585216
17080352,299561906077696
33857568,18086929432576
2662432,862236176289808
4759584,5365835803656208
8953888,334470594953488
17342496,862236444721168
9478176,53012799160576
6332448,5365835803660288
10526752,334470594957568
18915360,862236444725248
12623904,4838070222323968
21012512,5365836072091648
25206816,334470863388928
41984032,52995886743808
50372640,299287028236288
4857888,14373026468462608
5382176,13810085106024448
9576480,4556595246661888
6430752,14373026468466688
12722208,13845260887130368
21110816,14373026736898048
17571872,862228391657488
9707552,52995887726848
18096160,299287029219328
34873376,17812052574208
19144736,862228391661568
21241888,5365828019027968
25436192,334462810325248
42213408,52987833680128
245792,4522510385152003
376864,18911026216963
8503328,53957690917123
4374560,13810085104975873
8568864,4556595245613313
8699936,52995886678273
17088544,299287028170753
33865760,17812051525633
9519136,53888972488963
4423712,13793592430559233
17137696,282794353754113
33914912,1319377108993
4620320,13792768065273856
17203232,4785569347403776
33980448,4504094370758656
2785312,5348243617615888
17465376,5348243886047248
5406752,13792510099849216
19038240,5348243886051328
12746784,13810085104976128
37912608,13792493187432448
50495520,4785294469562368
2916384,844644258680848
5013536,5348243886047248
34373664,281694842191888
18120736,281712023044096
34897952,237046398976
6586400,5348243886051328
35946528,281694842195968
38043680,4785294469562368
25460768,299287028171008
42237984,17812051525888
50626592,281695915933696
50888736,844507356659728
52461600,844507356663808
54558752,5348106984030208
5111840,14355434550853648
17694752,5348235832983568
5636128,13792493188415488
18219040,4785294470545408
34996256,4503819493900288
6684704,14355434550857728
19267616,5348235832987648
38141984,13792485134368768
5898272,14355305434447888
7471136,14355305434451968
22151200,14355305702883328
54657056,14355297648836608
18612256,844507357642768
20185120,844507357646848
22282272,5348106985013248
51904544,844438638231568
53477408,844438638235648
55574560,5348038265602048
18880,337550355988483
16779712,865316474191873
74176,337619058688003
270784,335558011256833
16785856,898370525724673
82368,337550339211271
278976,335420572303363
541120,898301269377043
1065408,335355613020163
2113984,898301269381123
4211136,5401900896747523
33571264,335351852892163
328128,302435223470083
590272,865315920543763
1114560,302370264186883
2163136,865315920547843
4260288,5368915547914243
8454592,337550339211523
33620416,302366504058883
17826240,863121731223553
25166272,898301806248193
67264,4506898482069523
6848,3367574175793
19136,20891040743443
68288,7696901210131
264896,3368111046673
527040,284773831409713
1051328,3303151763473
16779968,284774368280593
33557184,3299391635473
70336,3367540621363
266944,1306493190193
328384,3368077492243
590528,284773797855283
1114816,3303118209043
16843456,284774334726163
33620672,3299358081043
17302208,845525264891953
19648,4524490668113923
68800,4511296528580611
134336,13514166456287233
265408,4506967738417153
1051840,4506902779133953
4197568,13795572713521153
16780480,4788373995651073
33557696,4506899019005953
197824,13514166422732803
328896,4506967704862723
1115328,4506902745579523
4261056,13795572679966723
16843968,4788373962096643
33621184,4506898985451523
394432,13512105375301633
20972736,14356324147003393
268480,3505516445713
26816,56144098754563
272576,21097702490113
280768,20960263536643
1067200,20895304253443
8407232,56075379278083
16795840,302366520770563
33573056,20891544125443
297152,3509811412993
1083584,3380427620353
329920,7766124003331
1116352,7701164720131
16844992,289172381237251
33622208,7697404592131
395456,4507105143816193
1312960,3372374556673
17303744,847724288147473
17828032,284778631790593
34605248,3303655145473
18876608,847724288151553
20973760,5351323915517953
28864,54082497675283
78016,21097148842003
282816,18898662457363
102592,3509257764883
1085632,1318826541073
200896,4507104590168083
594112,284842500554803
1118400,3371820908563
16847040,284843037425683
33624256,3368060780563
790720,282781453123633
1315008,1310773477393
17305792,845593967591473
57536,54086792642563
90304,56144081977351
155840,4557682125045763
1073344,53949355786243
16801984,335420572303363
33579200,53945595658243
106688,21101443809283
1089728,18911012585473
204992,4524696776212483
1122496,20964006952963
8462528,56144081977603
16851136,302435223470083
33628352,20960246824963
1319104,18902959521793
8659136,54083034546433
311488,18902957424643
1097920,18773573632003
344256,20960246759431
1130688,20895287476231
8470720,56075362500871
16859328,302366503993351
33636544,20891527348231
409792,4522498289827843
1327296,18765520568323
8667328,53945595592963
17318080,863117434159123
9453760,53880636309763
17842368,300171777802243
34619584,18696801157123
18890944,863117434163203
20988096,5366717061529603
25182400,335351852826883
41959616,53876876181763
229568,4507108885135363
16875712,284847332392963
33652928,3372355747843
1212608,4504918453911553
17858752,282656901169153
34635968,1181924524033
1245376,4506971448279043
4391104,13795641382666243
16974016,4788442664796163
33751232,4506967688151043
852160,284843037425683
2425024,284843037429763
4522176,4788442664796163
8716480,20960246759683
17105088,284844111167491
33882304,3369134522371
1638592,284778078142483
2687168,847723734503443
4784320,5351323361869843
34144448,284774318014483
3211456,284778078146563
5308608,4788377705512963
9502912,20895287476483
6357184,5351323361873923
35717312,284774318018563
37814464,4788373945384963
25231552,302366503993603
42008768,20891527348483
50397376,284775391756291
1441984,4504910400847873
4587712,13793580335235073
21102784,14356392849702913
18350272,845529545179153
19923136,845529545183233
22020288,5349129172549633
18240,4837851480981523
526144,5365617062314033
4196160,14372816317054993
16779072,5365617599184913
19264,335351365238803
68416,302366016405523
527168,863116946571313
16780096,863117483442193
13120,334457978486833
21312,334320539533363
267072,299274143268913
16782144,862086657736753
271168,334458515357713
533312,897270492954673
16786240,897271029825553
279360,334321076404243
2114368,897201773482003
4211520,5400801400848403
33571648,334252356993043
590656,863116913016883
16843584,863117449887763
787264,862086657736753
8913728,897201773478193
17302336,1987917845102641
34079552,862017938325553
25166656,897202310349073
19776,4838950992609283
68928,4805965643776003
4197696,14373915828682753
16780608,5366717110812673
140608,13845256860598273
271680,4838058142728193
4203840,14408069375066113
16786752,5400870657196033
148800,13845119421644803
279872,4837920703774723
542016,5400801400848403
2114880,5400801400852483
33572160,4837851984363523
4261184,14373915795128323
16844096,5366717077258243
394560,13810073025380353
16909632,14372885539848193
4457792,14372885539848193
12584256,14408000655589633
20972864,15498716727214081
37750080,14372816820436993
25167168,5400801937719553
76096,337619074416643
272704,335558026985473
16787776,898370541453313
84288,337550354939911
280896,335420588032003
543040,898301285105683
2115904,898301285109763
4213056,5401900912476163
33573184,335351868620803
330048,302435239198723
592192,865315936272403
2165056,865315936276483
4262208,5368915563642883
8456512,337550354940163
33622336,302366519787523
25168192,898301821976833
28992,404826705887251
78144,335557473337363
274752,334733376487441
2109760,897407915134993
4206912,5401007542501393
33567040,334458498646033
53568,334462256676883
151872,4838057589080083
2117952,897270476181523
4215104,5400870103547923
33575232,334321059692563
561472,862227838009393
16814400,862228374880273
332096,300373638119443
594240,863185615716403
16847168,863186152587283
659776,5365823170412593
4329792,14373022425153553
16912704,5365823707283473
2363712,862224079917073
4460864,5365823707283473
8655168,334458498580753
17043776,862225153654801
8917312,897270476177713
17305920,1987986547802161
34083136,862086641025073
25170240,897271013048593
57664,404831000854531
155968,4908426333257731
549184,967639220355091
2122048,967639220359171
4219200,5471238847725571
8413504,545426755289347
33579328,404689803870211
106816,335561768304643
303424,334737671454721
565568,897412210098193
1089856,334470847660033
2138432,897412210102273
4235584,5401011837468673
33595712,334462793613313
205120,4839157100707843
598336,898369987805203
2171200,898369987809283
4268352,5401969615175683
33628480,335420571320323
401728,4838333003857921
663872,5401007542501393
2236736,5401007542505473
33694016,4838058126016513
1319232,334462794596353
8659264,404827242758401
33825088,334459572387841
17310016,2023170919890961
34087232,897271013113873
17834304,897275309064193
18882880,2023170919895041
35660096,897271013117953
20980032,6526770547261441
37757248,5400870640484353
25174336,967639757226241
50340160,897272086855681
180544,4838061884047363
573760,897274771144723
1098048,334333408706563
2146624,897274771148803
4243776,5400874398515203
33603904,334325354659843
344384,335420571254791
606528,898301268328471
2179392,898301268332551
4276544,5401900895698951
33636672,335351851843591
672064,5400870103547923
2244928,5400870103552003
33702208,4837920687063043
1327424,334325355642883
8667456,404689803804931
33833280,334322133434371
1589568,897206052716563
2638144,2023101663547411
4735296,6526701290913811
8929600,967570500878611
3162432,897206052720643
5259584,5400805680087043
34619712,334256636231683
6308160,6526701290917891
10502464,967570500882691
12599616,5471170128249091
41959744,404621084393731
360768,300377933086723
16875840,863190447554563
4358464,14373026720120833
16941376,5365828002250753
819520,862228374880273
1343808,299287012442113
2392384,862228374884353
4489536,5365828002250753
8683840,334462793548033
17072448,862229448622081
17858880,862099526909953
25198912,897275308015873
459072,4803973265489923
4391232,14373984497827843
16974144,5366785779957763
852288,863186152587283
2425152,863186152591363
4522304,5366785779957763
8716608,335420571255043
17105216,863187226329091
8978752,898301268328723
17367360,1989017339953171
34144576,863117433176083
17891648,863121729126403
10551616,898301268332803
18940224,1989017339957251
35717440,863117433180163
12648768,5401900895699203
21037376,6492616967323651
37814592,5366717060546563
42008896,335351851843843
50397504,863118506917891
917824,5365823707283473
2490688,5365823707287553
8782144,4838058125951233
17170752,5365824781025281
12714304,14408069358289153
21102912,15498785429913601
37880128,14372885523136513
25297216,5400870640419073
9175360,897271013048593
10748224,897271013052673
12845376,5400870640419073
25428288,897272086790401
50594112,862089862250497
19398976,4239717642014737
21496128,8743317269381137
25690432,2023102200414481
42467648,897202293637393
26214720,897206589587713
23068992,8743317269385217
27263296,2023102200418561
44040512,897202293641473
29360448,6526701827784961
46137664,5400801921007873
58720576,897203367379201
69184,4506898548129811
13888,4521398290612273
22080,4521260851658803
38464,4503810399535153
71232,4504768177242163
4200000,13792342897066033
16782912,4785144179195953
33560128,4503669202550833
26176,4556445223747603
140864,13528597545353233
271936,4521398827483153
149056,13528460106399763
280128,4521261388529683
542272,4802667108892723
4212288,13809866363633683
8406592,4556376504271123
16795200,4802667645763603
33572416,4521192669118483
165440,13511009654276113
296512,4503810936406033
198208,13511967431983123
329280,4504768714113043
591424,4786174434476083
4261440,13793373689217043
16844352,4786174971346963
33621568,4504699994701843
656960,13792342897066033
16909888,13792343433936913
33687104,13510868457291793
788032,4785144179195953
4458048,13792343433936913
2623040,5348024876273713
34080320,4785075459784753
6293056,14355224131014673
18875968,5348025413144593
37750336,13792274714525713
14912,18898174869553
23104,18760735916083
39488,1310283792433
137792,4504905616195633
16783936,282644063453233
33561152,1169086808113
27200,53945108004883
76352,20959759171603
272960,18898711740433
84544,20891039694871
281152,18761272786963
543296,300166993150003
8407616,53876388528403
16796224,300167530020883
33573440,18692553375763
100928,3371868094483
297536,1310820663313
199232,4506967200497683
1116736,3303149666323
2165312,284773830365203
4262464,4788373457731603
8456768,20891039695123
395840,4504906153066513
789056,282644063453233
2624064,845524760530993
4721216,5349124387897393
34081344,282575344042033
18876992,845525297401873
20974144,5349124924768273
78400,18898141315123
275008,18074044465201
8401472,52983001776433
16790080,299274143268913
33567296,17799166623793
53824,17802924654643
152128,4521398257057843
8409664,52845562822963
16798272,299136704315443
33575488,17661727670323
102976,1310250238003
299584,486153388081
1086016,219329593393
16814656,281686252191793
33591872,211275546673
201280,4504905582641203
16847424,282644029898803
33624640,1169053253683
397888,4504081485791281
4330048,13792480302465073
16912960,4785281584594993
33690176,4503806607949873
791104,281681957224561
1315392,211276529713
2363968,281681957228593
4461120,4785281584594993
8655424,17799166558513
17044032,281683030966321
33821248,208054321201
17306176,844494471692401
18879040,844494471696433
20976192,5348094099062833
57920,52987296743443
156224,4556582629146643
549440,334320539533363
16802368,334321076404243
33579584,52846099759123
336448,18898678186003
795200,299274143268913
8659520,52983538647313
17310272,862086657736753
311872,17803461525523
410176,4521398793928723
803392,299136704315443
8667712,52846099693843
2638400,862017401393203
4735552,5365617028759603
8929856,334251820056883
34095680,299067984904243
18891328,862017938264083
20988480,5365617565630483
25182784,334252356927763
41960000,52777380282643
361024,1310787108883
819776,281686252191793
1344064,219866464273
17334848,844498766659633
459328,4504906119512083
852544,282644029898803
2687552,845524726976563
4784704,5349124354342963
34144832,282575310487603
18940480,845525263847443
21037632,5349124891213843
918080,4785281584594993
4588096,13792480839335953
4850240,14355292816932913
17433152,5348094099062833
21103168,14355293353803793
2884160,844494471696433
4981312,5348094099062833
17564224,844495545434161
18350656,844430048231473
19399232,1970325659062321
36176448,844425752285233
21496384,6473925286428721
38273600,5348025379651633
25690688,862017938260273
50856512,844426826022961
72768,4506967200497683
138304,13512104870936593
269376,4504906153066513
27712,4557544735375363
76864,4524559386542083
142400,13529697056980993
273472,4522498339110913
85056,4524490667065351
150592,13529559618027523
281664,4522360900157443
4213824,13810965875261443
8408128,4557476015898883
16796736,4803767157391363
33573952,4522292180746243
101440,4506971495464963
166976,13512109165903873
298048,4504910448033793
592960,4788373457731603
1117248,4506902777036803
2165824,4788373457735683
8457280,4524490667065603
16911424,13793442945564673
33688640,13511967968919553
4459584,13793442945564673
4721728,14356323642638353
17304640,5349124924768273
6294592,14356323642642433
18877504,5349124924772353
37751872,13793374226153473
29760,4556582629146643
152640,13528597511798803
283712,4521398793928723
201792,13512104837382163
332864,4504906119512083
398400,13511280740532241
660544,13792480302465073
16913472,13792480839335953
33690688,13511005862690833
791616,4785281584594993
4461632,13792480839335953
4723776,14355292816932913
17306688,5348094099062833
20976704,14355293353803793
58432,4556586924113923
4219968,13845119421644803
16802880,4837920703774723
33580096,4556445727129603
205888,13529697023426563
336960,4522498305556483
402496,13528872926576641
8528960,13563781883887873
16917568,13810073025380353
33694784,13528598048735233
4465728,13810073025380353
8660032,4556583166017793
20980800,14372885539848193
181312,13528601806766083
312384,4521403088896003
8537152,13563644444934403
16925760,13809935586426883
33702976,13528460609781763
4473920,13809935586426883
8668224,4556445727064323
4736064,14372816283500563
17318976,5365617565630483
6308928,14372816283504643
18891840,5365617565634563
12600384,13845050702168323
37766208,13809866867015683
25183296,4837851984298243
41960512,4556377007653123
230464,13512109132349443
361536,4504910414479363
427072,13511285035499521
1213504,13511018211704833
16942144,13792485134303233
33719360,13511010157658113
1344576,4503819493834753
4490304,13792485134303233
21005376,14355297648771073
16974912,13793442912010243
33752128,13511967935365123
4523072,13793442912010243
4785216,14356323609083923
17368128,5349124891213843
6358080,14356323609088003
18940992,5349124891217923
37815360,13793374192599043
918592,13792480839335953
1442880,13511010158641153
2491456,13792480839340033
4588608,31806879348817921
8782912,13528598048669953
17171520,13792481913077761
33948736,13511006936432641
17433664,14355293353803793
19006528,14355293353807873
21103680,32369691863285761
4981824,14355293353803793
6554688,14355293353807873
21234752,14355294427545601
21496896,15481124541169681
38274112,14355224634392593
22021184,14355228930342913
23069760,15481124541173761
39846976,14355224634396673
29361216,14372816820371713
54527040,14355225708134401
30784,54082513403923
79936,21097164570643
284736,18898678186003
104512,3509273493523
202816,4507104605896723
596032,284842516283443
16848960,284843053154323
33626176,3368076509203
792640,282781468852273
17307712,845593983320113
59456,54086808371203
92224,56144097705991
157760,4557682140774403
16803904,335420588032003
33581120,53945611386883
108608,21101459537923
206912,4524696791941123
8464448,56144097706243
16853056,302435239198723
33630272,20960262553603
8661056,54083050275073
313408,18902973153283
346176,20960262488071
8472640,56075378229511
16861248,302366519721991
33638464,20891543076871
411712,4522498305556483
8669248,53945611321603
17320000,863117449887763
18892864,863117449891843
20990016,5366717077258243
25184320,335351868555523
41961536,53876891910403
231488,4507108900864003
1148992,3380425523203
16877632,284847348121603
33654848,3372371476483
1345600,1319378092033
4393024,13795641398394883
16975936,4788442680524803
33753152,4506967703879683
854080,284843053154323
1378368,3372372459523
2426944,284843053158403
4524096,4788442680524803
8718400,20960262488323
17107008,284844126896131
33884224,3369150251011
2689088,847723750232083
4786240,5351323377598483
34146368,284774333743123
17893440,284778629693443
34670656,3303653048323
6359104,5351323377602563
35719232,284774333747203
37816384,4788373961113603
25233472,302366519722243
42010688,20891543077123
50399296,284775407484931
4589632,13793580350963713
21104704,14356392865431553
61504,53262157873171
94272,54082496626711
159808,4556857490276371
1077312,52987281014803
2125888,334457961713683
4223040,4838057589080083
8417344,123351729176851
307264,18628078469137
340032,19173539315731
602176,300373101248563
8466496,54082496626963
16855104,300373638119443
33632320,18898661474323
405568,4522223410872337
798784,299549004398641
8663104,53258399777041
2633792,862223543046193
4730944,5365823170412593
8925248,334457961709873
34091072,299274126557233
18886720,862224079917073
20983872,5365823707283473
25178176,334458498580753
41955392,52983521935633
315456,18078322655251
577600,299277884588083
1101888,17811498860563
8441920,52987279966483
16830528,299278421458963
33607744,17803444813843
348224,18898661408791
413760,4521673655058451
675904,4802873216991283
4345920,13810072471732243
8540224,4556582612369683
16928832,4802873753862163
33706048,4521398777217043
1331264,17803445796883
2379840,299274126495763
4476992,4802873753862163
17059904,299275200233491
33837120,17800223588371
2641984,862086104092723
4739136,5365685731459123
8933440,334320522756403
34099264,299136687603763
18894912,862086640963603
20992064,5365686268330003
25186368,334321059627283
41963584,52846082982163
364608,1585648238611
626752,282785210171443
1151040,1318824443923
16879680,282785747042323
33656896,1310770397203
430144,4504635519795217
823360,281961113321521
1347648,494727594001
1609792,281694289526833
2658368,844635651969073
4755520,5348235279335473
34115648,281686235480113
17862720,281694826397713
34639936,219849752593
18911296,844636188839953
21008448,5348235816206353
462912,4505180980641811
725056,4786380542574643
4395072,13793579797315603
16977984,4786381079445523
33755200,4504906102800403
1380416,1310771380243
2428992,282781452079123
4526144,4786381079445523
8720448,18898661409043
17109056,282782525816851
33886272,1307549171731
2691136,845593429676083
4788288,5349193057042483
34148416,282644013187123
18944064,845593966546963
21041216,5349193593913363
921664,4785556445724721
4591680,13792755700465681
2756672,5348230984372273
34213952,4785281567883313
6426688,14355430239113233
19009600,5348231521243153
37883968,13792480822624273
1839168,281686236463153
9179200,299274126491953
34345024,281683014254641
6557760,5348231521243153
19140672,844632967614481
21237824,5348232594980881
50597952,281685161738257
18354240,844498750930993
19402816,1970394361761841
36180032,844494454984753
21499968,6473993989128241
38277184,5348094082351153
25694272,862086640959793
50860096,844495528722481
122944,54086791593991
188480,4556861785243651
581696,334462256676883
2154560,334462256680963
4251712,4838061884047363
8446016,123356024144131
221248,4557682123997191
16867392,335420571254791
33644608,53945594609671
680000,4838057589080083
1204288,4556586908385283
2252864,4838057589084163
8544320,4626951356547331
2646080,897270476181523
4743232,5400870103547923
34103360,334321059692563
17850432,334325355642883
34627648,52850378997763
6316096,5400870103552003
35676224,334321059696643
37773376,4837920687063043
25190464,404689803804931
41967680,123214827159811
50356288,334322133434371
368704,19177834283011
1155136,18911010488323
8495168,54086791594243
16883776,300377933086723
33660992,18902956441603
434240,4522227705839617
1351744,18086913638401
8691776,53262694744321
17342528,862228374880273
9478208,52995870949633
17866816,299287012442113
34644032,17812035796993
18915392,862228374884353
21012544,5365828002250753
25206848,334462793548033
41984064,52987816902913
467008,4522773166686211
4399168,13811171983360003
8593472,4557682123997443
16982080,4803973265489923
33759296,4522498288844803
860224,300373638119443
1384512,18902957424643
2433088,300373638123523
4530240,4803973265489923
17113152,300374711861251
33890368,18899735216131
17375296,863186152587283
18948160,863186152591363
21045312,5366785779957763
25239616,335420571255043
42016832,53945594609923
4595776,13810347886510081
8790080,4556858027147521
4857920,14373022425153553
17440832,5365823707283473
6430784,14373022425157633
19013696,5365823707287553
12722240,13845256843821313
37888064,13810073008668673
25305152,4838058125951233
42082368,4556583149306113
2891840,862224079917073
4988992,5365823707283473
9183296,334458498580753
17571904,862225153654801
9707584,52987817885953
6561856,5365823707287553
10756160,334458498584833
19144768,862225153658881
12853312,4838058125951233
21241920,5365824781025281
25436224,334459572322561
42213440,52984595677441
50602048,299277347782657
25698368,897271013048593
27271232,897271013052673
29368384,5400870640419073
376896,18902956376071
442432,4521677950025731
1228864,4521411126231043
4374592,13810076766699523
8568896,4556586907336963
16957504,4802878048829443
33734720,4521403072184323
835648,299278421458963
2408512,299278421463043
4505664,4802878048829443
17088576,299279495200771
33865792,17804518555651
17350720,862090935926803
9486400,52858431996163
17875008,299149573488643
34652224,17674596843523
18923584,862090935930883
21020736,5365690563297283
25215040,334325354594563
41992256,52850377949443
475200,4522498288779271
8732736,53945594544391
17383488,863117433110551
18956352,863117433114631
21053504,5366717060481031
25247808,335351851778311
42025024,53876875133191
933952,4802873753862163
1458240,4521403073167363
2506816,4802873753866243
17186880,4802874827603971
33964096,4521399850958851
4866112,14372884986200083
17449024,5365686268330003
6438976,14372884986204163
19021888,5365686268334083
12730432,13845119404867843
37896256,13809935569715203
25313344,4837920686997763
42090560,4556445710352643
2900032,862086640963603
4997184,5365686268330003
9191488,334321059627283
17580096,862087714701331
9715776,52850378932483
6570048,5365686268334083
10764352,334321059631363
19152960,862087714705411
12861504,4837920686997763
21250112,5365687342071811
25444416,334322133369091
42221632,52847156723971
50610240,299139908829187
18366528,862022217498643
11026496,897201756705043
19415104,1987917828329491
36192320,862017921552403
13123648,5400801384071443
21512256,6491517455695891
38289472,5365617548918803
42483776,334252340216083
50872384,862018995290131
19939392,862022217502723
22036544,5365621844869123
26230848,334256636166403
43008064,52781659521283
14696512,5400801384075523
23085120,6491517455699971
39862336,5365617548922883
44056640,334252340220163
52445248,862018995294211
46153792,4837851967586563
54542400,5365618622660611
58736704,334253413957891
491584,4505185275609091
1278016,4504918451814403
4423744,13793584092282883
17006656,4786385374412803
33783872,4504910397767683
884800,282785747042323
2457664,282785747046403
4554816,4786385374412803
8749120,18902956376323
17137728,282786820784131
33914944,1311844139011
17399872,845598261510163
17924160,282656899072003
34701376,1181922426883
18972736,845598261514243
21069888,5349197888880643
1474624,4504094354964481
4620352,13792759995432961
4882496,14355434534076433
17465408,5348235816206353
5406784,13792493171638273
17989696,4785294453768193
34766912,4503819477123073
6455360,14355434534080513
19038272,5348235816210433
37912640,13792485117591553
1867840,281694826397713
2916416,844636188839953
5013568,5348235816206353
17596480,844637262577681
3440704,281694826401793
5537856,4785294453768193
9732160,17812035731713
18120768,281695900139521
34897984,220923494401
6586432,5348235816210433
19169344,844637262581761
21266496,5348236889948161
50626624,281689456705537
18382912,844507340865553
19955776,844507340869633
22052928,5348106968236033
983104,4786381079445523
1507392,4504910398750723
2555968,4786381079449603
8847424,4522498288779523
17236032,4786382153187331
34013248,4504907176542211
4915264,14356392311783443
17498176,5349193593913363
6488128,14356392311787523
19071040,5349193593917443
37945408,13793442895298563
2949184,845593966546963
5046336,5349193593913363
17629248,845595040284691
6619200,5349193593917443
19202112,845595040288771
21299264,5349194667655171
50659392,282647234412547
18415680,845529543082003
19464256,1971425153912851
36241472,845525247135763
21561408,6475024781279251
38338624,5349124874502163
25755712,863117433110803
50921536,845526320873491
19988544,845529543086083
22085696,5349129170452483
23134272,6475024781283331
39911488,5349124874506243
27328576,863117433114883
52494400,845526320877571
29425728,5366717060481283
54591552,5349125948243971
3014720,5348231521243153
17694784,5348232594980881
5636160,13792485118574593
19267648,5348232594984961
12976192,13810073008603393
38142016,13792481896366081
50724928,4785284789108737
21626944,15481193243869201
38404160,14355293337092113
22151232,14355297633042433
23199808,15481193243873281
39977024,14355293337096193
29491264,14372885523071233
54657088,14355294410833921
51118144,844497676206097
52691008,844497676210177
54788160,5348097303576577
23593024,8725725083340817
526208,5366716306554928
4196224,14373915561295888
7040,302434468495408
11136,337618840584208
19328,337550121107473
1051520,302370046083088
2100096,865315702444048
4197248,5368915329810448
8391552,337550121107728
16780160,865315970875408
13184,335557222727728
533376,898369737195568
82816,337550087553043
541568,898301017718833
590720,865315668885553
1573760,863120942694448
8913792,898301017719088
11648,4841218467954688
19840,4841149748477953
134528,13813233350606848
527744,5368915329810448
1052032,4805969673453568
2100608,5368915329814528
8392064,4841149748478208
16780672,5368915598245888
140672,13846356104839168
4203904,14409168619307008
83328,4841149714923523
4212096,14409099899830273
4261248,14376114550996993
5244288,14373919824805888
12584320,14409099899830528
14720,337756245983248
530816,865384388362288
43392,337760540950528
141696,4841355873353728
272768,337756514418688
534912,900568760451088
1059200,337623104094208
2107776,900568760455168
4204928,5404168387821568
16787840,900569028886528
84352,341948134064131
543104,900500040974353
1067392,337554384617473
2115968,900500040978433
4213120,5404099668344833
16796032,900500309409793
1083776,302447321939968
4327808,14376183270473728
17041792,865385193668608
1575296,865319965949968
8915328,900500040974608
3148160,865319965954048
5245312,5368919593320448
9439616,337554384617728
17828224,865320234385408
10488192,900500040978688
12585344,5404099668345088
25168256,900500309410048
50334080,865316474257408
78208,337756229206033
1061248,335561503014928
2109824,898507159375888
4206976,5402106786742288
16789888,898507427807248
86400,337618790252563
545152,898369720418353
561536,863327082250288
1085824,300385720860688
594304,865384371585073
659840,5366922414653488
4329856,14374121669394448
790912,863323055718448
17043840,863323592589328
1577344,863189645393968
8917376,898369720418608
90496,407987534430211
106880,337760524173313
565632,898511454339088
2138496,898511454343168
4235648,5402111081709568
16818560,898511722774528
205184,4841355856576513
336256,337756497641473
598400,900568743673873
1122688,337623087316993
2171264,900568743677953
4268416,5404168371044353
16851328,900569012109313
663936,5402106786742288
1188224,4839161130385408
2236800,5402106786746368
16916864,5402107055177728
795008,898507427807248
1319296,335561771450368
2367872,898507427811328
4465024,5402107055177728
33825152,335558011322368
1581440,898374017482768
3154304,898374017486848
5251456,5401973644853248
17834368,898374285918208
50340224,898370525790208
115072,337623085219843
1098112,335432653996033
213376,4841218417623043
344448,337619058688003
8470912,407918814953731
33636736,337550339276803
4342144,14409168602529793
17056128,898370525724673
1589632,898305298006033
3162496,898305298010113
5259648,5401904925376513
17842560,898305566441473
50348416,898301806313473
1147264,302447305162753
1212800,4803985348231168
4358528,14374125964361728
1343872,300385989296128
17072512,863327887556608
1606016,863198235328528
3178880,863198235332608
5276032,5366797862699008
9470336,335432653996288
17858944,863198503763968
4391296,14376183253696513
17105280,865385176891393
1638784,865319949172753
8978816,900500024197393
3211648,865319949176833
5308800,5368919576543233
9503104,337554367840513
17891712,865320217608193
10551680,900500024201473
12648832,5404099651567873
25231744,900500292632833
50397568,865316457480193
4587904,14374121937829888
17170816,5366923219959808
5374336,14373988527505408
12714368,14409168602530048
18088320,863190450700288
25428352,898370525724928
9961856,898305298006288
11534720,898305298010368
13631872,5401904925376768
26214784,898305566441728
51380608,863121731289088
58720640,898301806313728
7808,4506967000219696
134784,13514166254960656
528000,4788373257453616
1052288,4506902577807376
4198016,13795572512194576
13952,4522497534853168
38528,4504909643776048
71296,4506966933110833
267904,4504905617244208
1054336,4504772206919728
4200064,13793442141306928
140928,13529696789594128
83584,4524490399678483
165504,13512108898517008
1083008,4504780796854288
198272,13514166187851793
591488,4788373190344753
1115776,4506902510698513
4261504,13795572445085713
394880,13512104871985168
657024,13793442141306928
1181312,13511971461660688
1574528,4786178464153648
2623104,5349124120514608
17303168,5349124388945968
5244544,13793377718894608
6293120,14356323375255568
20973184,14356323643686928
23168,20959491784753
72320,7765352251441
531072,284842282451056
2103936,284842282455088
4201088,4788441909821488
8395392,20959491785008
16784000,284842550886448
33561216,3367574241328
27264,56143863873553
43648,21101225705488
141952,4524696558108688
273024,21097199173648
535168,302434468495408
1059456,20963788849168
8399488,56143863873808
84608,25288818819091
543360,302365749018673
1067648,20895069372433
8407680,56075144397073
166528,4507108667031568
297600,3509308096528
559744,284846577418288
592512,289171609485361
1116800,7700929839121
395904,4507104640499728
658048,4788441909821488
1182336,4506971230175248
4328064,13795641164562448
789120,284842550886448
1313408,3371871240208
17042048,284843087757328
33819264,3368111112208
8915584,302365749018928
34081408,284773831475248
3148416,284777860042768
5245568,4788377487409168
9439872,20895069372688
17828480,284778128474128
34605696,3303151829008
6294144,5351323143770128
18877056,847723784835088
20974208,5351323412201488
50334336,284774368346128
29312,54082246017073
78464,21096897183793
1061504,18902170992688
8401536,54082246017328
86656,20959458230323
103040,3509006106673
201344,4507104338509873
332416,3504979574833
1118848,3371569250353
1184384,4504909612318768
4330112,13793579546705968
1315456,1310253383728
17044096,282781469900848
33821312,1306493255728
90752,56143830319123
1090176,18910760927248
606848,302365715464243
1131136,20895035818003
8471168,56075110842643
1147520,3380159184913
1213056,4504918202253328
1344128,1318843318288
1606272,282656112640048
1639040,284777826484273
2687616,847723482845233
4784768,5351323110211633
17367680,847723751276593
4850304,14356392061173808
17564288,845593984368688
3670656,845528756654128
5767808,5349128384020528
18350720,845529025085488
50856576,845525264957488
15488,4524696558108688
40064,4507108667031568
269440,4507104640499728
531584,4788441909821488
1055872,4506971230175248
4201600,13795641164562448
27776,4559743491244033
44160,4524700853075968
273536,4524696826544128
1059968,4524563416219648
4205696,13813233350606848
8400000,4559743491244288
85120,4528888446189571
150656,13531758373896193
1068160,4524494696742913
4213888,13813164631130113
8408192,4559674771767553
298112,4507108935467008
4230272,13795645459529728
199808,13518564234362881
1117312,4511300557209601
4263040,13799970491596801
658560,13795641164562448
2231424,13795641164566528
4328576,31810039674044416
8522880,13531758373896448
16911488,13795641432997888
33688704,13514166456352768
1313920,4506971498610688
4459648,13795641432997888
17042560,4788442715127808
33819776,4506967738482688
1576064,4788377487409168
2624640,5351323143770128
17304704,5351323412201488
3148928,4788377487413248
9440384,4524494696743168
17828992,4788377755844608
34606208,4506902779199488
18877568,5351323412205568
12586112,13813164631130368
37751936,13795572713586688
50334848,4788373995716608
1086592,4504918202253328
201856,13514303593250833
660608,13793579546705968
1184896,13512108867059728
4723840,14356392061173808
91264,4559743457689603
156800,13564881128128513
1090688,4522510388297728
205952,13531895779295233
1188992,13529701053104128
8529024,13564881128128768
214144,13531758340341763
1131648,4524494663188483
4277376,13813164597575683
8471680,4559674738213123
230528,13514307888218113
1148032,4506979786555393
1344640,4504918470688768
5276800,13793454994751488
459904,13514303861686273
1246336,13514170451361793
4785280,14358522364952593
5309568,13795576708595713
6358144,14358522364956673
21038208,14358522633388033
1442944,13512109135495168
17171584,13793580352012288
33948800,13512105375367168
21234816,14356392866480128
5768320,14356327638761488
7341184,14356327638765568
22021248,14356327907196928
54527104,14356324147068928
30848,56281269272593
538752,302571873894448
1063040,21101194248208
8403072,56281269272848
563328,284983982817328
661632,4788579315220528
1185920,4507108635574288
4331648,13795778569961488
792704,284979956285488
1316992,3509276639248
17045632,284980493156368
33822848,3505516511248
1579136,284846545961008
2627712,847792202321968
4724864,5351391829688368
17307776,847792470753328
59520,56285564239873
92288,60541876830211
157824,4559880896643073
288896,56281537708033
1075328,56148127383553
8431744,56285564240128
1190016,4524700821618688
4335744,13813370756005888
8530048,4559880896643328
1321088,21101462683648
8661120,56281537708288
17049728,302572679200768
33826944,21097702555648
9447552,56148127383808
1099904,20972345229313
1132672,25293082329091
8472704,60473157353731
9455744,56079407907073
1149056,7778205696001
4360320,13795782864928768
17074304,284984788123648
33851520,3509811478528
1607808,284855135895568
3180672,284855135899648
5277824,4788454763266048
9472128,20972345229568
17860736,284855404331008
34637952,3380427685888
1443968,4507108904009728
4589696,13795778838396928
17172608,4788580120526848
33949824,4507105143881728
4851840,14358591084429328
5376128,13795645428072448
6424704,14358591084433408
21104768,14358591352864768
17565824,847793007624208
18090112,284847351267328
34867328,3372374622208
19138688,847793007628288
21235840,5351392634994688
3672192,847727779909648
5769344,5351327407276048
18352256,847728048341008
50858112,847724288213008
7342208,5351327407280128
19925120,847728048345088
22022272,5351327675711488
51382400,284778631856128
52430976,847724288217088
54528128,5351323915583488
553088,335557205950513
1077376,54086526304273
1093760,19185622056976
602240,302571857117233
1126528,21101177470993
8466560,56281252495633
1585280,300377130926128
2633856,863322787287088
4731008,5366922414653488
8925312,335557205950768
17313920,863323055718448
9449600,54086526304528
118912,21101175373843
1101952,18910744150033
217216,4524696507777043
348288,21097148842003
610432,302434418163763
1134720,20963738517523
8474752,56143813542163
626816,284983966040113
1216640,4505193063383056
1347712,1593704448016
2658432,845734896209968
4755584,5349334523576368
17338496,845735164641328
3182720,282793534820368
5279872,4786393162186768
9474176,18910744150288
17862784,282793803251728
34640000,1318826606608
725120,4788579298443313
1249408,4507108618797073
4395136,13795778553184273
856192,284979939508273
1380480,3509259862033
17109120,284980476379153
33886336,3505499734033
1642624,284846529183793
2691200,847792185544753
4788352,5351391812911153
17371264,847792453976113
1708160,4786384572252208
2756736,5349330228613168
17436800,5349330497044528
5378176,13793583826993168
6426752,14356529483354128
21106816,14356529751785488
1839232,282785213317168
2887808,845730869678128
4984960,5349330497044528
34345088,282781453189168
18092160,282785750188048
34869376,1310773542928
19140736,845731406549008
21237888,5349331033915408
3674240,845597459353648
5771392,5349197086720048
18354304,845597727785008
50860160,845593967657008
614528,337618790252563
2187392,337618790256643
4284544,4841218417623043
8478848,126512557719811
16867456,337619058688003
33644672,56144082042883
1204352,4557686153674753
4350080,13846356088061953
1335424,54086794739713
17064064,335558011256833
33841280,54083034611713
8495232,56285547462913
1220736,4522785249427456
1351808,19185890492416
1613952,300385720860688
3186816,300385720864768
5283968,4803985348231168
17866880,300385989296128
34644096,18911012651008
1253504,4524700804841473
4399232,13813370739228673
8593536,4559880879866113
1384576,21101445906433
8724608,56281520931073
17113216,302572662423553
33890432,21097685778433
9511040,56148110606593
4857984,14374121669394448
5382272,13811176013037568
9576576,4557686153675008
6430848,14374121669398528
12722304,13846356088062208
21110912,14374121937829888
17571968,863323592589328
9707648,54086794739968
18096256,300377936232448
34873472,18902959587328
19144832,863323592593408
21241984,5366923219959808
25436288,335558011257088
42213504,54083034611968
245888,4524700802744323
376960,21101443809283
8503424,56148108509443
1228928,4522510371520513
1360000,18911012585473
9486464,53957677285633
475264,4524696776212483
1261696,4524563365888003
4407424,13813233300275203
8601728,4559743440912643
1392768,20964006952963
8732800,56144081977603
17121408,302435223470083
33898624,20960246824963
1654912,302369995751443
2703488,865315652112403
4800640,5368915279478803
8994944,337550070776083
17383552,865315920543763
3227776,302369995755523
5324928,4805969623121923
17907840,302370264186883
34685056,20895287541763
6373504,5368915279482883
10567808,337550070780163
18956416,865315920547843
12664960,4841149698146563
21053568,5368915547914243
25247872,337550339211523
42025088,56075362566403
50413696,302366504058883
4423808,13795782848151553
17137792,284984771346433
33915008,3509794701313
1671296,284855119118353
3244160,284855119122433
5341312,4788454746488833
9535616,20972328452353
17924224,284855387553793
34701440,3380410908673
1474688,4505193331818496
1736832,4786393162186768
4882560,14356533778317328
3309696,4786393162190848
9601152,4522510371520768
17989760,4786393430622208
34766976,4504918453977088
6455424,14356533778321408
21135488,14356534046752768
1867904,282793803251728
17596544,845735701512208
3440768,282793803255808
5537920,4786393430622208
9732224,18911012585728
19169408,845735701516288
21266560,5349335328882688
3702912,845606049288208
5800064,5349205676654608
18382976,845606317719568
7372928,5349205676658688
19955840,845606317723648
22052992,5349205945090048
51413120,282656901234688
1507456,4507108887232513
4653184,13795778821619713
17236096,4788580103749633
34013312,4507105127104513
4915328,14358591067652113
5439616,13795645411295233
6488192,14358591067656193
21168256,14358591336087553
17629312,847792990846993
18153600,284847334490113
34930816,3372357844993
19202176,847792990851073
21299328,5351392618217473
3735680,847727763132433
5832832,5351327390498833
18415744,847728031563793
50921600,847724271435793
7405696,5351327390502913
19988608,847728031567873
22085760,5351327658934273
51445888,284778615078913
52494464,847724271439873
54591616,5351323898806273
5111936,14356529751785488
17694848,5349331033915408
5636224,13793584095428608
18219136,4786385377558528
34996352,4504910400913408
6684800,14356529751789568
19267712,5349331033919488
38142080,13793580335300608
5898368,14356396341461008
7471232,14356396341465088
22151296,14356396609896448
54657152,14356392849768448
18612352,845598264655888
20185216,845598264659968
22282368,5349197892026368
51904640,845529545244688
53477504,845529545248768
55574656,5349129172615168
528128,5366716372615216
4198144,14373915627356176
22272,4837919932022833
38656,4802877293854768
268032,4802873267322928
530176,5365685513355376
2103040,5365685513359408
8394496,4837919932023088
16783104,5365685781790768
42752,4838061665943568
272128,4838057639411728
2107136,5400869885448208
16787200,5400870153879568
83712,4838950724173843
149248,13845119186763793
2115328,5400801165971473
16795392,5400801434402833
165632,13810076548595728
558848,5365689808322608
4228864,14372889063063568
591616,5366716305506353
4261632,14373915560247313
395008,13810072522063888
2230016,14372884768100368
4327168,32387283277578256
8521472,13845119186764048
16910080,14372885036531728
788224,5365685781790768
4458240,14372885036531728
17041152,5365686318661648
1574656,5365621089894448
2623232,6491516700725296
17303296,6491516969156656
34080512,5365617062379568
5244672,14372820344635408
6293248,15498715955466256
10487552,5400801165971728
20973312,15498716223897616
37750528,14372816317120528
25167616,5400801434403088
50333440,5365617599250448
23296,335419816280113
39680,300377178112048
72448,302434467446833
137984,4803972510515248
269056,300373151580208
531200,863185397612656
2104064,863185397616688
4201216,5366785024983088
8395520,335419816280368
16784128,863185666048048
43776,335561550200848
76544,337618839535633
142080,4839156882604048
273152,335557523669008
2108160,898369769705488
4205312,5401969397071888
16788224,898370038136848
2116352,898301050228753
4213504,5401900677595153
16796416,898301318660113
559872,863189692579888
2165504,865315701395473
4262656,5368915328761873
8456960,337550120059153
16845568,865315969826833
658176,5366785024983088
4328192,14373984279724048
789248,863185666048048
17042176,863186202918928
1575680,863120974151728
2624256,1989016584982576
4721408,6492616212348976
17304320,1989016853413936
34081536,863116946636848
10488576,898301050229008
12585728,5401900677595408
25168640,898301318660368
50334464,863117483507728
29440,404826454229041
45824,334736882925616
78592,335557221679153
144128,4838332215328816
275200,334732856393776
1061632,334462006067248
8401664,404826454229296
33567488,334457978552368
54016,334462005018673
86784,335419782725683
152320,4838057337421873
283392,334457978486833
545536,897270224519281
2118400,897270224523313
4215552,5400869851889713
16798464,897270492954673
561920,862227586351216
1086208,299286223913008
2134784,862227586355248
4231936,5365827213721648
8426240,334462005018928
16814848,862227854786608
660224,5365822918754416
2233088,5365822918758448
8524544,4838057337422128
16913152,5365823187189808
791296,862223559819376
2364160,862223559823408
4461312,5365823187189808
8655616,334457978487088
33821440,299274143334448
8917760,897270224519536
10490624,897270224523568
12587776,5400869851889968
25170688,897270492954928
50336512,862086657802288
549632,967638968696881
1090304,334470596001808
2138880,897411958444048
4236032,5401011585810448
16818944,897412226875408
598784,898369736146993
2237184,5401007290847248
16917248,5401007559278608
2368256,897407931912208
4465408,5401007559278608
33825536,334458515423248
1581824,897274520535088
2630400,2023170131365936
4727552,6526769758732336
8921856,967638968697136
17310464,2023170399797296
34087680,897270493020208
50340608,897271029891088
574208,897274519486513
2179840,898301016674323
4276992,5401900644040723
16859904,898301285105683
672512,5400869851889713
4342528,14408069106630673
803584,897270492954673
17056512,897271029825553
1590016,897205801058353
2638592,2023101411889201
4735744,6526701039255601
8930048,967570249220401
17318656,2023101680320561
34095872,897201773543473
50348800,897202310414353
688896,5365827213721648
4358912,14373026468462608
819968,862227854786608
17072896,862228391657488
1606400,862098738380848
8946432,897274519486768
8979200,898301016670513
918272,5365823187189808
4588288,14373022441930768
17171200,5365823724060688
4850432,15498784641384496
9044736,5400869851889968
12714752,14408069106630928
9175808,897270492954928
17564416,1987986564579376
34341632,862086657802288
25428736,897271029825808
9962240,897205801058608
6816512,8743316480856112
11010816,2023101411889456
19399424,4239717121921072
13107968,6526701039255856
21496576,8743316749287472
25690880,2023101680320816
42468096,897201773543728
50856704,1987917845168176
58721024,897202310414608
15616,4839156882604048
138496,13811171765256208
531712,5366785024983088
4201728,14373984279724048
44288,4839161177571328
77056,4841218466906113
273664,4839157151039488
535808,5401969397071888
2108672,5401969397075968
16788736,5401969665507328
150784,13846218698391553
544000,5401900677595153
2116864,5401900677599233
16796928,5401900946030593
167168,13811176060223488
4230400,14373988574691328
199936,13813233349558273
593152,5368915328761873
2166016,5368915328765953
8457472,4841149747429633
16846080,5368915597197313
396544,13811172033691648
658688,14373984279724048
2231552,14373984279728128
4328704,32388382789206016
8523008,13846218698391808
16911616,14373984548159488
4459776,14373984548159488
17042688,5366785830289408
4721920,15499815467089936
8916224,5401900677595408
5246208,14373919856263168
6294784,15499815467094016
10489088,5401900677599488
20974848,15499815735525376
37752064,14373915828748288
25169152,5401900946030848
50334976,5366717110878208
144640,13845531470069776
2110720,5401007290847248
16790784,5401007559278608
152832,13845256592162833
546048,5400869851889713
4216064,14408069106630673
562432,5365827213721648
4232448,14373026468462608
2233600,14373022173499408
4330752,32387420682977296
8525056,13845256592163088
16913664,14373022441930768
791808,5365823187189808
4461824,14373022441930768
17044736,5365823724060688
4723968,15498784641384496
8918272,5400869851889968
12588288,14408069106630928
156928,13915625336340481
4220160,14478437850808321
173312,13845535765037056
566528,5401011585810448
1090816,4838070223372288
2139392,5401011585814528
16819456,5401011854245888
206080,13846356103790593
4269312,14409168618258433
402688,13845531738505216
1189120,13845260888178688
8529152,13915625336340736
33694976,13845256860663808
795904,5401007559278608
2368768,5401007559282688
33826048,4838058142793728
4728064,15533969013473296
5252352,14408073402646528
6300928,15533969013477376
12592384,14478437850808576
20980992,15533969281908736
37758208,14408069375131648
50341120,5400870657261568
181504,13845260887130113
4244736,14408073401597953
214272,13846218664837123
607488,5401900644040723
2180352,5401900644044803
16860416,5401900912476163
410880,13845256860598273
673024,14408069106630673
2245888,14408069106634753
4343040,32422467616112641
16925952,14408069375066113
4474112,14408069375066113
17057024,5400870657196033
4736256,15533900293996561
5260544,14408004683169793
6309120,15533900294000641
12600576,14478369131331841
20989184,15533900562432001
37766400,14408000655654913
50349312,5400801937784833
689408,14373026468462608
1213696,13810085106024448
2262272,14373026468466688
4359424,32387424977944576
8553728,13845260887130368
16942336,14373026736898048
4490496,14373026736898048
17073408,5365828019027968
5276928,14372897620492288
12616960,14408073401598208
12649728,14409099898781953
918784,14373022441930768
2491648,14373022441934848
4588800,32387420951412736
8783104,13845256860598528
33948928,13810073025445888
9045248,14408069106630928
10618112,14408069106635008
12715264,32422467616112896
25298176,14408069375066368
50464000,14372885539913728
12846336,14408069375066368
21234944,15498785446690816
38012160,14372885539913728
25429248,5400870657196288
6817024,17750515735597072
13108480,15533900293996816
21497088,17750516004028432
13632768,14408004683170048
14681344,15533900294000896
23069952,17750516004032512
29361408,15533900562432256
46138624,14408000655655168
54527232,15498716727279616
58721536,5400801937785088
80128,337756244934673
2111744,898507175104528
4208896,5402106802470928
16791808,898507443535888
88320,337618805981203
547072,898369736146993
563456,863327097978928
596224,865384387313713
661760,5366922430382128
4331776,14374121685123088
792832,863323071447088
17045760,863323608317968
8919296,898369736147248
92416,407987550158851
108800,337760539901953
567552,898511470067728
1091840,335570107629568
2140416,898511470071808
4237568,5402111097438208
16820480,898511738503168
207104,4841355872305153
338176,337756513370113
600320,900568759402513
2173184,900568759406593
4270336,5404168386772993
16853248,900569027837953
665856,5402106802470928
2238720,5402106802475008
16918784,5402107070906368
796928,898507443535888
2369792,898507443539968
4466944,5402107070906368
33827072,335558027051008
50342144,898370541518848
116992,337623100948483
215296,4841218433351683
346368,337619074416643
1132800,337554382520323
8472832,407918830682371
33638656,337550355005443
4344064,14409168618258433
17058048,898370541453313
50350336,898301822042113
4360448,14374125980090368
17074432,863327903285248
4393216,14376183269425153
17107200,865385192620033
8980736,900500039926033
10553600,900500039930113
12650752,5404099667296513
25233664,900500308361473
50399488,865316473208833
4589824,14374121953558528
17172736,5366923235688448
12716288,14409168618258688
25430272,898370541453568
58722560,898301822042368
94464,405925949079571
2126080,967776390877201
4223232,5471376018243601
8417536,545563925807377
16806144,967776659308561
176384,4838886249332752
307456,335286890397712
1093888,334745457131536
2142464,897686819573776
4239616,5401286446940176
16822528,897687088005136
2175232,898507158327313
4272384,5402106785693713
16855296,898507426758673
405760,4838882222800912
2240768,5401282151976976
16920832,5401282420408336
2371840,897682793041936
4468992,5401282420408336
33829120,334733376552976
3158272,897411942715408
5255424,5401011570081808
17838336,897412211146768
6304000,6526907180912656
10498304,967776390877456
18886912,2023307821977616
35664128,897407915200528
12595456,5471376018243856
20984064,6526907449344016
37761280,5401007542566928
25178368,967776659308816
119040,335561499869203
1102080,334470579224593
2150656,897411941666833
4247808,5401011569033233
16830720,897412210098193
217344,4839156832272403
348416,335557473337363
2183424,898369719373843
4280576,5401969346740243
16863488,898369987805203
2248960,5401007274070033
16929024,5401007542501393
2380032,897407915134993
4477184,5401007542501393
33837312,334458498646033
1593600,897274503757873
2642176,2023170114588721
4739328,6526769741955121
8933632,967638951919921
17322240,2023170383020081
34099456,897270476242993
50352384,897271013113873
626944,863327081201713
692480,5366102074851376
4362496,14373301329592336
823552,862502715916336
17076480,862503252787216
2658560,1988127476420656
4755712,6491727103787056
17338624,1988127744852016
34115840,862227838074928
3182848,862236160561168
5280000,5365835787927568
9474304,334470579224848
17862912,862236428992528
10522880,897411941667088
12620032,5401011569033488
25202944,897412210098448
50368768,862228374945808
725248,5366922413604913
4395264,14374121668345873
856320,863323054669873
17109248,863323591540753
8982784,898369719370033
921856,5366098048319536
4591872,14373297303060496
17174784,5366098585190416
1708288,5365827197993008
2756864,6491722808823856
17436928,6491723077255216
34214144,5365823170478128
5378304,14373026452733968
6426880,15498922063564816
10621184,5401007274070288
21106944,15498922331996176
37884160,14373022425219088
25301248,5401007542501648
50467072,5365823707349008
1839360,862227839057968
2887936,1988123449888816
4985088,6491723077255216
18092288,862228375928848
10752256,897407915135248
19140864,1988123986759696
35918080,862224079982608
12849408,5401007542501648
21238016,6491723614126096
38015232,5365823707349008
42209536,334458498646288
50598144,862225153720336
9965824,897274503758128
6820096,8743385183555632
11014400,2023170114588976
19403008,4239785824620592
13111552,6526769741955376
21500160,8743385451986992
25694464,2023170383020336
42471680,897270476243248
50860288,1987986547867696
58724608,897271013114128
123136,405930244046851
581888,967780685840401
1106176,404839323402241
2154752,967780685844481
4251904,5471380313210881
8446208,545568220774657
16834816,967780954275841
221440,4909525576450051
352512,405926217515011
614656,968738463547411
2187520,968738463551491
4284672,5472338090917891
8478976,546525998481667
16867584,968738731982851
680192,5471376018243601
2253056,5471376018247681
8544512,5049163553177857
16933120,5471376286679041
811264,967776659308561
2384128,967776659312641
4481280,5471376286679041
8675584,545564194242817
33841408,404827242823681
8937728,1108376440275217
10510592,1108376440279297
12607744,5611976067645697
25190656,1108376708710657
50356480,967639757291521
631040,898511453290513
1155328,335570090852353
2203904,898511453294593
4301056,5402111080660993
16883968,898511721725953
434432,4838886517768192
696576,5401286446940176
1220864,4838345084502016
2269440,5401286446944256
16949504,5401286715375616
827648,897687088005136
1351936,334745725566976
2400512,897687088009216
4497664,5401286715375616
33857792,334737671520256
2662656,2023311848509456
4759808,6526911475875856
8954112,967780685840656
17342720,2023312116940816
34119936,897412210163728
9478400,404839323402496
34644224,334470847725568
6332672,6526911475879936
10526976,967780685844736
18915584,2023312116944896
35692800,897412210167808
12624128,5471380313211136
21012736,6526911744311296
37789952,5401011837534208
25207040,967780954276096
729344,5402106785693713
2302208,5402106785697793
16982272,5402107054129153
860416,898507426758673
2433280,898507426762753
4530432,5402107054129153
33890560,335558010273793
50405632,898370524741633
925952,5401282420408336
2498816,5401282420412416
33956096,4838333003923456
1712384,5401011570081808
2760960,6526907180912656
9052416,5471376018243856
17441024,6526907449344016
34218240,5401007542566928
3285248,5401011570085888
17965312,5401011838517248
10625280,5471376018247936
19013888,6526907449348096
35791104,5401007542571008
25305344,5471376286679296
1843456,897412211146768
2892032,2023307821977616
4989184,6526907449344016
9183488,967776659308816
3416320,897412211150848
5513472,5401011838517248
34873600,334462794661888
6562048,6526907449348096
10756352,967776659312896
12853504,5471376286679296
42213632,404827242823936
6824192,8778569555644432
19407104,4274970196709392
21504256,8778569824075792
50864384,2023170919956496
51388672,897275309129728
23077120,8778569824079872
52437248,2023170919960576
54534400,6526770547326976
58728704,967639757291776
246016,4839161127239683
377088,335561768304643
639232,898374014337043
1163520,335432651898883
2212096,898374014341123
4309248,5401973641707523
16892160,898374282772483
704768,5401011569033233
1229056,4838070206595073
2277632,5401011569037313
16957696,5401011837468673
835840,897412210098193
1360128,334470847660033
2408704,897412210102273
4505856,5401011837468673
33865984,334462793613313
1622272,897283093692433
3195136,897283093696513
5292288,5400882721062913
17875200,897283362127873
50381056,897275308081153
475392,4839157100707843
737536,5401969346740243
2310400,5401969346744323
16990464,5401969615175683
868608,898369987805203
2441472,898369987809283
4538624,5401969615175683
33898752,335420571320323
1655040,898305295908883
2703616,2024200906739731
4800768,6527800534106131
8995072,968669744070931
17383680,2024201175171091
34160896,898301268394003
3227904,898305295912963
5325056,5401904923279363
17907968,898305564344323
6373632,6527800534110211
10567936,968669744075011
18956544,2024201175175171
35733760,898301268398083
12665088,5472269371441411
21053696,6527800802541571
37830912,5401900895764483
25248000,968670012506371
934144,5401007542501393
2507008,5401007542505473
33964288,4838058126016513
4866304,15533968996696081
5390592,14408073385869313
6439168,15533968996700161
12730624,14478437834031361
21119232,15533969265131521
37896448,14408069358354433
50479360,5400870640484353
17580288,2023170919890961
34357504,897271013113873
18104576,897275309064193
19153152,2023170919895041
35930368,897271013117953
21250304,6526770547261441
38027520,5400870640484353
25444608,967639757226241
50610432,897272086855681
6832384,8778500836167697
19415296,4274901477232657
21512448,8778501104599057
50872576,2023102200479761
51396864,897206589652993
23085312,8778501104603137
52445440,2023102200483841
54542592,6526701827850241
58736896,967571037815041
4423936,14374125963313153
17137920,863327886508033
4620544,14373301598027776
17203456,5366102880157696
1736960,5365835787927568
4882688,15498926358528016
9076992,5401011569033488
3309824,5365835787931648
9601280,4838070206595328
17989888,5365836056363008
6455552,15498926358532096
10649856,5401011569037568
21135616,15498926626963456
37912832,14373026720186368
25329920,5401011837468928
50495744,5365828002316288
1868032,862236428992528
9208064,897412210098448
17596672,1988128281722896
34373888,862228374945808
3440896,862236428996608
5538048,5365836056363008
9732352,334470847660288
34898176,299287012507648
10780928,897412210102528
19169536,1988128281726976
35946752,862228374949888
12878080,5401011837468928
21266688,6491727909093376
38043904,5365828002316288
42238208,334462793613568
50626816,862229448687616
9994496,897283093692688
11567360,897283093696768
13664512,5400882721063168
26247424,897283362128128
51413248,862099526975488
58753280,897275308081408
4653312,14374121936781313
17236224,5366923218911233
12779776,14409168601481473
25493760,898370524676353
58786048,898301805265153
5112064,15498922331996176
9306368,5401007542501648
17694976,6491723614126096
34472192,5365823707349008
5636352,14373026721169408
18219264,5365828003299328
6684928,15498922332000256
10879232,5401007542505728
19267840,6491723614130176
36045056,5365823707353088
42336512,4838058126016768
50725120,5365824781090816
6947072,17750584438296592
13238528,15533968996696336
21627136,17750584706727952
13762816,14408073385869568
14811392,15533968996700416
23200000,17750584706732032
29491456,15533969265131776
46268672,14408069358354688
54657280,15498785429979136
58851584,5400870640484608
19661056,4239786361491472
21758208,8743385988857872
25952512,2023170919891216
42729728,897271013114128
26476800,897275309064448
23331072,8743385988861952
27525376,2023170919895296
44302592,897271013118208
29622528,6526770547261696
46399744,5400870640484608
58982656,897272086855936
15204608,8778500836167952
27787520,4274901477232912
52953344,4239717642080272
29884672,8778501104599312
55050496,8743317269446672
59244800,2023102200480016
59769088,897206589653248
31457536,8778501104603392
56623360,8743317269450752
60817664,2023102200484096
62914816,6526701827850496
15872,4522497600913456
40448,4504909709836336
73216,4506966999171121
269824,4504905683304496
4201984,13793442207367216
142848,13529696855654416
85504,4524490465738771
167424,13512108964577296
200192,13514166253912081
593408,4788373256405041
4263424,13795572511146001
396800,13512104938045456
658944,13793442207367216
2625024,5349124186574896
17305088,5349124455006256
6295040,14356323441315856
20975104,14356323709747216
46592,4521677195051056
79360,4522497533804593
275968,4521673168519216
538112,4802872998887536
1062400,4521402318192688
2110976,4802872998891568
16791040,4802873267322928
33568256,4521398290677808
54784,4521402317144113
87552,4522360094851123
284160,4521398290612273
4216320,13809934814674993
8410624,4556444955312433
103936,4504909642727473
300544,4504085277442096
562688,4785285107810416
2135552,4785285107814448
8427008,4521402317144368
16815616,4785285376245808
33592832,4503810399600688
333312,4504905616195633
4265472,13793442140258353
792064,4785281081278576
1316352,4503810400583728
2364928,4785281081282608
8656384,4521398290612528
2627072,5348093327315056
17307136,5348093595746416
5248512,13792346924646448
18880000,5348093595750448
12588544,13809934814675248
37754368,13792342897131568
50337280,4785144179261488
58880,4556586689232913
91648,4557544466939923
288256,4556582662701073
550400,4837919932022833
4220416,13845119186763793
173568,13528876449792016
566784,4802877293854768
1091072,4521410908127248
4236800,13810076548595728
8431104,4556586689233168
206336,13529696788545553
402944,13528872423260176
1189376,13528601572933648
2237952,13810072253632528
4335104,31824470763110416
16918016,13810072522063888
33695232,13528597545418768
796160,4802873267322928
4466176,13810072522063888
8660480,4556582662701328
17049088,4802873804193808
33826304,4521398827548688
2631168,5365685513359408
8922624,4837919932023088
17311232,5365685781790768
6301184,14372884768100368
12592640,13845119186764048
20981248,14372885036531728
181760,13528601571885073
214528,13529559349592083
607744,4803766352085043
4277760,13810965606826003
8472064,4557475747463443
411136,13528597545353233
673280,13809934814674993
8537600,13563644210053393
2639360,5365616793882673
8930816,4837851212546353
17319424,5365617062314033
6309376,14372816048623633
12600832,13845050467287313
20989440,14372816317054993
230912,13512108897468433
427520,13511284532183056
2262528,13792484362555408
4359680,31806882872033296
8553984,13528601571885328
16942592,13792484630986768
33719808,13511009654341648
820736,4785285376245808
1345024,4503818990518288
4490752,13792484630986768
17073664,4785285913116688
33850880,4503810936471568
1607168,4785156259840048
2655744,5348097622282288
17335808,5348097890713648
5277184,13792355514581008
6325760,14355296877023248
21005824,14355297145454608
460288,13512104870936593
722432,13793442140258353
2688512,5349124119466033
17368576,5349124387897393
6358528,14356323374206993
21038592,14356323642638353
1443328,13511009655324688
2491904,13792480336023568
4589056,31806878845501456
8783360,13528597545353488
1705472,13792346924646448
9045504,13809934814675248
34211328,13792342897131568
6424064,32369691091537936
19006976,14355292850491408
21104128,32369691359969296
50464256,13792343434002448
2885120,5348093595750448
34342400,4785144179261488
6555136,14355292850491408
19138048,5348094132621328
38012416,13792343434002448
3671552,5348028903854128
18351616,5348029172285488
11011584,5365616793882928
19400192,6473924783116336
36177408,5348024876339248
25691648,5365617062314288
7341568,14355228158595088
22021632,14355228427026448
14681600,14372816048623888
23070208,15481124037857296
39847424,14355224131080208
52430336,5348025413210128
29361664,14372816317055248
47616,19177079308336
145920,4522772411711536
276992,19173052776496
539136,300372883144816
1063424,18902202449968
2112000,300372883148848
4209152,4803972510515248
16792064,300373151580208
33569280,18898174935088
55808,18902201401393
154112,4522497533804593
285184,18898174869553
8411648,53944839569713
170496,4505184520634416
301568,1585161699376
563712,282784992067696
2136576,282784992071728
4233728,4786384619438128
8428032,18902201401648
16816640,282785260503088
33593856,1310283857968
596480,284842281402481
1120768,3371600707633
2169344,284842281406513
4266496,4788441908772913
8460800,20959490736433
16849408,284842549837873
33626624,3367573192753
399872,4505180494102576
662016,4786380324470896
1186304,4504909643776048
2234880,4786380324474928
8526336,4522497533804848
16914944,4786380592906288
33692160,4504905616261168
793088,282780965535856
1317376,1310284841008
2365952,282780965539888
4463104,4786380592906288
8657408,18898174869808
2628096,845593211572336
4725248,5349192838938736
17308160,845593480003696
6298112,5349192838942768
18881024,845593480007728
20978176,5349193107374128
50338304,282644063518768
59904,54086573490193
158208,4557681905893393
289280,54082546958353
551424,335419816280113
109056,21101224656913
567808,300377178112048
1092096,18910792384528
8432128,54086573490448
207360,4524696557060113
338432,21097198125073
600576,302434467446833
8464896,56143862825233
666112,4803972510515248
4336128,13811171765256208
8530432,4557681905893648
797184,300373151580208
8661504,54082546958608
17050112,300373688451088
33827328,18898711805968
2632192,863185397616688
4729344,5366785024983088
8923648,335419816280368
17312256,863185666048048
117248,20963785703443
215552,4524559118106643
346624,20959759171603
1133056,20895067275283
2181632,302365747974163
4278784,4805965375340563
16861696,302366016405523
33638912,20891039760403
2640384,863116678139953
4737536,5366716305506353
8931840,335351096803633
17320448,863116946571313
231936,4507108665982993
363008,3509307047953
625152,284846576369713
1149440,3380190642193
690688,4786384619438128
1214976,4504918233710608
4360704,13793583874179088
821760,282785260503088
1346048,1318874775568
17074688,282785797373968
33851904,1310820728848
1608192,282656144097328
2656768,845597506539568
4753920,5349197133905968
17336832,845597774970928
461312,4507104639451153
723456,4788441908772913
4393472,13795641163513873
854528,284842549837873
17107456,284843086708753
33884672,3368110063633
1640960,284777857941553
8980992,302365747970353
34146816,284773830426673
6359552,5351323142721553
18942464,847723783786513
21039616,5351323411152913
50399744,284774367297553
920064,4786380592906288
4590080,13793579847647248
17172992,4786381129777168
33950208,4504906153132048
2755072,5349192838942768
17435136,5349193107374128
6425088,14356392093683728
21105152,14356392362115088
2886144,845593480007728
4983296,5349193107374128
34343424,282644063518768
19139072,845594016878608
21236224,5349193644245008
3672576,845528788111408
5769728,5349128415477808
18352640,845529056542768
6818304,6475024026308656
11012608,863116678140208
19401216,1971424667373616
36178432,845524760596528
13109760,5366716305506608
21498368,6475024294740016
38275584,5349124387962928
25692672,863116946571568
52431360,845525297467408
54528512,5349124924833808
61952,53261906214961
160256,4556857238618161
291328,53257879683121
553472,334457710051441
1077760,52987029356593
2126336,334457710055473
4223488,4838057337421873
8417792,123351477518641
16806400,334457978486833
33583616,52983001841713
176640,4522226917310512
307712,18627558375472
1094144,18086125109296
8434176,53261906215216
8466944,54082244968753
406016,4522222890778672
4338176,13810347097980976
8532480,4556857238618416
8663552,53257879683376
17052160,299549021175856
33829376,18074044530736
2634240,862223291388016
4731392,5365822918754416
8925696,334457710051696
17314304,862223559819376
9449984,52987029356848
6304256,5365822918758448
10498560,334457710055728
18887168,862223559823408
12595712,4838057337422128
20984320,5365823187189808
25178624,334457978487088
41955840,52983001841968
50344448,299274143334448
119296,18902167846963
1102336,17811247202353
8442368,52987028308273
217600,4522497500250163
348672,18898141315123
8475136,53944806015283
4346368,13810072220074033
8540672,4556582360711473
8671744,52983001776433
17060352,299274143268913
33837568,17799166623793
1151488,1318572785713
430592,4504634999701552
1217024,4504093566435376
4362752,13792759206903856
1348096,494207500336
17076736,281961130098736
33853952,486153453616
1610240,281694037868656
2658816,844635400310896
4755968,5348235027677296
17338880,844635668742256
3183104,281694037872688
5280256,4785293665239088
9474560,17811247202608
17863168,281694306304048
34640384,219329658928
6328832,5348235027681328
18911744,844635668746288
21008896,5348235296112688
50369024,281686252257328
4395520,13793579545657393
17109504,282781468852273
33886720,1306492207153
4592128,13792755180372016
17175040,4785556462501936
33952256,4504081485856816
2757120,5348230732714096
17437184,5348231001145456
5378560,13792484330045488
19010048,5348231001149488
12718592,13810072220074288
37884416,13792480302530608
50467328,4785281584660528
2888192,844631373779056
4985344,5348231001145456
34345472,281681957290096
18092544,281686253240368
34869760,211276595248
6558208,5348231001149488
35918336,281681957294128
38015488,4785281584660528
25432576,299274143269168
42209792,17799166624048
50598400,281683031031856
50860544,844494471757936
52433408,844494471761968
54530560,5348094099128368
123392,54086539935763
582144,334462005018673
1106432,52995619291153
221696,4557681872338963
352768,54082513403923
614912,335419782725683
680448,4838057337421873
4350464,13845256592162833
811520,334457978486833
17064448,334458515357713
33841664,52983538712593
2646528,897270224523313
4743680,5400869851889713
17326592,897270492954673
1614336,299286223913008
2662912,862227586355248
4760064,5365827213721648
8954368,334462005018928
17342976,862227854786608
9478656,52995619291408
2761216,5365822918758448
9052672,4838057337422128
17441280,5365823187189808
6431232,14373022173499408
12722688,13845256592163088
21111296,14373022441930768
2892288,862223559823408
4989440,5365823187189808
9183744,334457978487088
34349568,299274143334448
19145216,862224096694288
21242368,5365823724060688
25436672,334458515357968
42213888,52983538712848
11018752,897270224523568
13115904,5400869851889968
25698816,897270492954928
50864640,862086657802288
2703872,863116644585523
4801024,5366716271951923
8995328,335351063249203
17383936,863116913016883
4866560,14372884734541873
17580544,862086657736753
11026944,897201505046833
13124096,5400801132413233
25707008,897201773478193
50872832,862017938325553
1737216,4785293665239088
2785792,5348235027681328
17465856,5348235296112688
5407232,13792492919980048
6455808,14355434282422288
21135872,14355434550853648
1868288,281694306304048
2916864,844635668746288
5014016,5348235296112688
34374144,281686252257328
18121216,281694843174928
34898432,219866529808
19169792,844636205617168
21266944,5348235832983568
3703296,844506552340528
5800448,5348106179706928
18383360,844506820771888
50889216,844498766725168
4915712,14356392060125233
17629696,845593983320113
50921984,845525263908913
3015168,5348231001149488
34472448,4785281584660528
6685184,14355430255890448
19268096,5348231538020368
38142464,13792480839401488
5898752,14355296844513328
6947328,15481192455344176
13238784,14372884734542128
21627392,15481192723775536
38404608,14355292816998448
50987520,5348094099128368
54657536,14355293353869328
18612736,844498767708208
19661312,1970394378539056
36438528,844494471761968
21758464,6473994005905456
38535680,5348094099128368
25952768,862086657737008
51118592,844495545499696
51905024,844430048297008
23593472,8725724563247152
52953600,1970325659127856
55050752,6473925286494256
59245056,862017938325808
31744,4557681905893393
80896,4524696557060113
146432,13529971666452496
539648,4803972510515248
4209664,13811171765256208
8403968,4557681905893648
89088,4524559118106643
154624,13529696788545553
105472,4507108665982993
171008,13512383775375376
564224,4786384619438128
1088512,4504918233710608
4234240,13793583874179088
334848,4507104639451153
596992,4788441908772913
4267008,13795641163513873
400384,13512379748843536
1186816,13512108898517008
2235392,13793579579215888
4332544,31807978088693776
8526848,13529696788545808
16915456,13793579847647248
33692672,13512104871002128
793600,4786380592906288
4463616,13793579847647248
17046528,4786381129777168
33823744,4504906153132048
2628608,5349192838942768
17308672,5349193107374128
6298624,14356392093683728
20978688,14356392362115088
60416,4557686200860673
289792,4557682174328833
4221952,13846218698391553
109568,4524700852027393
175104,13529975961419776
1092608,4522510419755008
4238336,13811176060223488
8432640,4557686200860928
338944,4524696825495553
4271104,13813233349558273
8465408,4559743490195713
404480,13529971934887936
666624,13811171765256208
1190912,13529701084561408
2239488,13811171765260288
4336640,31825570274738176
16919552,13811172033691648
33696768,13529697057046528
4467712,13811172033691648
8662016,4557682174329088
17050624,4803973315821568
33827840,4522498339176448
4729856,14373984279724048
6302720,14373984279728128
12594176,13846218698391808
20982784,14373984548159488
117760,4524563413073923
183296,13529701083512833
347136,4524559386542083
609280,4805965375340563
1133568,4524494694645763
2182144,4805965375344643
16862208,4805965643776003
33639424,4524490667130883
412672,13529697056980993
8539136,13564743721681153
4738048,14373915560247313
6310912,14373915560251393
12602368,13846149978915073
20990976,14373915828682753
363520,4507108934418433
1149952,4506979818012673
4295680,13795645458481153
429056,13512384043810816
691200,13793583874179088
2264064,13793583874183168
4361216,31807982383661056
8555520,13529701083513088
16944128,13793584142614528
33721344,13512109165969408
1346560,4504918502146048
4492288,13793584142614528
17075200,4786385424744448
33852416,4504910448099328
4754432,14356396388646928
5278720,13793455026208768
6327296,14356396388651008
21007360,14356396657082368
723968,13795641163513873
1248256,13514170482819073
2296832,13795641163517953
4393984,31810039672995841
8588288,13531758372847873
16976896,13795641431949313
33754112,13514166455304193
4525056,13795641431949313
17107968,4788442714079233
33885184,4506967737434113
2690048,5351323142721553
17370112,5351323411152913
5311488,13795576740052993
18942976,5351323411156993
12651520,13813164630081793
37817344,13795572712538113
50400256,4788373994668033
920576,13793579847647248
1444864,13512109166952448
2493440,13793579847651328
4590592,31807978357129216
8784896,13529697056981248
2755584,14356392093683728
4852736,32370790603161616
17435648,14356392362115088
6425600,32370790603165696
19008512,14356392362119168
21105664,32370790871597056
50465792,13793442945630208
4983808,14356392362115088
17566720,5349193644245008
6556672,14356392362119168
19139584,5349193644249088
38013952,13793442945630208
5770240,14356327670218768
6818816,15482223281049616
13110272,14373915560247568
21498880,15482223549480976
38276096,14356323642703888
50859008,5349124924833808
7343104,14356327670222848
22023168,14356327938654208
14683136,14373915560251648
23071744,15482223549485056
39848960,14356323642707968
52431872,5349124924837888
29363200,14373915828683008
95232,4557681872338963
160768,13564056493359121
553984,4838057337421873
4224000,13845256592162833
177152,13529426172051472
406528,13529422145519632
668672,13810347097980976
8532992,13564056493359376
2634752,5365822918758448
8926208,4838057337422128
17314816,5365823187189808
6304768,14373022173499408
12596224,13845256592163088
20984832,14373022441930768
218112,13529696754991123
676864,13810072220074033
8541184,13563781615452433
4740096,14372884734541873
431104,13511834254442512
693248,13792759206903856
1217536,13511292821176336
1610752,4785293665239088
2659328,5348235027681328
17339392,5348235296112688
5280768,13792492919980048
6329344,14355434282422288
21009408,14355434550853648
726016,13793579545657393
4789248,14356392060125233
922624,13792755180372016
17175552,13792755717242896
33952768,13511280740597776
1709056,13792484330045488
9049088,13810072220074288
34214912,13792480302530608
6427648,32369828496936976
19010560,14355430255890448
21107712,32369828765368336
50467840,13792480839401488
2888704,5348231001149488
34345984,4785281584660528
6558720,14355430255890448
19141632,5348231538020368
38016000,13792480839401488
5772288,14355296844513328
6820864,15481192455344176
13112320,14372884734542128
21500928,15481192723775536
38278144,14355292816998448
50861056,5348094099128368
54531072,14355293353869328
123904,4557686167306243
189440,13564060788326401
1106944,4556595246661633
4252672,13845260887130113
353280,4557682140774403
4285440,13846218664837123
418816,13564056761794561
680960,13845256592162833
1205248,13563785911468033
2253824,13845256592166913
4350976,31859655101644801
8545280,13634150359630081
16933888,13845256860598273
33711104,13563781883953153
4482048,13845256860598273
17064960,4838058142728193
33842176,4556583166083073
4744192,14408069106630673
6317056,14408069106634753
20997120,14408069375066113
435200,13529426440486912
1221632,13528885007220736
8561664,13564060788326656
4760576,14373026468462608
5284864,13810085106024448
9479168,4556595246661888
6333440,14373026468466688
12624896,13845260887130368
21013504,14373026736898048
8594432,13564881127080193
8791040,13564056761794816
17179648,13810347903287296
33956864,13528872926642176
2761728,14373022173499408
4858880,32387420682977296
9053184,13845256592163088
17441792,14373022441930768
9577472,13563785911468288
6431744,32387420682981376
10626048,13845256592167168
19014656,14373022441934848
12723200,31859655101645056
21111808,32387420951412736
25306112,13845256860598528
42083328,13563781883953408
50471936,13810073025445888
4989952,14373022441930768
17572864,5365823724060688
6562816,14373022441934848
19145728,5365823724064768
12854272,13845256860598528
38020096,13810073025445888
25437184,4838058142728448
42214400,4556583166083328
13116416,14408069106630928
14689280,14408069106635008
29369344,14408069375066368
54535168,14372885539913728
246784,13529701049958403
1229824,13528610129313793
8569856,13563785910419713
476160,13529697023426563
8602624,13564743688126723
4801536,14373915526692883
6374400,14373915526696963
12665856,13846149945360643
21054464,14373915795128323
8799232,13563781883887873
17187840,13810073025380353
33965056,13528598048735233
21251072,14372885539848193
13124608,14408000387154193
14697472,14408000387158273
29377536,14408000655589633
54543360,14372816820436993
1278976,13512117454897153
1475584,13511293089611776
17204224,13792760012210176
33981440,13511285035565056
1737728,13792492919980048
2786304,14355434282422288
4883456,32369832791900176
17466368,14355434550853648
3310592,13792492919984128
5407744,31806891429462016
9602048,13528610129314048
17990656,13792493188415488
34767872,13511018211770368
6456320,32369832791904256
19039232,14355434550857728
21136384,32369833060335616
50496512,13792485134368768
5014528,14355434550853648
17597440,5348235832983568
5538816,13792493188415488
18121728,4785294470545408
34898944,4503819493900288
6587392,14355434550857728
19170304,5348235832987648
38044672,13792485134368768
5800960,14355305434447888
7373824,14355305434451968
22053888,14355305702883328
54559744,14355297648836608
17236992,13793580350963713
34014208,13512105374318593
21300224,14356392865431553
54592512,14356324146020353
3015680,14355430255890448
5112832,32369828765368336
34472960,13792480839401488
18220032,13792485135351808
34997248,13511010158706688
6685696,32369828765372416
36045824,13792480839405568
38142976,31806879348883456
25560064,13810073025380608
42337280,13528598048735488
50725888,13792481913143296
50988032,14355293353869328
52560896,14355293353873408
54658048,32369691863351296
21758976,15481193260646416
38536192,14355293353869328
22283264,14355297649819648
23331840,15481193260650496
40109056,14355293353873408
29623296,14372885539848448
54789120,14355294427611136
23593984,17732923817988112
55051264,15481124541235216
55575552,14355228930408448
56624128,15481124541239296
62915584,14372816820437248
555008,335557221679153
604160,302571872845873
8468480,56281268224273
2635776,863322803015728
4732928,5366922430382128
8927232,335557221679408
17315840,863323071447088
120832,21101191102483
219136,4524696523505683
350208,21097164570643
612352,302434433892403
8476672,56143829270803
628736,284983981768753
1153024,3517596041233
1611776,282793549496368
2660352,845734911938608
4757504,5349334539305008
17340416,845735180369968
727040,4788579314171953
4397056,13795778568912913
858112,284979955236913
17111040,284980492107793
33888256,3505515462673
2693120,847792201273393
4790272,5351391828639793
17373184,847792469704753
2758656,5349330244341808
17438720,5349330512773168
6428672,14356529499082768
21108736,14356529767514128
2889728,845730885406768
4986880,5349330512773168
34347008,282781468917808
19142656,845731422277648
21239808,5349331049644048
50862080,845593983385648
1107968,54095130918913
616448,337618805981203
1140736,56148125286403
2189312,337618805985283
4286464,4841218433351683
8480768,126512573448451
16869376,337619074416643
33646592,56144097771523
4352000,13846356103790593
17065984,335558026985473
33843200,54083050340353
1157120,21109782085633
8497152,56285563191553
9480192,54095130919168
4401152,13813370754957313
8595456,4559880895594753
8726528,56281536659713
17115136,302572678152193
33892352,21097701507073
4859904,14374121685123088
6432768,14374121685127168
12724224,13846356103790848
21112832,14374121953558528
17573888,863323608317968
19146752,863323608322048
21243904,5366923235688448
25438208,335558026985728
42215424,54083050340608
247808,4524700818472963
378880,21101459537923
1165312,20972343132163
8505344,56148124238083
477184,4524696791941123
4409344,13813233316003843
8603648,4559743456641283
8734720,56144097706243
17123328,302435239198723
33900544,20960262553603
2705408,865315667841043
4802560,5368915295207443
8996864,337550086504723
17385472,865315936272403
9521152,56079405809923
6375424,5368915295211523
10569728,337550086508803
18958336,865315936276483
12666880,4841149713875203
21055488,5368915563642883
25249792,337550354940163
42027008,56075378295043
50415616,302366519787523
1280000,4507117223411713
4425728,13795782863880193
1411072,3517864476673
17139712,284984787075073
33916928,3509810429953
4884480,14356533794045968
5408768,13793592431607808
6457344,14356533794050048
21137408,14356534062481408
17598464,845735717240848
18122752,282794354802688
34899968,1319378157568
19171328,845735717244928
21268480,5349335344611328
4655104,13795778837348353
17238016,4788580119478273
34015232,4507105142833153
4917248,14358591083380753
6490112,14358591083384833
21170176,14358591351816193
17631232,847793006575633
19204096,847793006579713
21301248,5351392633946113
50923520,847724287164433
52496384,847724287168513
54593536,5351323914534913
5113856,14356529767514128
17696768,5349331049644048
6686720,14356529767518208
19269632,5349331049648128
38144000,13793580351029248
54659072,14356392865497088
126976,54361401065491
192512,4557411272622097
323584,53811913687057
585728,334736866148401
1110016,53270480420881
225280,4557956733468691
356352,54357374533651
1142784,54086524207123
2191360,335557204906003
4288512,4839156832272403
8482816,124450972369171
16871424,335557473337363
33648640,54082496692243
421888,4557407246090257
684032,4838332198551601
4354048,13845531453292561
815104,334732839616561
17068032,334733376487441
33845248,53258399842321
1601536,334461989290033
8941568,404826437452081
34107392,334457961775153
6320128,5401007274070033
18903040,897407915134993
21000192,5401007542501393
50360320,334458498646033
700416,4803701877243952
1224704,4522235491516432
4370432,13810901131984912
8564736,4557411272622352
831488,300102518308912
1355776,18636132581392
8695808,53811913687312
17084416,300103055179792
33861632,18628078534672
1617920,299561085042736
2666496,862502447484976
4763648,5366102074851376
8957952,334736866148656
17346560,862502715916336
9482240,53270480421136
2699264,863322786238513
4796416,5366922413604913
8990720,335557204902193
17379328,863323054669873
929792,4803697850712112
4599808,13810897105453072
8794112,4557407246090512
17182720,4803698387582992
33959936,4522223410937872
2764800,5366097779888176
9056256,4838332198551856
17444864,5366098048319536
6434816,14373297034629136
12726272,13845531453292816
21114880,14373297303060496
2895872,862498420953136
4993024,5366098048319536
9187328,334732839616816
34353152,299549004464176
19148800,862498957824016
21245952,5366098585190416
25440256,334733376487696
42217472,53258399842576
3682304,862227570626608
5779456,5365827197993008
9973760,334461989290288
18362368,862227839057968
6828032,6491722808823856
19410944,1988123449888816
36188160,862223543111728
21508096,6491723077255216
38285312,5365823170478128
42479616,334457961775408
14692352,5401007274070288
27275264,897407915135248
52441088,862224079982608
29372416,5401007542501648
54538240,5365823707349008
58732544,334458498646288
643072,300377127780403
1167360,18910742052883
8507392,54086523158803
1626112,299286207135793
2674688,862227569578033
4771840,5365827196944433
8966144,334461988241713
17354752,862227838009393
9490432,52995602514193
741376,4803972460183603
4411392,13811171714924563
8605696,4557681855562003
872448,300373101248563
8736768,54082496626963
17125376,300373638119443
33902592,18898661474323
2707456,863185347285043
4804608,5366784974651443
8998912,335419765948723
17387520,863185615716403
2772992,5365822901981233
9064448,4838057320644913
17453056,5365823170412593
6443008,14373022156722193
12734464,13845256575385873
21123072,14373022425153553
2904064,862223543046193
5001216,5365823170412593
9195520,334457961709873
34361344,299274126557233
19156992,862224079917073
21254144,5365823707283473
25448448,334458498580753
42225664,52983521935633
11030528,897270207746353
13127680,5400869835112753
25710592,897270476177713
50876416,862086641025073
1675264,282793532719153
2723840,845734895161393
4820992,5349334522527793
17403904,845735163592753
954368,4786109959634992
1478656,4504643573907472
4624384,13793309214375952
17207296,4786110496505872
33984512,4504635519860752
1740800,4785568526368816
2789376,5348509888811056
17469440,5348510157242416
5410816,13792767781109776
6459392,14355709143552016
21139456,14355709411983376
1871872,281969167433776
2920448,844910529876016
5017600,5348510157242416
34377728,281961113387056
18124800,281969704304656
34902016,494727659536
19173376,844911066746896
21270528,5348510694113296
9998336,299286207136048
35164160,281694289592368
6852608,6474134917746736
11046912,862227569578288
19435520,1970535558811696
36212736,844635652034608
13144064,5365827196944688
21532672,6474135186178096
38309888,5348235279401008
25726976,862227838009648
7376896,5348243601887248
19959808,844644242952208
22056960,5348243870318608
51417088,281694826463248
52465664,844636188905488
54562816,5348235816271888
2822144,5349330227564593
17502208,5349330495995953
6492160,14356529482305553
21172224,14356529750736913
2953216,845730868629553
5050368,5349330495995953
34410496,282781452140593
19206144,845731405500433
21303296,5349331032866833
50925568,845593966608433
3018752,5348505862279216
34476032,4785556445790256
6688768,14355705117020176
19271680,5348506399150096
38146048,13792755700531216
3805184,5348235011952688
18485248,5348235280384048
11145216,5365822901981488
19533824,6474130891214896
36311040,5348230984437808
25825280,5365823170412848
7475200,14355434266693648
22155264,14355434535125008
14815232,14373022156722448
23203840,15481330145955856
39981056,14355430239178768
52563968,5348231521308688
29495296,14373022425153808
3936256,844635653017648
6033408,5348235280384048
35393536,281686236528688
7081984,6474130891214896
11276288,862223543046448
13373440,5365823170412848
42733568,299274126557488
20189184,844636189888528
22286336,5348235817254928
23334912,6474131428085776
40112128,5348231521308688
27529216,862224079917328
52695040,844632967680016
29626368,5365823707283728
54792192,5348232595046416
51908608,844498750996528
23597056,8725793265946672
52957184,1970394361827376
55054336,6473993989193776
59248640,862086641025328
253952,4557961028435971
385024,54361669500931
647168,335561499869203
2220032,335561499873283
4317184,4839161127239683
8511488,124455267336451
16900096,335561768304643
33677312,54086791659523
450560,4557411541057537
1236992,4556870107791361
4382720,13845535748259841
1368064,53270748856321
17096704,334737671454721
33873920,53262694809601
1630208,334470579224593
2678784,897411941666833
4775936,5401011569033233
17358848,897412210098193
3203072,334470579228673
5300224,4838070206595073
9494528,123364346691841
17883136,334470847660033
34660352,52995871014913
6348800,5401011569037313
18931712,897412210102273
21028864,5401011837468673
50388992,334462793613313
483328,4557957001904131
745472,4839156832272403
1269760,4557686151577603
2318336,4839156832276483
8609792,4628050599739651
16998400,4839157100707843
33775616,4557682124062723
876544,335557473337363
1400832,54086792642563
2449408,335557473341443
4546560,4839157100707843
8740864,124451240804611
2711552,898369719373843
4808704,5401969346740243
17391616,898369987805203
6381568,5401969346744323
18964480,898369987809283
21061632,5401969615175683
50421760,335420571320323
4612096,13845531721728001
17195008,4838333003857921
33972224,4556858027212801
2777088,5401007274070033
17457152,5401007542501393
5398528,13845260871401473
19030016,5401007542505473
12738560,13915625319563521
37904384,13845256843886593
50487296,4838058126016513
2908160,897407915134993
5005312,5401007542501393
34365440,334458498646033
18112512,334462794596353
34889728,52987817951233
6578176,5401007542505473
35938304,334458498650113
38035456,4838058126016513
25452544,404827242758401
42229760,123352266113281
50618368,334459572387841
50880512,897271013113873
52453376,897271013117953
54550528,5400870640484353
9543680,54095114141953
1482752,4522235759951872
4628480,13810901400420352
8822784,4557411541057792
17211392,4803702682550272
33988608,4522227705905152
4890624,14373301329592336
5414912,13810359967154176
9609216,4556870107791616
6463488,14373301329596416
12754944,13845535748260096
21143552,14373301598027776
17604608,862503252787216
9740288,53270748856576
18128896,299561890349056
34906112,18086913703936
19177472,862503252791296
21274624,5366102880157696
25468928,334737671454976
42246144,53262694809856
3710976,862236160561168
5808128,5365835787927568
10002432,334470579224848
18391040,862236428992528
11051008,897411941667088
13148160,5401011569033488
25731072,897412210098448
50896896,862228374945808
7380992,5365835787931648
11575296,334470579228928
19963904,862236428996608
13672448,4838070206595328
22061056,5365836056363008
26255360,334470847660288
43032576,52995871015168
51421184,299287012507648
14721024,5401011569037568
27303936,897412210102528
52469760,862228374949888
29401088,5401011837468928
54566912,5365828002316288
58761216,334462793613568
4923392,14374121668345873
6496256,14374121668349953
12787712,13846356087013633
21176320,14374121936781313
17637376,863323591540753
19210240,863323591544833
21307392,5366923218911233
25501696,335558010208513
42278912,54083033563393
5120000,14373297303060496
17702912,5366098585190416
6692864,14373297303064576
19275776,5366098585194496
12984320,13845531721728256
38150144,13810347886575616
25567232,4838333003858176
42344448,4556858027213056
5906432,14373026452733968
6955008,15498922063564816
11149312,5401007274070288
21635072,15498922331996176
38412288,14373022425219088
25829376,5401007542501648
50995200,5365823707349008
7479296,14373026452738048
13770752,13845260871401728
22159360,14373026721169408
23207936,15498922332000256
39985152,14373022425223168
27402240,5401007542505728
52568064,5365823707353088
46276608,13845256843886848
58859520,4838058126016768
18620416,862228375928848
11280384,897407915135248
19668992,1988123986759696
36446208,862224079982608
13377536,5401007542501648
21766144,6491723614126096
38543360,5365823707349008
42737664,334458498646288
51126272,862225153720336
20193280,862228375932928
22290432,5365828003299328
26484736,334462794596608
43261952,52987817951488
14950400,5401007542505728
23339008,6491723614130176
40116224,5365823707353088
44310528,334458498650368
52699136,862225153724416
46407680,4838058126016768
54796288,5365824781090816
58990592,334459572388096
59252736,897271013114128
60825600,897271013118208
62922752,5400870640484608
1294336,4522510369423363
4440064,13811176009891843
8634368,4557686150529283
1425408,18911010488323
8765440,54086791594243
17154048,300377933086723
33931264,18902956441603
9551872,53957675188483
4898816,14373026451685393
5423104,13810085089247233
9617408,4556595229884673
6471680,14373026451689473
12763136,13845260870353153
21151744,14373026720120833
17612800,862228374880273
9748480,52995870949633
18137088,299287012442113
34914304,17812035796993
19185664,862228374884353
21282816,5365828002250753
25477120,334462793548033
42254336,52987816902913
4669440,13811171983360003
8863744,4557682123997443
17252352,4803973265489923
34029568,4522498288844803
4931584,14373984229392403
6504448,14373984229396483
12795904,13846218648060163
21184512,14373984497827843
17645568,863186152587283
19218432,863186152591363
21315584,5366785779957763
25509888,335420571255043
42287104,53945594609923
11091968,898300999897363
13189120,5401900627263763
25772032,898301268328723
50937856,863117433176083
14761984,5401900627267843
27344896,898301268332803
52510720,863117433180163
29442048,5401900895699203
54607872,5366717060546563
58802176,335351851843843
5128192,14373022425153553
17711104,5365823707283473
6701056,14373022425157633
19283968,5365823707287553
12992512,13845256843821313
38158336,13810073008668673
25575424,4838058125951233
42352640,4556583149306113
13254656,14408069089853713
14827520,14408069089857793
29507584,14408069358289153
54673408,14372885523136513
25968640,897271013048593
27541504,897271013052673
29638656,5400870640419073
59260928,897202293637393
60833792,897202293641473
62930944,5400801921007873
4947968,14356533777268753
5472256,13793592414830593
6520832,14356533777272833
21200896,14356534045704193
17661952,845735700463633
18186240,282794338025473
34963456,1319361380353
19234816,845735700467713
21331968,5349335327834113
5144576,14355709411983376
17727488,5348510694113296
5668864,13792768049545216
18251776,4785569331675136
35028992,4504094355030016
6717440,14355709411987456
19300352,5348510694117376
38174720,13792759995498496
3833856,5348243601887248
18513920,5348243870318608
6979584,15481334172487696
13271040,14373026451685648
21659648,15481334440919056
38436864,14355434534141968
51019776,5348235816271888
20086784,5348243870322688
13795328,13810085089247488
38961152,13792493171703808
51544064,4785294453833728
14843904,14373026451689728
23232512,15481334440923136
40009728,14355434534146048
52592640,5348235816275968
29523968,14373026720121088
3964928,844644242952208
6062080,5348243870318608
35422208,281694826463248
19693568,1970536095682576
36470784,844636188905488
21790720,6474135723048976
38567936,5348235816271888
25985024,862228374880528
51150848,844637262643216
7634944,5348243870322688
36995072,281694826467328
39092224,4785294453833728
26509312,299287012442368
43286528,17812035797248
51675136,281695900205056
23363584,6474135723053056
40140800,5348235816275968
27557888,862228374884608
52723712,844637262647296
29655040,5365828002251008
54820864,5348236890013696
51937280,844507340931088
53510144,844507340935168
55607296,5348106968301568
5177344,14356529750736913
17760256,5349331032866833
6750208,14356529750740993
19333120,5349331032870913
38207488,13793580334252033
54722560,14356392848719873
6160384,14355434535125008
18743296,5348235817254928
7208960,15481330145955856
19791872,6474131428085776
36569088,5348231521308688
13500416,14373022425153808
26083328,5365823707283728
51249152,5348232595046416
7733248,14355434535129088
20316160,5348235817259008
39190528,13792485118640128
15073280,14373022425157888
27656192,5365823707287808
52822016,5348232595050496
46530560,13810073008668928
23724032,17732992520687632
55181312,15481193243934736
55705600,14355297633107968
56754176,15481193243938816
63045632,14372885523136768
23855104,8725793802817552
57147392,8725725083406352
