319,216176093585020672
799,216176093651080960
16671,216176093583972097
131359,220677494188095232
524575,216191486746763008
2097439,216173894829283072
33311,216176162303448832
131615,76564505135494912
262687,216457568560682752
524831,72078497694162688
2097695,72060905776682752
65839,216176093553563392
41007,216176299693119232
98351,216176162256262912
196655,76564505088308992
327727,216457568513496832
589871,72078497646976768
2162735,72060905729496832
655439,85622273284849408
8975,216176162303448832
66319,216176093585020672
131855,220679684621416192
525071,216193677180083968
2097935,216176085262604032
41487,216176299708847872
534543,72111689151094528
559119,216226868637015808
544783,72113673425985283
57359,216176299692070657
172047,220677700296193792
565263,216191692854861568
2138127,216174100937381632
3276815,85569497532151552
131191,13531702505845504
1207,3380190712624
65719,3328653202192
131255,4506911098614544
2097335,3311739802384
33079,216176162304496384
65847,72060922691130112
131383,76564505136542464
262455,216457568561730304
2097463,72060905777730304
16951,16505610769153
66103,7726699713280
131639,4511309145125632
2097719,7709786313472
73783,3431698862848
196663,4506928247026432
2162743,3328888214272
1179703,13514110588236544
2228279,4506911333626624
3145783,4506911870489344
131287,13529503515095824
131415,85587097553023744
2647,4559756375167744
4695,4559687655691009
524887,4559687655692032
1049175,13531702806778624
2097751,4524503552168704
133207,13564756573106944
20567,4559687622136579
135255,13564687853630209
147543,13531702504796929
655447,13564687853631232
2228311,13529503750107904
3145815,13529504286970624
919,72060905709441808
1687,3380256772912
131735,4506911164674832
2097815,3311805862672
3223,18910791406384
9367,1335785231152
17559,3380189664049
33943,72058912643289904
132247,4504780793787184
2098327,1181434975024
20631,20903656231699
147607,4506911097565969
2113687,3311738753809
1179799,13511911597486864
2228375,4504712342876944
3145879,4504712879739664
33559,216176162370556672
131863,76564505202602752
262935,216457568627790592
2097943,72060905843790592
34071,216174100719145744
35095,216191692905190144
20759,72078497694159619
41239,216174117899014912
49431,216176162303447809
147735,76564505135493889
278807,216457568560681729
2113815,72060905776681729
164119,220677562907570944
2130199,216173963548758784
393495,220958969164804864
1179927,85569505635414784
2228503,76562306380804864
2359575,216455369805992704
3146007,76562306917667584
3607,21109814661904
9751,3534808486672
34327,72061111666545424
132631,4506979817042704
2098711,3380458230544
6679,56156747797249
10775,21126994531072
35351,72078703852589824
133655,4524572003087104
526871,56156747798272
2099735,20972644274944
21015,25301702742787
135703,4524503283610369
528919,56088028321537
2101783,20903924798209
41495,72061128846414592
74263,3431730320128
139799,4506996996911872
2105879,3397638099712
147991,4511309144077057
2114071,7709785264897
164375,76564573854970624
295447,216457637280158464
2130455,72060974496158464
197143,4506928278483712
2163223,3328919671552
393751,76845980112204544
655895,4524503283611392
2359831,72342380753392384
2621975,20903924799232
22551,56156714242819
151575,4524503250055939
544791,56087994767107
2117655,20903891243779
1196055,13514110587187969
2244631,4506911332578049
3162135,4506911869440769
10343,4559893764838144
67687,4559756327981824
133223,13566946990699264
69735,4559687608505089
135271,13566878271222529
139367,13531771208545024
589927,4559687608506112
1114215,13531702759592704
2162791,4524503504982784
655463,13566878271223552
2228327,13531694167700224
3145831,13531694704562944
65959,72060905511260944
66215,7709519844112
9383,3517596111664
66727,3380159255344
196775,4506911067157264
2162855,3311708345104
66343,72065303557772032
41255,216176299709895424
98599,216176162273039104
196903,76564505105085184
327975,216457568530273024
2162983,72060905746273024
82471,16505579311873
197159,4511309113668352
2163239,7709754856192
68647,21109767475984
74791,3534761300752
140327,4507117206713104
2106407,3517847900944
99367,72061111619359504
197671,4506979769856784
2163751,3380411044624
14375,56294137467649
71719,56156700611329
75815,21126947345152
141351,4524709392757504
534567,56294137468672
2107431,21110033945344
100391,72078703805403904
198695,4524571955901184
591911,56156700612352
2164775,20972597089024
86055,25301655556867
200743,4524503236424449
593959,56087981135617
2166823,20903877612289
106535,72061128799228672
172071,76564711244641024
303143,216457774669828864
2138151,72061111885828864
204839,4506996949725952
2170919,3397590913792
1187879,13514179290936064
2236455,4506980036326144
3153959,4506980573188864
213031,4511309096891137
2179111,7709738078977
229415,76564573807784704
360487,216457637232972544
2195495,72060974448972544
458791,76845980065018624
720935,4524503236425472
2424871,72342380706206464
2687015,20903877613312
131783,13531693948416784
131911,85589287986344704
10823,4559893780566784
133703,13566947006427904
135751,13566878286951169
139847,13531771224273664
197191,13531702505845504
655943,13566878286952192
2228807,13531694183428864
3146311,13531694720291584
134215,13564885405348624
140359,13529709623194384
26695,4559893763789569
1058887,13564894263710464
2107463,4557695009100544
149575,13566946989650689
165959,85622479443276544
198727,13564756557378304
2230343,13564748234961664
3147847,13564748771824384
28743,4559756324836099
143431,13564756556329729
86087,4559687606407939
1069127,13566878538601219
2117703,4559679283991299
200775,13564687837901569
2232391,13564679515484929
3149895,13564680052347649
155719,13531771207496449
172103,85587303661122304
663623,13564756556330752
2236487,13529572452807424
3153991,13529572989670144
213063,13531702489068289
671815,13566878270174977
2244679,13531694166651649
3162183,13531694703514369
720967,13564687837902592
2293831,13529503734379264
3211335,13529504271241984
2752583,13564679515485952
3276871,31543894189748992
3670087,13564680052348672
9607,72058912643289904
34183,216174092129211184
41351,216174100719145744
3719,21101224727344
34439,72061103076610864
67207,3380190712624
132743,4506971227108144
2098823,3371868295984
10887,21109814661904
41607,72061111666545424
139911,4506979817042704
2105991,3380458230544
197255,4506911098614544
2163335,3311739802384
1180295,13514102030807824
2228871,4506902776197904
3146375,4506903313060624
25735,3517595063089
140423,4504918199186224
2106503,1318840374064
3276935,13511903510999824
9991,72061111666545424
34567,216176291152466704
11015,72078703852589824
35591,216193883338511104
140039,76564573854970624
271111,216457637280158464
2106119,72060974496158464
99079,216176162304496384
164615,220679753340891904
2130695,216176153982079744
197383,76564505136542464
328455,216457568561730304
2163463,72060905777730304
393991,220961159598125824
1180423,85571696068735744
2228999,76564496814125824
2360071,216457560239313664
3146503,76564497350988544
57607,216176299708846849
172295,220677700312969984
2138375,216174100954157824
3277063,85569497548927744
140807,4507117222441744
2106887,3517863629584
14855,56294153196289
141831,4524709408486144
535047,56294153197312
2107911,21110049673984
172551,76564711260369664
303623,216457774685557504
2138631,72061111901557504
1188359,13514179306664704
2236935,4506980052054784
3154439,4506980588917504
1245703,13514110588236544
2294279,4506911333626624
3211783,4506911870489344
23559,56285546484499
29703,21109764330259
156679,4507117205664529
2122759,3517846852369
1188871,13512117705585424
2237447,4504918450975504
3154951,4504918987838224
3277831,13511972213699344
145415,4557694740542209
2111495,54095381730049
55303,72113879584412419
88071,56156698514179
153607,4559747734909699
2119687,56148376097539
157703,4524709391708929
550919,56294136420097
2123783,21110032896769
665607,4557694740543232
1189895,13529709891629824
2238471,4522510637019904
2631687,54095381731072
3155975,4522511173882624
3278855,13529564399743744
61447,72078703802258179
159751,4524571952755459
552967,56156697466627
2125831,20972593943299
217095,4524503234327299
610311,56087979038467
2183175,20903875515139
675847,4559679015433987
1200135,13531694166520579
2248711,4524494911910659
2641927,56079656621827
3166215,4524495448773379
3280903,13529495680267009
188423,76564711243592449
319495,216457774668780289
2154503,72061111884780289
1204231,13514179289887489
2252807,4506980035277569
3170311,4506980572140289
434183,220959175272903424
1220615,85569711743513344
2269191,76562512488903424
2400263,216455575914091264
3186695,76562513025766144
1261575,13514110571459329
2310151,4506911316849409
3227655,4506911853712129
3309575,85569566251627264
3538951,85850972508861184
3801095,13529495680268032
379,220697285398365952
524411,76617281661046528
443,216176093652059920
1211,72060974228571952
32955,216176162304427792
65723,72060922691061520
262331,216457568561661712
524475,72078497695141648
827,216180491698571008
1339,216176162304427792
2363,216193754490472192
4411,216193685770995457
8507,216176179484296960
16699,216180491631462145
33083,504406538456139520
131387,220679693212325632
262459,504687944713373440
1048891,220679693480756992
2097467,216176093853452032
16955,72074099648628481
33339,216180560350938880
66107,72065320737572608
262715,216461966608172800
524859,72082895741652736
33851,216176299709826832
34875,216193891895871232
526395,72113750753152768
528443,72113682033676033
41019,216176316889696000
73787,72061025736722176
98363,216176179452839680
557115,216193754456919808
327739,216457585710073600
589883,72078514843553536
786491,216475160714153728
524507,76615082670296848
859,220697285464426240
2395,220730339465627392
4443,220730270746150657
16731,220697285397317377
131419,229702285628806912
1048923,229702285897238272
2651,76617350413027072
4699,76617281693550337
33371,220697354116794112
131675,85589296576206592
262747,220978760374028032
1049179,85589296844637952
34907,220730476871026432
20571,76617281659995907
540763,76617281659997953
557147,220730339432075008
655451,85622281891487488
786523,221011745689308928
1572955,85622282159918848
1435,216173963347232560
16795,216176093651011345
524699,216191486813802256
1691,72060974294632240
33435,216176162370488080
262811,216457568627722000
524955,72078497761201936
3227,72076504829265712
9371,72058929823090480
17563,72060974227523377
263323,216455438256834352
525467,72076367390314288
34971,216191692905121552
526491,72111551762403088
20635,72078497694091027
528539,72111483042926353
41115,216174117898946320
49307,216176162303379217
278683,216457568560613137
540827,72078497694093073
557211,216191555466170128
786587,216472961723404048
1819,216176162370488080
2843,216193754556532480
4891,216193685837055745
8987,216176179550357248
17179,216180491697522433
33563,504406538522199808
66331,216176110831929088
131867,220679693278385920
262939,504687944779433728
1049371,220679693546817280
2097947,216176093919512320
3355,216191692905121552
9499,216174117898946320
17691,216176162303379217
34075,504404476870788880
525595,216191555466170128
6427,216226739838256897
10523,216191710084990720
18715,216193754489423617
35099,504422069056833280
24859,216176179483248385
41243,504404494050658048
74011,216174014820779776
532763,216191572646039296
49435,504406538455090945
82203,216176110764820225
147739,220679693211277057
278811,504687944712324865
1065243,220679693479708417
2113819,216176093852403457
295195,1081146566711969536
557339,504421931617881856
590107,216191503927611136
655643,220695086374067968
1179931,229684693711197952
786715,504703337875115776
1573147,220695086642499328
2621723,216191487015194368
3146011,220677494993389312
3611,72078703852521232
9755,72061128846346000
263707,216457637280089872
525851,72078566413569808
6683,72113750785656577
10779,72078721032390400
264731,216475229466134272
21019,72082895740602115
37403,216193754489423617
266779,216475160746657537
74267,72061025768179456
270875,216457654459959040
533019,72078583593438976
49691,216180560349890305
279067,216461966607124225
541211,72082895740604161
98843,216176179484296960
164379,220679761930753792
295451,504688013431801600
1081883,220679762199185152
2130459,216176162571880192
328219,216457585741530880
590363,72078514875010816
393755,220961168187987712
655899,76582097321467648
1180187,85571704658597632
1311259,220961168456419072
2359835,216457568829114112
1573403,76582097589899008
2621979,72078497962594048
3146267,76564505940788992
527387,72111689167802128
50203,216176299708778257
558107,216191692871569168
22555,72113750752102147
38939,216226877243655937
534555,72111706347671296
51227,216193891894822657
542747,72113750752104193
788507,216508214781415168
53275,216193754455869187
282651,216475160713103107
561179,216226739804704513
790555,216508146061938433
57371,216176316888647425
106523,216174152226178816
565275,216191710051438336
573467,216193754455871233
802843,216475160713105153
65899,220697285366908672
524651,220732461146967808
10347,76617487802697472
34923,220732667288618752
67691,76617350365841152
69739,76617281646364417
41067,220697491506464512
532587,76617350363746048
98411,220697354069608192
557163,220732529849667328
196715,85589296529020672
327787,220978760326842112
1114219,85589296797452032
655467,85624472309079808
786539,221013936106901248
1572971,85624472577511168
1451,216176153714493232
8619,216176162304427792
524715,216193677181062928
66219,72065303557703440
9387,72061111633970992
33963,216176291119892272
66731,72060974197114672
41131,216176299709826832
98475,216176162272970512
327851,216457568530204432
589995,72078497663684368
9003,216180560350938880
17195,216189279134549761
525099,216198075227574016
9515,216176299709826832
66859,216176162272970512
10539,216193891895871232
67883,216193754459014912
526635,216228930239074048
69931,216193685739538177
528683,216228861519597313
41259,504406675861538560
74027,216176179452839680
532779,216193754456919808
82219,216180491600004865
98603,504406538424682240
196907,220679693180868352
327979,504687944681916160
1114411,220679693449299712
2162987,216176093821994752
41515,216180697756337920
82475,72074099617171201
98859,216180560319481600
328235,216461966576715520
590379,72082895710195456
68651,72078703805335312
527403,72113879585394448
42027,216176574570956560
74795,72061128799160080
271403,216457774669760272
533547,72078703803240208
558123,216193883289161488
328747,216457637232903952
590891,72078566366383888
14379,72113888175326977
38955,216229067661248257
71723,72113750738470657
43051,216194166757000960
75819,72078720985204480
272427,216475366855804672
329771,216475229418948352
788523,216510405199007488
45099,216193891879094017
536619,72113750736375553
86059,72082895693416195
544811,72118071473475331
102443,216193754442237697
561195,216228930222296833
331819,216475160699471617
790571,216510336479530753
57387,216180697739560705
172075,220679899320424192
303147,504688150821472000
1089579,220679899588855552
2138155,216176299961550592
335915,216457654412773120
598059,72078583546253056
794667,216475229416853248
114731,216180560302704385
344107,216461966559938305
606251,72082895693418241
229419,220679761883567872
360491,504688013384615680
1146923,220679762151999232
2195499,216176162524694272
458795,220961168140801792
720939,76582097274281728
1245227,85571704611411712
1376299,220961168409233152
2424875,216457568781928192
1638443,76582097542713088
2687019,72078497915408128
3211307,76564505893603072
524747,220730262156218128
525003,76617273103617808
2891,220732529898948352
4939,220732461179471617
9035,220697354116794112
66379,220697285398365952
131915,229704476062127872
1049419,229704476330559232
10571,220730476871026432
20811,220732461145917187
532811,220730339432075008
541003,220732461145919233
590155,220730270713646848
655691,229737461377408768
1573195,229737461645840128
10827,76617487818426112
35403,220732667304347392
41547,220697491522193152
533067,76617350379474688
557643,220732529865395968
590411,76617281661046528
655947,85624472324808448
787019,221013936122629888
1573451,85624472593239808
533579,76615288778395408
558155,220730468264316688
26699,76617487801648897
43083,220730751732156160
141387,85622488033138432
272459,221011951830959872
534603,76685657522573056
1058891,85622488301569792
51275,220732667287570177
100427,220730476855297792
165963,229737667519059712
559179,220800837008494336
1083467,229737667787491072
28747,76617350362695427
45131,220730476854249217
53323,220732529848616707
86091,76617281644267267
151627,85624472308029187
282699,221013936105850627
544843,76687641797463811
1069131,85624472576460547
57419,220697491505415937
548939,76617350362697473
172107,229702491736905472
1089611,229702492005336832
663627,85622350594187008
794699,221011814392008448
1581131,85622350862618368
573515,220732529848618753
606283,76617281644269313
671819,85624472308031233
802891,221013936105852673
1589323,85624472576462593
622667,220730339416346368
688203,229737530080108288
1605707,229737530348539648
720971,85622281875758848
852043,221011745673580288
1638475,85622282144190208
917579,230018936337342208
1835083,230018936605773568
3670091,85622274090143488
1931,216176153780553520
9099,216176162370488080
66443,216176093652059920
525195,216193677247123216
3467,216191684315186992
17803,216176153713444657
34187,504404468280854320
66955,216173963281172272
525707,216191546876235568
10635,216191692905121552
526731,216226731248324368
20875,216193677180012307
528779,216226662528847633
24971,216176162303379217
41355,504404476870788880
532875,216191555466170128
82315,216176093584951057
541067,216193677180014353
590219,216191486747741968
3723,72078695262586672
67211,72060974228571952
263819,216457628690155312
525963,72078557823635248
10891,72078703852521232
35467,216193883338442512
526987,72113742195724048
529035,72113673476247313
270987,216457637280089872
533131,72078566413569808
98955,216176162304427792
557707,216193745899491088
328331,216457568561661712
590475,72078497695141648
787083,216475152156725008
527499,72111680577867568
25739,72061111632922417
42123,216174375563429680
271499,216455575662233392
533643,72076504795713328
50315,216176291118843697
99467,216174100686571312
558219,216191684281634608
534667,72111689167802128
559243,216226868653723408
544907,72113673442692883
57483,216176299708778257
565387,216191692871569168
3851,216193883338442512
34571,504406667304109840
67339,216176162304427792
526091,216193745899491088
6923,216228930271577857
35595,504424259490154240
68363,216193754490472192
13067,216193754489423617
21259,216198075226523395
70411,216193685770995457
25355,216180560349890305
74507,216176179484296960
140043,220679761930753792
271115,504688013431801600
1057547,220679762199185152
2106123,216176162571880192
82699,216180491631462145
541451,216198075226525441
99083,504406538456139520
295691,1081148757145290496
557835,504424122051202816
197387,220679693212325632
328459,504687944713373440
1114891,220679693480756992
2163467,216176093853452032
656139,220697276807388928
1180427,229686884144518912
787211,504705528308436736
1573643,220697277075820288
2622219,216193677448515328
3146507,220679685426710272
527627,216226868653723408
25867,216176299708778257
533771,216191692871569168
14603,216226877243655937
22795,216228930238023427
26891,216193891894822657
542987,216228930238025473
559371,504457244805435136
592139,216226739805753088
28939,216193754455869187
536843,216226739804704513
86283,216193685737441027
594187,216226671086276353
57611,504406675860489985
549131,216193754455871233
303371,1081146704117368576
565515,504422069023280896
606475,216193685737443073
527883,72113879601123088
42507,216176574586685200
271883,216457774685488912
534027,72078703818968848
99851,216176299709826832
558603,216193883304890128
14859,72113888191055617
39435,216229067676976897
43531,216194166772729600
272907,216475366871533312
100875,216193891895871232
592395,72113750753152768
789003,216510405214736128
45579,216193891894822657
537099,72113750752104193
545291,72118071489203971
561675,216228930238025473
594443,72113682033676033
791051,216510336495259393
57867,216180697755289345
107019,216176316889696000
172555,220679899336152832
303627,504688150837200640
1090059,220679899604584192
2138635,216176299977279232
795147,216475229432581888
623115,216193754456919808
852491,216475160714153728
23563,72113879584343827
44043,216192517488510736
535563,72111964028931856
543755,72113879584345873
560139,216227143514853136
592907,72111689152073488
789515,216508343613656848
29707,72078703802189587
537611,72111689151024913
54283,216193883288110867
545803,72113742145392403
562187,216226868636946193
58379,216176574569907985
287755,216457774668711697
549899,72078703802191633
566283,216191967732698896
795659,216473167831502608
115723,216176299693049617
574475,216193883288112913
623627,216191692855840528
47115,216227152104785665
276491,216508352203589377
538635,72182057895202561
88075,72113750736373507
284683,216510405197956867
546827,72184110889570051
104459,216226877227927297
563211,216297237381123841
59403,216194166755952385
288779,216475366854756097
600075,72111706331942656
665611,76615288778399488
1583115,76615289046830848
2631691,72111689419525888
116747,216193891879094017
608267,72113750736375553
804875,216510405197958913
690187,220730468264320768
821259,504738719765368576
1607691,220730468532752128
2656267,216226868905447168
854027,216508214765686528
290827,216475229415802627
798731,216508214764637953
118795,216193754440140547
348171,216475160697374467
675851,76617273053290243
1593355,76617273321721603
2641931,72113673694416643
626699,216226739788975873
856075,216508146046209793
122891,216176316872918785
188427,220679899319375617
319499,504688150820423425
1105931,220679899587806977
2154507,216176299960502017
811019,216475229415804673
630795,216191710035709696
696331,220695292482166528
1220619,229684899819296512
827403,504703543983214336
1613835,220695292750597888
2662411,216191693123292928
3186699,220677701101487872
638987,216193754440142593
868363,216475160697376513
1267,4524572004057904
2291,4559756376146704
4339,4559687656669969
65779,4524520466547472
131315,13531702539326224
524531,4559687656670992
1048819,13531702807757584
2419,76617350414074624
4467,76617281694597889
33139,220697354117841664
65907,76582114504475392
131443,85589296577254144
262515,220978760375075584
524659,76617281694598912
1048947,85589296845685504
2675,4564154422657792
4723,4564085703181057
17011,4537697424114433
66163,4528918513058560
131699,13536100585837312
524915,4564085703182080
1049203,13536100854268672
3187,4559893781545744
10355,4559910961414912
34931,76617487819473664
67699,4559773524558592
133235,13566955597337344
1050739,13566955865768704
20595,4564085669626627
69747,4559704805081857
135283,13566886877860609
1052787,13566887146291969
73843,4524623512208128
196723,13531719687738112
589939,4559704805082880
1114227,13531719956169472
655475,13566886877861632
1572979,13566887146292992
3145843,13531703311139584
947,72065303756931856
1459,72060974295679792
33203,216176162371535632
65971,72060922758169360
262579,216457568628769552
1715,7778304262960
17075,16505677808401
66227,7726766752528
5299,20972376687409
17587,7778237154097
132275,4506979818017584
263347,72342449205281584
525491,20972376688432
1049779,4506980086448944
2098355,3380459143984
6323,56156748776209
10419,21126995510032
34995,72078703853568784
67763,20989558653712
526515,56156748777232
20659,25301703721747
69811,20920839176977
528563,56088029300497
41139,72061128847393552
82099,7726699643665
98483,72060991410537232
295091,216457637281137424
196787,4506928280507152
327859,72342397667771152
590003,20920839178000
1114291,4506928548938512
2162867,3328921633552
1179827,13514110621717264
3145907,4506911903908624
17203,72074099715736321
33587,216180560418046720
66355,72065320804680448
262963,216461966675280640
3379,72078703853568784
9523,72061128847393552
66867,72060991410537232
263475,216457637281137424
6451,72113750786704129
10547,72078721033437952
67891,72078583596581632
264499,216475229467181824
526643,72113750786705152
20787,72082895741649667
37171,216193754490471169
69939,72078514877104897
266547,216475160747705089
528691,72113682067228417
270643,216457654461006592
49459,216180560350937857
82227,72065320737571585
278835,216461966608171777
164147,220679761931801344
295219,504688013432849152
557363,216193754490472192
1081651,220679762200232704
2130227,216176162572927744
196915,76564522318435072
590131,72078514877105920
1114419,76564522586866432
2162995,72060922959561472
393523,220961168189035264
1179955,85571704659645184
786739,216475160747706112
1311027,220961168457466624
2359603,216457568830161664
3146035,76564505941836544
3635,25507862151952
9779,7932855976720
17971,16574330176273
34355,72065509714035472
67123,7795419120400
6707,60554795287297
10803,25525042021120
18995,34166516220673
35379,72083101900079872
68147,25387605164800
526899,60554795288320
70195,25318885688065
528947,60486075811585
25139,16591510045441
41523,72065526893904640
49715,72074168368104193
148019,4520105238074113
279091,72355574625338113
541235,34097796744961
1065523,4520105506505473
2114099,16505879200513
98867,72065389457048320
295475,216462035327648512
197171,4511326327018240
328243,72346795714282240
590387,25318885689088
1114675,4511326595449600
2163251,7726968144640
1180211,13518508668228352
3146291,4511309950419712
7219,56294154175249
68659,21126964052752
527411,56294154176272
99379,72061128815936272
295987,216457774686536464
14387,56311334044417
22579,60554761732867
38963,72113888192103169
71731,56173897188097
534579,56311334045440
100403,72078721001980672
297011,216475366872580864
559155,72113888192104192
591923,56173897189120
77875,21023884837633
86067,25318852133635
544819,60486042257155
593971,56105177712385
90163,7829745304321
303155,216457791866405632
204851,4507031326167808
335923,72342500713431808
598067,21023884838656
1122355,4507031594599168
2170931,3431967294208
360499,216457654429549312
1245235,13514127770129152
3211315,4506929052320512
3276851,13514111125099264
979,76582097522787088
1747,4524572070118192
2771,4559756442206992
4819,4559687722730257
131795,13531702605386512
525011,4559687722731280
1049299,13531702873817872
5331,4557557351842609
9427,4522527598576432
17619,4524572003009329
34003,76580104456635184
132307,13529572234498864
525523,4557557351843632
1049811,13529572502930224
10451,4557711970665232
18643,4559756375098129
35027,76615288828723984
133331,13564756606587664
1050835,13564756875019024
135379,13564687887110929
1052883,13564688155542289
147667,13531702538277649
540883,4559687655622417
1065171,13531702806709009
655571,13564687887111952
1573075,13564688155543312
3145939,13529504320389904
2899,76617350480134912
4947,76617281760658177
33619,220697354183901952
131923,85589296643314432
262995,220978760441135872
525139,76617281760659200
1049427,85589296911745792
3411,76615288828723984
34131,220695292532491024
10579,76615306008593152
18771,76617350413026049
133459,85622350644515584
264531,221011814442337024
1050963,85622350912946944
37203,220730339465626369
135507,85622281925038849
266579,221011745722860289
1053011,85622282193470209
41299,220695309712360192
49491,220697354116793089
147795,85589296576205569
278867,220978760374027009
541011,76617281693550337
1065299,85589296844636929
164179,229702354348282624
557395,220730339465627392
1081683,229702354616713984
393555,229983760605516544
655699,85622281925039872
786771,221011745722861312
1311059,229983760873947904
1573203,85622282193471232
3146067,85587098358317824
5715,4559756375098129
9811,4524726621831952
34387,76582303479890704
132691,13531771257754384
525907,4559756375099152
1050195,13531771526185744
6739,4630125119275777
19027,4564154421609217
68179,4559773556015872
264787,76898825389736704
526931,4630125119276800
2099795,4559756643599104
12883,4559773554967297
37459,76617350413026049
70227,4559704836539137
266835,76898756670259969
528979,4630056399800065
2101843,4559687924122369
41555,76582320659759872
74323,4524623543665408
139859,13531788437623552
533075,4559773554968320
1057363,13531788706054912
148051,13536100584788737
541267,4564085702133505
1065555,13536100853220097
164435,85589365295682304
295507,220978829093503744
557651,76617350413027072
1081939,85589365564113664
197203,13531719719195392
590419,4559704836540160
1114707,13531719987626752
393811,85870771552916224
1180243,31546101316195072
2228819,13531702806778624
787027,76898756670260992
1311315,85870771821347584
2622035,4559687924123392
19539,4559893780497169
134227,13564894011986704
1051731,13564894280418064
21587,4559756341543699
22611,4630125085721347
26707,4559910960366337
75859,4557746297897728
141395,13564911191855872
1058899,13564911460287232
51283,76617487818425089
149587,13566955596288769
1067091,13566955864720129
165971,85622488049914624
297043,221011951847736064
1083475,85622488318345984
3147859,13564757378401024
28755,4559773521412867
53331,76617350379471619
86099,4559704802984707
282707,76898756636705539
544851,4630056366245635
2117715,4559687890567939
3149907,13564688658924289
671827,13566886876813057
1589331,13566887145244417
3162195,13531703310091009
3670099,13564688658925312
2963,72078566614893328
5011,72078497895416593
9107,72060991608718096
17299,72065303755883281
66451,72060922890289936
131987,76564505336746768
525203,72078497895417616
1049491,76564505605178128
2098067,72060905977873168
3475,72076504896373552
9619,72058929890198320
17811,72060974294631217
263571,216455438323942192
35219,216191692972229392
20883,72078497761198867
41363,216174117966054160
49555,216176162370487057
278931,216457568627720977
5779,20972442747697
18067,7778303214385
67219,3397437621040
132755,4506979884077872
263827,72342449271341872
525971,20972442748720
1050259,4506980152509232
2098835,3380525204272
6803,56156814836497
10899,21127061570320
35475,72078703919629072
526995,56156814837520
21139,25301769782035
529043,56088095360785
41619,72061128913453840
74387,3431797359376
295571,216457637347197712
1180307,13514110687777552
3146387,4506911969968912
11411,19202849112880
35987,72076779707171632
68755,18927972254512
134291,4522510418711344
265363,72357979805975344
1051795,4522510687142704
2100371,18911059837744
13459,18927971205937
38035,72076504829264689
529555,53957724473137
42131,72059204700996400
140435,4504935412536112
271507,72340404799800112
533651,18927971206960
1057939,4504935680967472
2106515,1336053662512
83091,3397370512177
148627,4506979816969009
279699,72342449204233009
541843,20972375639857
1066131,4506980085400369
2114707,3380458095409
99475,72058929824138032
165011,76562512270594864
558227,72076504829265712
1082515,76562512539026224
2131091,72058912911721264
1180819,13511980316889904
3146899,4504781599081264
14483,54112343294737
39059,72111689201353489
26771,21126994461457
75923,18962331992848
534675,54112343295760
51347,72078703852520209
542867,56156747728657
297107,216473167881831184
559251,72111689201354512
28819,20989555507987
53395,72078566413566739
86163,20920837079827
151699,4524503283536659
282771,72359972670800659
1069203,4524503551968019
2117779,20903924663059
57491,72061128846344977
90259,3431730250513
106643,72058964183876368
303251,216455592875655952
311443,216457637280088849
1196179,13514110620668689
3162259,4506911902860049
3276947,13511912134349584
3859,72078703919629072
10003,72061128913453840
263955,216457637347197712
6931,72113750852764417
11027,72078721099498240
264979,216475229533242112
527123,72113750852765440
21267,72082895807709955
37651,216193754556531457
267027,216475160813765377
529171,72113682133288705
74515,72061025835287296
271123,216457654527066880
49939,216180560416998145
279315,216461966674232065
99091,216176179551404800
164627,220679761997861632
295699,504688013498909440
557843,216193754556532480
1082131,220679762266292992
2130707,216176162638988032
328467,216457585808638720
394003,220961168255095552
1180435,85571704725705472
787219,216475160813766400
1311507,220961168523526912
2360083,216457568896221952
3146515,76564506007896832
7443,72111689201353489
19731,72078703852520209
36115,216191967783027472
265491,216473167881831184
527635,72111689201354512
21779,72078566413566739
38163,216191692905120529
25875,72061128846344977
42259,216174392776852240
75027,72058964183876368
271635,216455592875655952
279827,216457637280088849
99603,216174117899993872
165139,220677700346450704
296211,504685951847498512
558355,216191692905121552
1082643,220677700614882064
2131219,216174100987577104
14611,72111706381222657
268563,216508214814966529
26899,72078721032389377
43283,216191984962896640
76051,72076556369920768
272659,216473185061700352
534803,72111706381223680
280851,216475229466133249
542995,72113750785656577
100627,216191710086038272
166163,220695292532495104
297235,504703544033542912
1083667,220695292800926464
2132243,216191693173621504
788755,216508214814967552
28947,72078583593435907
45331,216191710084989697
86291,72078514875007747
151827,76582097321464579
1069331,76582097589895939
2117907,72078497962590979
561427,216226739838256897
790803,216508146095490817
90387,72061025768178433
286995,216457654459958017
172307,220677717526319872
303379,504685969027367680
565523,216191710084990720
1089811,220677717794751232
2138387,216174118167446272
336147,216455489797489408
114963,216176179484295937
180499,220679761930752769
311571,504688013431800577
573715,216193754489423617
1098003,220679762199184129
2146579,216176162571879169
344339,216457585741529857
409875,220961168187986689
1196307,85571704658596609
803091,216475160746657537
1327379,220961168456418049
2375955,216457568829113089
3162387,76564505940787969
1212691,229684762430673664
3178771,220677563712865024
1442067,229966168687907584
3277075,85569506172277504
3408147,220958969970098944
11795,21401872368400
19987,25507861103377
36371,72078978730427152
69139,21126995510032
134675,4524709441966864
265747,72360178829230864
1052179,4524709710398224
2100755,21110083093264
13843,21126994461457
22035,25370422149907
38419,72078703852520209
529939,56156747728657
26131,7932854928145
42515,72061403724251920
140819,4507134435791632
271891,72342603823055632
534035,21126994462480
1058323,4507134704222992
2106899,3535076918032
50707,72065509712986897
99859,72061128847393552
165395,76564711293850384
558611,72078703852521232
1082899,76564711562281744
2131475,72061111934976784
1181203,13514179340145424
3147283,4506980622336784
72211,56173928645377
137747,4559756375102209
268819,72395225762366209
530963,126525491906305
1055251,4559756643533569
2103827,56157016228609
27155,25525040972545
43539,72078995910296320
141843,4524726621836032
272915,72360196009100032
1059347,4524726890267392
2107923,21127262962432
51731,72083101899031297
543251,60554794239745
100883,72078721033437952
166419,76582303479894784
1083923,76582303748326144
2132499,72078704121021184
592403,56173928646400
657939,4559756375103232
1182227,13531771526189824
789011,72395225762367232
1575443,4559756643534592
2624019,56157016229632
3148307,4524572808381184
29203,25387602019075
45587,72078721032389377
78355,21023916294913
537107,56173927597825
53779,72082964460077827
86547,25318883590915
152083,4528901330047747
283155,72364370717311747
1069587,4528901598479107
2118163,25301971174147
299539,216475229466133249
561683,72113750785656577
594451,56105209169665
659987,4559687655626497
1184275,13531702806713089
791059,72395157042890497
1577491,4559687924057857
2626067,56088296752897
3150355,4524504088904449
57875,72065526892856065
90643,7829776761601
172563,76564728473719552
565779,72078721032390400
1090067,76564728742150912
2138643,72061129114845952
205331,4507031357625088
336403,72342500744889088
598547,21023916295936
1122835,4507031626056448
2171411,3431998751488
1188371,13514196520014592
3154451,4506997802205952
311827,216462035326599937
1196563,13518508667179777
3162643,4511309949371137
360979,216457654461006592
426515,220961236907463424
1212947,85571773378073344
819731,216475229466134272
1344019,220961237175894784
2392595,216457637548589824
3179027,76564574660264704
1245715,13514127801586432
3211795,4506929083777792
1442323,85853179635307264
1704467,13531702806714112
3408403,76845980917498624
3670547,4524504088905472
543763,56294153127697
29715,21126960907027
54291,72078703818965779
545811,56156714174227
91155,3569135649553
312339,216457774685487889
79891,54146670527233
88083,56173895090947
153619,4559756341547779
284691,72395225728811779
546835,126525458351875
1071123,4559756609979139
2119699,56156982674179
301075,216508352220365569
92179,21161321693953
550931,56311332996865
600083,54146670528256
313363,216475366871532289
575507,72113888191055617
821267,216508352220366592
61459,72078720998834947
94227,21023882740483
552979,56173894043395
315411,216475229432578819
577555,72113750752102147
610323,56105175615235
675859,4559687622072067
1200147,13531702773158659
806931,72395157009336067
1593363,4559687890503427
2641939,56088263198467
3166227,4524504055350019
122899,72061163173577473
319507,216457791865357057
368659,216455627202888448
3293203,13514111124050689
66019,76582097324606224
66275,4528901333189392
3299,4559885191611184
9443,4524709409456944
66787,4524571972600624
10467,4559893781545744
67811,4559756344689424
69859,4559687625212689
196835,13531702507868944
590051,4559687625213712
1114339,13531702776300304
66403,76586495371117312
10595,76617487819473664
35171,220732667305394944
67939,76617350382617344
69987,76617281663140609
41315,220697491523240704
98659,220697354086384384
196963,85589296545796864
328035,220978760343618304
590179,76617281663141632
1114467,85589296814228224
10851,4564291828056832
68195,4564154391200512
21091,4572873172714243
70243,4564085671723777
82531,4537697392657153
197219,13536100554380032
590435,4564085671724800
1114723,13536100822811392
11363,4560168642675472
134243,13567084429579024
1051747,13567084698010384
13411,4559893764768529
70755,4559756327912209
74851,4524726574646032
140387,13531908647424784
533603,4559893764769552
1057891,13531908915856144
99427,76582303432704784
197731,13531771210568464
590947,4559756327913232
1115235,13531771478999824
14435,4630262508946177
71779,4630125072089857
26723,4564291811279617
43107,76617762680603392
272483,76898962779407104
534627,4630262508947200
2107491,4559894033269504
84067,4564154374423297
165987,85624678467506944
297059,221014142265328384
1083491,85624678735938304
329827,76898825342550784
591971,4630125072090880
2164835,4559756596413184
3147875,13566947795993344
28771,4564154372326147
45155,76617487802696449
77923,4559773507781377
143459,13566955580560129
1060963,13566955848991489
151651,13571276317659907
1069155,13571276586091267
102499,76617350365840129
331875,76898756623074049
594019,4630056352614145
2166883,4559687876936449
3149923,13566879076516609
106595,76582320612573952
172131,85589502685352704
303203,220978966483174144
565347,76617487802697472
1089635,85589502953784064
204899,13531788390437632
598115,4559773507782400
1122403,13531788658868992
663651,13566955580561152
1581155,13566955848992512
3154019,13531772013839104
213091,13536100537602817
606307,4564085654947585
1130595,13536100806034177
229475,85589365248496384
360547,220978829046317824
622691,76617350365841152
1146979,85589365516927744
458851,85870771505730304
1245283,31546101269009152
2293859,13531702759592704
852067,76898756623075072
1376355,85870771774161664
2687075,4559687876937472
3670115,13566879076517632
66467,72065303624811280
3491,72078695263634224
263587,216457628691202864
10659,72078703853568784
35235,216193883339490064
68003,72078566416712464
70051,72078497697235729
74147,72060991410537232
270755,216457637281137424
82339,72065303557702417
197027,76564505138565904
590243,72078497697236752
1114531,76564505406997264
2163107,72060905779692304
3747,25499272217392
18083,16565740241713
34467,72065501124100912
10915,25507862151952
68259,25370425295632
21155,34089206809363
70307,25301705818897
25251,16574330176273
41635,72065509714035472
74403,7795419120400
98979,72065372277179152
197283,4511309147149072
328355,72346778534413072
590499,25301705819920
1114787,4511309415580432
2163363,7709788275472
7331,56285564240689
11427,21384659993392
527523,56285564241712
13475,21109782086449
70819,20972345230129
25763,7915642553137
42147,72061386511876912
140451,4507117223416624
271523,72342586610680624
533667,21109782087472
1057955,4507117491847984
2106531,3517864543024
83107,7778205696817
296099,216457766096601904
197795,4506979786560304
328867,72342449173824304
591011,20972345231152
1115299,4506980054991664
2163875,3380427686704
14499,56294154175249
71843,56156717318929
75939,21126964052752
534691,56294154176272
100515,72078703822111504
592035,56156717319952
86179,25301672264467
594083,56087997843217
106659,72061128815936272
303267,216457774686536464
360611,216457637249680144
1245347,13514110590259984
3211427,4506911872451344
10019,72065509714035472
34595,216180689199956752
67363,72065372277179152
11043,72083101900079872
35619,216198281386001152
68387,72082964463223552
21283,72091683244737283
70435,72082895743746817
25379,72074168368104193
74531,72065389457048320
271139,216462035327648512
49955,216189347854025473
279331,216470754111259393
197411,76568903185076992
590627,72082895743747840
1114915,76568903453508352
2163491,72065303826203392
68899,72078703822111504
42275,216176574587732752
75043,72061128815936272
271651,216457774686536464
328995,216457637249680144
14627,72113888192103169
39203,216229067678024449
71971,72113750755246849
43299,216194166773777152
76067,72078721001980672
272675,216475366872580864
534819,72113888192104192
559395,216229067678025472
330019,216475229435724544
592163,72113750755247872
45347,216193891895870209
86307,72082895710192387
102691,216193754459013889
332067,216475160716247809
594211,72113682035771137
57635,216180697756336897
172323,220679899337200384
303395,504688150838248192
565539,216193891895871232
1089827,220679899605631744
2138403,216176299978326784
336163,216457654429549312
114979,216180560319480577
344355,216461966576714497
229667,220679761900344064
360739,504688013401391872
622883,216193754459014912
1147171,220679762168775424
2195747,216176162541470464
459043,220961168157577984
1245475,85571704628187904
852259,216475160716248832
1376547,220961168426009344
2425123,216457568798704384
3211555,76564505910379264
69155,25507830694672
26147,16711735575313
75299,7932824519440
83491,16574298718993
99875,72065509682578192
14883,60692200686337
23075,69342264820483
72227,60554763830017
27171,34303921619713
76323,25525010563840
535075,60692200687360
84515,34166484763393
100899,72083101868622592
592419,60554763831040
29219,34166482666243
545315,69273545344771
594467,60486044354305
57891,72074305773503233
90659,16591478588161
107043,72065526862447360
303651,216462172733047552
115235,72074168336646913
213539,4520105206616833
344611,72355574593880833
606755,34097765287681
1131043,4520105475048193
2179619,16505847743233
360995,216462035296191232
1245731,13518508636771072
3211811,4511309918962432
15395,56569015304977
23587,60683593974547
44067,72079528436957968
76835,21401825182480
535587,56569015306000
85027,25507813917457
101411,72078978683241232
199715,4524709394780944
330787,72360178782044944
1117219,4524709663212304
2165795,21110035907344
29731,25507811820307
78883,21126947275537
537635,56294137399057
87075,25370374963987
103459,72078703805334289
594979,56156700542737
91171,7932807742225
107555,72061403677066000
304163,216458049547666192
205859,4507134388605712
336931,72342603775869712
599075,21126947276560
1123363,4507134657037072
2171939,3535029732112
1188899,13514316729815824
3154979,4507118012007184
115747,72065509665800977
230435,76564711246664464
623651,72078703805335312
1147939,76564711515095824
2196515,72061111887790864
1246243,13514179292959504
3212323,4506980575150864
47139,72114163053232897
145443,4559893764772609
276515,72395363152036609
538659,126662881576705
1062947,4559894033203969
2111523,56294405899009
55331,72118277631902467
301091,216510542637957889
202787,4559756327916289
333859,72395225715180289
596003,126525444720385
1120291,4559756596347649
2168867,56156969042689
92195,25524993786625
550947,60692183910145
108579,72078995863110400
305187,216475641733710592
567331,72114163053233920
206883,4524726574650112
337955,72360195961914112
1124387,4524726843081472
2172963,21127215776512
665635,4559893764773632
1189923,13531908915860224
796707,72395363152037632
1583139,4559894033204992
2631715,56294405900032
3156003,4524710198051584
116771,72083101851845377
608291,60554747053825
231459,76582303432708864
1148963,76582303701140224
2197539,72078704073835264
821283,216510542637958912
722979,4559756327917312
1247267,13531771479003904
854051,72395225715181312
1640483,4559756596348672
2689059,56156969043712
3213347,4524572761195264
61475,72083101849748227
94243,25387554833155
552995,60554744956675
110627,72078720985203457
307235,216475366855803649
569379,72113888175326977
602147,56173880411905
118819,72082964412891907
217123,4528901282861827
348195,72364370670125827
1134627,4528901551293187
2183203,25301923988227
364579,216475229418947329
626723,72113750738470657
725027,4559687608440577
1249315,13531702759527169
856099,72395156995704577
1642531,4559687876871937
2691107,56088249566977
3215395,4524504041718529
122915,72065526845670145
319523,216462172716270337
237603,76564728426533632
630819,72078720985204480
1155107,76564728694964992
2203683,72061129067660032
434211,220961374297133824
1220643,85571910767743744
827427,216475366855804672
1351715,220961374565565184
2400291,216457774938260224
3186723,76564712049935104
1253411,13514196472828672
3219491,4506997755020032
3285027,13514179827798784
376867,216462035279414017
1261603,13518508619993857
3227683,4511309902185217
491555,220961236860277504
1277987,85571773330887424
884771,216475229418948352
1409059,220961237128708864
2457635,216457637501403904
3244067,76564574613078784
1507363,85853179588121344
1769507,13531702759528192
3473443,76845980870312704
3735587,4524504041719552
3523,76615280238789424
9667,76580104456635184
34243,220695283942556464
10691,76615288828723984
35267,220730468314645264
20931,76617273103614739
41411,220695292532491024
5827,4559747785163569
34499,76582294889956144
67267,4524572004057904
132803,13531762667819824
526019,4559747785164592
1050307,13531762936251184
35523,76617479262044944
68291,4559756376146704
133827,13566947039908624
1051331,13566947308339984
12995,4559756375098129
21187,4564077112197907
70339,4559687656669969
135875,13566878320431889
1053379,13566878588863249
41667,76582303479890704
139971,13531771257754384
533187,4559756375099152
1057475,13531771526185744
197315,13531702539326224
590531,4559687656670992
1114819,13531702807757584
656067,13566878320432912
1573571,13566878588864272
3146435,13531694753710864
11459,4557969635148592
19651,4559885190562609
68803,4557694758290224
134339,13564885422052144
1051843,13564885690483504
13507,4557694757241649
21699,4559747751609139
25795,4524709408408369
140483,13529709639897904
533699,4557694757242672
1057987,13529709908329264
26819,4559893780497169
141507,13564894011986704
1059011,13564894280418064
28867,4559756341543699
86211,4559687623115539
151747,13566878286877459
1069251,13566878555308819
3907,76617479262044944
10051,76582303479890704
34627,220697482965811984
68419,76617350414074624
133955,85624541077836544
265027,221014004875657984
1051459,85624541346267904
13123,76617350413026049
21315,76621671150125827
37699,220732529898947329
70467,76617281694597889
136003,85624472358359809
267075,221013936156181249
1053507,85624472626791169
140099,85589365295682304
271171,220978829093503744
533315,76617350413027072
1057603,85589365564113664
99139,220697354117841664
164675,229704544781603584
557891,220732529898948352
1082179,229704545050034944
197443,85589296577254144
328515,220978760375075584
590659,76617281694598912
1114947,85589296845685504
394051,229985951038837504
656195,85624472358360832
787267,221013936156182272
1311555,229985951307268864
1573699,85624472626792192
3146563,85589288791638784
26947,76617487818425089
43331,220730751748932352
141635,85622488049914624
272707,221011951847736064
1059139,85622488318345984
51523,220732667304346369
100675,220730476872073984
166211,229737667535835904
1083715,229737667804267264
28995,76617350379471619
45379,220730476871025409
53571,220732529865392899
86339,76617281661043459
151875,85624472324805379
282947,221013936122626819
1069379,85624472593236739
57667,220697491522192129
172355,229702491753681664
565571,220730476871026432
1089859,229702492022113024
11843,4560168658404112
69187,4559893781545744
134723,13567084445307664
1052227,13567084713739024
13891,4559893780497169
140867,13531908663153424
534083,4559893780498192
1058371,13531908931584784
14915,4630262524674817
27203,4564291827008257
43587,76617762696332032
76355,4559910961414912
272963,76898962795135744
535107,4630262524675840
2107971,4559894048998144
100931,76617487819473664
166467,85624678483235584
297539,221014142281057024
1083971,85624678751666944
199235,13566955597337344
1116739,13566955865768704
3148355,13566947811721984
29251,4564154388054787
45635,76617487818425089
143939,13566955596288769
1061443,13566955864720129
86595,4564085669626627
152131,13571276333388547
1069635,13571276601819907
201283,13566886877860609
1118787,13566887146291969
3150403,13566879092245249
172611,85589502701081344
303683,220978966498902784
565827,76617487818426112
1090115,85589502969512704
664131,13566955596289792
1581635,13566955864721152
3154499,13531772029567744
721475,13566886877861632
1638979,13566887146292992
3211843,13531703311139584
3670595,13566879092246272
23619,4630253917963027
27715,4560168641626897
44099,76616113412113168
142403,13565168873116432
1059907,13565169141547792
85059,4559893764768529
150595,13567084428530449
1068099,13567084696961809
199747,13564893996258064
1117251,13564894264689424
3148867,13564886210642704
144451,13564893995209489
1061955,13564894263640849
54339,76617479211713299
87107,4559756325815059
152643,13566946989576979
1070147,13566947258008339
156739,13531908646376209
549955,4559893763720977
1074243,13531908914807569
664643,13564893995210512
1582147,13564894263641872
3155011,13529710428488464
145475,13635262739387137
538691,4768800972998401
1062979,13635263007818497
55363,76687847955890947
88131,4630125069992707
153667,13637315733754627
546883,4770853967365891
1071171,13637316002185987
59459,76617762679554817
92227,4559910944637697
288835,76898962778358529
550979,4630262507898625
2123843,4559894032220929
174147,85622762911044352
305219,221012226708865792
1091651,85622763179475712
206915,13564911176127232
1124419,13564911444558592
403523,85903963009848064
665667,13635262739388160
1189955,31579292773126912
2238531,13564894263710464
1321027,85903963278279424
1583171,13635263007819520
116803,76617487802696449
182339,85624678466458369
313411,221014142264279809
1099843,85624678734889729
215107,13566955580560129
1132611,13566955848991489
3164227,13566947794944769
231491,85622488034185984
362563,221011951832007424
1148995,85622488302617344
428099,230019142495769344
1345603,230019142764200704
3180611,85622480248570624
3213379,13564757362672384
94275,4559773505684227
290883,76898825339405059
553027,4630125068945155
2125891,4559756593267459
176195,85622488033137409
307267,221011951830958849
1093699,85622488301568769
3158083,13564757361623809
118851,76617350363742979
184387,85624541027504899
315459,221014004825326339
1101891,85624541295936259
348227,76898756620976899
610371,4630056350516995
2183235,4559687874839299
413763,85905947284738819
675907,13637247014278915
1200195,31581277048017667
2248771,13566878538601219
1331267,85905947553170179
1593411,13637247282710275
3215427,13564688643195649
188483,85589502684304129
319555,220978966482125569
581699,76617487801648897
1105987,85589502952735489
680003,13566955579512577
1597507,13566955847943937
3170371,13531772012790529
434243,229983966713615104
696387,85622488033138432
827459,221011951830959872
1351747,229983966982046464
1613891,85622488301569792
3186755,85587304466416384
3678275,13564757361624832
737347,13566886861084417
1654851,13566887129515777
3227715,13531703294362369
3686467,13566879075469057
3735619,13564688643196672
3971,72078695329694512
67459,72060974295679792
264067,216457628757263152
11139,72078703919629072
35715,216193883405550352
271235,216457637347197712
99203,216176162371535632
328579,216457568628769552
7555,72111680611418929
11651,72076779707171632
19843,72078695262585649
36227,216191959193092912
68995,72076504830313264
265603,216473159291896624
527747,72111680611419952
13699,72076504829264689
21891,72078557823632179
38275,216191684315185969
75139,72058929824138032
140675,76562512270594864
533891,72076504829265712
1058179,76562512539026224
2106755,72058912911721264
83331,72060974228570929
279939,216457628690154289
165251,220677691756516144
296323,504685943257563952
558467,216191684315186992
1082755,220677692024947504
2131331,216174092397642544
329091,216455438257881904
14723,72111689201353489
22915,72113742195720979
39299,216226868687274769
27011,72078703852520209
43395,216191967783027472
272771,216473167881831184
534915,72111689201354512
51587,216193883338441489
100739,216191692906169104
559491,216226868687275792
29059,72078566413566739
45443,216191692905120529
53635,216193745899488019
86403,72078497695138579
283011,216475152156721939
545155,72113673476245267
287107,216457637280088849
106883,216174117899993872
172419,220677700346450704
303491,504685951847498512
565635,216191692905121552
1089923,220677700614882064
2138499,216174100987577104
115075,216176162304426769
344451,216457568561660689
20099,25499271168817
36483,72078970140492592
134787,4524700852032304
265859,72360170239296304
1052291,4524701120463664
2100867,21101493158704
22147,25361832215347
38531,72078695262585649
71299,20972376687409
530051,56148157794097
50819,72065501123052337
83587,7778237154097
165507,76564702703915824
558723,72078695262586672
1083011,76564702972347184
2131587,72061103345042224
198275,4506979818017584
329347,72342449205281584
591491,20972376688432
1115779,4506980086448944
2164355,3380459143984
1181315,13514170750210864
3147395,4506972032402224
23171,60546204304147
39555,72113879634674449
72323,56156748776209
27267,25507861103377
43651,72078978730427152
76419,21126995510032
141955,4524709441966864
273027,72360178829230864
1059459,4524709710398224
2108035,21110083093264
100995,72078703853568784
297603,216475358315152144
559747,72113879634675472
592515,56156748777232
29315,25370422149907
45699,72078703852520209
537219,56156747728657
86659,25301703721747
545411,60477484828435
594563,56088029300497
57987,72065509712986897
107139,72061128847393552
172675,76564711293850384
565891,72078703852521232
1090179,76564711562281744
2138755,72061111934976784
1188483,13514179340145424
3154563,4506980622336784
361091,216457637281137424
1245827,13514110621717264
3211907,4506911903908624
3277443,13514102567670544
15491,54370007778097
72835,54095130919729
27779,21384658944817
44163,72077329429431088
535683,54370007779120
85123,21109782086449
543875,56285563193137
593027,54095130920752
537731,54095129872177
54403,72078695229031219
87171,20972343132979
545923,56148124239667
58499,72061386510828337
91267,3534775911217
156803,4507117222368049
287875,72342586609632049
550019,21109781038897
1074307,4507117490799409
2122883,3517863494449
304259,216455850540139312
1188995,13512117722288944
3155075,4504919004480304
115843,72061111633969969
312451,216457766095553329
361603,216455575663280944
55427,72113879601120019
88195,56156715221779
551043,56294153127697
61571,72078703818965779
553091,56156714174227
610435,56087995746067
319619,216457774685487889
7939,72113879634674449
12035,72078978730427152
36611,216194158216348432
69379,72078703853568784
265987,216475358315152144
528131,72113879634675472
14083,72078703852520209
38659,216193883338441489
26371,72065509712986897
75523,72061128847393552
141059,76564711293850384
534275,72078703852521232
1058563,76564711562281744
2107139,72061111934976784
50947,216180689198908177
165635,220679890779771664
296707,504688142280819472
558851,216193883338442512
1083139,220679891048203024
2131715,216176291420898064
329475,216457637281137424
23299,72118140242232067
72451,72113750786704129
269059,216510405248287489
27395,72083101899031297
76547,72078721033437952
142083,76582303479894784
1059587,76582303748326144
2108163,72078704121021184
51971,216198281384952577
166659,220697482965816064
297731,504705734466863872
1084163,220697483234247424
2132739,216193883606942464
330499,216475229467181824
592643,72113750786705152
789251,216510405248288512
29443,72082964460077827
275203,216475229466133249
537347,72113750785656577
54019,216198143945999107
86787,72082895741649667
283395,216479550203233027
545539,72118071522756355
103171,216193754490471169
561923,216228930271577857
332547,216475160747705089
594691,72113682067228417
791299,216510336528811777
287491,216462035326599937
336643,216457654461006592
402179,220961236907463424
1188611,85571773378073344
795395,216475229466134272
1319683,220961237175894784
2368259,216457637548589824
3154691,76564574660264704
115459,216180560350937857
344835,216461966608171777
230147,220679761931801344
361219,504688013432849152
623363,216193754490472192
1147651,220679762200232704
2196227,216176162572927744
1213187,229686952863994624
3179267,220679754146185984
459523,220961168189035264
1245955,85571704659645184
852739,216475160747706112
1377027,220961168457466624
2425603,216457568830161664
3212035,76564505941836544
1442563,229968359121228544
3277571,85571696605598464
3408643,220961160403419904
23811,72113879601120019
44291,216192517505286928
29955,72078703818965779
54531,216193883304887059
58627,216176574586684177
288003,216457774685487889
115971,216176299709825809
47363,216227152121561857
276739,216508352220365569
88323,72113750753149699
284931,216510405214733059
104707,216226877244703489
59651,216194166772728577
289027,216475366871532289
551171,72113888191055617
567555,216227152121562880
796931,216508352220366592
116995,216193891895870209
575747,216229067676976897
624899,216226877244704512
291075,216475229432578819
553219,72113750752102147
569603,216226877243655937
119043,216193754456916739
577795,216228930238023427
348419,216475160714150659
610563,72113682033673987
807171,216510336495257347
123139,216176316889694977
188675,220679899336151809
319747,504688150837199617
581891,216193891894822657
1106179,220679899604583169
2154755,216176299977278209
1220867,229684899836072704
3186947,220677701118264064
15875,56569031033617
24067,60683609703187
73219,56294154175249
44547,72079528452686608
536067,56569031034640
593411,56294154176272
30211,25507827548947
538115,56294153127697
304643,216458049563394832
1189379,13514316745544464
3155459,4507118027735824
361987,216457774686536464
47619,72114163068961537
80387,56311334044417
145923,4559893780501249
276995,72395363167765249
539139,126662897305345
1063427,4559894048932609
2112003,56294421627649
55811,72118277647631107
88579,60554761732867
104963,72113888192103169
301571,216510542653686529
551427,60692199638785
305667,216475641749439232
567811,72114163068962560
600579,56311334045440
666115,4559893780502272
1190403,13531908931588864
797187,72395363167766272
1583619,4559894048933632
2632195,56294421628672
3156483,4524710213780224
363011,216475366872580864
625155,72113888192104192
821763,216510542653687552
61955,72083101865476867
553475,60554760685315
307715,216475366871532289
569859,72113888191055617
610819,60486042257155
320003,216462172731998977
369155,216457791866405632
434691,220961374312862464
1221123,85571910783472384
827907,216475366871533312
1352195,220961374581293824
2400771,216457774953988864
3187203,76564712065663744
3285507,13514179843527424
3342851,13514111125099264
48131,72112513784742673
56323,72114154462249747
154627,4559885173789459
285699,72395354561053459
547843,126654290593555
1072131,4559885442220819
2120707,56285814915859
60419,72079528435909393
551939,56569014257425
306179,216473992465220368
568323,72112513784743696
609283,56294137399057
62467,72078978680095507
95235,21126945178387
160771,4524709391635219
291843,72360178778899219
1078275,4524709660066579
2126851,21110032761619
119811,72078703803237139
316419,216475358264820499
578563,72113879584343827
611331,56156698445587
320515,216458049546617617
1205251,13514316728767249
3171331,4507118010958609
3286019,13512118242448144
377859,216457774669759249
309251,216508627081495297
1193987,13564894263644929
3160067,4557695545836289
186371,76617479211717379
579587,72184248328521475
1103875,76617479480148739
2152451,72113879852843779
219139,4559756325819139
350211,72395225713083139
612355,126525442623235
1136643,4559756594250499
2185219,56156966945539
1202179,13566947258012419
3168259,4559748540203779
366595,216508352204636929
321539,216475641732662017
583683,72114163052185345
616451,56311317268225
681987,4559893763725057
1206275,13531908914811649
813059,72395363150989057
1599491,4559894032156417
2648067,56294404851457
3172355,4524710197003009
829443,216508627081496320
1714179,13564894263645952
3287043,13529710428492544
3680259,4557695545837312
378883,216475366855803649
641027,72113888175326977
837635,216510542636910337
886787,216508352204637952
126979,72078720983106307
192515,76582303429563139
1110019,76582303697994499
2158595,72078704070689539
618499,56173878314755
684035,4559756324771587
1208323,13531771475858179
815107,72395225712035587
1601539,4559756593202947
2650115,56156965897987
3174403,4524572758049539
831491,216508352203589377
380931,216475229416850179
643075,72113750736373507
839683,216510405197956867
741379,4559687606343427
1265667,13531702757430019
872451,72395156993607427
1658883,4559687874774787
2707459,56088247469827
3231747,4524504039621379
1724419,13566878538536707
3297283,13531694703383299
3690499,4559679820728067
385027,216457791849628417
450563,220961374296085249
1236995,85571910766695169
843779,216475366854756097
1368067,220961374564516609
2416643,216457774937211649
3203075,76564712048886529
3301379,13514179826750209
1482755,229966374796006144
3317763,85569712280376064
3448835,220959176078197504
3358723,13514111108322049
829,216176093652128512
16701,216176093585019649
65853,216173911743730432
131389,220677494189142784
2097469,216173894830330624
33341,216176162304496384
66109,72060922691130112
131645,76564505136542464
262717,216457568561730304
2097725,72060905777730304
131293,85585998041395984
2397,220729239954068224
4445,220729171234591489
524637,220729171234592512
1048925,229701186385679104
2097501,220693987131069184
131677,85587097553023744
34909,220729377359467264
133213,85621251099407104
135261,85621182379930369
163933,229701254803174144
393309,229982661060408064
655453,85621182379931392
2228317,85585998276408064
3145821,85585998813270784
925,216173894762042128
1437,216172863835673392
131485,220676394743575312
2097565,216172795384763152
3229,72075405317706544
9373,72057830311531312
132253,76561275320087344
263325,216454338745275184
2098333,72057675961275184
34973,216190593393562384
41117,216173018387387152
163997,220676463395943184
2130077,216172864037131024
393373,220957869653177104
1179805,85568406123787024
2228381,76561206869177104
2359453,216454270294364944
3145885,76561207406039824
17181,216176093651079937
131869,220677494255203072
2097949,216173894896390912
3357,216190593393562384
9501,216173018387387152
34077,504403377359229712
132381,220676463395943184
2098461,216172864037131024
6429,216225640326697729
10525,216190610573431552
35101,504420969545274112
133405,220694055581987584
526621,216225640326698752
2099485,216190456223175424
20765,216191486746759939
135453,220693986862510849
528669,216225571607222017
2101533,216190387503698689
41245,504403394539098880
74013,216172915309220608
139549,220676480575812352
2105629,216172881217000192
147741,220677494188094209
2113821,216173894829282049
164125,508906839547654912
295197,1081145467200410368
2130205,504403240188842752
196893,220676411857384192
2162973,216172812498572032
393501,509188245804888832
655645,220693986862511872
2359581,504684646446076672
2621725,216190387503699712
34333,216174100719145744
35357,216191692905190144
21021,72078497694159619
41501,216174117899014912
49693,216176162303447809
147997,76564505135493889
279069,216457568560681729
2114077,72060905776681729
164381,220677562907570944
2130461,216173963548758784
393757,220958969164804864
1180189,85569505635414784
2228765,76562306380804864
2359837,216455369805992704
3146269,76562306917667584
164893,220676600801342224
2130973,216173001442530064
38941,216225777732096769
165917,220694192987386624
559133,216225777732097792
2131997,216190593628574464
106525,216173052714619648
172061,220676617981211392
2138141,216173018622399232
1212445,229683662885565184
2261021,220676463630955264
3178525,220676464167817984
1441821,229965069142799104
2490397,220957869888189184
3407901,220957870425051904
196717,85587097505837824
65965,216173894563861264
66221,72060905511260944
9005,216176162304496384
131885,220679684622463744
2097965,216176085263651584
82221,216176093553562369
196909,220677494157685504
2162989,216173894798873344
41517,216176299709895424
98861,216176162273039104
197165,76564505105085184
328237,216457568530273024
2163245,72060905746273024
99373,216174100671959824
100397,216191692858004224
86061,72078497646973699
57389,216176299693118209
106541,216174117851828992
172077,220677700297241344
2138157,216174100938429184
114733,216176162256261889
213037,76564505088307969
344109,216457568513495809
2179117,72060905729495809
229421,220677562860385024
2195501,216173963501572864
458797,220958969117618944
1245229,85569505588228864
2293805,76562306333618944
2424877,216455369758806784
3211309,76562306870481664
3276845,85569497533199104
131533,229701177527317264
131917,229702277038945024
10573,220729377359467264
133453,229736430585328384
135501,229736361865851649
139597,229701254803174144
196941,229701186084745984
655693,229736361865852672
2228557,229701177762329344
3146061,229701178299192064
134221,85621379931648784
140365,85586204149494544
164941,229701383635415824
43085,220729652220596992
272461,221010852319400704
1058893,85621388790010624
2107469,76614189535400704
100429,220729377343738624
1083469,229736568275931904
2132045,220729369021321984
198733,85621251083678464
395341,230017905545261824
2230349,85621242761261824
3147853,85621243298124544
45133,220729377342690049
143437,85621251082629889
151629,85622273284846339
168013,229736430568551169
200781,85621182364201729
397389,230017836825785089
2232397,85621174041785089
3149901,85621174578647809
565325,220729377342691072
1089613,229701392493777664
2138189,220694193239167744
401485,229982729763107584
663629,85621251082630912
2236493,85586066979107584
3153997,85586067515970304
229453,229701254787445504
688205,229736430568552192
2261069,229701246465028864
3178573,229701247001891584
458829,229982661044679424
720973,85621182364202752
2293837,85585998260679424
3211341,85585998797542144
917581,230017836825786112
2490445,229982652722262784
2752589,85621174041786112
3276877,103600388716049152
3407949,229982653259125504
3670093,85621174578648832
3469,216190584803627824
34189,504403368769295152
66957,216172863769613104
132493,220676454806008624
2098573,216172855447196464
10637,216190593393562384
41357,504403377359229712
139661,220676463395943184
2105741,216172864037131024
197005,220676394677515024
2163085,216172795318702864
1180045,229683585609708304
2228621,220676386355098384
3146125,220676386891961104
9869,72058912643289904
34445,216174092129211184
41613,216174100719145744
42125,216173276051870512
140429,76561412725486384
271501,216454476150674224
2106509,72057813366674224
99469,216173001175012144
165005,220676592211407664
2131085,216172992852595504
172173,220676600801342224
2138253,216173001442530064
3276941,85568398037299984
9997,216174100719145744
11021,216191692905190144
21261,216193677180080899
25357,216176162303447809
41741,504404476870857472
140045,220677562907570944
2106125,216173963548758784
82701,216176093585019649
148237,220679684621415169
2114317,216176085262603009
197389,220677494189142784
2163469,216173894830330624
1180429,229684685121336064
2229005,220677485866726144
3146509,220677486403588864
140557,220676600801342224
2106637,216173001442530064
14605,216225777732096769
141581,220694192987386624
534797,216225777732097792
2107661,216190593628574464
172301,508906976953053952
303373,1081145604605809408
2138381,504403377594241792
1188109,229683662885565184
2236685,220676463630955264
3154189,220676464167817984
1245453,229683594167137024
2294029,220676394912527104
3211533,220676395449389824
57869,216176299708846849
172557,220677700312969984
2138637,216174100954157824
3277325,85569497548927744
44045,216191417976951568
173069,220676875662471952
2139149,216173276303659792
402445,220958075761275664
1188877,85568612231885584
2237453,76561412977275664
2368525,216454476402463504
3154957,76561413514138384
230413,220676600785613584
2196493,216173001426801424
1213453,229683791717806864
2262029,220676592463196944
3179533,220676593000059664
3277837,85568466739999504
30733,72111689151091459
47117,216226052593226497
145421,76614189266842369
276493,216507252692030209
2111501,72110589908030209
55309,216226868637012739
104461,216225777716368129
169997,220729368752763649
2136077,216225769393951489
174093,220694467848516352
567309,216226052593227520
2140173,216190868489704192
403469,220975667947320064
665613,76614189266843392
1189901,85586204417929984
2238477,76579005163320064
796685,216507252692031232
2369549,216472068588507904
2631693,72110589908031232
3155981,76579005700182784
231437,220694192971657984
624653,216225777716369152
2197517,216190593612845824
690189,220729368752764672
1214477,229701383903851264
2263053,220694184649241344
2656269,216225769393952512
3180557,220694185186104064
3278861,85586058926043904
61453,216191692854858499
176141,220694192970609409
569357,216225777715320577
2142221,216190593611797249
3280909,85585990206567169
188429,220677700296192769
2154509,216174100937380609
237581,220676617965482752
2203661,216173018606670592
434189,509188451912987392
696333,220694192970610432
2400269,504684852554175232
2662413,216190593611798272
1449997,229965137845498624
2498573,220957938590888704
3416077,220957939127751424
3293197,85569497532150529
1277965,229683662869836544
2326541,220676463615226624
3244045,220676464152089344
1507341,229965069127070464
2555917,220957869872460544
3473421,220957870409323264
3801101,85585990206568192
131701,13531702539399424
524917,4559687656739584
655477,13564687854678784
526901,56156748845824
528949,56088029369089
74293,3431732416768
197173,4506928280580352
590389,20920839246592
2163253,3328921768192
655925,4524503284658944
1180213,13514110621790464
2228789,4506911367180544
2622005,20903925846784
3146293,4506911904043264
544821,56087995814659
3276853,13511912101982464
3285,4556595279237424
132309,13528472722944304
525525,4556457840284464
133333,13563657095033104
135381,13563588375556369
2228437,13528404272034064
1573077,13563588643984144
2621653,4556389389374224
3145941,13528404808896784
35157,220729377393021184
133461,85621251132961024
135509,85621182413484289
164181,229701254836728064
557397,220729239954068224
393557,229982661093961984
2228565,85585998309961984
786773,221010646211302144
1573205,85621182681912064
2621781,76613983427302144
3146069,85585998846824704
133717,13564756606660864
21077,4559687655690499
135765,13564687887184129
148053,13531702538350849
541269,4559687655691009
2228821,13529503783661824
1573461,13564688155611904
2622037,4557488901001984
3146325,13529504320524544
134229,13563794500432144
656469,13563657061479184
141397,13563811680301312
165973,85621388538360064
657493,13634025805656832
2230357,13563657330045184
3147861,13563657866907904
151637,13564687853629699
659541,13633957086180097
2232405,13563588610568449
3149909,13563589147431169
663637,13563674241348352
671829,13564687853630209
688213,85621251099407104
720981,13563605522920192
917589,85902657356641024
1704021,31577987119919872
3276885,31542803284832512
34197,216173001274626352
7317,52995651866929
134293,4521410907156784
2100373,17811548344624
529557,52858212913969
74901,270634389808
140437,4503835900981552
533653,17828459647792
2106517,236542169392
165013,76561412759040304
296085,216454476184228144
558229,72075405317706544
2131093,72057813400228144
656533,4521273468203824
1180821,13510880805335344
2229397,4503681550725424
2622613,17674109391664
3146901,4503682087588144
534677,53012831736592
559253,72110589689795344
657557,4556457840292624
2623637,52858481480464
544917,53889005064979
659605,4556389120815889
2625685,52789762003729
1704085,13528404271903504
2752661,4521205017293584
3670165,4521205554156304
527637,72110589689795344
165141,220676600834896144
558357,216190593393562384
2131221,216173001476083984
39189,216225777765650689
534805,72110606869664512
166165,220694193020940544
2132245,216190593662128384
657685,76614051878220544
788757,216507115303408384
2623765,72110452519408384
545045,72111483042992899
561429,216225640326697729
659733,76613983158743809
790805,216507046583931649
2625813,72110383799931649
106773,216173052748173568
172309,220676618014765312
565525,216190610573431552
2138389,216173018655953152
688405,220694055581987584
1212693,229683662919119104
2261269,220676463664509184
2654485,216190456223175424
3178773,220676464201371904
917781,220975461839221504
1442069,229965069176353024
2490645,220957869921743104
1704213,85585998309831424
2752789,76578799055221504
2883861,216471862480409344
3408149,220957870458605824
3670293,76578799592084224
527893,54095163495184
23061,56156747796739
535061,54112343364352
543253,56156747797249
559637,72111689201423104
657941,4557557351920384
2624021,53957993108224
152085,4524503283609859
2118165,20903924797699
659989,4557488632443649
2626069,53889273631489
672277,4524503283610369
1196565,13514110620741889
2245141,4506911366131969
2638357,20903924798209
3162645,4506911902994689
1704469,13529503783531264
2753045,4522304528921344
3670549,4522305065784064
658453,4556595245691664
2624533,52995886879504
3277845,13510881308782864
600085,53047158969088
665621,4556612425560832
2631701,53013066748672
690197,76614189283619584
821269,216507252708807424
2656277,72110589924807424
1706005,13563657329914624
2754581,4556458075304704
3278869,13528473494827264
3672085,4556458612167424
675861,4557488598889219
2641941,53889240077059
1708053,13563588610437889
2756629,4556389355827969
3280917,13528404775350529
3674133,4556389892690689
3285013,13510898488652032
3293205,13511912100933889
3309589,85568475346710784
3342357,13510829770223872
3538965,85849881603944704
197221,13531702507942144
590437,4559687625282304
655973,13566878287999744
141413,13564893996331264
198757,13564756559474944
86117,4559687608504579
151653,13566878271222019
200805,13564687839998209
663653,13564756557378304
213093,13531702491164929
606309,4559687608505089
671845,13566878271222529
2293861,13529503736475904
1638501,13564688108425984
2687077,4557488853816064
3211365,13529504273338624
2752613,13564679516533504
3670117,13564680053396224
9893,3517629665584
67237,3380192809264
197285,4506911100711184
590501,20903659377424
2163365,3311741899024
41765,216176299743449344
99109,216176162306593024
197413,76564505138639104
328485,216457568563826944
590629,72078497697305344
2163493,72060905779826944
535077,56294154244864
592421,56156717388544
594469,56087997911809
721445,4524503253201664
1245733,13514110590333184
2294309,4506911335723264
2687525,20903894389504
3211813,4506911872585984
3277349,13514102535303424
592933,54095116309264
30757,56294137467139
88101,56156700610819
550949,56294137467649
600101,54112296178432
665637,4557694741590784
2631717,54095382778624
608293,56156700611329
624677,72111689154237184
722981,4557557304734464
2689061,53957945922304
552997,56156698514179
217125,4524503236423939
2183205,20903877611779
675877,4559679016481539
2641957,56079657669379
725029,4557488585257729
2691109,53889226445569
3285029,13511980804681984
737317,4524503236424449
1261605,13514110573555969
2310181,4506911318946049
2703397,20903877612289
3227685,4506911855808769
3293221,13514102518526209
1769509,13529503736345344
2818085,4522304481735424
3735589,4522305018598144
3801125,13529495681315584
655813,85621173823550224
656069,13564679297250064
134341,13563785910497584
140485,13528610128343344
533701,4556595245683504
656581,13563648471544624
141509,13563794500432144
663749,13563657061479184
721093,13563588343051024
2752709,13563580020634384
3670213,13563580557497104
656197,85622273335177984
141637,85621388538360064
166213,229736568024281344
172357,229701392242127104
565573,220729377359467264
663877,85621251099407104
688453,229736430585328384
721221,85621182380978944
917829,230017836842562304
2752837,85621174058562304
3670341,85621174595425024
141893,13564894012059904
152133,13566878286950659
664133,13564756573106944
672325,13566878286951169
721477,13564687854678784
2753093,13564679532262144
3670597,13564680069124864
142405,13564069361561872
199749,13563794484703504
658501,13634154637898512
2231365,13563786162286864
3148869,13563786699149584
144453,13563794483654929
2237509,13528610380132624
1582149,13563794752082704
2630725,4556595497472784
3155013,13528610916995344
689221,85621379931648784
721989,13563657045750544
2753605,13563648723333904
3671109,13563649260196624
145477,13634163227832577
538693,4767701461439233
661573,13774754687300353
157765,13564893995282689
174149,85621663399489792
206917,13563811664572672
403525,85902863498293504
1189957,31578193261572352
1583173,13634163496260352
2631749,4626964241650432
231493,85621388522631424
428101,230018042984214784
690245,85691748675826432
2263109,85621380200214784
3180613,85621380737077504
723013,13634025789928192
2295877,13563657314316544
3213381,13563657851179264
2754629,13634017467511552
3278917,31578047769686272
3672133,13634018004374272
159813,13564756556329219
176197,85621388521582849
667717,13634025788879617
2240581,13563657313267969
3158085,13563657850130689
217157,13564687837901059
675909,13635047991096067
2248773,13564679515484419
3166277,13564680052347139
725061,13633957070451457
2297925,13563588594839809
3215429,13563589131702529
2756677,13633948748034817
3280965,31577979050209537
3674181,13633949284897537
680005,13564756556329729
434245,229982867202060544
2269253,85586204418060544
827461,221010852319400704
1613893,85621388790010624
2662469,76614189535400704
3186757,85586204954923264
729157,13563674225619712
925765,85902726059340544
1712197,31578055822619392
3285061,31542871987532032
737349,13564687837901569
2768965,13564679515484929
3686469,13564680052347649
753733,85621251083678464
950341,230017905545261824
2785349,85621242761261824
3702853,85621243298124544
983109,85902657340912384
1769541,31577987104191232
3342405,31542803269103872
3014725,85902649018495744
3932229,85902649555358464
527749,72110581099860784
42373,216173276085424432
140677,76561412759040304
271749,216454476184228144
533893,72075405317706544
2106757,72057813400228144
99717,216173001208566064
165253,220676592244961584
558469,216190584803627824
2131333,216172992886149424
534917,72110589689795344
559493,216225769175716624
172421,220676600834896144
565637,216190593393562384
2138501,216173001476083984
3277189,85568398070853904
528005,54086573560624
26245,3517628617009
140933,4504918232740144
534149,18910791406384
2107013,1318873927984
535173,54095163495184
545413,56079438385939
3277445,13511903544553744
535685,53270496219952
593029,52995619361584
658565,4556586655757104
2624645,52987296944944
537733,52995618313009
664709,4521410873602864
1188997,13511018210734384
2237573,4503818956124464
2630789,17811514790704
3155077,4503819492987184
3277957,13510872718848304
665733,4556595245691664
2631813,52995886879504
3285125,13510881308782864
3342469,13510812590354704
3801221,13528396185416464
535301,72111689201423104
559877,216226868687344384
545541,72113673476313859
58117,216176299742400769
172805,220677700346523904
566021,216191692905190144
2138885,216174100987711744
3277573,85569497582481664
567557,216226052610003712
665861,76614189283619584
796933,216507252708807424
2631941,72110589924807424
624901,216225777733145344
690437,220729368769540864
2656517,216225769410728704
569605,216225777732096769
696581,220694192987386624
1220869,229683800324518144
2269445,220676601069908224
2662661,216190593628574464
3186949,220676601606770944
3285253,85568475346710784
3309829,229683654832632064
3342597,85568406628282624
3539205,229965061089865984
3801349,85585990223344384
31237,56294153195779
551429,56294153196289
666117,4557694757319424
2632197,54095398507264
553477,56156714242819
610821,56087995814659
676357,4559679032210179
2642437,56079673398019
3285509,13511980820410624
3293701,13514102534254849
3342853,13511912101982464
3801605,13529495697044224
568325,72111414273184528
666629,4556870106821392
2632709,53270748009232
723973,4556595229963024
2690053,52995871150864
1707013,13563786162156304
2755589,4556586907546384
3279877,13528602327068944
3673093,4556587444409104
553989,54095113163539
668677,4556595228914449
2634757,52995870102289
1713157,13528610380002064
2761733,4521411125392144
3679237,4521411662254864
3310597,85568604178952464
3343365,13510881293054224
3802117,13528464888115984
161797,4557694740541699
555013,124463857341187
2127877,54095381729539
669701,4626963973092097
1193989,13563794752090369
2242565,4556595497480449
2635781,123364614279937
3160069,4556596034343169
3282949,13563649260204289
681989,4557694740542209
2648069,54095381730049
698373,76614464144749312
829445,216507527569937152
2664453,72110864785937152
731141,4556612409832192
2697221,53013051020032
927749,76895664243553024
2893829,72392064884740864
755717,76614189267890944
886789,216507252693078784
2721797,72110589909078784
952325,221010843729474304
1738757,85621380200084224
2787333,76614180945474304
3311621,85586196364996864
2918405,216507244370662144
3704837,76614181482337024
1771525,13563657314185984
2820101,4556458059576064
3344389,13528473479098624
3737605,4556458596438784
585733,72111689151091459
684037,4557557301588739
2650117,53957942776579
700421,76614189266842369
831493,216507252692030209
2666501,72110589908030209
1716229,13563657313137409
2764805,4556458058527489
3289093,13528473478050049
3682309,4556458595390209
741381,4557488583160579
2707461,53889224348419
1724421,13564679515353859
2772997,4557480260743939
3297285,13529495680266499
3690501,4557480797606659
1773573,13563588594709249
2822149,4556389340099329
3346437,13528404759621889
3739653,4556389876962049
3301381,13511980803633409
958469,220975667947320064
1482757,229965275284451584
2531333,220958076029841664
1744901,85586204417929984
2793477,76579005163320064
2924549,216472068588507904
3448837,220958076566704384
3710981,76579005700182784
3350533,13510898472923392
3547141,85849950306644224
3358725,13511912085205249
3817477,13529495680267009
3375109,85568475330982144
3571717,229965129792565504
3833861,85586058926043904
3604485,85849881588216064
4063237,85867465183277824
889,220697285465473792
2425,220730339466674944
4473,220730270747198209
16761,220697285398364929
65913,220695103557075712
131449,229702285629854464
524665,220730270747199232
1048953,229702285898285824
2681,76617350414074624
4729,76617281694597889
33401,220697354117841664
66169,76582114504475392
131705,85589296577254144
262777,220978760375075584
524921,76617281694598912
1049209,85589296845685504
34937,220730476872073984
20601,76617281661043459
1465,216173963348280112
16825,216176093652058897
65977,216173911810769680
1721,72060974295679792
33465,216176162371535632
66233,72060922758169360
262841,216457568628769552
3257,72076504830313264
9401,72058929824138032
17593,72060974228570929
66745,72058792387281712
263353,216455438257881904
35001,216191692906169104
20665,72078497695138579
41145,216174117899993872
73913,72058826747020048
49337,216176162304426769
82105,72060922691060497
278713,216457568561660689
98489,216173980463137552
327865,216455386720371472
1849,216176162371535632
2873,216193754557580032
4921,216193685838103297
9017,216176179551404800
17209,216180491698569985
33593,504406538523247360
131897,220679693279433472
262969,504687944780481280
525113,216193685838104320
1049401,220679693547864832
2097977,216176093920559872
3385,216191692906169104
9529,216174117899993872
17721,216176162304426769
34105,504404476871836432
66873,216173980463137552
6457,216226739839304449
10553,216191710086038272
18745,216193754490471169
35129,504422069057880832
67897,216191572649181952
526649,216226739839305472
69945,216191503929705217
528697,216226671119828737
24889,216176179484295937
41273,504404494051705600
49465,504406538456138497
147769,220679693212324609
278841,504687944713372417
540985,216193685770995457
1065273,220679693480755969
2113849,216176093853451009
98617,504404356614849280
295225,1081146566713017088
196921,220677511371035392
327993,504685762872083200
590137,216191503929706240
1114425,220677511639466752
2163001,216173912012161792
1179961,229684693712245504
3146041,220677494994436864
3641,72078703853568784
9785,72061128847393552
67129,72060991410537232
263737,216457637281137424
6713,72113750786704129
10809,72078721033437952
68153,72078583596581632
264761,216475229467181824
526905,72113750786705152
21049,72082895741649667
37433,216193754490471169
70201,72078514877104897
266809,216475160747705089
528953,72113682067228417
270905,216457654461006592
49721,216180560350937857
82489,72065320737571585
279097,216461966608171777
164409,220679761931801344
295481,504688013432849152
557625,216193754490472192
1081913,220679762200232704
2130489,216176162572927744
197177,76564522318435072
590393,72078514877105920
1114681,76564522586866432
2163257,72060922959561472
393785,220961168189035264
1180217,85571704659645184
787001,216475160747706112
1311289,220961168457466624
2359865,216457568830161664
3146297,76564505941836544
74809,72058964152419088
50233,216176299709825809
99385,216174117868536592
22585,72113750753149699
38969,216226877244703489
75833,72076556338463488
51257,216193891895870209
100409,216191710054580992
559161,216226877244704512
53305,216193754456916739
86073,72078514843550467
282681,216475160714150659
544825,72113682033673987
57401,216176316889694977
90169,72061025736721153
335929,216455489766032128
114745,216176179452838657
344121,216457585710072577
985,220695086575387408
1497,220694055649018672
2521,220729240021107472
4569,220729171301630737
131545,229701186184286992
524761,220729171301631760
1049049,229701186452718352
5337,76614051878142769
9433,76579022124876592
132313,85586066760799024
263385,220975530558620464
525529,76614051878143792
1049817,85586067029230384
10457,76614206496965392
133337,85621251132887824
264409,221010714930709264
1050841,85621251401319184
20697,76615082670293779
37081,220729239953998609
135385,85621182413411089
266457,221010646211232529
1052889,85621182681842449
41177,220694210200732432
164057,229701254836654864
557273,220729239953999632
1081561,229701255105086224
393433,229982661093888784
655577,85621182413412112
786649,221010646211233552
1310937,229982661362320144
1573081,85621182681843472
3145945,85585998846690064
2905,220730339532735232
4953,220730270813258497
17241,220697285464425217
131929,229702285695914752
525145,220730270813259520
1049433,229702285964346112
5465,220729239953998609
9561,220694210200732432
34137,508924569172574992
132441,229701254836654864
525657,220729239953999632
1049945,229701255105086224
6489,220799608698176257
18777,220730339465626369
67929,220729257134916352
264537,509241091082420992
526681,220799608698177280
2099545,220729240222499584
12633,220729257133867777
37209,508959616105710337
69977,220729188415439617
266585,509241022362944257
528729,220799539978700545
2101593,220729171503022849
41305,508924586352444160
74073,220694107122565888
139609,229701272016524032
532825,220729257133868800
1057113,229701272284955392
147801,229702285628805889
541017,220730270746150657
1065305,229702285897237249
164185,517931630988366592
295257,1085666659013755648
557401,508959616105711360
1081689,517931631256797952
196953,229701203298095872
590169,220729188415440640
1114457,229701203566527232
393561,518213037245600512
1179993,247715584895095552
2228569,229701186385679104
786777,509241022362945280
1311065,518213037514031872
2621785,220729171503023872
3673,76615288828723984
34393,220695292532491024
10841,76615306008593152
19033,76617350413026049
133721,85622350644515584
264793,221011814442337024
1051225,85622350912946944
37465,220730339465626369
135769,85622281925038849
266841,221011745722860289
1053273,85622282193470209
41561,220695309712360192
49753,220697354116793089
148057,85589296576205569
279129,220978760374027009
541273,76617281693550337
1065561,85589296844636929
164441,229702354348282624
557657,220730339465627392
1081945,229702354616713984
393817,229983760605516544
655961,85622281925039872
787033,221011745722861312
1311321,229983760873947904
1573465,85622282193471232
3146329,85587098358317824
35929,220729652237304592
134233,85621388538286864
265305,221010852336108304
1051737,85621388806718224
37977,220729377359397649
164953,229701392242053904
558169,220729377359398672
1082457,229701392510485264
39001,220799746103575297
43097,220729669417173760
75865,76614240824197888
141401,85621405718156032
272473,221010869515977472
1058905,85621405986587392
51289,220730476871025409
100441,220729394540315392
297049,509241228487820032
559193,220799746103576320
2132057,220729377627898624
395353,230017914151899904
1312857,230017914420331264
3147865,85621251904701184
45145,220729394539266817
53337,220730339432071939
151641,85622281891484419
282713,221011745689305859
1069145,85622282159915779
168025,229736439175189249
1085529,229736439443620609
397401,230017845432423169
1314905,230017845700854529
3149913,85621183185224449
106585,220694244527964928
172121,229701409421923072
565337,220729394539267840
1089625,229701409690354432
688217,229736439175190272
1605721,229736439443621632
3178585,229701255608468224
917593,230017845432424192
1835097,230017845700855552
3407961,229982661865702144
3670105,85621183185225472
2969,216191555667493648
5017,216191486948016913
9113,216173980661318416
33689,504404339633160976
66457,216173911942890256
131993,220677494389347088
263065,504685745890394896
525209,216191486948017936
1049497,220677494657778448
2098073,216173895030473488
5529,216190456021648177
17817,216173963347231537
66969,216172881016521520
132505,220676463462978352
263577,504684714964026160
525721,216190456021649200
1050009,220676463731409712
2098585,216172864104104752
6553,216225640393736977
10649,216190610640470800
35225,504420969612313360
526745,216225640393738000
20889,216191486813799187
528793,216225571674261265
41369,504403394606138128
74137,216172915376259856
295321,1081145467267449616
1180057,229683594266678032
3146137,220676395548869392
3737,72076504896373552
9881,72058929890198320
18073,72060974294631217
263833,216455438323942192
35481,216191692972229392
21145,72078497761198867
41625,216174117966054160
49817,216176162370487057
279193,216457568627720977
11417,72075697375413040
19609,72076504829264689
68761,72075422498554672
134297,76579004945011504
1051801,76579005213442864
2100377,72075405586137904
13465,72075422497506097
21657,72076367390311219
267417,216471930931249969
529561,72110452250773297
25753,72058929823089457
140441,76561429938836272
533657,72075422497507120
1057945,76561430207267632
2106521,72057830579962672
279705,216455438256833329
328857,216454355926123312
394393,220957938372580144
1180825,85568474843190064
787609,216471930931250992
1311897,220957938641011504
2360473,216454339013706544
3146905,76561276125381424
14489,72110606869594897
22681,72111551762400019
268441,216507115303338769
43161,216190885451268880
75929,72075456858293008
272537,216472085550072592
534681,72110606869595920
51353,216191692905120529
100505,216190610574410512
166041,220694193020867344
297113,504702444521915152
1083545,220694193289298704
2132121,216190593661993744
788633,216507115303339792
45209,216190610573361937
53401,216191555466167059
282777,216472961723400979
544921,72111483042924307
561305,216225640326629137
790681,216507046583863057
57497,216174117898945297
172185,220676618014692112
303257,504684869515739920
565401,216190610573362960
1089689,220676618283123472
2138265,216173018655818512
336025,216454390285861648
1212569,229683662919045904
3178649,220676464201237264
1441945,229965069176279824
3276953,85568406660649744
3408025,220957870458471184
3865,216191692972229392
10009,216174117966054160
18201,216176162370487057
34585,504404476937896720
6937,216226739905364737
11033,216191710152098560
19225,216193754556531457
35609,504422069123941120
527129,216226739905365760
529177,216226671185889025
25369,216176179550356225
41753,504404494117765888
74521,216174014887887616
49945,504406538522198785
82713,216176110831928065
148249,220679693278384897
279321,504687944779432705
541465,216193685837055745
1065753,220679693546816257
2114329,216176093919511297
295705,1081146566779077376
1180441,229684693778305792
3146521,220677495060497152
11545,216190885451268880
19737,216191692905120529
36121,504421244423111440
68889,216190610574410512
134425,220694193020867344
265497,504702444521915152
1051929,220694193289298704
2100505,216190593661993744
13593,216190610573361937
21785,216191555466167059
38169,504420969545204497
529689,216225640326629137
25881,216174117898945297
42265,504403669416936208
140569,220676618014692112
271641,504684869515739920
533785,216190610573362960
1058073,220676618283123472
2106649,216173018655818512
50457,504404476870787857
99609,504403394540077840
165145,508906976986534672
558361,504420969545205520
1082649,508906977254966032
2131225,504403377627661072
1180953,229683662919045904
3147033,220676464201237264
71961,216225657507545857
137497,220729239954002689
268569,504737491455050497
530713,216296009070806785
1055001,220729240222434049
2103577,216225640595129089
26905,216191710084989697
43289,504421261602980608
141593,220694210200736512
272665,504702461701784320
1059097,220694210469167872
2107673,216190610841862912
51481,504422069056832257
543001,216226739838256897
100633,504420986726122240
166169,508924569172579072
1083673,508924569441010432
2132249,504420969813705472
592153,216225657507546880
657689,220729239954003712
1181977,229701255105090304
788761,504737491455051520
1575193,220729240222435072
2623769,216225640595130112
3148057,220694056387281664
28953,216191572646036227
45337,504420986725073665
78105,216190507495195393
536857,216225657506498305
53529,504421931617878787
86297,216191503927608067
151833,220695086374064899
282905,504703337875112707
1069337,220695086642496259
2117913,216191487015191299
299289,1081163059386385153
561433,504456016478340865
594201,216225588788070145
659737,220729171234526977
1184025,229701186385613569
790809,504737422735574785
1577241,220729171502958337
2625817,216225571875653377
3150105,220693987667804929
57625,504404494050657025
90393,216174014820778753
172313,508906994166403840
565529,504420986725074688
1089817,508906994434835200
2138393,504403394807530240
205081,220676514936525568
336153,504684766437573376
598297,216190507495196416
1122585,220676515204956928
2171161,216172915577651968
1188121,229683680098915072
3154201,220676481381106432
311577,1081146566711968513
1196313,229684693711196929
3162393,220677494993388289
360729,1081145484381258496
426265,1085649066827715328
1212697,517914039070757632
819481,1081163059386386176
1343769,1085649067096146688
2392345,1081145467468841728
3178777,508906840352948992
1245465,229683611380486912
3211545,220676412662678272
1442073,518195445327991552
1704217,229701186385614592
3408153,509188246610182912
3670297,220693987667805952
7705,72111689201353489
19993,72078703852520209
36377,216191967783027472
265753,216473167881831184
527897,72111689201354512
22041,72078566413566739
38425,216191692905120529
26137,72061128846344977
42521,216174392776852240
75289,72058964183876368
271897,216455592875655952
280089,216457637280088849
99865,216174117899993872
165401,220677700346450704
296473,504685951847498512
558617,216191692905121552
1082905,220677700614882064
2131481,216174100987577104
14873,72111706381222657
268825,216508214814966529
27161,72078721032389377
43545,216191984962896640
76313,72076556369920768
272921,216473185061700352
535065,72111706381223680
281113,216475229466133249
543257,72113750785656577
100889,216191710086038272
166425,220695292532495104
297497,504703544033542912
1083929,220695292800926464
2132505,216191693173621504
789017,216508214814967552
29209,72078583593435907
45593,216191710084989697
86553,72078514875007747
152089,76582097321464579
1069593,76582097589895939
2118169,72078497962590979
561689,216226739838256897
791065,216508146095490817
90649,72061025768178433
287257,216457654459958017
172569,220677717526319872
303641,504685969027367680
565785,216191710084990720
1090073,220677717794751232
2138649,216174118167446272
336409,216455489797489408
115225,216176179484295937
180761,220679761930752769
311833,504688013431800577
573977,216193754489423617
1098265,220679762199184129
2146841,216176162571879169
344601,216457585741529857
410137,220961168187986689
1196569,85571704658596609
803353,216475160746657537
1327641,220961168456418049
2376217,216457568829113089
3162649,76564505940787969
1212953,229684762430673664
3179033,220677563712865024
1442329,229966168687907584
3277337,85569506172277504
3408409,220958969970098944
23577,72111689167799059
39961,216226052609934097
269337,216507252708737809
44057,216191435173528336
560153,216226052609935120
789529,216507252708738832
54297,216191692871566099
562201,216225777732028177
107545,216173327592456976
336921,216454527691260688
1213465,229683800324444944
3179545,220676601606636304
30745,72111706347668227
47129,216226069789803265
79897,72110641196827393
276505,216507269888606977
284697,216508214781412099
104473,216225794912944897
170009,220729377359401729
301081,504737628860449537
563225,216296146476205825
1087513,220729377627833089
2136089,216225778000528129
108569,216190919778501376
567321,216226069789804288
337945,216472119877305088
600089,72110641196828416
796697,216507269888608000
575513,216226877243655937
624665,216225794912945920
690201,220729377359402752
1214489,229701392510489344
821273,504737628860450560
1607705,220729377627834112
2656281,216225778000529152
3180569,220694193792680704
61465,216191710051435267
110617,216190644900594433
569369,216225794911897345
577561,216226739804702467
806937,216508146061936387
122905,216174152226177793
237593,220676652341924608
368665,504684903842972416
630809,216190644900595456
1155097,220676652610355968
2203673,216173052983051008
1220633,229683817504314112
3186713,220676618786505472
3309593,229683663422427904
3538969,229965069679661824
66025,220695086377206544
66281,76582097324606224
2921,220732529899995904
4969,220732461180519169
9065,220697354117841664
131945,229704476063175424
525161,220732461180520192
1049449,229704476331606784
10601,220730476872073984
67945,220730339435217664
20841,220732461146964739
69993,220730270715740929
82281,220697285366907649
196969,229702285598397184
590185,220730270715741952
1114473,229702285866828544
10857,76617487819473664
35433,220732667305394944
68201,76617350382617344
70249,76617281663140609
41577,220697491523240704
98921,220697354086384384
197225,85589296545796864
328297,220978760343618304
590441,76617281663141632
1114729,85589296814228224
68713,76615288781538064
99433,220695292485305104
26729,76617487802696449
43113,220730751733203712
75881,76615305961407232
141417,85622488034185984
272489,221011951832007424
1058921,85622488302617344
51305,220732667288617729
84073,76617350365840129
165993,229737667520107264
1083497,229737667788538624
198761,85622350597329664
329833,221011814395151104
1116265,85622350865761024
28777,76617350363742979
45161,220730476855296769
53353,220732529849664259
151657,85624472309076739
282729,221013936106898179
1069161,85624472577508099
102505,220730339418440449
200809,85622281877852929
331881,221011745675674369
1118313,85622282146284289
57449,220697491506463489
106601,220695309665174272
172137,229702491737953024
565353,220730476855297792
1089641,229702492006384384
114793,220697354069607169
213097,85589296529019649
344169,220978760326841089
606313,76617281646364417
1130601,85589296797451009
229481,229702354301096704
622697,220730339418441472
1146985,229702354569528064
458857,229983760558330624
721001,85622281877853952
852073,221011745675675392
1376361,229983760826761984
1638505,85622282146285312
3211369,85587098311131904
1961,216176153781601072
9129,216176162371535632
3497,216191684316234544
17833,216176153714492209
34217,504404468281901872
10665,216191692906169104
68009,216191555469312784
20905,216193677181059859
70057,216191486749836049
25001,216176162304426769
41385,504404476871836432
74153,216173980463137552
98729,504404339434980112
197033,220677494191166224
328105,504685745692214032
590249,216191486749837072
1114537,220677494459597584
2163113,216173894832292624
3753,72078695263634224
263849,216457628691202864
10921,72078703853568784
35497,216193883339490064
68265,72078566416712464
70313,72078497697235729
74409,72060991410537232
271017,216457637281137424
82601,72065303557702417
197289,76564505138565904
590505,72078497697236752
1114793,76564505406997264
2163369,72060905779692304
68777,72076504798855984
25769,72061111633969969
42153,216174375564477232
74921,72058929792680752
271529,216455575663280944
50345,216176291119891249
83113,72060974197113649
328873,216455438226424624
100521,216191692874711824
86185,72078497663681299
57513,216176299709825809
106665,216174117868536592
114857,216176162272969489
344233,216457568530203409
3881,216193883339490064
34601,504406667305157392
6953,216228930272625409
35625,504424259491201792
527145,216228930272626432
13097,216193754490471169
21289,216198075227570947
529193,216228861553149697
25385,216180560350937857
140073,220679761931801344
271145,504688013432849152
533289,216193754490472192
1057577,220679762200232704
2106153,216176162572927744
295721,1081148757146338048
1180457,229686884145566464
3146537,220679685427757824
68905,216191692874711824
25897,216176299709825809
75049,216174117868536592
83241,216176162272969489
99625,504404476840379152
14633,216226877244703489
22825,216228930239070979
71977,216226739807847169
26921,216193891895870209
76073,216191710054580992
534825,216226877244704512
84265,216193754459013889
100649,504422069026423552
592169,216226739807848192
28969,216193754456916739
545065,216228861519595267
594217,216226671088371457
57641,504406675861537537
90409,216176179452838657
106793,504404494020248320
303401,1081146704118416128
114985,504406538424681217
213289,220679693180867329
344361,504687944681915137
606505,216193685739538177
1130793,220679693449298689
2179369,216176093821993729
360745,1081146566681559808
1245481,229684693680788224
3211561,220677494962979584
69161,72078703822111504
42537,216176574587732752
75305,72061128815936272
271913,216457774686536464
329257,216457637249680144
14889,72113888192103169
39465,216229067678024449
72233,72113750755246849
43561,216194166773777152
76329,72078721001980672
272937,216475366872580864
535081,72113888192104192
559657,216229067678025472
330281,216475229435724544
592425,72113750755247872
45609,216193891895870209
86569,72082895710192387
102953,216193754459013889
332329,216475160716247809
594473,72113682035771137
57897,216180697756336897
172585,220679899337200384
303657,504688150838248192
565801,216193891895871232
1090089,220679899605631744
2138665,216176299978326784
336425,216457654429549312
115241,216180560319480577
344617,216461966576714497
229929,220679761900344064
361001,504688013401391872
623145,216193754459014912
1147433,220679762168775424
2196009,216176162541470464
459305,220961168157577984
1245737,85571704628187904
852521,216475160716248832
1376809,220961168426009344
2425385,216457568798704384
3211817,76564505910379264
23593,72113879585391379
72745,72111689154167569
44073,216192517489558288
85033,72078703805334289
101417,216191967735841552
330793,216473167834645264
592937,72111689154168592
29737,72078703803237139
54313,216193883289158419
87081,72078566366380819
103465,216191692857934609
58409,216176574570955537
91177,72061128799159057
287785,216457774669759249
107561,216174392729666320
336937,216455592828470032
345129,216457637232902929
230441,220677700299264784
361513,504685951800312592
623657,216191692857935632
1147945,220677700567696144
2196521,216174100940391184
47145,216227152105833217
79913,72111706334036737
276521,216508352204636929
284713,216510405199004419
333865,216508214767780609
59433,216194166756999937
92201,72078720985203457
288809,216475366855803649
550953,72113888175326977
108585,216191984915710720
567337,216227152105834240
337961,216473185014514432
600105,72111706334037760
796713,216508352204637952
575529,216229067661248257
346153,216475229418947329
608297,72113750738470657
231465,220695292485309184
362537,504703543986356992
1148969,220695292753740544
2197545,216191693126435584
854057,216508214767781632
94249,72078583546249987
290857,216475229416850179
553001,72113750736373507
110633,216191710037803777
569385,216226877227927297
577577,216228930222294787
217129,76582097274278659
1134633,76582097542710019
2183209,72078497915405059
806953,216510336479528707
626729,216226739791070977
856105,216508146048304897
188457,220679899320423169
319529,504688150821470977
581673,216193891879094017
1105961,220679899588854529
2154537,216176299961549569
352297,216457654412772097
237609,220677717479133952
368681,504685968980181760
630825,216191710037804800
1155113,220677717747565312
2203689,216174118120260352
1220649,229684899820344064
3186729,220677701102535424
245801,220679761883566849
376873,504688013384614657
639017,216193754442237697
1163305,220679762151998209
2211881,216176162524693249
475177,220961168140800769
1261609,85571704611410689
868393,216475160699471617
1392681,220961168409232129
2441257,216457568781927169
3227689,76564505893602049
1277993,229684762383487744
3244073,220677563665679104
1507369,229966168640721664
3342377,85569506125091584
3473449,220958969922913024
5577,220729231364064049
34249,508924560582640432
67017,220694055582958384
132553,229701246246720304
525769,220729231364065072
1050057,229701246515151664
35273,508959744954729232
68041,220729239955047184
133577,229736430618809104
1051081,229736430887240464
12745,220729239953998609
20937,220730262156215059
70089,220729171235570449
135625,229736361899332369
1053129,229736362167763729
41417,508924569172574992
139721,229701254836654864
532937,220729239953999632
1057225,229701255105086224
197065,229701186118226704
590281,220729171235571472
1114569,229701186386658064
655817,229736361899333392
1573321,229736362167764752
3146185,229701178332611344
3785,76615280238789424
9929,76580104456635184
34505,220695283942556464
10953,76615288828723984
35529,220730468314645264
21193,76617273103614739
41673,220695292532491024
11465,76614464161448752
36041,220729643647370032
68809,76614189284590384
134345,85621379948352304
265417,221010843746173744
1051849,85621380216783664
13513,76614189283541809
38089,220729368769463089
42185,220694467865215792
140489,85586204166198064
271561,220975667964019504
533705,76614189283542832
1057993,85586204434629424
99529,220694192988357424
165065,229701383652119344
558281,220729368769464112
1082569,229701383920550704
43209,220729652237304592
141513,85621388538286864
272585,221010852336108304
1059017,85621388806718224
100553,220729377360446224
166089,229736568024208144
1083593,229736568292639504
45257,220729377359397649
172233,229701392242053904
565449,220729377359398672
1089737,229701392510485264
3913,220730468314645264
10057,220695292532491024
19273,220732529898947329
35657,508960844466356992
68425,220730339466674944
133961,229737530130436864
1051465,229737530398868224
13129,220730339465626369
70473,220730270747198209
136009,229737461410960129
1053513,229737461679391489
25417,220697354116793089
41801,508925668684202752
140105,229702354348282624
533321,220730339465627392
1057609,229702354616713984
82761,220697285398364929
148297,229704476062126849
541513,220732461179471617
1065801,229704476330558209
197449,229702285629854464
590665,220730270747199232
1114953,229702285898285824
656201,229737461410961152
1573705,229737461679392512
3146569,229702277844239104
11593,220729652237304592
68937,220729377360446224
134473,229736568024208144
1051977,229736568292639504
13641,220729377359397649
140617,229701392242053904
533833,220729377359398672
1058121,229701392510485264
14665,220799746103575297
26953,220730476871025409
43337,508960028389016320
76105,220729394540315392
272713,509241228487820032
534857,220799746103576320
2107721,220729377627898624
100681,508959753512157952
166217,517966944175919872
297289,1085701972201308928
1083721,517966944444351232
198985,229736439176237824
1116489,229736439444669184
3148105,229736431390622464
29001,220730339432071939
45385,508959753511109377
143689,229736439175189249
1061193,229736439443620609
86345,220730270713643779
151881,229737461377405699
1069385,229737461645837059
201033,229736370456761089
1118537,229736370725192449
3150153,229736362671145729
172361,517931768393765632
303433,1085666796419154688
565577,508959753511110400
1089865,517931768662196992
663881,229736439175190272
1581385,229736439443621632
3154249,229701255608468224
721225,229736370456762112
1638729,229736370725193472
3211593,229701186890040064
3670345,229736362671146752
27209,76617487818425089
43593,220730751748932352
141897,85622488049914624
272969,221011951847736064
1059401,85622488318345984
51785,220732667304346369
100937,220730476872073984
166473,229737667535835904
1083977,229737667804267264
29257,76617350379471619
45641,220730476871025409
53833,220732529865392899
86601,76617281661043459
152137,85624472324805379
283209,221013936122626819
1069641,85624472593236739
57929,220697491522192129
172617,229702491753681664
565833,220730476871026432
1090121,229702492022113024
142409,85621663399416592
273481,221011127197238032
1059913,85621663667847952
101449,220729652221575952
166985,229736842885337872
1084489,229736843153769232
199753,85621388522558224
330825,221010852320379664
1117257,85621388790989584
396361,230018042984141584
1313865,230018043252572944
3148873,85621380736942864
29769,76615288778392339
46153,220729652220527377
144457,85621388521509649
275529,221010852319331089
1061961,85621388789941009
54345,220730468264313619
103497,220729377343669009
169033,229736568007430929
1086537,229736568275862289
173129,229701667103183632
566345,220729652220528400
1090633,229701667371614992
402505,229982867201987344
664649,85621388521510672
795721,221010852319332112
1320009,229982867470418704
1582153,85621388789942032
3155017,85586204954788624
230473,229701392226325264
623689,220729377343670032
1147977,229701392494756624
689225,229736568007431952
1606729,229736568275863312
3179593,229701384440709904
30793,76685657522569987
47177,220800020964705025
145481,85691757265687297
276553,221081221063508737
538697,76825295499298561
1062985,85691757534118657
55369,220800837008491267
104521,220799746087846657
170057,229806936751608577
563273,220940474985219841
1087561,229806937020039937
59465,220730751732155137
157769,85622488033137409
288841,221011951830958849
1075273,85622488301568769
108617,220729669401445120
305225,509241503348949760
567369,220800020964706048
2140233,220729652489028352
206921,85621405702427392
337993,221010869500248832
1124425,85621405970858752
665673,85691757265688320
1189961,103635787299427072
2238537,85621388790010624
796745,221081221063509760
2369609,221010852587832064
1583177,85691757534119680
116809,220730476855296769
182345,229737667519058689
1099849,229737667787490049
362569,509241228472091392
624713,220799746087847680
2197577,220729377612169984
428105,518248419135853312
690249,229806936751609600
1214537,247750966785348352
2263113,229736568275931904
1345609,518248419404284672
1607753,229806937020040960
460873,230017914136171264
1378377,230017914404602624
3213385,85621251888972544
3409993,230017906350555904
159817,85622350594183939
290889,221011814392005379
1077321,85622350862615299
110665,220729394523538177
307273,509241228471042817
569417,220799746086799105
2142281,220729377611121409
405577,230017914135122689
1323081,230017914403554049
3158089,85621251887923969
118857,220730339416343299
184393,229737530080105219
1101897,229737530348536579
217161,85622281875755779
348233,221011745673577219
1134665,85622282144187139
413769,230018936337339139
1331273,230018936605770499
3166281,85622274090140419
233545,229736439159460609
1151049,229736439427891969
3182665,229736431373845249
462921,230017845416694529
1380425,230017845685125889
3215433,85621183169495809
3412041,230017837631079169
188489,229702491736904449
581705,220730476854249217
1105993,229702492005335809
237641,229701409406194432
630857,220729394523539200
1155145,229701409674625792
434249,518213243353699072
1220681,247715791003194112
2269257,229701392493777664
827465,509241228471043840
1351753,518213243622130432
2662473,220729377611122432
925769,230017914135123712
1843273,230017914403555072
3416137,229982730568401664
3678281,85621251887924992
753737,229736439159461632
1671241,229736439427892992
3244105,229701255592739584
3702857,229736431373846272
983113,230017845416695552
1900617,230017845685126912
3473481,229982661849973504
3735625,85621183169496832
3932233,230017837631080192
3977,216191684382294832
18313,216176153780552497
34697,504404468347962160
67465,216173963348280112
11145,216191692972229392
21385,216193677247120147
25481,216176162370487057
41865,504404476937896720
82825,216176093652058897
19849,216191684315185969
36233,504421235833176880
134537,220694184430932784
265609,504702435931980592
1052041,220694184699364144
2100617,216190585072059184
21897,216191546876232499
38281,504420960955269937
71049,216190455955587889
529801,216225631736694577
50569,504404468280853297
83337,216173963281171249
165257,508906968396600112
558473,504420960955270960
1082761,508906968665031472
2131337,504403369037726512
198025,220676463396918064
329097,504684714897965872
591241,216190455955588912
1115529,220676463665349424
2164105,216172864038044464
1181065,229683654329111344
3147145,220676455611302704
22921,216226731248321299
39305,504456145327358737
72073,216225640327676689
27017,216191692905120529
43401,504421244423111440
76169,216190610574410512
141705,220694193020867344
272777,504702444521915152
1059209,220694193289298704
2107785,216190593661993744
100745,504420969546253072
297353,1081163188235404048
559497,504456145327359760
592265,216225640327677712
29065,216191555466167059
45449,504420969545204497
536969,216225640326629137
86409,216191486747738899
545161,216226662528845587
594313,216225571608200977
57737,504404476870787857
106889,504403394540077840
172425,508906976986534672
565641,504420969545205520
1089929,508906977254966032
2138505,504403377627661072
1188233,229683662919045904
3154313,220676464201237264
360841,1081145467201389328
1245577,229683594200617744
3211657,220676395482809104
3277193,229683586146571024
7817,72111680611418929
11913,72076779707171632
20105,72078695262585649
36489,216191959193092912
69257,72076504830313264
265865,216473159291896624
528009,72111680611419952
13961,72076504829264689
22153,72078557823632179
38537,216191684315185969
75401,72058929824138032
140937,76562512270594864
534153,72076504829265712
1058441,76562512539026224
2107017,72058912911721264
83593,72060974228570929
280201,216457628690154289
165513,220677691756516144
296585,504685943257563952
558729,216191684315186992
1083017,220677692024947504
2131593,216174092397642544
329353,216455438257881904
14985,72111689201353489
23177,72113742195720979
39561,216226868687274769
27273,72078703852520209
43657,216191967783027472
273033,216473167881831184
535177,72111689201354512
51849,216193883338441489
101001,216191692906169104
559753,216226868687275792
29321,72078566413566739
45705,216191692905120529
53897,216193745899488019
86665,72078497695138579
283273,216475152156721939
545417,72113673476245267
287369,216457637280088849
107145,216174117899993872
172681,220677700346450704
303753,504685951847498512
565897,216191692905121552
1090185,220677700614882064
2138761,216174100987577104
115337,216176162304426769
344713,216457568561660689
15497,72110864534078257
23689,72111680577864499
40073,216226044019999537
72841,72110589657219889
269449,216507244118803249
273545,216472343214555952
535689,72110864534079280
101513,216190868238893872
560265,216226044020000560
330889,216472068337697584
593033,72110589657220912
789641,216507244118804272
29833,72076504795710259
46217,216190868237845297
275593,216472068336649009
537737,72110589656172337
54409,216191684281631539
103561,216190593360986929
562313,216225769142093617
58505,216174375563428657
287881,216455575662232369
107657,216173293232718640
173193,220676875679175472
304265,504685127180223280
566409,216190868237846320
1090697,220676875947606832
2139273,216173276320301872
337033,216454493331522352
402569,220958075777979184
1189001,85568612248589104
795785,216472068336650032
1320073,220958076046410544
2368649,216454476419105584
3155081,76561413530780464
115849,216174100686570289
230537,220676600802317104
361609,504684852303364912
623753,216190593360987952
1148041,220676601070748464
2196617,216173001443443504
1213577,229683791734510384
3179657,220676593016701744
30857,72111689167799059
47241,216226052609934097
276617,216507252708737809
55433,216226868653720339
104585,216225777733075729
567433,216226052609935120
796809,216507252708738832
624777,216225777733076752
61577,216191692871566099
569481,216225777732028177
1220745,229683800324444944
3186825,220676601606636304
7945,216226868687274769
12041,216191967783027472
20233,216193883338441489
69385,216191692906169104
528137,216226868687275792
14089,216191692905120529
22281,216193745899488019
42761,504404751748694800
75529,216174117899993872
141065,220677700346450704
272137,504685951847498512
534281,216191692905121552
1058569,220677700614882064
2107145,216174100987577104
50953,504406667304108817
83721,216176162304426769
100105,504404476871836432
296713,1081146695560987408
39689,504457244838986497
72457,216226739839304449
43785,504422343934739200
76553,216191710086038272
142089,220695292532495104
273161,504703544033542912
1059593,220695292800926464
2108169,216191693173621504
51977,504424259490153217
84745,216193754490471169
543497,216228930271577857
101129,504422069057880832
297737,1081164287747031808
559881,504457244838987520
592649,216226739839305472
45833,504422069056832257
537353,216226739838256897
54025,504424122051199747
152329,220697276807385859
283401,504705528308433667
1069833,220697277075817219
2118409,216193677448512259
594697,216226671119828737
90889,216176179484295937
156425,220679761930752769
287497,504688013431800577
549641,216193754489423617
1073929,220679762199184129
2122505,216176162571879169
107273,504404494051705600
172809,508908076498162432
566025,504422069056833280
1090313,508908076766593792
2138889,504404477139288832
1188617,229684762430673664
3154697,220677563712865024
115465,504406538456138497
312073,1081148757145289473
213769,220679693212324609
344841,504687944713372417
606985,216193685770995457
1131273,220679693480755969
2179849,216176093853451009
1196809,229686884144517889
3162889,220679685426709249
361225,1081146566713017088
1245961,229684693712245504
3212041,220677494994436864
3277577,229684685658198784
15625,216226052609934097
23817,216226868653720339
72969,216225777733075729
44297,504421794145370896
535817,216226052609935120
593161,216225777733076752
29961,216191692871566099
537865,216225777732028177
304393,1081145879483646736
1189129,229683800324444944
3155209,220676601606636304
361737,1081145604606788368
47369,504456428761645825
80137,216225794912944897
145673,220729377359401729
276745,504737628860449537
538889,216296146476205825
1063177,220729377627833089
2111753,216225778000528129
55561,504457244805432067
88329,216226739805750019
104713,504456153884787457
301321,1081198372573938433
551177,216226877243655937
305417,1081163471669691136
567561,504456428761646848
600329,216225794912945920
665865,220729377359402752
1190153,229701392510489344
796937,504737628860450560
1583369,220729377627834112
2631945,216225778000529152
3156233,220694193792680704
362761,1081163196792832768
624905,504456153884788480
821513,1081198372573939456
61705,504422069023277827
553225,216226739804702467
307465,1081163196791784193
569609,504456153883739905
610569,216226671086274307
319753,1081146704117367553
368905,1081145621786657536
434441,1085649204233114368
1220873,517914176476156672
827657,1081163196791785216
1351945,1085649204501545728
2400521,1081145604874240768
3186953,508906977758348032
3285257,229683663422427904
3342601,229683594703999744
24073,72113879601120019
44553,216192517505286928
30217,72078703818965779
54793,216193883304887059
58889,216176574586684177
288265,216457774685487889
116233,216176299709825809
47625,216227152121561857
277001,216508352220365569
88585,72113750753149699
285193,216510405214733059
104969,216226877244703489
59913,216194166772728577
289289,216475366871532289
551433,72113888191055617
567817,216227152121562880
797193,216508352220366592
117257,216193891895870209
576009,216229067676976897
625161,216226877244704512
291337,216475229432578819
553481,72113750752102147
569865,216226877243655937
119305,216193754456916739
578057,216228930238023427
348681,216475160714150659
610825,72113682033673987
807433,216510336495257347
123401,216176316889694977
188937,220679899336151809
320009,504688150837199617
582153,216193891894822657
1106441,220679899604583169
2155017,216176299977278209
1221129,229684899836072704
3187209,220677701118264064
31753,72111964028928787
277513,216507527569867537
56329,216227143514850067
89097,72111689152070419
285705,216508343613653779
105481,216226052594205457
334857,216507252693009169
60425,216192517488509713
109577,216191435157799696
175113,220695017604256528
306185,504703269105304336
1092617,220695017872687888
2141193,216191418245382928
797705,216507527569868560
625673,216226052594206480
855049,216507252693010192
62473,216191967732695827
291849,216473167831499539
553993,72111689151022867
570377,216226052593157905
799753,216507252691961617
119817,216191692855837459
578569,216226868636944147
627721,216225777716299537
1221641,229684075185574672
3187721,220676876467766032
1451017,229965275284378384
3286025,85568612768748304
3417097,220958076566569744
1278985,229683800308716304
3245065,220676601590907664
3310601,229683792254669584
96265,72111706331939587
161801,76615288778396419
555017,72182057895200515
1079305,76615289046827779
2127881,72111689419522819
112649,216226069774074625
178185,220729652220531457
309257,504737903721579265
571401,216296421337335553
1095689,220729652488962817
2144265,216226052861657857
342025,216507269872878337
407561,221010852319335169
1193993,85621388789945089
800777,216577621436139265
1325065,221010852587766529
2373641,216507252960461569
3160073,76614190072136449
186377,220730468264317699
317449,504738719765365507
579593,216297237381121795
1103881,220730468532749059
2152457,216226868905444099
350217,216508214765683459
235529,220729377343673089
366601,504737628844720897
628745,216296146460477185
1153033,220729377612104449
2201609,216225777984799489
1218569,229736568275866369
3184649,220729369558057729
583689,216227152104785665
813065,216508352203589377
632841,216226069774075648
698377,220729652220532480
1222665,229701667371619072
829449,504737903721580288
1615881,220729652488963840
2664457,216226052861658880
3188745,220694468653810432
862217,216507269872879360
927753,221010852319336192
1452041,229982867470422784
1714185,85621388789946112
3287049,85586204954792704
1845257,221010852587767552
2893833,216507252960462592
3418121,220975668752614144
3680265,76614190072137472
641033,216226877227927297
755721,220729377343674112
1280009,229701392494760704
886793,504737628844721920
1673225,220729377612105472
2721801,216225777984800512
3246089,220694193776952064
1738761,229736568275867392
3311625,229701384440713984
3704841,220729369558058752
126985,216191710035706627
192521,220695292482163459
323593,504703543983211267
1110025,220695292750594819
2158601,216191693123289859
815113,216508214764635907
634889,216225794896168705
700425,220729377342625537
1224713,229701392493712129
831497,504737628843673345
1617929,220729377611056897
2666505,216225777983751937
3190793,220694193775903489
643081,216226739788973827
872457,216508146046207747
1237001,229684899819295489
3203081,220677701101486849
1286153,229683817488585472
3252233,220676618770776832
1482761,518195651436090112
1744905,229701392493713152
3448841,509188452718281472
3710985,220694193775904512
3547145,229965138382361344
3375113,229683663406699264
3604489,229965069663933184
525041,4559687723778832
3313,4557694791844144
525553,4557557352891184
20721,4559687656669459
540913,4559687656669969
590065,4557505815380752
655601,13564687888159504
1573105,13564688156590864
525169,76617281761706752
35185,220730476905627904
20849,76617281694597379
541041,76617281694597889
557425,220730339466674944
590193,76615099853308672
655729,85622281926087424
786801,221011745723908864
1573233,85622282194518784
3697,4559893815099664
525937,4559756376146704
10865,4559910994968832
35441,76617487853027584
68209,4559773558112512
133745,13566955630891264
526961,4630125120324352
1051249,13566955899322624
21105,4564085703180547
70257,4559704838635777
135793,13566886911414529
529009,4630056400847617
1053297,13566887179845889
74353,4524623545762048
533105,4559773556015872
541297,4564085703181057
557681,76617350414074624
197233,13531719721292032
1114737,13531719989723392
787057,76898756671308544
2622065,4559687925170944
3146353,13531703344693504
75889,4557746299994368
86129,4559704805081347
151665,13566886877860099
544881,4630056367293187
1069169,13566887146291459
598129,4557608861041408
606321,4559704805081857
671857,13566886877860609
1589361,13566887146291969
721009,13564705036571392
1638513,13564705305002752
3670129,13564688659972864
1969,72060974429897008
33713,216176162505752848
66481,72060922892386576
263089,216457568762986768
525233,72078497896465168
34225,216174100787233072
3761,21109882749232
9905,3534876574000
34481,72061111734632752
67249,3397439717680
526001,20972443796272
527025,56156815885072
529073,56088096408337
74417,3431799456016
590513,20920906285840
7345,54095164473649
19633,21109815640369
68785,18927974351152
21681,20972376686899
529585,53957725520689
25777,3534809465137
533681,18927972254512
50353,72061111667523889
83121,3397372608817
541873,20972376687409
99505,72058929826234672
296113,216455575696834864
558257,72076504830313264
591025,18790535398192
22705,56156748775699
75953,18962334089488
534705,54112344343312
542897,56156748776209
559281,72111689202402064
592049,53974907486992
86193,20920839176467
594097,53906188010257
90289,3431732347153
106673,72058964185973008
598193,18824895136528
606385,20920839176977
34609,216176299810488592
35633,216193891996532992
527153,72113750853812992
529201,72113682134336257
41777,216176316990357760
74545,72061025837383936
99121,216176179553501440
557873,216193754557580032
328497,216457585810735360
590641,72078514944213760
787249,216475160814813952
527665,72111689202402064
75057,72058964185973008
50481,216176299743379729
99633,216174117902090512
558385,216191692906169104
22833,72113750786703619
39217,216226877278257409
76081,72076556372017408
534833,72111706382271232
51505,216193891929424129
543025,72113750786704129
100657,216191710088134912
592177,72111568945414912
788785,216508214816015104
53553,216193754490470659
86321,72078514877104387
282929,216475160747704579
561457,216226739839304449
594225,72111500225938177
790833,216508146096538369
57649,216176316923248897
90417,72061025770275073
565553,216191710086038272
336177,216455489799586048
598321,72076418933064448
114993,216176179486392577
573745,216193754490471169
344369,216457585743626497
606513,72078514877104897
803121,216475160747705089
622897,216191572649181952
852273,216472978906415872
7729,56294187729169
69169,21126997606672
529969,56156748776209
534065,21126995510032
99889,72061128849490192
296497,216457774720090384
558641,72078703853568784
591409,20989558653712
14897,56311367598337
23089,60554795286787
39473,72113888225657089
72241,56173930742017
530993,126525492953857
543281,60554795287297
100913,72078721035534592
297521,216475366906134784
657969,4559756376150784
789041,72395225763414784
1575473,4559756644582144
2624049,56157017277184
78385,21023918391553
537137,56173928645377
86577,25318885687555
561713,72113750786704129
660017,4559687656674049
791089,72395157043938049
1577521,4559687925105409
2626097,56088297800449
90673,7829778858241
303665,216457791899959552
565809,72078721033437952
205361,4507031359721728
336433,72342500746985728
1122865,4507031628153088
2171441,3432000848128
606769,25318885688065
361009,216457654463103232
623153,72078583596581632
819761,216475229467181824
721457,4524520466551552
1245745,13514127803683072
852529,72359989853815552
1638961,4524520734982912
2687537,20921107677952
3211825,4506929085874432
1704497,13531702807761664
3277361,13514111158653184
3670577,4524504089953024
23601,56294154174739
543793,56294154175249
592945,54112312886032
545841,56156715221779
91185,3569137746193
599089,18962300535568
30769,56311334043907
79921,54146672623873
55345,72113888192102659
88113,56173897187587
546865,126525459399427
92209,21161323790593
550961,56311334044417
575537,72113888192103169
608305,56173897188097
624689,72111706350813952
821297,216508352221414144
94257,21023884837123
553009,56173895090947
602161,54009233670913
577585,72113750753149699
675889,4559687623119619
806961,72395157010383619
1593393,4559687891550979
2641969,56088264246019
122929,72061163175674113
614449,21023884837633
368689,216455627204985088
630833,72076556338463488
525265,76615082871620368
3537,76614189384204592
34257,220694193087971632
525777,76614051945251632
35281,220729377460060432
557521,220729240021107472
655825,85621182480519952
786897,221010646278341392
1573329,85621182748951312
3793,4557694857904432
526033,4557557418951472
21201,4559687722729747
541393,4559687722730257
656081,13564687954219792
1573585,13564688222651152
7377,4626964023345457
11473,4556887336943920
19665,4557694790795569
36049,76614464195002672
68817,4556612460085552
265425,76895664293806384
2100433,4556595547668784
13521,4556612459036977
21713,4557557351842099
38097,76614189317095729
136401,13563657094959409
529617,4626826584392497
1053905,13563657363390769
74961,4521462447735088
140497,13528627341693232
1058001,13528627610124592
541905,4557557351842609
165073,85586204199751984
296145,220975667997573424
1082577,85586204468183344
591057,4556475021132592
787665,76895526854853424
2622673,4556458108715824
3146961,13528473528238384
530641,4767564072747793
75985,4556646819823888
141521,13563811713782032
534737,4626981203215120
1059025,13563811982213392
166097,85621388571840784
297169,221010852369662224
559313,76684558061273872
1083601,85621388840272144
657617,13634025839137552
1575121,13634026107568912
3147985,13563657900327184
151761,13564687887110419
544977,4627857376543507
1069265,13564688155541779
659665,13633957119660817
1577169,13633957388092177
3150033,13563589180850449
565457,76614206496965392
598225,4556509380870928
663761,13563674274829072
1581265,13563674543260432
671953,13564687887110929
1589457,13564688155542289
688337,85621251132887824
819409,221010714930709264
1605841,85621251401319184
721105,13563605556400912
1638609,13563605824832272
917713,85902657390121744
1704145,31577987153400592
2752721,13563588643984144
1835217,85902657658553104
35665,220730476971688192
21329,76617281760657667
541521,76617281760658177
557905,220730339532735232
656209,85622281992147712
787281,221011745789969152
1573713,85622282260579072
36177,220729652270858512
134481,85621388571840784
265553,221010852369662224
527697,76684558061273872
1051985,85621388840272144
38225,220729377392951569
533841,76614206496965392
165201,229701392275607824
1082705,229701392544039184
656721,85621251132887824
787793,221010714930709264
1574225,85621251401319184
39249,220799746137129217
530769,76825158110675713
43345,220729669450727680
76113,76614240857751808
141649,85621405751709952
272721,221010869549531392
534865,76684575241143040
1059153,85621406020141312
51537,220730476904579329
100689,220729394573869312
297297,509241228521373952
2132305,220729377661452544
395601,230017914185453824
657745,85691619877065472
788817,221081083674886912
1313105,230017914453885184
1575249,85691620145496832
3148113,85621251938255104
45393,220729394572820737
53585,220730339465625859
151889,85622281925038339
282961,221011745722859779
545105,76685451414471427
1069393,85622282193469699
168273,229736439208743169
561489,220799608698176257
1085777,229736439477174529
397649,230017845465977089
659793,85691551157588737
790865,221081014955410177
1315153,230017845734408449
1577297,85691551426020097
3150161,85621183218778369
106833,220694244561518848
172369,229701409455476992
1089873,229701409723908352
598353,76614103418798848
663889,85621268312756992
794961,221010732110578432
1581393,85621268581188352
573777,220730339465626369
672081,85622281925038849
803153,221011745722860289
1589585,85622282193470209
622929,220729257134916352
819537,509241091082420992
2654545,220729240222499584
3178833,229701255642022144
721233,85621199594328832
852305,221010663392150272
1638737,85621199862760192
1704273,103635581191328512
2752849,85621182681912064
2883921,221010646479733504
3408209,229982661899256064
20049,4559893814051089
134737,13564894045540624
527953,4628063534973712
1052241,13564894313971984
22097,4559756375097619
534097,4557711970665232
542289,4559756375098129
558673,76615288828723984
656977,13564756606587664
1574481,13564756875019024
23121,4630125119275267
531025,4768663584375553
27217,4559910993920257
76369,4557746331451648
141905,13564911225409792
535121,4628080714842880
1059409,13564911493841152
51793,76617487851979009
150097,13566955629842689
543313,4630125119275777
1067601,13566955898274049
166481,85622488083468544
297553,221011951881289984
559697,76685657572901632
1083985,85622488351899904
658001,13635125350765312
1575505,13635125619196672
3148369,13564757411954944
29265,4559773554966787
53841,76617350413025539
86609,4559704836538627
283217,76898756670259459
2118225,4559687924121859
660049,13635056631288577
1577553,13635056899719937
3150417,13564688692478209
549457,4559773554967297
565841,76615306008593152
598609,4557608892498688
664145,13564773786456832
1581649,13564774054888192
574033,76617350413026049
606801,4559704836539137
803409,76898756670259969
2638417,4559687924122369
3162705,13531703343644929
688721,85622350644515584
819793,221011814442337024
1606225,85622350912946944
721489,13564705068028672
1638993,13564705336460032
918097,85903756901749504
1704529,31579086665028352
2753105,13564688155611904
1835601,85903757170180864
531537,4767701478146833
658513,13634163244536592
1576017,13634163512967952
3148881,13563795305726224
599121,4556646786269968
664657,13563811680228112
1582161,13563811948659472
689233,85621388538286864
820305,221010852336108304
1606737,85621388806718224
3671121,13563657866773264
538705,4767718658016001
546897,4768663550821123
563281,76825295516074753
661585,13774763293938433
1579089,13774763562369793
206929,13563846041014528
600145,4627015530447616
1124433,13563846309445888
665681,13634180424405760
1583185,13634180692837120
3156049,13563812485595392
428113,230018051590852864
690257,85691757282464512
821329,221081221080285952
1345617,230018051859284224
1607761,85691757550895872
3180625,85621389343654144
3672145,13634026610950912
675921,13635056597734147
1593425,13635056866165507
3166289,13564688658923779
3674193,13633957891474177
630865,76614240824197888
696401,85621405718156032
827473,221010869515977472
1613905,85621405986587392
729169,13563708602061568
1646673,13563708870492928
3678289,13563675046642432
3686481,13564688658924289
950353,230017914151899904
1867857,230017914420331264
3702865,85621251904701184
3735633,13563606328214272
3801169,31577987656782592
3932241,85902658161935104
3985,72076505030590768
10129,72058930024415536
18321,72060974428848433
264081,216455438458159408
526225,72076367591637808
35729,216191693106446608
527249,72111551963726608
21393,72078497895416083
529297,72111483244249873
41873,216174118100271376
50065,216176162504704273
279441,216457568761938193
541585,72078497895416593
557969,216191555667493648
787345,216472961924727568
7569,72110589756834097
36241,216190868338508080
265617,216472068437311792
38289,216190593460601137
529809,72110452317881137
42385,216173293332332848
75153,72057864739356976
271761,216454493431136560
533905,72075422564614960
50577,216174100786184497
99729,216173018455474480
165265,220676600901931312
296337,504684852402979120
1082769,220676601170362672
2131345,216173001543057712
787857,216471930998358832
39313,216225777832689937
534929,72110606936703760
788881,216507115370447632
545169,72111483110032147
561553,216225640393736977
790929,216507046650970897
106897,216173052815212816
565649,216190610640470800
7825,54095230533937
20113,21109881700657
22161,20972442747187
530065,53957791580977
26257,3534875525425
75409,1370213056816
534161,18928038314800
50833,72061111733584177
542353,20972442747697
296593,216455575762895152
558737,72076504896373552
23185,56156814835987
535185,54112410403600
543377,56156814836497
559761,72111689268462352
15505,53287709573425
40081,72110864567632177
72849,53012832715057
138385,4556595279171889
269457,72392064666435889
1055889,4556595547603249
2104465,52995920298289
44177,72076247131226416
76945,18137698271536
298129,216472343248109872
1182865,13528610430259504
3148945,4521411712450864
29841,18927971205427
78993,17862820364593
54417,72076504829264179
300177,216472068370202929
595089,52875393762097
660625,4556457840218929
791697,72391927227482929
1578129,4556458108650289
2626705,52858481345329
91281,1370145947953
550033,18927971205937
107665,72058139550155056
304273,216454768241934640
566417,72075697375413040
205969,4503870261694768
337041,72339339648958768
1123473,4503870530126128
2172049,270902821168
664721,4521428086952752
1189009,13511035424084272
795793,72356897474216752
1582225,4521428355384112
2630801,17828728079152
3155089,4503836706275632
312465,216455575695786289
574609,72076504829264689
361617,216454493365076272
623761,72075422498554672
427153,220958075811533104
689297,76579004945011504
1213585,85568612282143024
1344657,220958076079964464
2393233,216454476452659504
1606801,76579005213442864
2655377,72075405586137904
3179665,76561413564334384
1705105,13528472991306544
3277969,13510881342198064
3671185,4521274273497904
30865,54112343294227
80017,53047192453393
538769,123381575844625
55441,72111689201352979
546961,124326468649747
301201,216507252742291729
563345,72180958433903377
551057,54112343294737
567441,72110881747501840
665745,4556612459041552
796817,72392081846305552
1583249,4556612727472912
2631825,53013100167952
575633,72111689201353489
624785,72110606870643472
690321,76614189317100304
1607825,76614189585531664
2656401,72110589958226704
1706129,13563657363395344
3672209,4556458645586704
553105,53974904341267
569489,72110606869594897
602257,52909753500433
577681,72111551762400019
610449,53906185913107
675985,4557488632369939
807057,72392958019633939
1593489,4557488900801299
2642065,53889273496339
823441,216507115303338769
1708177,13563588643918609
3674257,4556389926109969
368785,216454527724814608
630929,72075456858293008
827537,216472085550072592
3801233,13528404808766224
528145,72111689268462352
50961,216176299809440017
558865,216191692972229392
23313,72113750852763907
39697,216226877344317697
535313,72111706448331520
51985,216193891995484417
543505,72113750852764417
789265,216508214882075392
54033,216193754556530947
283409,216475160813764867
561937,216226739905364737
791313,216508146162598657
58129,216176316989309185
107281,216174152326840576
566033,216191710152098560
574225,216193754556531457
803601,216475160813765377
23825,72111689201352979
40209,216226052643488017
269585,216507252742291729
531729,72180958433903377
44305,216191435207082256
535825,72110881747501840
544017,72111689201353489
593169,72110606870643472
658705,76614189317100304
1576209,76614189585531664
2624785,72110589958226704
537873,72110606869594897
54545,216191692905120019
546065,72111551762400019
791825,216507115303338769
107793,216173327626010896
566545,216190885451268880
337169,216454527724814608
599313,72075456858293008
795921,216472085550072592
574737,216191692905120529
623889,216190610574410512
689425,220694193020867344
1213713,229683800357998864
820497,504702444521915152
1606929,220694193289298704
2655505,216190593661993744
3179793,220676601640190224
30993,72111706381222147
47377,216226069823357185
80145,72110641230381313
276753,216507269922160897
538897,72180975613772545
284945,216508214814966019
547089,72181920506577667
104721,216225794946498817
170257,220729377392955649
301329,504737628894003457
1087761,220729377661387009
2136337,216225778034082049
792849,216577484047516417
551185,72111706381222657
108817,216190919812055296
338193,216472119910859008
665873,76614206496969472
1583377,76614206765400832
2631953,72110607138095872
805137,216508214814966529
1214737,229701392544043264
3180817,220694193826234624
854289,216507132484256512
919825,221010714930713344
1706257,85621251401323264
1837329,221010715199144704
2885905,216507115571839744
3672337,76614052683514624
61713,216191710084989187
553233,72111568942269187
110865,216190644934148353
602385,72110503791428353
798993,216507132483207937
610577,72111500223841027
676113,76615082670297859
1593617,76615082938729219
2642193,72111483311424259
626961,216225657507545857
692497,220729239954002689
823569,504737491455050497
1610001,220729240222434049
2658577,216225640595129089
856337,216507063764779777
921873,221010646211236609
1708305,85621182681846529
1839377,221010646479667969
2887953,216507046852363009
3674385,76613983964037889
123153,216174152259731713
581905,216191710084989697
237841,220676652375478528
368913,504684903876526336
1155345,220676652643909888
2203921,216173053016604928
696593,220694210200736512
1220881,229683817537868032
827665,504702461701784320
1614097,220694210469167872
2662673,216190610841862912
3186961,220676618820059392
860433,216471982471906048
1736977,229701255105090304
3309841,229683663455981824
3703057,220694056387281664
1966353,229982661362324224
3539217,229965069713215744
3801361,85585998846694144
3932433,220975462644515584
531985,124463907603217
536081,54387221201680
560657,72111964079260432
593425,54112344343312
658961,4557694790800144
790033,72393164178064144
1576465,4557695059231504
2625041,54095431926544
30225,21126994460947
538129,54112343294737
54801,72078703852519699
562705,72111689201353489
91665,3569169203473
550417,21126994461457
599569,18962331992848
312849,216457774719041809
574993,72078703852520209
820753,216473167881831184
80401,54146704081153
539153,124481087472385
88593,56173928644867
154129,4559756375101699
285201,72395225762365699
1071633,4559756643533059
2120209,56157016228099
301585,216508352253919489
563729,72182057945531137
92689,21161355247873
567825,72111981259129600
666129,4557711970669312
797201,72393181357933312
1583633,4557712239100672
2632209,54112611795712
313873,216475366905086209
608785,56173928645377
674321,4559756375102209
805393,72395225762366209
1591825,4559756643533569
2640401,56157016228609
625169,72111706382271232
690705,76615288828728064
1608209,76615289097159424
2656785,72111689469854464
1706513,13564756875023104
3672593,4557558157214464
61969,72078721032388867
94737,21023916294403
569873,72111706381222657
602641,54009265128193
315921,216475229466132739
1200657,13531702806712579
3166737,4524504088903939
823825,216508214814966529
1708561,13564688155546369
3674641,4557489437737729
123409,72061163207131393
320017,216457791898910977
582161,72078721032389377
614929,21023916294913
369169,216455627236442368
631313,72076556369920768
827921,216473185061700352
836113,216475229466133249
1720849,13531702806713089
3293713,13514111157604609
3686929,4524504088904449
3801617,13529504320393984
547857,124463874048787
568337,72111431469761296
601105,53322036806416
822289,216507527586644752
1707025,13563794768794384
3673105,4556596050985744
554001,54112309740307
603153,53047158899473
578577,72111689167799059
824337,216507252708737809
96273,54146670526723
555025,124481053917955
604177,123415903077121
317457,216508352220365059
579601,72182057911976707
825361,216577621452915457
616465,54146670527233
632849,72110916074734336
829457,216507544766513920
731153,4556646786274048
862225,72392116173538048
1648657,4556647054705408
2697233,53047427400448
1714193,13563811948663552
3680273,4556613230854912
837649,216508352220365569
886801,216507269889655552
952337,221010852336112384
1738769,85621388806722304
1869841,221010852604543744
2918417,216507252977238784
3704849,76614190088913664
3803153,13563657866777344
585745,72111706347668227
618513,54009231573763
634897,72110641196827393
831505,216507269888606977
839697,216508214781412099
1724433,13564688121991939
3690513,4557489404183299
3805201,13563589147300609
892945,216472119877305088
590305,76615082673439504
3809,4559885225165104
9953,4524709443010864
67297,4524572006154544
526049,4559747786212144
10977,4559893815099664
68321,4559756378243344
70369,4559687658766609
533217,4559756376146704
197345,13531702541422864
1114849,13531702809854224
656097,13566878321480464
1573601,13566878589911824
68833,4557694760386864
533729,4557694758290224
591073,4557557321433904
86241,4559687625212179
606433,4559687625212689
721121,13564687856702224
1638625,13564688125133584
11105,76617487853027584
35681,220732667338948864
68449,76617350416171264
70497,76617281696694529
41825,220697491556794624
533345,76617350414074624
99169,220697354119938304
557921,220732529899995904
197473,85589296579350784
328545,220978760377172224
1114977,85589296847782144
656225,85624472359408384
787297,221013936157229824
1573729,85624472627839744
100705,220730476874170624
86369,76617281663140099
565601,220730476872073984
606561,76617281663140609
622945,220730339435217664
721249,85622281894630144
852321,221011745692451584
1638753,85622282163061504
69217,4559893783642384
534113,4559893781545744
591457,4559756344689424
76385,4559910963511552
141921,13567093036290304
535137,4630262525723392
1059425,13567093304721664
100961,76617487821570304
199265,13566955599433984
592481,4630125088867072
1116769,13566955867865344
86625,4564085671723267
201313,13566886879957249
594529,4630056369390337
1118817,13566887148388609
565857,76617487819473664
598625,4559773524558592
664161,13566955597337344
1581665,13566955865768704
606817,4564085671723777
623201,76617350382617344
852577,76898756639851264
2687585,4559687893713664
3211873,13531703313236224
3670625,13566879093293824
85089,4559893766865169
199777,13564893998354704
592993,4628063487787792
1117281,13564894266786064
29793,4559893764768019
87137,4559756327911699
549985,4559893764768529
599137,4557711923479312
664673,13564893996258064
1582177,13564894264689424
607329,4559756327912209
623713,76615288781538064
722017,13564756559401744
1639521,13564756827833104
30817,4630262508945667
538721,4768800974045953
88161,4630125072089347
546913,4770853968413443
596065,4768663537189633
92257,4559910946734337
157793,13567093019513089
551009,4630262508946177
1075297,13567093287944449
206945,13564911178223872
600161,4628080667656960
1124449,13564911446655232
665697,13635262740435712
1583201,13635263008867072
3156065,13564894801625344
116833,76617487804793089
215137,13566955582656769
608353,4630125072089857
1132641,13566955851088129
231521,85622488036282624
362593,221011951834104064
624737,76685657525715712
1149025,85622488304713984
723041,13635125303579392
1640545,13635125572010752
3213409,13564757364769024
61537,76617487802695939
94305,4559773507780867
159841,13566955580559619
553057,4630125069992707
1077345,13566955848990979
118881,76617350365839619
348257,76898756623073539
2183265,4559687876935939
675937,13637247015326467
1593441,13637247283757827
3166305,13566879076516099
725089,13635056584102657
1642593,13635056852534017
3215457,13564688645292289
581729,76617487802696449
614497,4559773507781377
680033,13566955580560129
1597537,13566955848991489
630881,76615305961407232
696417,85622488034185984
827489,221011951832007424
1613921,85622488302617344
729185,13564773739270912
1646689,13564774007702272
3678305,13564757362672384
639073,76617350365840129
868449,76898756623074049
2703457,4559687876936449
3227745,13531703296459009
3686497,13566879076516609
753761,85622350597329664
884833,221011814395151104
1671265,85622350865761024
983137,85903756854563584
1769569,31579086617842432
2818145,13564688108425984
1900641,85903757122994944
10145,72061111734632752
34721,216176291220554032
67489,72060974297776432
41889,216176299810488592
99233,216176162373632272
328609,216457568630866192
590753,72078497764344592
69025,72076504832409904
527777,72111680612467504
26017,72061111667523889
42401,216174375598031152
75169,72058929826234672
271777,216455575696834864
533921,72076504830313264
50593,216176291153445169
83361,72060974230667569
558497,216191684316234544
329121,216455438259978544
591265,72076367393456944
534945,72111689202402064
100769,216191692908265744
559521,216226868688323344
592289,72111551765545744
86433,72078497697235219
545185,72113673477292819
594337,72111483046069009
57761,216176299743379729
106913,216174117902090512
565665,216191692906169104
115105,216176162306523409
344481,216457568563757329
606625,72078497697235729
623009,216191555469312784
852385,216472961726546704
7841,56285597794609
11937,21384693547312
13985,21109815640369
71329,20972378784049
530081,56148158841649
26273,7915676107057
42657,72061386545430832
140961,4507117256970544
272033,72342586644234544
1058465,4507117525401904
2107041,3517898096944
83617,7778239250737
296609,216457766130155824
558753,72078695263634224
198305,4506979820114224
329377,72342449207378224
1115809,4506980088545584
2164385,3380461240624
15009,56294187729169
72353,56156750872849
76449,21126997606672
101025,72078703855665424
559777,72113879635723024
537249,56156748776209
86689,25301705818387
545441,60477485875987
107169,72061128849490192
303777,216457774720090384
565921,72078703853568784
598689,20989558653712
606881,25301705818897
361121,216457637283234064
623265,72078566416712464
721569,4524503286682384
1245857,13514110623813904
852641,72359972673946384
1639073,4524503555113744
2687649,20903927808784
3211937,4506911906005264
23713,56285564240179
72865,54095133016369
535713,54370008826672
85153,21109784183089
543905,56285564240689
29857,21109782085939
537761,54095130919729
87201,20972345229619
545953,56148125287219
595105,53957694063409
91297,3534778007857
550049,21109782086449
599201,18927940797232
115873,72061111636066609
607393,20972345230129
361633,216455575665377584
623777,72076504798855984
30881,56294154174739
88225,56156717318419
551073,56294154175249
600225,54112312886032
608417,56156717318929
624801,72111689170944784
553121,56156715221779
69409,72078703855665424
528161,72113879635723024
42785,216176574621286672
75553,72061128849490192
272161,216457774720090384
534305,72078703853568784
558881,216193883339490064
329505,216457637283234064
591649,72078566416712464
15137,72113888225657089
39713,216229067711578369
72481,72113750788800769
43809,216194166807331072
76577,72078721035534592
273185,216475366906134784
330529,216475229469278464
789281,216510405249336064
45857,216193891929424129
537377,72113750786704129
86817,72082895743746307
545569,72118071523803907
103201,216193754492567809
561953,216228930272625409
332577,216475160749801729
791329,216510336529859329
58145,216180697789890817
172833,220679899370754304
303905,504688150871802112
1090337,220679899639185664
2138913,216176300011880704
336673,216457654463103232
598817,72078583596581632
795425,216475229467181824
115489,216180560353034497
344865,216461966610268417
607009,72082895743746817
230177,220679761933897984
361249,504688013434945792
1147681,220679762202329344
2196257,216176162575024384
459553,220961168191131904
721697,76582097324610304
1245985,85571704661741824
1377057,220961168459563264
2425633,216457568832258304
1639201,76582097593041664
2687777,72078497965736704
3212065,76564505943933184
593185,72111689170944784
116001,216176299711922449
623905,216191692874711824
31009,72113888192102659
55585,216229067678023939
88353,72113750755246339
104737,216226877246800129
551201,72113888192103169
567585,216227152122610432
600353,72111706350813952
796961,216508352221414144
117025,216193891897966849
575777,216229067678024449
608545,72113750755246849
854305,216508214784557824
61729,216193891895869699
553249,72113750753149699
569633,216226877244703489
119073,216193754459013379
577825,216228930239070979
348449,216475160716247299
807201,216510336496304899
626977,216226739807847169
856353,216508146065081089
123169,216176316891791617
581921,216193891895870209
631073,216191710054580992
639265,216193754459013889
868641,216475160716247809
73249,56294156271889
536097,56569032082192
538145,56294154175249
595489,56156717318929
599585,21126964052752
362017,216457774688633104
624161,72078703822111504
31265,60692200685827
80417,56311336141057
539169,126662898352897
88609,60554763829507
104993,72113888194199809
596513,126525461496577
551457,60692200686337
567841,72114163070010112
666145,4559893781549824
797217,72395363168813824
1583649,4559894049981184
2632225,56294422676224
608801,60554763830017
363041,216475366874677504
821793,216510542654735104
723489,4559756344693504
854561,72395225731957504
1640993,4559756613124864
2689569,56156985819904
553505,60554761732867
569889,72113888192103169
602657,56173897188097
627233,72113750755246849
725537,4559687625216769
856609,72395157012480769
1643041,4559687893648129
2691617,56088266343169
369185,216457791868502272
631329,72078721001980672
827937,216475366872580864
885281,216475229435724544
1770017,13531702776304384
3342881,13514111127195904
3736097,4524504058495744
31777,56569015304467
547873,126654291641107
597025,124463860417297
551969,56569015304977
568353,72112513785791248
601121,54387174015760
625697,72111964032074512
724001,4557694743614224
855073,72393164130878224
1641505,4557695012045584
2690081,54095384740624
95265,21126947275027
603169,54112296108817
119841,72078703805333779
578593,72113879585391379
627745,72111689154167569
615457,21126947275537
377889,216457774671855889
640033,72078703805334289
885793,216473167834645264
63521,72114163053232387
161825,4559893764772099
292897,72395363152036099
1079329,4559894033203459
2127905,56294405898499
604193,124481040286465
317473,216510542637957379
579617,72184248329569027
219169,4559756327915779
350241,72395225715179779
1136673,4559756596347139
2185249,56156969042179
366625,216508352206733569
628769,72182057898345217
583713,72114163053232897
682017,4559893764772609
813089,72395363152036609
1599521,4559894033203969
2648097,56294405899009
632865,72111981211943680
829473,216508627082543872
731169,4557711923483392
862241,72393181310747392
1648673,4557712191914752
2697249,54112564609792
1714209,13564894264693504
3680289,4557695546884864
378913,216475366857900289
837665,216510542637957889
739361,4559756327916289
870433,72395225715180289
1656865,4559756596347649
2705441,56156969042689
755745,76615288781542144
1673249,76615289049973504
2721825,72111689422668544
1771553,13564756827837184
3737633,4557558110028544
127009,72078720985202947
323617,216475366855803139
684065,4559756325819139
815137,72395225713083139
1601569,4559756594250499
2650145,56156966945539
634913,72111706334036737
831521,216508352204636929
380961,216475229418946819
839713,216510405199004419
1265697,13531702759526659
3231777,4524504041718019
1724449,13566878539584259
3690529,4559679821775619
888865,216508214767780609
1773601,13564688108360449
3739681,4557489390551809
385057,216457791851725057
647201,72078720985203457
843809,216475366855803649
892961,216473185014514432
901153,216475229418947329
1785889,13531702759527169
3358753,13514111110418689
3751969,4524504041718529
3866657,13529504273208064
11713,76614464195002672
36289,220729643680923952
69057,76614189318144304
134593,85621379981906224
265665,221010843779727664
527809,76684549471339312
1052097,85621380250337584
13761,76614189317095729
38337,220729368803017009
42433,220694467898769712
140737,85586204199751984
271809,220975667997573424
1058241,85586204468183344
99777,220694193021911344
165313,229701383685673264
1082817,229701383954104624
591297,76614051879191344
656833,85621242542953264
787905,221010706340774704
1574337,85621242811384624
43457,220729652270858512
141761,85621388571840784
272833,221010852369662224
534977,76684558061273872
1059265,85621388840272144
100801,220729377394000144
166337,229736568057762064
559553,220799737547195152
1083841,229736568326193424
45505,220729377392951569
172481,229701392275607824
1089985,229701392544039184
664001,85621251132887824
795073,221010714930709264
1581505,85621251401319184
623041,220729239955047184
688577,229736430618809104
1606081,229736430887240464
721345,85621182414459664
852417,221010646212281104
1638849,85621182682891024
917953,230017836876043024
1835457,230017837144474384
3670465,85621174628844304
11969,4557969668702512
20161,4559885224116529
69313,4557694791844144
134849,13564885455606064
528065,4628054945039152
1052353,13564885724037424
14017,4557694790795569
22209,4559747785163059
26305,4524709441962289
140993,13529709673451824
1058497,13529709941883184
542401,4559747785163569
558785,76615280238789424
591553,4557557352891184
657089,13564748016653104
1574593,13564748285084464
27329,4559893814051089
142017,13564894045540624
535233,4628063534973712
1059521,13564894313971984
29377,4559756375097619
86721,4559687656669459
152257,13566878320431379
545473,4630047809864467
1069761,13566878588862739
549569,4559756375098129
565953,76615288828723984
664257,13564756606587664
1581761,13564756875019024
606913,4559687656669969
672449,13566878320431889
1589953,13566878588863249
721601,13564687888159504
1639105,13564688156590864
3670721,13564680102544144
531649,4767692888212273
44225,76615013917262128
142529,13564069378265392
535745,4627238867698480
1060033,13564069646696752
199873,13563794501407024
593089,4626963990840112
1117377,13563794769838384
658625,13634154654602032
1576129,13634154923033392
3148993,13563786715791664
29889,4557694757241139
144577,13563794500358449
537793,4626963989791537
1062081,13563794768789809
550081,4557694757241649
566465,76614464161448752
599233,4556612426531632
795841,76895664260252464
2630849,4556595514114864
3155137,13528610933637424
623809,76614189284590384
689345,85621379948352304
820417,221010843746173744
1606849,85621380216783664
722113,13563657062454064
1639617,13563657330885424
3671233,13563649276838704
538817,4767701478146833
665793,13634163244536592
1583297,13634163512967952
3156161,13563795305726224
696513,85621388538286864
827585,221010852336108304
1614017,85621388806718224
3678401,13563657866773264
3735745,13563589148345104
534337,76615288828723984
558913,220730468314645264
27457,76617487851979009
43841,220730751782486272
142145,85622488083468544
273217,221011951881289984
535361,76685657572901632
1059649,85622488351899904
52033,220732667337900289
101185,220730476905627904
166721,229737667569389824
559937,220800837058822912
1084225,229737667837821184
29505,76617350413025539
45889,220730476904579329
54081,220732529898946819
86849,76617281694597379
152385,85624472358359299
283457,221013936156180739
545601,76687641847792387
1069889,85624472626790659
58177,220697491555746049
549697,76617350413026049
172865,229702491787235584
1090369,229702492055666944
664385,85622350644515584
795457,221011814442337024
1581889,85622350912946944
574273,220732529898947329
607041,76617281694597889
672577,85624472358359809
803649,221013936156181249
1590081,85624472626791169
623425,220730339466674944
688961,229737530130436864
1606465,229737530398868224
721729,85622281926087424
852801,221011745723908864
1639233,85622282194518784
918337,230018936387670784
1835841,230018936656102144
3670849,85622274140472064
44353,220730201993117968
566593,220729652237304592
664897,85621388538286864
795969,221010852336108304
1582401,85621388806718224
623937,220729377360446224
689473,229736568024208144
1606977,229736568292639504
538945,76825295516074753
563521,220940475001996033
174401,229736851492049152
567617,220800020981482240
1091905,229736851760480512
403777,230018051590852864
665921,85691757282464512
796993,221081221080285952
1321281,230018051859284224
1583425,85691757550895872
3156289,85621389343654144
231745,229736576615190784
624961,220799746104623872
1149249,229736576883622144
690497,229806936768385792
1608001,229806937036817152
3180865,229736568829575424
61761,220730476871024899
176449,229736576614142209
569665,220799746103575297
1093953,229736576882573569
581953,220730476871025409
631105,220729394540315392
827713,509241228487820032
2662721,220729377627898624
3187009,229701393047421184
926017,230017914151899904
1843521,230017914420331264
3678529,85621251904701184
753985,229736439176237824
1671489,229736439444669184
3703105,229736431390622464
983361,230017845433471744
1900865,230017845701903104
3735873,85621183186273024
3932481,230017837647856384
30273,4559893780496659
550465,4559893780497169
665153,13564894011986704
1582657,13564894280418064
31297,4630262524674307
539201,4768800989774593
547393,4770853984142083
158273,13567093035241729
551489,4630262524674817
1075777,13567093303673089
666177,13635262756164352
1583681,13635263024595712
3156545,13564894817353984
62017,76617487818424579
160321,13566955596288259
553537,4630125085721347
1077825,13566955864719619
217665,13566886877860099
610881,4630056367293187
1135169,13566887146291459
676417,13637247031055107
1593921,13637247299486467
3166785,13566879092244739
582209,76617487818425089
680513,13566955596288769
1598017,13566955864720129
696897,85622488049914624
827969,221011951847736064
1614401,85622488318345984
3678785,13564757378401024
737857,13566886877860609
1655361,13566887146291969
3686977,13566879092245249
3736129,13564688659972864
539713,4767976339276561
547905,4768792383062803
597057,4767701462418193
662593,13774892126180113
1580097,13774892394611473
175169,85622213155229968
306241,221011676953051408
568385,76685382644663056
1092673,85622213423661328
666689,13634438105666320
1584193,13634438374097680
3157057,13564070166855952
724033,13634163228807952
1641537,13634163497239312
3214401,13563795289997584
3673153,13634155443192592
160833,13564893995208979
554049,4628063484642067
1078337,13564894263640339
668737,13634163227759377
1586241,13634163496190737
3159105,13563795288949009
681025,13564893995209489
1598529,13564894263640849
697409,85621663399416592
828481,221011127197238032
1614913,85621663667847952
730177,13563811664499472
1647681,13563811932930832
926785,85902863498220304
1713217,31578193261499152
2761793,13563794752082704
1844289,85902863766651664
754753,85621388522558224
885825,221010852320379664
1672257,85621388790989584
951361,230018042984141584
1868865,230018043252572944
3703873,85621380736942864
3736641,13563657851044624
161857,13635262739386627
1079361,13635263007817987
571457,76825570377204481
604225,4767718642287361
800833,77106770476008193
2635841,4767701729870593
3160129,13634164033126657
579649,76826386420990723
612417,4768663535092483
677953,13775854198854403
1595457,13775854467285763
628801,76825295500346113
694337,85832486164108033
825409,221221949961929473
1611841,85832486432539393
727105,13774763278209793
1644609,13774763546641153
3676225,13774755492594433
682049,13635262739387137
1599553,13635263007818497
3172417,13564894800576769
436289,230018326451982592
698433,85692032143594240
829505,221081495941415680
1353793,230018326720413952
1615937,85692032412025600
3188801,85621664204783872
731201,13634180408677120
1648705,13634180677108480
3221569,13563812469866752
927809,85973232242397952
1714241,31648562005676800
2762817,13634163496260352
3287105,31578193798435072
1845313,85973232510829312
3418177,85902864303587584
493633,230018051575124224
755777,85691757266735872
886849,221081221064557312
1411137,230018051843555584
1673281,85691757535167232
3246145,85621389327925504
952385,230088411728319232
1869889,230088411996750592
3442753,230018043789508864
3704897,85691749481120512
3737665,13634026595222272
192577,85622488033136899
323649,221011951830958339
585793,76685657522569987
1110081,85622488301568259
684097,13635125300433667
1601601,13635125568865027
3174465,13564757361623299
438337,230018051574075649
700481,85691757265687297
831553,221081221063508737
1355841,230018051842507009
1617985,85691757534118657
3190849,85621389326876929
3682369,13634026594173697
741441,13635056582005507
1658945,13635056850436867
3231809,13564688643195139
3690561,13635048796390147
3739713,13633957875745537
712769,85622488033137409
843841,221011951830958849
1630273,85622488301568769
3694657,13564757361623809
761921,85621405702427392
892993,221010869500248832
1679425,85621405970858752
1744961,103635787299427072
2793537,85621388790010624
2924609,221010852587832064
3448897,229982868007354624
3743809,13563675030913792
3809345,31578056359482112
3940417,85902726864634624
3752001,13564688643195649
1015873,230017914136171264
1933377,230017914404602624
3768385,85621251888972544
3964993,230017906350555904
3866689,31577987641053952
3997761,85902658146206464
528257,72111680678527792
26497,72061111733584177
42881,216174375664091440
272257,216455575762895152
534401,72076504896373552
51073,216176291219505457
100225,216174100787233072
558977,216191684382294832
535425,72111689268462352
560001,216226868754383632
545665,72113673543353107
58241,216176299809440017
566145,216191692972229392
15745,72110864567632177
23937,72111680611418419
40321,216226044053553457
73089,72110589690773809
269697,216507244152357169
531841,72180949843968817
273793,216472343248109872
544129,72111680611418929
101761,216190868272447792
331137,216472068371251504
658817,76614180727165744
1576321,76614180995597104
2624897,72110581368292144
30081,72076504829264179
46465,216190868271399217
275841,216472068370202929
54657,216191684315185459
546177,72111543172465459
103809,216190593394540849
595329,72110452251820849
791937,216507106713404209
58753,216174375596982577
288129,216455575695786289
550273,72076504829264689
107905,216173293266272560
173441,220676875712729392
304513,504685127213777200
1090945,220676875981160752
2139521,216173276353855792
337281,216454493365076272
599425,72075422498554672
402817,220958075811533104
664961,76579004945011504
1189249,85568612282143024
1320321,220958076079964464
2368897,216454476452659504
1582465,76579005213442864
2631041,72075405586137904
3155329,76561413564334384
116097,216174100720124209
574849,216191684315185969
230785,220676600835871024
361857,504684852336918832
1148289,220676601104302384
2196865,216173001476997424
689537,220694184430932784
1213825,229683791768064304
820609,504702435931980592
1607041,220694184699364144
2655617,216190585072059184
3179905,220676593050255664
853377,216471930932298544
31105,72111689201352979
47489,216226052643488017
276865,216507252742291729
539009,72180958433903377
55681,216226868687274259
104833,216225777766629649
563585,216296137919824657
551297,72111689201353489
600449,72110606870643472
665985,76614189317100304
1583489,76614189585531664
2632065,72110589958226704
575873,216226868687274769
690561,220729368803021584
821633,504737620304069392
1608065,220729369071452944
2656641,216225769444147984
854401,216507115304387344
61825,216191692905120019
553345,72111551762400019
799105,216507115303338769
577921,216226731248321299
610689,72111483043971859
807297,216508137505555219
627073,216225640327676689
856449,216507046584910609
582017,216191692905120529
631169,216190610574410512
696705,220694193020867344
1220993,229683800357998864
827777,504702444521915152
1614209,220694193289298704
2662785,216190593661993744
3187073,220676601640190224
16001,54370041332017
73345,54095164473649
532097,124455317668657
28289,21384692498737
44673,72077329462985008
85633,21109815640369
560769,72111955489325872
659073,4557686200865584
790145,72393155588129584
1576577,4557686469296944
2625153,54086841991984
54913,72078695262585139
87681,20972376686899
562817,72111680611418929
595585,53957725520689
59009,72061386544382257
91777,3534809465137
157313,4507117255921969
288385,72342586643185969
1074817,4507117524353329
2123393,3517897048369
304769,216455850573693232
566913,72076779707171632
599681,18927972254512
665217,4522510418711344
1189505,13512117755842864
796289,72357979805975344
1582721,4522510687142704
2631297,18911059837744
3155585,4504919038034224
116353,72061111667523889
312961,216457766129107249
575105,72078695262585649
607873,20972376687409
362113,216455575696834864
624257,72076504830313264
820865,216473159291896624
539265,124463907603217
55937,72113879634673939
88705,56156748775699
547457,126516901970707
567937,72111964079260432
600705,54112344343312
666241,4557694790800144
797313,72393164178064144
1583745,4557695059231504
2632321,54095431926544
576129,72113879634674449
608897,56156748776209
625281,72111689202402064
821889,216508343663985424
62081,72078703852519699
569985,72111689201353489
578177,72113742195720979
676481,4559679065690899
807553,72395148452954899
1593985,4559679334122259
2642561,56079706817299
320129,216457774719041809
582273,72078703852520209
828033,216473167881831184
31873,54370007777587
48257,72111414289891633
539777,123639240327985
89217,54095130919219
547969,124455284114227
597121,123364363469617
552065,54370007778097
306305,216472892970369328
601217,53287677068080
666753,4556870123524912
797825,72392339510788912
1584257,4556870391956272
2632833,53270764651312
609409,54095130919729
625793,72110864535126832
822401,216507518996710192
724097,4556595246666544
855169,72392064633930544
1641601,4556595515097904
2690177,52995887792944
1707137,13563786178859824
3673217,4556587461051184
570497,72110864534078257
603265,53012799161137
668801,4556595245617969
799873,72392064632881969
1586305,4556595514049329
2634881,52995886744369
578689,72111680577864499
611457,53957691966259
627841,72110589657219889
824449,216507244118803249
828545,216472343214555952
1713281,13528610396705584
3286145,13511018747597104
3679361,4521411678896944
885889,216472068337697584
555137,124463874048787
829569,216507527586644752
1714305,13563794768794384
3680385,4556596050985744
886913,216507252709786384
585857,72111689167799059
831617,216507252708737809
24321,72113879634673939
44801,216192517538840848
536321,72111964079260432
544513,72113879634674449
560897,216227143565181712
593665,72111689202402064
790273,216508343663985424
30465,72078703852519699
538369,72111689201353489
55041,216193883338440979
546561,72113742195720979
562945,216226868687274769
59137,216176574620238097
288513,216457774719041809
550657,72078703852520209
567041,216191967783027472
796417,216473167881831184
116481,216176299743379729
575233,216193883338441489
624385,216191692906169104
47873,216227152155115777
277249,216508352253919489
539393,72182057945531137
88833,72113750786703619
285441,216510405248286979
547585,72184110939898627
105217,216226877278257409
563969,216297237431452417
60161,216194166806282497
289537,216475366905086209
600833,72111706382271232
666369,76615288828728064
1583873,76615289097159424
2632449,72111689469854464
117505,216193891929424129
609025,72113750786704129
805633,216510405248287489
690945,220730468314649344
822017,504738719815697152
1608449,220730468583080704
2657025,216226868955775744
854785,216508214816015104
291585,216475229466132739
799489,216508214814966529
119553,216193754490470659
348929,216475160747704579
676609,76617273103618819
1594113,76617273372050179
2642689,72113673744745219
627457,216226739839304449
856833,216508146096538369
123649,216176316923248897
189185,220679899369705729
320257,504688150870753537
1106689,220679899638137089
2155265,216176300010832129
811777,216475229466133249
631553,216191710086038272
697089,220695292532495104
1221377,229684899869626624
828161,504703544033542912
1614593,220695292800926464
2663169,216191693173621504
3187457,220677701151817984
639745,216193754490471169
869121,216475160747705089
48385,216226602365747473
797953,216507527586644752
625921,216226052610982672
855297,216507252709786384
554241,72111689167799059
570625,216226052609934097
800001,216507252708737809
578817,216226868653720339
627969,216225777733075729
63745,216227152121561347
293121,216508352220365059
555265,72182057911976707
571649,216296421354111745
801025,216577621452915457
121089,216226877244702979
579841,216297237397897987
628993,216296146477253377
583937,216227152121561857
813313,216508352220365569
633089,216226069790851840
698625,220729652237308672
829697,504737903738356480
1616129,220729652505740032
2664705,216226052878435072
862465,216507269889655552
928001,221010852336112384
1714433,85621388806722304
1845505,221010852604543744
2894081,216507252977238784
3680513,76614190088913664
641281,216226877244703489
755969,220729377360450304
887041,504737628861498112
1673473,220729377628881664
2722049,216225778001576704
1739009,229736568292643584
3705089,220729369574834944
815361,216508214781412099
635137,216225794912944897
700673,220729377359401729
831745,504737628860449537
1618177,220729377627833089
2666753,216225778000528129
643329,216226739805750019
872705,216508146062983939
1745153,229701392510489344
3318017,229683800861380864
3711233,220694193792680704
32257,56569031033107
89601,56294154174739
548353,126654307369747
552449,56569031033617
568833,72112513801519888
609793,56294154175249
579073,72113879601120019
611841,56156715221779
64001,72114163068961027
96769,56311334043907
162305,4559893780500739
293377,72395363167764739
1079809,4559894048932099
2128385,56294421627139
121345,72113888192102659
317953,216510542653686019
580097,72184248345297667
612865,126525459399427
584193,72114163068961537
616961,56311334044417
682497,4559893780501249
813569,72395363167765249
1600001,4559894048932609
2648577,56294421627649
829953,216508627098272512
1714689,13564894280422144
3680769,4557695562613504
641537,72113888192103169
838145,216510542653686529
887297,216508352221414144
324097,216475366871531779
619009,56173895090947
684545,4559756341547779
815617,72395225728811779
1602049,4559756609979139
2650625,56156982674179
832001,216508352220365569
643585,72113750753149699
840193,216510405214733059
741889,4559687623119619
872961,72395157010383619
1659393,4559687891550979
2707969,56088264246019
1724929,13566878555312899
3691009,4559679837504259
844289,216475366871532289
64513,72112513784742163
556033,124738735178515
310273,216508077325680913
572417,72181783017292561
613377,124463858320147
584705,72112513784742673
633857,72111431454032656
699393,76615013900489488
1616897,76615014168920848
2665473,72111414541615888
1715201,13564069629924112
3681281,4556870912115472
887809,216507527570916112
1772545,13563794753065744
3738625,4556596035257104
3804161,13563786699019024
586753,72111964028928787
619521,54112294011667
685057,4557694740468499
816129,72393164127732499
1602561,4557695008899859
2651137,54095381594899
832513,216507527569867537
1717249,13563794752017169
3683329,4556596034208529
644097,72111689152070419
840705,216508343613653779
889857,216507252693009169
3810305,13528610916864784
325633,216508627081494787
587777,72182332773106435
620545,124481038189315
686081,4628063484646147
1210369,13564894263644419
817153,72463532871910147
1603585,4628063753077507
2652161,124464125772547
3176449,4557695545835779
833537,216577896314045185
1718273,13634163496194817
3291137,13563795288953089
3684353,4626964778386177
382977,216508352204636419
645121,72182057896248067
841729,216578712357831427
890881,216577621437186817
845825,216508627081495297
1730561,13564894263644929
3696641,4557695545836289
894977,216507544750785280
960513,221011127197242112
1746945,85621663667852032
1878017,221011127465673472
2926593,216507527838368512
3713025,76614464950043392
1779713,13563811932934912
3745793,4556613215126272
1976321,85902863766655744
3942401,76895665048847104
903169,216508352204636929
1017857,221010852320383744
1804289,85621388790993664
1935361,221010852588815104
2983937,216507252961510144
3770369,76614190073185024
2000897,230018043252577024
3835905,85621380736946944
3966977,221010844534768384
3868673,13563657851048704
651265,72111706331939587
716801,76615288778396419
1634305,76615289046827779
2682881,72111689419522819
1732609,13564756824691459
3698689,4557558106882819
897025,216507269872878337
962561,221010852319335169
1748993,85621388789945089
1880065,221010852587766529
2928641,216507252960461569
3715073,76614190072136449
3813377,13563657850000129
905217,216508214765683459
1789953,13564688106263299
3756033,4557489388454659
3821569,13564680052216579
3870721,13563589131571969
2007041,229982867470422784
3579905,229965275821314304
3842049,85586204954792704
3973121,220975668752614144
65726,72060905511260944
8510,216176162304496384
131390,220679684622463744
2097470,216176085263651584
66110,72065303557772032
41022,216176299709895424
98366,216176162273039104
196670,76564505105085184
327742,216457568530273024
2162750,72060905746273024
131422,229702277038945024
131678,85589287986344704
926,216176085195363088
9374,72058912643289904
33950,216174092129211184
41118,216174100719145744
8990,216176162370556672
66334,216176093652128512
131870,220679684688524032
2097950,216176085329711872
9502,216174100719145744
10526,216191692905190144
20766,216193677180080899
24862,216176162303447809
41246,504404476870857472
139550,220677562907570944
2105630,216173963548758784
82206,216176093585019649
147742,220679684621415169
2113822,216176085262603009
196894,220677494189142784
2162974,216173894830330624
1179934,229684685121336064
2228510,220677485866726144
3146014,220677486403588864
9758,72061111666545424
34334,216176291152466704
10782,72078703852589824
35358,216193883338511104
139806,76564573854970624
270878,216457637280158464
2105886,72060974496158464
98846,216176162304496384
164382,220679753340891904
2130462,216176153982079744
197150,76564505136542464
328222,216457568561730304
2163230,72060905777730304
393758,220961159598125824
1180190,85571696068735744
2228766,76564496814125824
2359838,216457560239313664
3146270,76564497350988544
57374,216176299708846849
172062,220677700312969984
2138142,216174100954157824
3276830,85569497548927744
131438,229704471734727424
34926,220732662993720064
133230,85624536733659904
135278,85624468014183169
163950,229704540437426944
196718,85589287939158784
393326,229985946694660864
655470,85624468014184192
2228334,85589283910660864
3145838,85589284447523584
1454,216176149419594544
65966,216176084997182224
131502,220679680327496464
2097582,216176080968684304
33966,216176286824993584
17198,216189274839651073
66350,216180483043693312
131886,220684078374007552
2097966,216180479015195392
74030,216176162273039104
196910,220679684591006464
2162990,216176085232194304
1179950,229686879817118464
2228526,220679680562508544
3146030,220679681099371264
74798,72061111619359504
99374,216176291105280784
164910,220679886435595024
2130990,216176287076782864
38958,216229063366349569
75822,72078703805403904
100398,216193883291325184
165934,220697478621639424
559150,216229063366350592
2132014,216193879262827264
172078,220679890730562304
2138158,216176291371750144
204846,76564573807784704
335918,216457637232972544
2170926,72060974448972544
229422,220679753293705984
2195502,216176153934893824
1212462,229686948519817984
2261038,220679749265208064
3178542,220679749802070784
458798,220961159550939904
1245230,85571696021549824
2293806,76564496766939904
2424878,216457560192127744
3211310,76564497303802624
1441838,229968354777051904
2490414,220961155522441984
3407918,220961156059304704
131534,229702272743977744
131790,85589283691377424
2894,220732525604049664
4942,220732456884572929
525134,220732456884573952
1049422,229704472035660544
2097998,220697272781050624
133454,229737525801988864
20814,220732456851018499
135502,229737457082512129
147790,229704471733678849
655694,229737457082513152
2228558,229702272978989824
3146062,229702273515852544
35406,220732663009448704
133710,85624536749388544
135758,85624468029911809
164430,229704540453155584
393806,229985946710389504
655950,85624468029912832
2228814,85589283926389504
3146318,85589284463252224
134222,85622475148309264
164942,229702478852076304
141390,85622479443276544
51278,220732662992671489
149582,85624536732611329
1083470,229737663492592384
2132046,220730464237982464
395342,230019000761922304
2230350,85622337977922304
3147854,85622338514785024
53326,220732525553718019
282702,221013931810951939
1069134,85624468281561859
2117710,76617269026951939
168014,229737525785211649
397390,230018932042445569
2232398,85622269258445569
3149902,85622269795308289
172110,229702483147043584
180302,229704540436378369
409678,229985946693612289
671822,85624468013135617
2244686,85589283909612289
3162190,85589284446475009
688206,229737525785212672
2261070,229702341681689344
3178574,229702342218552064
917582,230018932042446592
2490446,229983747938923264
2752590,85622269258446592
3276878,103601483932709632
3407950,229983748475785984
3670094,85622269795309312
1934,216176149485654832
131982,220679680393556752
2098062,216176081034744592
3470,216191680020288304
9614,216174092129211184
17806,216176149418545969
34190,504404463985955632
132494,220677550022669104
2098574,216173950663856944
20878,216193672885113619
147854,220679680326447889
2113934,216176080967635729
1180046,229684680826368784
2228622,220677481571758864
3146126,220677482108621584
3726,72078690967687984
9870,72061103076610864
132750,76564560970068784
263822,216457624395256624
2098830,72060961611256624
35470,216193879043543824
41614,216176291152466704
164494,220679749045924624
2130574,216176149687112464
393870,220961155303158544
1180302,85571691773768464
2228878,76564492519158544
2359950,216457555944346384
3146382,76564493056021264
50318,216176286823945009
165006,220677687428068144
2131086,216174088069255984
3276942,85569493253960464
3854,216193879043543824
9998,216176291152466704
34574,504406663009211152
132878,220679749045924624
2098958,216176149687112464
6926,216228925976679169
11022,216193883338511104
35598,504424255195255552
133902,220697341231969024
527118,216228925976680192
2099982,216193741873156864
21262,216198070931624707
135950,220697272512492289
529166,216228857257203457
2102030,216193673153680129
41742,504406667304178432
74510,216176162304496384
140046,220679753340891904
2106126,216176153982079744
148238,220684078372958977
2114318,216180479014146817
164622,508910125197636352
295694,1081148752850391808
2130702,504406525838824192
197390,220679684622463744
2163470,216176085263651584
393998,509191531454870272
656142,220697272512493312
2360078,504687932096058112
2622222,216193673153681152
22798,216228925943124739
151822,220697272478937859
545038,216228857223649027
2117902,216193673120125699
1196302,229686879816069889
2244878,220679680561459969
3162382,220679681098322689
165390,220679886451323664
2131470,216176287092511504
39438,216229063382078209
166414,220697478637368064
559630,216229063382079232
2132494,216193879278555904
107022,216176299709895424
172558,220679890746290944
2138638,216176291387478784
1212942,229686948535546624
2261518,220679749280936704
3179022,220679749817799424
1442318,229968354792780544
2490894,220961155538170624
3408398,220961156075033344
23566,72113875289445139
54286,216193878993212179
181262,220679886434546449
2147342,216176287075734289
1213454,229684886934467344
2262030,220677687679857424
3179534,220677688216720144
3277838,85569561956659984
30734,72113879584412419
153614,76617337477870339
284686,216510400903058179
2119694,72113738119058179
169998,220730463969424129
2136078,216226864610611969
182286,220697478620590849
575502,216229063365302017
2148366,216193879261778689
690190,220730463969425152
1214478,229702479120511744
2263054,220695279865901824
2656270,216226864610612992
3180558,220695280402764544
3278862,85587154142704384
61454,216193883288179459
184334,220697341181637379
577550,216228925926348547
2150414,216193741822825219
413710,220978747438871299
675854,76617268758394627
1200142,85589283909481219
2248718,76582084654871299
806926,216510332183582467
2379790,216475148080059139
2641934,72113669399582467
3166222,76582085191734019
3280910,85587085423227649
122894,216176299693118209
188430,220679890729513729
2154510,216176291370701569
237582,220677700297241344
2203662,216174100938429184
1220622,229684891229434624
2269198,220677691974824704
3186702,220677692511687424
3285006,85569566251627264
1228814,229686948518769409
2277390,220679749264159489
3194894,220679749801022209
1458190,229968354776003329
2506766,220961155521393409
3424270,220961156058256129
3342350,85569497533199104
3801102,85587085423228672
196726,13531702507942144
589942,4559687625282304
655478,13566878287999744
9398,3517629665584
66742,3380192809264
196790,4506911100711184
590006,20903659377424
2162870,3311741899024
41270,216176299743449344
98614,216176162306593024
196918,76564505138639104
327990,216457568563826944
590134,72078497697305344
2162998,72060905779826944
82486,16505612865793
197174,4511309147222272
590390,25301705888512
2163254,7709788410112
534582,56294154244864
591926,56156717388544
593974,56087997911809
720950,4524503253201664
1245238,13514110590333184
2293814,4506911335723264
2687030,20903894389504
3211318,4506911872585984
3276854,13514102535303424
655574,13564679297250064
655702,85622273335177984
10838,4559893814120704
133718,13566947039981824
135766,13566878320505089
139862,13531771257827584
533078,4559756375167744
197206,13531702539399424
590422,4559687656739584
2228822,13531694216982784
1573462,13566878588932864
2622038,4559679334322944
3146326,13531694753845504
141398,13564894012059904
151638,13566878286950659
663638,13564756573106944
671830,13566878286951169
720982,13564687854678784
2752598,13564679532262144
3670102,13564680069124864
9878,3517695725872
527510,54086573560624
25750,3517628617009
140438,4504918232740144
533654,18910791406384
2106518,1318873927984
534678,54095163495184
544918,56079438385939
3276950,13511903544553744
41750,216176299809509632
534806,72111689201423104
559382,216226868687344384
545046,72113673476313859
57622,216176299742400769
172310,220677700346523904
565526,216191692905190144
2138390,216174100987711744
3277078,85569497582481664
527894,56285596816144
140822,4507117255995664
534038,21109814661904
2106902,3517897183504
14870,56294186750209
141846,4524709442040064
2107926,21110083227904
559638,72113879634744064
592406,56156748845824
657942,4559747785241344
2624022,56148426429184
537110,56156747797249
545302,60477484897027
594454,56088029369089
659990,4559679065764609
2626070,56079706952449
172566,76564711293923584
303638,216457774719111424
565782,72078703852589824
2138646,72061111935111424
664086,4524572003087104
1188374,13514179340218624
2236950,4506980085608704
2630166,20972644274944
3154454,4506980622471424
721430,4524503284658944
1245718,13514110621790464
2294294,4506911367180544
2687510,20903925846784
3211798,4506911904043264
1704470,13531694216852224
2753046,4524494962242304
3670550,4524495499105024
30742,56294153195779
550934,56294153196289
665622,4557694757319424
2631702,54095398507264
552982,56156714242819
610326,56087995814659
675862,4559679032210179
2641942,56079673398019
3285014,13511980820410624
3293206,13514102534254849
3342358,13511912101982464
3801110,13529495697044224
655590,13566873993032464
655718,85624468030960384
655974,13571272039543552
134246,13567080134684944
656486,13566942695731984
75878,4559893766934784
141414,13567084429652224
165990,85624674172612864
198758,13566946992795904
657510,13637311439909632
2230374,13566942964297984
3147878,13566943501160704
151654,13571272022765827
200806,13566878273319169
659558,13637242720432897
2232422,13566874244821249
3149926,13566874781683969
204902,13531771210641664
598118,4559756327981824
663654,13566946990699264
671846,13571272022766337
688230,85624536733659904
2293862,13531694169796864
1638502,13566878541746944
2687078,4559679287137024
3211366,13531694706659584
917606,85905942990893824
1704038,31581272754172672
3276902,31546088919085312
34214,216176286858547504
527526,56281269343024
74918,3517598208304
3276966,13514098240336144
559398,216229063383126784
106790,216176299711992064
3277094,85571692278264064
545318,69269250446083
3277350,13518496286847232
592934,56285549630224
658470,4559880879944464
2624550,56281521132304
205862,4507117208809744
599078,21109767475984
2171942,3517849997584
3277862,13514166943035664
79910,56294139564289
206886,4524709394854144
2172966,21110036041984
665638,4559885174911744
2631718,56285816099584
624678,72113879587558144
690214,76617474917872384
821286,216510538343060224
2656294,72113875559060224
722982,4559747738055424
2689062,56148379243264
1706022,13566942964167424
2754598,4559743709557504
3278886,13531759129080064
3672102,4559744246420224
602150,56156700611329
610342,60477437711107
675878,4564072768025347
2641958,60473409213187
725030,4559679018578689
2691110,56079659766529
1708070,13566874244690689
2756646,4559674990080769
3280934,13531690409603329
3674150,4559675526943489
237606,76564711246737664
368678,216457774671925504
630822,72078703805403904
2203686,72061111887925504
729126,4524571955901184
1253414,13514179293032704
2301990,4506980038422784
2695206,20972597089024
3219494,4506980575285504
3285030,13514171238002944
3293222,13518496270070017
3309606,85571760980963584
1769510,13531694169666304
2818086,4524494915056384
3735590,4524495451919104
3538982,85853167238197504
655814,85622269040210704
3782,4559880929218864
132806,13531758372925744
526022,4559743490265904
133830,13566942745014544
135878,13566874025537809
2228934,13531689922015504
1573574,13566874293965584
2622150,4559675039355664
3146438,13531690458878224
134342,13564881127158064
656582,13564743688205104
151750,13566873991983379
671942,13566873991983889
2752710,13564675237294864
3670214,13564675774157584
35654,220732663043002624
133958,85624536782942464
136006,85624468063465729
164678,229704540486709504
557894,220732525604049664
394054,229985946743943424
2229062,85589283959943424
787270,221013931861283584
1573702,85624468331893504
2622278,76617269077283584
3146566,85589284496806144
166214,229737663240941824
151878,85624468029911299
672070,85624468029911809
688454,229737525801988864
917830,230018932059222784
2752838,85622269275222784
3670342,85622269812085504
134726,13567080150413584
656966,13566942711460624
141894,13567084445380864
166470,85624674188341504
657990,13637311455638272
2230854,13566942980026624
3148358,13566943516889344
152134,13571272038494467
660038,13637242736161537
2232902,13566874260549889
3150406,13566874797412609
664134,13566947006427904
672326,13571272038494977
688710,85624536749388544
721478,13566878287999744
918086,85905943006622464
1704518,31581272769901312
3277382,31546088934813952
150598,13567080133636369
658502,13635249854558992
2231366,13564881378947344
3148870,13564881915810064
152646,13566942694682899
664646,13564885405348624
672838,13566942694683409
689222,85622475148309264
2753606,13564743939994384
3671110,13564744476857104
153670,13637311438860547
546886,4770849672467203
661574,13775849903960833
157766,13567084428603649
206918,13564893996331264
665670,13635254149526272
2238534,13564885673914624
3156038,13564886210777344
182342,85624674171564289
673862,13637311438861057
2246726,13566942963249409
3164230,13566943500112129
428102,230019138200875264
690246,85692843892486912
2263110,85622475416875264
3180614,85622475953737984
2754630,13635112684172032
3278918,31579142986346752
3672134,13635113221034752
159814,13566946989650179
184390,85624536732610819
217158,13566878271222019
413766,85905942989844739
1200198,31581272753123587
1593414,13637242987811587
2641990,4630043733201667
2756678,13635043964695297
3280966,31579074266870017
3674182,13635044501558017
680006,13566946989650689
696390,85622479443276544
729158,13564756557378304
2760774,13564748234961664
3678278,13564748771824384
704582,85624536732611329
737350,13566878271222529
933958,85905942989845249
1720390,31581272753124097
3293254,31546088918036737
950342,230019000761922304
2785350,85622337977922304
3702854,85622338514785024
2818118,13564679516533504
3735622,13564680053396224
3014726,85903744235156224
3932230,85903744772018944
34694,216176286924607792
527750,72111676316521264
50566,216176286857498929
165254,220677687461622064
558470,216191680020288304
2131334,216174088102809904
559494,216226864392377104
545158,72113669181346579
3277190,85569493287514384
7814,56281301848369
134790,4524696557138224
2100870,21097198326064
530054,56143862895409
75398,3517629665584
140934,4507108666061104
534150,21101224727344
2107014,3509307248944
165510,76564698409021744
296582,216457761834209584
558726,72078690967687984
2131590,72061099050209584
657030,4524559118185264
1181318,13514166455316784
2229894,4506967200706864
2623110,20959759373104
3147398,4506967737569584
535174,56285596816144
559750,72113875339776784
658054,4559743490274064
2624134,56144131461904
545414,60473189929747
660102,4559674770797329
2626182,56075411985169
1704582,13531689921884944
2753158,4524490667275024
3670662,4524491204137744
23686,56281268293939
543878,56281268294449
658566,4557681872417584
2624646,54082513605424
545926,56143829340979
3277958,13511967935508784
675974,4559674737242899
2642054,56075378430739
3293318,13514098239287569
3801222,13529491402076944
528134,72113875339776784
165638,220679886484877584
558854,216193879043543824
2131718,216176287126065424
39686,216229063415632129
535302,72113879634744064
166662,220697478670921984
2132742,216193879312109824
658182,76617337528201984
789254,216510400953389824
2624262,72113738169389824
545542,72118067227857667
561926,216228925976679169
660230,76617268808725249
791302,216510332233913089
2626310,72113669449913089
107270,216176299743449344
172806,220679890779844864
566022,216193883338511104
2138886,216176291421032704
688902,220697341231969024
1213190,229686948569100544
2261766,220679749314490624
2654982,216193741873156864
3179270,220679749851353344
918278,220978747489202944
1442566,229968354826334464
2491142,220961155571724544
1704710,85589283959812864
2753286,76582084705202944
2884358,216475148130390784
3408646,220961156108587264
3670790,76582085242065664
55558,216229063382077699
575750,216229063382078209
690438,220730463986201344
2656518,216226864627389184
577798,216228925943124739
676102,76617268775170819
807174,216510332200358659
2642182,72113669416358659
3293446,85571692277215489
3309830,229684750049292544
3539206,229966156306526464
3801350,85587085440004864
658950,4559880895673104
2625030,56281536860944
3278342,13514166958764304
600582,56294154244864
666118,4559885190640384
2632198,56285831828224
690694,76617474933601024
821766,216510538358788864
2656774,72113875574788864
1706502,13566942979896064
2755078,4559743725286144
3279366,13531759144808704
3672582,4559744262148864
676358,4564072783753987
2642438,60473424941827
1708550,13566874260419329
2757126,4559675005809409
3281414,13531690425331969
3674630,4559675542672129
3285510,13514171253731584
3293702,13518496285798657
3310086,85571760996692224
3342854,13514102535303424
3539462,85853167253926144
154630,4559880878895379
547846,126649995694867
2120710,56281520083219
674822,4559880878895889
2640902,56281520083729
1707014,13564881378816784
2755590,4557682124206864
3279878,13529697543729424
3673094,4557682661069584
553990,56285546484499
578566,72113875289445139
676870,4559743439942419
2642950,56144081130259
3286022,13512109652652304
3294214,13514166941987089
3310598,85569699395612944
3802118,13529560104776464
96262,56294137467139
161798,4559885173862659
555014,126654290662147
2127878,56285815050499
186374,76617474916823299
317446,216510538342011139
579590,72184244033622787
2152454,72113875558011139
677894,4630112184120067
1202182,13566942963118339
2250758,4559743708508419
2643974,126512825307907
3168262,4559744245371139
3282950,13564744476864769
616454,56294137467649
681990,4559885173863169
2648070,56285815051009
731142,4557694741590784
2697222,54095382778624
1714182,13564885673784064
2762758,4557686419174144
3287046,13529701838696704
3680262,4557686956036864
706566,76617474916823809
837638,216510538342011649
2672646,72113875558011649
1722374,13566942963118849
2770950,4559743708508929
3295238,13531759128031489
3688454,4559744245371649
952326,221011938946134784
1738758,85622475416744704
2787334,76615276162134784
3311622,85587291581657344
2918406,216508339587322624
3704838,76615276698997504
585734,72113879584412419
618502,56156698514179
684038,4559747734909699
2650118,56148376097539
708614,76617337477870339
839686,216510400903058179
2674694,72113738119058179
741382,4559679016481539
2707462,56079657669379
937990,76898743735104259
2904070,72395144376292099
3301382,13514171236954369
3317766,85569703690580224
3350534,13511980804681984
3809286,13529564399743744
3325958,85571760979915009
3358726,13514102518526209
3555334,85853167237148929
3571718,229966225009225984
3833862,85587154142704384
3866630,13529495681315584
4063238,85868560399938304
65786,76582097324606224
2426,220732529899995904
4474,220732461180519169
8570,220697354117841664
131450,229704476063175424
524666,220732461180520192
1048954,229704476331606784
66170,76586495371117312
10362,76617487819473664
34938,220732667305394944
67706,76617350382617344
69754,76617281663140609
41082,220697491523240704
98426,220697354086384384
196730,85589296545796864
327802,220978760343618304
589946,76617281663141632
1114234,85589296814228224
954,216180483242853136
1466,216176153781601072
8634,216176162371535632
66234,72065303624811280
3258,72078695263634224
263354,216457628691202864
10426,72078703853568784
35002,216193883339490064
67770,72078566416712464
69818,72078497697235729
73914,72060991410537232
270522,216457637281137424
82106,72065303557702417
196794,76564505138565904
590010,72078497697236752
1114298,76564505406997264
2162874,72060905779692304
9018,216180560418046720
17210,216189279201657601
3386,216193883339490064
34106,504406667305157392
6458,216228930272625409
35130,504424259491201792
526650,216228930272626432
12602,216193754490471169
20794,216198075227570947
528698,216228861553149697
24890,216180560350937857
139578,220679761931801344
270650,504688013432849152
532794,216193754490472192
1057082,220679762200232704
2105658,216176162572927744
295226,1081148757146338048
1179962,229686884145566464
3146042,220679685427757824
9786,72065509714035472
34362,216180689199956752
67130,72065372277179152
10810,72083101900079872
35386,216198281386001152
68154,72082964463223552
21050,72091683244737283
70202,72082895743746817
25146,72074168368104193
74298,72065389457048320
270906,216462035327648512
49722,216189347854025473
279098,216470754111259393
197178,76568903185076992
590394,72082895743747840
1114682,76568903453508352
2163258,72065303826203392
68666,72078703822111504
42042,216176574587732752
74810,72061128815936272
271418,216457774686536464
328762,216457637249680144
14394,72113888192103169
38970,216229067678024449
71738,72113750755246849
43066,216194166773777152
75834,72078721001980672
272442,216475366872580864
534586,72113888192104192
559162,216229067678025472
329786,216475229435724544
591930,72113750755247872
45114,216193891895870209
86074,72082895710192387
102458,216193754459013889
331834,216475160716247809
593978,72113682035771137
57402,216180697756336897
172090,220679899337200384
303162,504688150838248192
565306,216193891895871232
1089594,220679899605631744
2138170,216176299978326784
335930,216457654429549312
114746,216180560319480577
344122,216461966576714497
229434,220679761900344064
360506,504688013401391872
622650,216193754459014912
1146938,220679762168775424
2195514,216176162541470464
458810,220961168157577984
1245242,85571704628187904
852026,216475160716248832
1376314,220961168426009344
2424890,216457568798704384
3211322,76564505910379264
986,220697277008708368
3290,76615280238789424
9434,76580104456635184
34010,220695283942556464
10458,76615288828723984
35034,220730468314645264
20698,76617273103614739
41178,220695292532491024
2906,220732529966056192
4954,220732461246579457
9050,220697354183901952
66394,220697285465473792
131930,229704476129235712
525146,220732461246580480
1049434,229704476397667072
3418,220730468314645264
9562,220695292532491024
18778,220732529898947329
35162,508960844466356992
67930,220730339466674944
133466,229737530130436864
1050970,229737530398868224
12634,220730339465626369
69978,220730270747198209
135514,229737461410960129
1053018,229737461679391489
24922,220697354116793089
41306,508925668684202752
139610,229702354348282624
532826,220730339465627392
1057114,229702354616713984
82266,220697285398364929
147802,229704476062126849
541018,220732461179471617
1065306,229704476330558209
196954,229702285629854464
590170,220730270747199232
1114458,229702285898285824
655706,229737461410961152
1573210,229737461679392512
3146074,229702277844239104
3674,76617479262044944
9818,76582303479890704
34394,220697482965811984
68186,76617350414074624
133722,85624541077836544
264794,221014004875657984
1051226,85624541346267904
12890,76617350413026049
21082,76621671150125827
37466,220732529898947329
70234,76617281694597889
135770,85624472358359809
266842,221013936156181249
1053274,85624472626791169
139866,85589365295682304
270938,220978829093503744
533082,76617350413027072
1057370,85589365564113664
98906,220697354117841664
164442,229704544781603584
557658,220732529898948352
1081946,229704545050034944
197210,85589296577254144
328282,220978760375075584
590426,76617281694598912
1114714,85589296845685504
393818,229985951038837504
655962,85624472358360832
787034,221013936156182272
1311322,229985951307268864
1573466,85624472626792192
3146330,85589288791638784
26714,76617487818425089
43098,220730751748932352
141402,85622488049914624
272474,221011951847736064
1058906,85622488318345984
51290,220732667304346369
100442,220730476872073984
165978,229737667535835904
1083482,229737667804267264
28762,76617350379471619
45146,220730476871025409
53338,220732529865392899
86106,76617281661043459
151642,85624472324805379
282714,221013936122626819
1069146,85624472593236739
57434,220697491522192129
172122,229702491753681664
565338,220730476871026432
1089626,229702492022113024
2970,216193746100814608
5018,216193677381337873
17306,216180483241804561
33690,504406530066481936
131994,220679684822668048
263066,504687936323715856
525210,216193677381338896
1049498,220679685091099408
2098074,216176085463794448
3482,216191684382294832
17818,216176153780552497
34202,504404468347962160
66970,216173963348280112
10650,216191692972229392
20890,216193677247120147
24986,216176162370487057
41370,504404476937896720
82330,216176093652058897
3738,72078695329694512
67226,72060974295679792
263834,216457628757263152
10906,72078703919629072
35482,216193883405550352
271002,216457637347197712
98970,216176162371535632
328346,216457568628769552
7322,72111680611418929
11418,72076779707171632
19610,72078695262585649
35994,216191959193092912
68762,72076504830313264
265370,216473159291896624
527514,72111680611419952
13466,72076504829264689
21658,72078557823632179
38042,216191684315185969
74906,72058929824138032
140442,76562512270594864
533658,72076504829265712
1057946,76562512539026224
2106522,72058912911721264
83098,72060974228570929
279706,216457628690154289
165018,220677691756516144
296090,504685943257563952
558234,216191684315186992
1082522,220677692024947504
2131098,216174092397642544
328858,216455438257881904
14490,72111689201353489
22682,72113742195720979
39066,216226868687274769
26778,72078703852520209
43162,216191967783027472
272538,216473167881831184
534682,72111689201354512
51354,216193883338441489
100506,216191692906169104
559258,216226868687275792
28826,72078566413566739
45210,216191692905120529
53402,216193745899488019
86170,72078497695138579
282778,216475152156721939
544922,72113673476245267
286874,216457637280088849
106650,216174117899993872
172186,220677700346450704
303258,504685951847498512
565402,216191692905121552
1089690,220677700614882064
2138266,216174100987577104
114842,216176162304426769
344218,216457568561660689
3866,216193883405550352
34586,504406667371217680
67354,216176162371535632
6938,216228930338685697
35610,504424259557262080
68378,216193754557580032
527130,216228930338686720
13082,216193754556531457
21274,216198075293631235
70426,216193685838103297
529178,216228861619209985
25370,216180560416998145
74522,216176179551404800
140058,220679761997861632
271130,504688013498909440
533274,216193754556532480
1057562,220679762266292992
2106138,216176162638988032
82714,216180491698569985
99098,504406538523247360
295706,1081148757212398336
197402,220679693279433472
328474,504687944780481280
590618,216193685838104320
1114906,220679693547864832
2163482,216176093920559872
1180442,229686884211626752
3146522,220679685493818112
7450,216226868687274769
11546,216191967783027472
19738,216193883338441489
68890,216191692906169104
527642,216226868687275792
13594,216191692905120529
21786,216193745899488019
42266,504404751748694800
75034,216174117899993872
140570,220677700346450704
271642,504685951847498512
533786,216191692905121552
1058074,220677700614882064
2106650,216174100987577104
50458,504406667304108817
83226,216176162304426769
99610,504404476871836432
296218,1081146695560987408
39194,504457244838986497
71962,216226739839304449
43290,504422343934739200
76058,216191710086038272
141594,220695292532495104
272666,504703544033542912
1059098,220695292800926464
2107674,216191693173621504
51482,504424259490153217
84250,216193754490471169
543002,216228930271577857
100634,504422069057880832
297242,1081164287747031808
559386,504457244838987520
592154,216226739839305472
45338,504422069056832257
536858,216226739838256897
53530,504424122051199747
151834,220697276807385859
282906,504705528308433667
1069338,220697277075817219
2117914,216193677448512259
594202,216226671119828737
90394,216176179484295937
155930,220679761930752769
287002,504688013431800577
549146,216193754489423617
1073434,220679762199184129
2122010,216176162571879169
106778,504404494051705600
172314,508908076498162432
565530,504422069056833280
1089818,508908076766593792
2138394,504404477139288832
1188122,229684762430673664
3154202,220677563712865024
114970,504406538456138497
311578,1081148757145289473
213274,220679693212324609
344346,504687944713372417
606490,216193685770995457
1130778,220679693480755969
2179354,216176093853451009
1196314,229686884144517889
3162394,220679685426709249
360730,1081146566713017088
1245466,229684693712245504
3211546,220677494994436864
3277082,229684685658198784
7706,72113879634674449
11802,72078978730427152
36378,216194158216348432
69146,72078703853568784
265754,216475358315152144
527898,72113879634675472
13850,72078703852520209
38426,216193883338441489
26138,72065509712986897
75290,72061128847393552
140826,76564711293850384
534042,72078703852521232
1058330,76564711562281744
2106906,72061111934976784
50714,216180689198908177
165402,220679890779771664
296474,504688142280819472
558618,216193883338442512
1082906,220679891048203024
2131482,216176291420898064
329242,216457637281137424
23066,72118140242232067
72218,72113750786704129
268826,216510405248287489
27162,72083101899031297
76314,72078721033437952
141850,76582303479894784
1059354,76582303748326144
2107930,72078704121021184
51738,216198281384952577
166426,220697482965816064
297498,504705734466863872
1083930,220697483234247424
2132506,216193883606942464
330266,216475229467181824
592410,72113750786705152
789018,216510405248288512
29210,72082964460077827
274970,216475229466133249
537114,72113750785656577
53786,216198143945999107
86554,72082895741649667
283162,216479550203233027
545306,72118071522756355
102938,216193754490471169
561690,216228930271577857
332314,216475160747705089
594458,72113682067228417
791066,216510336528811777
287258,216462035326599937
336410,216457654461006592
401946,220961236907463424
1188378,85571773378073344
795162,216475229466134272
1319450,220961237175894784
2368026,216457637548589824
3154458,76564574660264704
115226,216180560350937857
344602,216461966608171777
229914,220679761931801344
360986,504688013432849152
623130,216193754490472192
1147418,220679762200232704
2195994,216176162572927744
1212954,229686952863994624
3179034,220679754146185984
459290,220961168189035264
1245722,85571704659645184
852506,216475160747706112
1376794,220961168457466624
2425370,216457568830161664
3211802,76564505941836544
1442330,229968359121228544
3277338,85571696605598464
3408410,220961160403419904
23578,72113879601120019
44058,216192517505286928
29722,72078703818965779
54298,216193883304887059
58394,216176574586684177
287770,216457774685487889
115738,216176299709825809
47130,216227152121561857
276506,216508352220365569
88090,72113750753149699
284698,216510405214733059
104474,216226877244703489
59418,216194166772728577
288794,216475366871532289
550938,72113888191055617
567322,216227152121562880
796698,216508352220366592
116762,216193891895870209
575514,216229067676976897
624666,216226877244704512
290842,216475229432578819
552986,72113750752102147
569370,216226877243655937
118810,216193754456916739
577562,216228930238023427
348186,216475160714150659
610330,72113682033673987
806938,216510336495257347
122906,216176316889694977
188442,220679899336151809
319514,504688150837199617
581658,216193891894822657
1105946,220679899604583169
2154522,216176299977278209
1220634,229684899836072704
3186714,220677701118264064
1514,220697341232939824
2538,220732525605028624
4586,220732456885551889
66026,220697276810527504
131562,229704471768208144
524778,220732456885552912
1049066,229704472036639504
3306,76617474934571824
34026,220697478638338864
35050,220732663010427664
2922,220736923651539712
4970,220736854932062977
17258,220710466652996353
66410,220701674857038592
131946,229708869814719232
525162,220736854932064000
1049450,229708870083150592
3434,220732663010427664
10602,220732667305394944
35178,508963039162139392
67946,220732529868538624
133482,229739724826219264
1050986,229739725094650624
20842,220736854898508547
69994,220732461149061889
135530,229739656106742529
1053034,229739656375173889
74090,220697354086384384
196970,229704476031718144
590186,220732461149062912
1114474,229704476300149504
655722,229739656106743552
1573226,229739656375174912
3146090,229704472540021504
35434,220737061056938752
21098,76630462915674883
35946,220732937871557392
68714,76617479214859024
134250,85624674172539664
265322,221014137970361104
1051754,85624674440971024
37994,220732662993650449
74858,76582303432704784
99434,220697482918626064
164970,229704677876306704
558186,220732662993651472
1082474,229704678144738064
39018,220803031737828097
43114,220732942166524672
141418,85624678467506944
272490,221014142265328384
1058922,85624678735938304
51306,220737061040161537
297066,509244514122072832
559210,220803031737829120
2132074,220732663262151424
198762,85624541030650624
329834,221014004828472064
1116266,85624541299081984
395370,230021199786152704
1312874,230021200054584064
3147882,85624537538953984
45162,220732667288617729
77930,76617350365840129
53354,220736923601208067
86122,76621671102939907
151658,85628866060620547
282730,221018329858441987
1069162,85628866329051907
102506,220732529851761409
168042,229739724809442049
1085546,229739725077873409
200810,85624472311173889
331882,221013936108995329
1118314,85624472579605249
397418,230021131066675969
1314922,230021131335107329
3149930,85624468819477249
172138,229704682171273984
565354,220732667288618752
1089642,229704682439705344
204906,85589365248496384
335978,220978829046317824
598122,76617350365841152
1122410,85589365516927744
229482,229704544734417664
622698,220732529851762432
1146986,229704545002849024
688234,229739724809443072
1605738,229739725077874432
3178602,229704541242721024
458858,229985950991651584
721002,85624472311174912
852074,221013936108996352
1376362,229985951260082944
1638506,85624472579606272
3211370,85589288744452864
917610,230021131066676992
1835114,230021131335108352
3407978,229985947499954944
3670122,85624468819478272
1962,216180547533144880
17322,216189274906690321
66474,216180483110732560
5546,216193741605569329
17834,216180547466036017
132522,220679749046899504
263594,504688000547947312
525738,216193741605570352
1050026,220679749315330864
2098602,216176149688025904
6570,216228925977658129
10666,216193883339490064
35242,504424255196234512
68010,216193745902633744
526762,216228925977659152
20906,216198070932603667
70058,216193677183157009
528810,216228857258182417
41386,504406667305157392
82346,216180483043623697
98730,504406529868301072
295338,1081148752851370768
197034,220679684624487184
328106,504687936125534992
590250,216193677183158032
1114538,220679684892918544
2163114,216176085265613584
1180074,229686879850599184
3146154,220679681132790544
3754,72083089015178032
9898,72065501124100912
18090,72074155483202353
67242,72065363687244592
263850,216462022442746672
35498,216198277091033872
21162,72091678949770003
41642,216180689199956752
74410,72065372277179152
49834,216189343559058193
82602,72074091060790033
279210,216470749816292113
98986,216180551763100432
328362,216461958020334352
7338,72113875307201329
36010,216194153888875312
68778,72078695232176944
265386,216475353987679024
527530,72113875307202352
38058,216193879010968369
42154,216176565997798192
271530,216457766096601904
50346,216180684871435057
165034,220679886452298544
296106,504688137953346352
558250,216193879010969392
1082538,220679886720729904
2131114,216176287093424944
328874,216457628659745584
39082,216229063383057169
75946,72078703822111504
100522,216193883308032784
559274,216229063383058192
336042,216457637249680144
3882,216198277091033872
10026,216180689199956752
18218,216189343559058193
34602,504411061056701200
67370,216180551763100432
6954,216233324024169217
11050,216198281386001152
19242,216206935745102593
35626,504428653242745600
68394,216198143949144832
527146,216233324024170240
70442,216198075229668097
529194,216233255304693505
25386,216189347854025473
41770,504411065351668480
49962,504419719710769921
148266,220692874466956033
279338,504701125968003841
541482,216206867025626881
1065770,220692874735387393
2114346,216189275108082433
99114,504410927914812160
295722,1081153150897881856
197418,220684082670998272
328490,504692334172046080
590634,216198075229669120
1114922,220684082939429632
2163498,216180483312124672
1180458,229691277897110272
3146538,220684079179301632
7466,216229063383057169
68906,216193883308032784
527658,216229063383058192
99626,504406667273700112
296234,1081148890256769808
14634,216229067678024449
22826,216233323990614787
39210,504459439534768897
71978,216228930241168129
534826,216229067678025472
100650,504424259459744512
297258,1081166482442814208
559402,504459439534769920
592170,216228930241169152
78122,216193754459013889
86314,216198075196113667
545066,216233255271139075
594218,216228861521692417
90410,216180560319480577
303402,1081148894551737088
205098,220679761900344064
336170,504688013401391872
598314,216193754459014912
1122602,220679762168775424
2171178,216176162541470464
360746,1081148757114880768
1245482,229686884114109184
3211562,220679685396300544
3277098,229686880353981184
75306,72065509682578192
50730,216189480964457233
99882,216180689168499472
23082,72126932007781123
39466,216233461429568257
76330,72083101868622592
51754,216207073150501633
100906,216198281354543872
559658,216233461429569280
53802,216206935711548163
86570,72091683213280003
283178,216488341968782083
545322,72126863288305411
57898,216189485259424513
90666,72074168336646913
336426,216462035296191232
115242,216189347822568193
344618,216470754079802113
23594,72118273336935187
39978,216229338244186897
72746,72113879587488529
269354,216510538342990609
44074,216194707922879248
76842,72078978683241232
101418,216194158169162512
560170,216229338244187920
330794,216475358267966224
592938,72113879587489552
789546,216510538342991632
78890,72078703805334289
54314,216198277040702227
103466,216193883291255569
562218,216229063366280977
91178,72065509665800977
205866,76564711246664464
599082,72078703805335312
1123370,76564711515095824
2171946,72061111887790864
115754,216180689151722257
230442,220679890732585744
361514,504688142233633552
623658,216193883291256592
1147946,220679891001017104
2196522,216176291373712144
1213482,229687085958697744
3179562,220679887240889104
30762,72118277631902467
47146,216229342539154177
276522,216510542637957889
88106,72118140195046147
284714,216514798950548227
170026,220732662993654529
301098,504740914494702337
563242,216299432110458625
1087530,220732663262085889
2136106,216229063634780929
333866,216510405201101569
92202,72083101851845377
567338,216229342539155200
206890,76582303432708864
1124394,76582303701140224
2172970,72078704073835264
796714,216510542637958912
116778,216198281337766657
575530,216233461412792065
231466,220697482918630144
362538,504705734419677952
1148970,220697483187061504
2197546,216193883559756544
690218,220732662993655552
1214506,229704678144742144
821290,504740914494703360
1607722,220732663262086912
2656298,216229063634781952
3180586,220697479426933504
854058,216510405201102592
61482,216198281335669507
94250,72082964412891907
569386,216229067661248257
340010,216475229418947329
602154,72113750738470657
118826,216198143898813187
577578,216233323973838595
348202,216479550156047107
610346,72118071475570435
806954,216514730231072515
626730,216228930224391937
856106,216510336481625857
352298,216462035279414017
1220650,229687090253665024
3186730,220679891535856384
466986,220961236860277504
1253418,85571773330887424
860202,216475229418948352
1384490,220961237128708864
2433066,216457637501403904
3219498,76564574613078784
1277994,229686952816808704
3244074,220679754099000064
3309610,229686949056680704
1507370,229968359074042624
3342378,85571696558412544
3473450,220961160356233984
3538986,229968355313914624
1994,220697341299000112
3018,220732525671088912
5066,220732456951612177
132042,229704471834268432
525258,220732456951613200
1049546,229704472102699792
5578,220730326580724529
9674,220695283942556464
17866,220697341231891249
34250,508925655799300912
132554,229702341463380784
525770,220730326580725552
1050058,229702341731812144
10698,220730468314645264
18890,220732525603980049
35274,508960840171389712
133578,229737525835469584
1051082,229737526103900944
135626,229737457115992849
1053130,229737457384424209
147914,229704471767159569
541130,220732456884504337
1065418,229704472035590929
655818,229737457115993872
1573322,229737457384425232
3146186,229702273549271824
5834,76617337528124209
9930,76582294889956144
132810,85589352410780464
263882,220978816208601904
526026,76617337528125232
1050314,85589352679211824
10954,76617479262044944
133834,85624536782869264
264906,221014000580690704
1051338,85624537051300624
21194,76621666855158547
37578,220732525603980049
135882,85624468063392529
266954,221013931861213969
1053386,85624468331823889
41674,220697482965811984
164554,229704540486636304
557770,220732525603981072
1082058,229704540755067664
393930,229985946743870224
656074,85624468063393552
787146,221013931861214992
1311434,229985947012301584
1573578,85624468331824912
3146442,85589284496671504
19658,76617474933523249
36042,220730738864030512
134346,85622475165012784
265418,221011938962834224
1051850,85622475433444144
21706,76617337494569779
38090,220730463986123569
50378,220697478637290289
165066,229702478868779824
558282,220730463986124592
1082570,229702479137211184
51402,220732663009379089
166090,229737663240868624
1083594,229737663509299984
53450,220732525570425619
151754,85624468029838099
282826,221013931827659539
1069258,85624468298269459
5962,220732525603980049
10058,220697482965811984
34634,508927854822556432
132938,229704540486636304
526154,220732525603981072
1050442,229704540755067664
6986,220802894348157697
19274,220736923650491137
68426,220732529899995904
265034,509244376732402432
527178,220802894348158720
2100042,220732525872481024
13130,220732529898947329
37706,508962901755691777
70474,220732461180519169
267082,509244308012925697
529226,220802825628681985
2102090,220732457153004289
41802,508927859117523712
74570,220697354117841664
140106,229704544781603584
533322,220732529898948352
1057610,229704545050034944
148298,229708869813670657
541514,220736854931015425
1065802,229708870082102017
164682,517934916638348032
295754,1085669944663737088
557898,508962901755692800
1082186,517934916906779392
197450,229704476063175424
590666,220732461180520192
1114954,229704476331606784
394058,518216322895581952
1180490,247718870545076992
2229066,229704472035660544
787274,509244308012926720
1311562,518216323164013312
2622282,220732457153005312
19786,220732663009379089
134474,229737663240868624
1051978,229737663509299984
21834,220732525570425619
22858,220802894314603267
26954,220732667304346369
76106,220730476872073984
141642,229737667535835904
1059146,229737667804267264
51530,508963039161090817
149834,229739724825170689
1067338,229739725093602049
166218,517968039392580352
297290,1085703067417969408
1083722,517968039661011712
3148106,229737526607282944
29002,220732529865392899
53578,508962901722137347
86346,220732461146964739
282954,509244307979371267
545098,220802825595127555
2117962,220732457119449859
3150154,229737457887806209
672074,229739656105694977
1589578,229739656374126337
3162442,229704472538972929
3670346,229737457887807232
36426,220732937887286032
134730,85624674188268304
265802,221014137986089744
1052234,85624674456699664
38474,220732663009379089
165450,229704677892035344
558666,220732663009380112
1082954,229704678160466704
39498,220803031753556737
43594,220732942182253312
76362,76617487819473664
141898,85624678483235584
272970,221014142281057024
1059402,85624678751666944
51786,220737061055890177
100938,220732667305394944
297546,509244514137801472
559690,220803031753557760
2132554,220732663277880064
395850,230021199801881344
1313354,230021200070312704
3148362,85624537554682624
45642,220732667304346369
53834,220736923616936707
152138,85628866076349187
283210,221018329874170627
1069642,85628866344780547
168522,229739724825170689
1086026,229739725093602049
397898,230021131082404609
1315402,230021131350835969
3150410,85624468835205889
107082,220697491523240704
172618,229704682187002624
565834,220732667304347392
1090122,229704682455433984
688714,229739724825171712
1606218,229739725093603072
3179082,229704541258449664
918090,230021131082405632
1835594,230021131350836992
3408458,229985947515683584
3670602,85624468835206912
23626,76687843660923667
44106,220731292898034448
52298,220732937870508817
150602,85624674171491089
281674,221014137969312529
1068106,85624674439922449
166986,229737938101998352
1084490,229737938370429712
396362,230019138200802064
1313866,230019138469233424
3148874,85622475953603344
29770,76617479211713299
152650,85624536732537619
283722,221014000530359059
1070154,85624537000968979
169034,229737663224091409
1086538,229737663492522769
181322,229704677875258129
574538,220732662992602897
1098826,229704678143689489
689226,229737663224092432
1606730,229737663492523792
3179594,229702479657370384
30794,76687847955890947
153674,85694905476715267
284746,221084369274536707
546890,76828443710326531
1071178,85694905745146627
170058,229808031968269057
563274,220941570201880321
1087562,229808032236700417
59466,220732942165476097
92234,76617487802696449
157770,85624678466458369
288842,221014142264279809
1075274,85624678734889729
108618,220730751733203712
174154,229737942396965632
1091658,229737942665396992
206922,85622488034185984
337994,221011951832007424
1124426,85622488302617344
403530,230019142495769344
1321034,230019142764200704
3156042,85622480248570624
116810,220732667288617729
313418,509244514121024257
575562,220803031736780545
2148426,220732663261102849
411722,230021199785104129
1329226,230021200053535489
3164234,85624537537905409
231498,229737667520107264
1149002,229737667788538624
428106,518249514352513792
690250,229808031968270080
1214538,247752062002008832
2263114,229737663492592384
1345610,518249514620945152
1607754,229808032236701440
3409994,230019001567216384
94282,76617350363742979
159818,85624541027504899
290890,221014004825326339
1077322,85624541295936259
110666,220730476855296769
176202,229737667519058689
1093706,229737667787490049
118858,220732529849664259
315466,509244376682070787
577610,220802894297827075
2150474,220732525822149379
217162,85624472309076739
348234,221013936106898179
1134666,85624472577508099
675914,85694836757239555
1200202,103638866790978307
2248778,85624468281561859
806986,221084300555060995
2379850,221013932079383299
1593418,85694837025670915
3182666,229737526590505729
3412042,230018932847739649
122954,220697491506463489
188490,229704682170225409
581706,220732667287570177
1105994,229704682438656769
237642,229702491737953024
630858,220730476855297792
1155146,229702492006384384
696394,229737667519059712
1613898,229737667787491072
3186762,229702483952337664
704586,229739724808394497
1622090,229739725076825857
3194954,229704541241672449
933962,230021131065628417
1851466,230021131334059777
3424330,229985947498906369
3686474,85624468818429697
3702858,229737526590506752
3932234,230018932847740672
6026,216193741671629617
18314,216180547532096305
67466,216176153781601072
133002,220679749112959792
264074,504688000614007600
526218,216193741671630640
1050506,220679749381391152
2099082,216176149754086192
7050,216228926043718417
11146,216193883405550352
35722,504424255262294800
527242,216228926043719440
21386,216198070998663955
529290,216228857324242705
41866,504406667371217680
74634,216176162371535632
295818,1081148752917431056
1180554,229686879916659472
3146634,220679681198850832
11658,216191959193092912
36234,504422331049837360
69002,216191684316234544
134538,220695279647593264
265610,504703531148641072
1052042,220695279916024624
2100618,216191680288719664
13706,216191684315185969
38282,504422056171930417
529802,216226726953355057
42378,504404743158760240
140682,220677691756516144
271754,504685943257563952
533898,216191684315186992
1058186,220677692024947504
2106762,216174092397642544
83338,216176153714492209
148874,220679749045850929
279946,504688000546898737
542090,216193741604521777
1066378,220679749314282289
2114954,216176149686977329
99722,504404468281901872
165258,508908063613260592
558474,504422056171931440
1082762,508908063881691952
2131338,504404464254386992
1181066,229684749545771824
3147146,220677550827963184
14730,216226868687274769
39306,504457240544019217
27018,216193883338441489
76170,216191692906169104
534922,216226868687275792
51594,504424255195185937
543114,216228925976610577
297354,1081164283452064528
559498,504457240544020240
29066,216193745899488019
53642,504424117756232467
86410,216193677181059859
151946,220697272512418579
283018,504705524013466387
1069450,220697272780849939
2118026,216193673153544979
57738,504406667304108817
90506,216176162304426769
106890,504404476871836432
303498,1081146695560987408
311690,1081148752850322193
1196426,229686879849550609
3162506,220679681131741969
3277194,229684681363231504
11914,72078970140492592
20106,72083089014129457
69258,72078695263634224
134794,76582290594992944
1052298,76582290863424304
2100874,72078691236119344
13962,72078695262585649
22154,72082951575175987
267914,216475216581231409
530058,72113737900754737
26250,72065501123052337
140938,76564702703915824
534154,72078695262586672
1058442,76564702972347184
2107018,72061103345042224
280202,216462022441698097
329354,216457628691202864
394890,220961224022561584
1181322,85571760493171504
788106,216475216581232432
1312394,220961224290992944
2360970,216457624663687984
3147402,76564561775362864
14986,72113879634674449
23178,72118135947264787
268938,216510400953320209
43658,216194158216348432
76426,72078703853568784
273034,216475358315152144
535178,72113879634675472
51850,216198277089985297
101002,216193883339490064
166538,220697478670848784
297610,504705730171896592
1084042,220697478939280144
2132618,216193879311975184
789130,216510400953321232
45706,216193883338441489
53898,216198139651031827
283274,216479545908265747
545418,72118067227789075
561802,216228925976610577
791178,216510332233844497
57994,216180689198908177
172682,220679890779771664
303754,504688142280819472
565898,216193883338442512
1090186,220679891048203024
2138762,216176291420898064
336522,216457637281137424
1213066,229686948569027344
3179146,220679749851218704
1442442,229968354826261264
3277450,85571692310631184
3408522,220961156108452624
40074,216227139236660017
269450,216508339335463729
44170,216192508915352368
52362,216194153887826737
281738,216475353986630449
543882,72113875306153777
560266,216227139236661040
789642,216508339335464752
29834,72078695229031219
283786,216475216547676979
545930,72113737867200307
562314,216226864358754097
58506,216176565996749617
91274,72061111633969969
287882,216457766095553329
107658,216174375564477232
337034,216455575663280944
115850,216176291119891249
181386,220679886451249969
312458,504688137952297777
574602,216193879009920817
1098890,220679886719681329
2147466,216176287092376369
1213578,229684886951170864
3179658,220677688233362224
30858,72113879601120019
284810,216510400919765779
575626,216229063382009617
61578,216193883304887059
577674,216228925943056147
807050,216510332200290067
123018,216176299709825809
12042,216194158216348432
20234,216198277089985297
36618,504424530073092880
69386,216193883339490064
134922,220697478670848784
265994,504705730171896592
1052426,220697478939280144
2101002,216193879311975184
14090,216193883338441489
22282,216198139651031827
38666,504424255195185937
530186,216228925976610577
26378,216180689198908177
42762,504406942182015760
141066,220679890779771664
272138,504688142280819472
534282,216193883338442512
1058570,220679891048203024
2107146,216176291420898064
50954,504411061055652625
100106,504406667305157392
165642,508910262636516112
558858,504424255195186960
1083146,508910262904947472
2131722,504406663277642512
1181450,229686948569027344
3147530,220679749851218704
72458,216228930272625409
137994,220732525603984129
269066,504740777105031937
531210,216299294720788225
1055498,220732525872415489
2104074,216228926245110529
27402,216198281384952577
43786,504424534368060160
142090,220697482965816064
273162,504705734466863872
1059594,220697483234247424
2108170,216193883606942464
51978,504428653241697025
543498,216233324023121665
101130,504424259491201792
166666,508927854822560512
1084170,508927855090991872
2132746,504424255463686912
592650,216228930272626432
658186,220732525603985152
1182474,229704540755071744
789258,504740777105032960
1575690,220732525872416512
2624266,216228926245111552
3148554,220697342037263104
29450,216198143945999107
45834,504424259490153217
78602,216193754490471169
537354,216228930271577857
54026,504428515802743555
86794,216198075227570947
152330,220701670558929667
283402,504709922059977475
1069834,220701670827361027
2118410,216198071200056067
299786,1081166345036366593
561930,504459302128322305
594698,216228861553149697
660234,220732456884508417
1184522,229704472035595009
791306,504740708385556225
1577738,220732457152939777
2626314,216228857525634817
3150602,220697273317786369
58122,504411065350619905
90890,216180560350937857
172810,508910266931483392
566026,504424259490154240
1090314,508910267199914752
2138890,504406667572609792
205578,220679761931801344
336650,504688013432849152
598794,216193754490472192
1123082,220679762200232704
2171658,216176162572927744
1188618,229686952863994624
3154698,220679754146185984
312074,1081153150896833281
1196810,229691277896061697
3162890,220684079178253057
361226,1081148757146338048
426762,1085652352477696768
1213194,517917324720739072
819978,1081166345036367616
1344266,1085652352746128128
2392842,1081148753118823168
3179274,508910126002930432
1245962,229686884145566464
3212042,220679685427757824
1442570,518198730977972992
1704714,229704472035596032
3408650,509191532260164352
3670794,220697273317787392
544010,216229063382009617
29962,216193883304887059
54538,504424255161631507
546058,216228925943056147
91402,216176299709825809
312586,1081148890255721233
80138,216226877244703489
88330,216228930239070979
153866,220732525570429699
284938,504740777071477507
547082,216299294687233795
1071370,220732525838861059
2119946,216228926211556099
301322,1081199467790598913
92426,216193891895870209
551178,216229067676976897
600330,216226877244704512
313610,1081166482441765633
575754,504459439533721345
821514,1081199467790599936
61706,504424259456598787
94474,216193754456916739
553226,216228930238023427
315658,1081166345002812163
577802,504459302094767875
610570,216228861519595267
676106,220732456850953987
1200394,229704472002040579
807178,504740708352001795
1593610,220732457119385347
2642186,216228857492080387
3166474,220697273284231939
123146,504406675861537537
319754,1081148894550688513
368906,1081146704118416128
3293450,229686880352932609
24074,72118273352663827
40458,216229338259915537
269834,216510538358719249
44554,216194707938607888
560650,216229338259916560
790026,216510538358720272
54794,216198277056430867
562698,216229063382009617
108042,216176574587732752
337418,216457774686536464
1213962,229687085974426384
3180042,220679887256617744
31242,72118277647631107
47626,216229342554882817
80394,72113888192103169
277002,216510542653686529
285194,216514798966276867
104970,216229067678024449
170506,220732663009383169
301578,504740914510430977
563722,216299432126187265
1088010,220732663277814529
2136586,216229063650509569
109066,216194166773777152
567818,216229342554883840
338442,216475366872580864
600586,72113888192104192
797194,216510542653687552
576010,216233461428520705
625162,216229067678025472
690698,220732663009384192
1214986,229704678160470784
821770,504740914510432000
1608202,220732663277815552
2656778,216229063650510592
3181066,220697479442662144
61962,216198281351398147
111114,216193891895870209
569866,216229067676976897
578058,216233323989567235
807434,216514730246801155
123402,216180697756336897
238090,220679899337200384
369162,504688150838248192
631306,216193891895871232
1155594,220679899605631744
2204170,216176299978326784
1221130,229687090269393664
3187210,220679891551585024
3310090,229686949072409344
3539466,229968355329643264
31754,72114154462249747
48138,216227693270663953
89098,72113879585391379
154634,76617474916750099
547850,72184244033554195
1072138,76617475185181459
2120714,72113875557876499
60426,216194707921830673
109578,216192517489558288
568330,216227693270664976
576522,216229338243139345
805898,216510538341943057
62474,216194158166016787
95242,72078703803237139
291850,216475358264820499
553994,72113879584343827
119818,216193883289158419
185354,220697478620517139
316426,504705730121564947
1102858,220697478888948499
2151434,216193879261643539
807946,216510400902989587
123914,216176574570955537
353290,216457774669759249
1229834,229687085957649169
3195914,220679887239840529
3310602,229684887471330064
161802,76617479211717379
555018,72184248328521475
1079306,76617479480148739
2127882,72113879852843779
112650,216227152105833217
342026,216508352204636929
350218,216510405199004419
415754,221014000530363139
1202186,85624537000973059
808970,216580769647167235
1333258,221014000798794499
2381834,216510401171489539
3168266,76617338283164419
1218570,229737663492526849
3184650,220730464774718209
124938,216194166756999937
583690,216229342538106625
354314,216475366855803649
616458,72113888175326977
813066,216510542636910337
632842,216227152105834240
862218,216508352204637952
641034,216229067661248257
706570,220732662992606977
1230858,229704678143693569
837642,504740914493654785
1624074,220732663261038337
2672650,216229063633733377
3196938,220697479425884929
1738762,229737663492527872
3311626,229702479657374464
3704842,220730464774719232
192522,220697482915484419
323594,504705734416532227
1110026,220697483183915779
2158602,216193883556610819
356362,216475229416850179
618506,72113750736373507
815114,216510405197956867
634890,216226877227927297
643082,216228930222294787
708618,220732525553653507
1232906,229704540704740099
839690,504740777054701315
1626122,220732525822084867
2674698,216228926194779907
3198986,220697341986931459
872458,216510336479528707
937994,221013931810887427
1462282,229985946961974019
1724426,85624468281497347
3297290,85589284446343939
1855498,221013932079318787
2904074,216510332452013827
3428362,220978748244165379
3690506,76617269563688707
253962,220679899320423169
385034,504688150821470977
647178,216193891879094017
1171466,220679899588854529
2220042,216176299961549569
1237002,229687090252616449
3203082,220679891534807809
1286154,229684899820344064
3252234,220677701102535424
3317770,229684891766297344
3325962,229686949055632129
3555338,229968355312866049
3314,4559885225165104
9458,4524709443010864
66802,4524572006154544
525554,4559747786212144
10482,4559893815099664
67826,4559756378243344
69874,4559687658766609
532722,4559756376146704
196850,13531702541422864
1114354,13531702809854224
655602,13566878321480464
1573106,13566878589911824
10610,76617487853027584
35186,220732667338948864
67954,76617350416171264
70002,76617281696694529
41330,220697491556794624
532850,76617350414074624
98674,220697354119938304
557426,220732529899995904
196978,85589296579350784
328050,220978760377172224
1114482,85589296847782144
655730,85624472359408384
786802,221013936157229824
1573234,85624472627839744
10866,4564291861610752
68210,4564154424754432
21106,4572873206268163
70258,4564085705277697
533106,4564154422657792
82546,4537697426211073
541298,4572873206268673
197234,13536100587933952
1114738,13536100856365312
655986,13571276367991552
1573490,13571276636422912
68722,4559893783642384
533618,4559893781545744
590962,4559756344689424
75890,4559910963511552
141426,13567093036290304
534642,4630262525723392
1058930,13567093304721664
100466,76617487821570304
198770,13566955599433984
591986,4630125088867072
1116274,13566955867865344
86130,4564085671723267
200818,13566886879957249
594034,4630056369390337
1118322,13566887148388609
565362,76617487819473664
598130,4559773524558592
663666,13566955597337344
1581170,13566955865768704
606322,4564085671723777
622706,76617350382617344
852082,76898756639851264
2687090,4559687893713664
3211378,13531703313236224
3670130,13566879093293824
66482,72065303759028496
9650,72061111734632752
34226,216176291220554032
66994,72060974297776432
41394,216176299810488592
98738,216176162373632272
328114,216457568630866192
590258,72078497764344592
9906,7915743215920
67250,7778306359600
82610,16505679905041
590514,25301772927760
7346,56285597794609
11442,21384693547312
13490,21109815640369
70834,20972378784049
529586,56148158841649
25778,7915676107057
42162,72061386545430832
140466,4507117256970544
271538,72342586644234544
1057970,4507117525401904
2106546,3517898096944
83122,7778239250737
296114,216457766130155824
558258,72078695263634224
197810,4506979820114224
328882,72342449207378224
1115314,4506980088545584
2163890,3380461240624
14514,56294187729169
71858,56156750872849
75954,21126997606672
100530,72078703855665424
559282,72113879635723024
536754,56156748776209
86194,25301705818387
544946,60477485875987
106674,72061128849490192
303282,216457774720090384
565426,72078703853568784
598194,20989558653712
606386,25301705818897
360626,216457637283234064
622770,72078566416712464
721074,4524503286682384
1245362,13514110623813904
852146,72359972673946384
1638578,4524503555113744
2687154,20903927808784
3211442,4506911906005264
41778,216180697856999680
82738,72074099717832961
99122,216180560420143360
328498,216461966677377280
590642,72082895810855680
68914,72078703855665424
527666,72113879635723024
42290,216176574621286672
75058,72061128849490192
271666,216457774720090384
533810,72078703853568784
558386,216193883339490064
329010,216457637283234064
591154,72078566416712464
14642,72113888225657089
39218,216229067711578369
71986,72113750788800769
43314,216194166807331072
76082,72078721035534592
272690,216475366906134784
330034,216475229469278464
788786,216510405249336064
45362,216193891929424129
536882,72113750786704129
86322,72082895743746307
545074,72118071523803907
102706,216193754492567809
561458,216228930272625409
332082,216475160749801729
790834,216510336529859329
57650,216180697789890817
172338,220679899370754304
303410,504688150871802112
1089842,220679899639185664
2138418,216176300011880704
336178,216457654463103232
598322,72078583596581632
794930,216475229467181824
114994,216180560353034497
344370,216461966610268417
606514,72082895743746817
229682,220679761933897984
360754,504688013434945792
1147186,220679762202329344
2195762,216176162575024384
459058,220961168191131904
721202,76582097324610304
1245490,85571704661741824
1376562,220961168459563264
2425138,216457568832258304
1638706,76582097593041664
2687282,72078497965736704
3211570,76564505943933184
69170,25507864248592
527922,60683644306192
26162,16711769129233
75314,7932858073360
534066,25507862151952
83506,16574332272913
99890,72065509716132112
591410,25370425295632
14898,60692234240257
23090,69342298374403
72242,60554797383937
27186,34303955173633
76338,25525044117760
84530,34166518317313
543282,69342298374913
100914,72083101902176512
559666,72118277682234112
29234,34166516220163
537138,60554795287297
57906,72074305807057153
90674,16591512142081
549426,34166516220673
107058,72065526896001280
303666,216462172766601472
565810,72083101900079872
598578,25387605164800
115250,72074168370200833
213554,4520105240170753
344626,72355574627434753
1131058,4520105508602113
2179634,16505881297153
361010,216462035329745152
623154,72082964463223552
721458,4528901333193472
1245746,13518508670324992
852530,72364370720457472
1638962,4528901601624832
2687538,25301974319872
3211826,4511309952516352
72754,56294156271889
535602,56569032082192
537650,56294154175249
594994,56156717318929
599090,21126964052752
361522,216457774688633104
623666,72078703822111504
30770,60692200685827
79922,56311336141057
538674,126662898352897
88114,60554763829507
104498,72113888194199809
596018,126525461496577
550962,60692200686337
567346,72114163070010112
665650,4559893781549824
796722,72395363168813824
1583154,4559894049981184
2631730,56294422676224
608306,60554763830017
362546,216475366874677504
821298,216510542654735104
722994,4559756344693504
854066,72395225731957504
1640498,4559756613124864
2689074,56156985819904
553010,60554761732867
569394,72113888192103169
602162,56173897188097
626738,72113750755246849
725042,4559687625216769
856114,72395157012480769
1642546,4559687893648129
2691122,56088266343169
368690,216457791868502272
630834,72078721001980672
827442,216475366872580864
884786,216475229435724544
1769522,13531702776304384
3342386,13514111127195904
3735602,4524504058495744
525266,76617273304941328
3794,4559885291225392
9938,4524709509071152
526034,4559747852272432
10962,4559893881159952
533202,4559756442206992
590546,4559687723778832
656082,13566878387540752
1573586,13566878655972112
11474,4557969668702512
19666,4559885224116529
68818,4557694791844144
134354,13564885455606064
527570,4628054945039152
1051858,13564885724037424
13522,4557694790795569
21714,4559747785163059
25810,4524709441962289
140498,13529709673451824
1058002,13529709941883184
541906,4559747785163569
558290,76615280238789424
591058,4557557352891184
656594,13564748016653104
1574098,13564748285084464
26834,4559893814051089
141522,13564894045540624
534738,4628063534973712
1059026,13564894313971984
28882,4559756375097619
86226,4559687656669459
151762,13566878320431379
544978,4630047809864467
1069266,13566878588862739
549074,4559756375098129
565458,76615288828723984
663762,13564756606587664
1581266,13564756875019024
606418,4559687656669969
671954,13566878320431889
1589458,13566878588863249
721106,13564687888159504
1638610,13564688156590864
3670226,13564680102544144
11090,76617487919087872
35666,220732667405009152
41810,220697491622854912
533330,76617350480134912
557906,220732529966056192
590674,76617281761706752
656210,85624472425468672
787282,221013936223290112
1573714,85624472693900032
533842,76615288828723984
558418,220730468314645264
26962,76617487851979009
43346,220730751782486272
141650,85622488083468544
272722,221011951881289984
534866,76685657572901632
1059154,85622488351899904
51538,220732667337900289
100690,220730476905627904
166226,229737667569389824
559442,220800837058822912
1083730,229737667837821184
29010,76617350413025539
45394,220730476904579329
53586,220732529898946819
86354,76617281694597379
151890,85624472358359299
282962,221013936156180739
545106,76687641847792387
1069394,85624472626790659
57682,220697491555746049
549202,76617350413026049
172370,229702491787235584
1089874,229702492055666944
663890,85622350644515584
794962,221011814442337024
1581394,85622350912946944
573778,220732529898947329
606546,76617281694597889
672082,85624472358359809
803154,221013936156181249
1589586,85624472626791169
622930,220730339466674944
688466,229737530130436864
1605970,229737530398868224
721234,85622281926087424
852306,221011745723908864
1638738,85622282194518784
917842,230018936387670784
1835346,230018936656102144
3670354,85622274140472064
11858,4560168691958032
69202,4559893815099664
134738,13567084478861584
527954,4630253968294672
1052242,13567084747292944
13906,4559893814051089
140882,13531908696707344
1058386,13531908965138704
558674,76617479262044944
591442,4559756376146704
656978,13566947039908624
1574482,13566947308339984
14930,4630262558228737
531026,4770854017696513
27218,4564291860562177
43602,76617762729885952
76370,4559910994968832
272978,76898962828689664
2107986,4559894082552064
100946,76617487853027584
166482,85624678516789504
297554,221014142314610944
559698,76687848006222592
1083986,85624678785220864
199250,13566955630891264
592466,4630125120324352
1116754,13566955899322624
658002,13637315784086272
1575506,13637316052517632
3148370,13566947845275904
29266,4564154421608707
45650,76617487851979009
143954,13566955629842689
537170,4630125119275777
1061458,13566955898274049
86610,4564085703180547
152146,13571276366942467
545362,4634445856375555
1069650,13571276635373827
201298,13566886911414529
594514,4630056400847617
1118802,13566887179845889
660050,13637247064609537
1577554,13637247333040897
3150418,13566879125799169
549458,4564154421609217
172626,85589502734635264
303698,220978966532456704
1090130,85589503003066624
598610,4559773556015872
795218,76898825389736704
2630226,4559756643599104
3154514,13531772063121664
606802,4564085703181057
672338,13571276366942977
1589842,13571276635374337
623186,76617350414074624
688722,85624541077836544
819794,221014004875657984
1606226,85624541346267904
852562,76898756671308544
2687570,4559687925170944
3211858,13531703344693504
918098,85905947335070464
1704530,31581277098349312
2753106,13566878588932864
1835602,85905947603501824
29778,4559893780496659
549970,4559893780497169
664658,13564894011986704
1582162,13564894280418064
30802,4630262524674307
538706,4768800989774593
546898,4770853984142083
157778,13567093035241729
550994,4630262524674817
1075282,13567093303673089
665682,13635262756164352
1583186,13635263024595712
3156050,13564894817353984
61522,76617487818424579
159826,13566955596288259
553042,4630125085721347
1077330,13566955864719619
217170,13566886877860099
610386,4630056367293187
1134674,13566887146291459
675922,13637247031055107
1593426,13637247299486467
3166290,13566879092244739
581714,76617487818425089
680018,13566955596288769
1597522,13566955864720129
696402,85622488049914624
827474,221011951847736064
1613906,85622488318345984
3678290,13564757378401024
737362,13566886877860609
1654866,13566887146291969
3686482,13566879092245249
3735634,13564688659972864
3986,72078695463911728
67474,72060974429897008
264082,216457628891480368
526226,72078558024958768
11154,72078704053846288
35730,216193883539767568
527250,72113742397047568
529298,72113673677570833
271250,216457637481414928
533394,72078566614893328
99218,216176162505752848
557970,216193746100814608
328594,216457568762986768
590738,72078497896465168
787346,216475152358048528
527762,72111680678527792
26002,72061111733584177
42386,216174375664091440
271762,216455575762895152
533906,72076504896373552
50578,216176291219505457
99730,216174100787233072
558482,216191684382294832
534930,72111689268462352
559506,216226868754383632
545170,72113673543353107
57746,216176299809440017
565650,216191692972229392
7826,56285663854897
11922,21384759607600
69266,21109882749232
13970,21109881700657
530066,56148224901937
26258,7915742167345
42642,72061386611491120
75410,3534876574000
140946,4507117323030832
272018,72342586710294832
1058450,4507117591462192
2107026,3517964157232
99986,72061111734632752
296594,216457766196216112
558738,72078695329694512
591506,20972443796272
14994,56294253789457
559762,72113879701783312
592530,56156815885072
537234,56156814836497
545426,60477551936275
594578,56088096408337
303762,216457774786150672
565906,72078703919629072
15506,54370041332017
72850,54095164473649
531602,124455317668657
27794,21384692498737
44178,72077329462985008
85138,21109815640369
560274,72111955489325872
658578,4557686200865584
789650,72393155588129584
1576082,4557686469296944
2624658,54086841991984
54418,72078695262585139
87186,20972376686899
562322,72111680611418929
595090,53957725520689
58514,72061386544382257
91282,3534809465137
156818,4507117255921969
287890,72342586643185969
1074322,4507117524353329
2122898,3517897048369
304274,216455850573693232
566418,72076779707171632
599186,18927972254512
664722,4522510418711344
1189010,13512117755842864
795794,72357979805975344
1582226,4522510687142704
2630802,18911059837744
3155090,4504919038034224
115858,72061111667523889
312466,216457766129107249
574610,72078695262585649
607378,20972376687409
361618,216455575696834864
623762,72076504830313264
820370,216473159291896624
538770,124463907603217
55442,72113879634673939
88210,56156748775699
546962,126516901970707
567442,72111964079260432
600210,54112344343312
665746,4557694790800144
796818,72393164178064144
1583250,4557695059231504
2631826,54095431926544
575634,72113879634674449
608402,56156748776209
624786,72111689202402064
821394,216508343663985424
61586,72078703852519699
569490,72111689201353489
577682,72113742195720979
675986,4559679065690899
807058,72395148452954899
1593490,4559679334122259
2642066,56079706817299
319634,216457774719041809
581778,72078703852520209
827538,216473167881831184
528146,72113879701783312
42770,216176574687346960
272146,216457774786150672
534290,72078703919629072
100114,216176299810488592
558866,216193883405550352
15122,72113888291717377
39698,216229067777638657
43794,216194166873391360
273170,216475366972195072
101138,216193891996532992
592658,72113750853812992
789266,216510405315396352
45842,216193891995484417
537362,72113750852764417
545554,72118071589864195
561938,216228930338685697
594706,72113682134336257
791314,216510336595919617
58130,216180697855951105
107282,216176316990357760
172818,220679899436814592
303890,504688150937862400
1090322,220679899705245952
2138898,216176300077940992
795410,216475229533242112
623378,216193754557580032
852754,216475160814813952
23826,72113879634673939
44306,216192517538840848
535826,72111964079260432
544018,72113879634674449
560402,216227143565181712
593170,72111689202402064
789778,216508343663985424
29970,72078703852519699
537874,72111689201353489
54546,216193883338440979
546066,72113742195720979
562450,216226868687274769
58642,216176574620238097
288018,216457774719041809
550162,72078703852520209
566546,216191967783027472
795922,216473167881831184
115986,216176299743379729
574738,216193883338441489
623890,216191692906169104
47378,216227152155115777
276754,216508352253919489
538898,72182057945531137
88338,72113750786703619
284946,216510405248286979
547090,72184110939898627
104722,216226877278257409
563474,216297237431452417
59666,216194166806282497
289042,216475366905086209
600338,72111706382271232
665874,76615288828728064
1583378,76615289097159424
2631954,72111689469854464
117010,216193891929424129
608530,72113750786704129
805138,216510405248287489
690450,220730468314649344
821522,504738719815697152
1607954,220730468583080704
2656530,216226868955775744
854290,216508214816015104
291090,216475229466132739
798994,216508214814966529
119058,216193754490470659
348434,216475160747704579
676114,76617273103618819
1593618,76617273372050179
2642194,72113673744745219
626962,216226739839304449
856338,216508146096538369
123154,216176316923248897
188690,220679899369705729
319762,504688150870753537
1106194,220679899638137089
2154770,216176300010832129
811282,216475229466133249
631058,216191710086038272
696594,220695292532495104
1220882,229684899869626624
827666,504703544033542912
1614098,220695292800926464
2662674,216191693173621504
3186962,220677701151817984
639250,216193754490471169
868626,216475160747705089
15890,56569064587537
24082,60683643257107
73234,56294187729169
531986,126654340924177
44562,72079528486240528
544274,60683643257617
560658,72114154512581392
658962,4559885224121104
790034,72395354611385104
1576466,4559885492552464
2625042,56285865247504
30226,25507861102867
546322,60546204304147
562706,72113879634674449
595474,56156748776209
550418,25507861103377
304658,216458049596948752
566802,72078978730427152
599570,21126995510032
665106,4524709441966864
1189394,13514316779098384
796178,72360178829230864
1582610,4524709710398224
2631186,21110083093264
3155474,4507118061289744
362002,216457774720090384
624146,72078703853568784
820754,216475358315152144
47634,72114163102515457
80402,56311367598337
145938,4559893814055169
277010,72395363201319169
1063442,4559894082486529
2112018,56294455181569
55826,72118277681185027
88594,60554795286787
547346,130914948481795
104978,72113888225657089
301586,216510542687240449
563730,72184248378852097
596498,126525492953857
305682,216475641782993152
1190418,13531908965142784
3156498,4524710247334144
576018,72118277681185537
608786,60554795287297
363026,216475366906134784
690706,76617479262049024
1608210,76617479530480384
2656786,72113879903175424
723474,4559756376150784
854546,72395225763414784
1640978,4559756644582144
2689554,56157017277184
1706514,13566947308344064
3672594,4559748590535424
61970,72083101899030787
307730,216475366905086209
602642,56173928645377
668178,4559756375102209
799250,72395225762366209
1585682,4559756643533569
2634258,56157016228609
578066,72118140242232067
676370,4564077112201987
807442,72399546499465987
1593874,4564077380633347
2642450,60477753328387
627218,72113750786704129
823826,216510405248287489
725522,4559687656674049
856594,72395157043938049
1643026,4559687925105409
2691602,56088297800449
1708562,13566878588867329
3674642,4559679871058689
320018,216462172765552897
582162,72083101899031297
369170,216457791899959552
631314,72078721033437952
434706,220961374346416384
696850,76582303479894784
1221138,85571910817026304
1352210,220961374614847744
2400786,216457774987542784
1614354,76582303748326144
2662930,72078704121021184
3187218,76564712099217664
1712658,13531771526189824
3285522,13514179877081344
3678738,4524572808381184
885266,216475229467181824
1770002,13531702807761664
3342866,13514111158653184
3736082,4524504089953024
3801618,13531694753714944
31762,56569031033107
89106,56294154174739
547858,126654307369747
551954,56569031033617
568338,72112513801519888
609298,56294154175249
578578,72113879601120019
611346,56156715221779
63506,72114163068961027
96274,56311334043907
161810,4559893780500739
292882,72395363167764739
1079314,4559894048932099
2127890,56294421627139
120850,72113888192102659
317458,216510542653686019
579602,72184248345297667
612370,126525459399427
583698,72114163068961537
616466,56311334044417
682002,4559893780501249
813074,72395363167765249
1599506,4559894048932609
2648082,56294421627649
829458,216508627098272512
1714194,13564894280422144
3680274,4557695562613504
641042,72113888192103169
837650,216510542653686529
886802,216508352221414144
323602,216475366871531779
618514,56173895090947
684050,4559756341547779
815122,72395225728811779
1601554,4559756609979139
2650130,56156982674179
831506,216508352220365569
643090,72113750753149699
839698,216510405214733059
741394,4559687623119619
872466,72395157010383619
1658898,4559687891550979
2707474,56088264246019
1724434,13566878555312899
3690514,4559679837504259
843794,216475366871532289
3554,76617474968125744
34274,220697478671892784
525794,76617337529172784
35298,220732663043981584
557538,220732525605028624
590306,76617273106760464
655842,85624468064441104
786914,221013931862262544
1573346,85624468332872464
3810,4564278976708912
526050,4564141537755952
21218,4572868911300883
541410,4572868911301393
590562,4564077115343632
656098,13571272073024272
1573602,13571272341455632
68834,4559885193707824
134370,13567080151388464
527586,4630249640821552
1051874,13567080419819824
74978,4524709411553584
533730,4559885191611184
558306,76617474934571824
591074,4559747754754864
656610,13566942712435504
1574114,13566942980866864
76002,4559893783642384
598242,4559756344689424
721122,13566878290023184
1638626,13566878558454544
3670242,13566874798326544
35682,220737061090492672
21346,76630462949228803
541538,76630462949229313
557922,220736923651539712
590690,76621671153271552
656226,85628866110952192
787298,221018329908773632
1573730,85628866379383552
558434,220732663010427664
76130,76617487821570304
100706,220732667307491584
166242,229739862265172224
559458,220803031754605312
1083746,229739862533603584
106850,220697491525337344
565602,220732667305394944
598370,76617350382617344
622946,220732529868538624
688482,229739724826219264
1605986,229739725094650624
721250,85624472327951104
852322,221013936125772544
1638754,85624472596382464
917858,230021131083453184
1835362,230021131351884544
3670370,85624468836254464
76386,4564291830153472
86626,4572873174810883
152162,13580068132491523
545378,4643237621924611
1069666,13580068400922883
598626,4564154391200512
606818,4572873174811393
672354,13580068132492033
1589858,13580068400923393
721506,13571276336534272
1639010,13571276604965632
3670626,13571272844837632
531554,4770987112399633
76898,4560168644772112
199778,13567084431675664
592994,4630253921108752
1117282,13567084700107024
658530,13637448878789392
1576034,13637449147220752
3148898,13567080939979024
78946,4559893766865169
205922,13531908649521424
1123426,13531908917952784
664674,13567084429579024
1582178,13567084698010384
623714,76617479214859024
689250,85624674172539664
820322,221014137970361104
1606754,85624674440971024
722018,13566946992722704
1639522,13566947261154064
3671138,13566943501026064
79970,4630262511042817
538722,4770991407366913
546914,4775247719957251
563298,76828581150327553
596066,4770853970510593
661602,13778048928191233
1579106,13778049196622593
92258,4564291813376257
108642,76617762682700032
338018,76898962781503744
2173026,4559894035366144
665698,13637453173756672
1583202,13637453442188032
3156066,13567085234946304
231522,85624678469603584
362594,221014142267425024
624738,76687847959036672
1149026,85624678738034944
428130,230021337225105664
690274,85695042916717312
821346,221084506714538752
1345634,230021337493537024
1607778,85695043185148672
3180642,85624674977906944
723042,13637315736900352
1640546,13637316005331712
3213410,13566947798089984
3672162,13637312245203712
94306,4564154374422787
110690,76617487804793089
208994,13566955582656769
602210,4630125072089857
1126498,13566955851088129
217186,13571276319756547
610402,4634445809189635
1134690,13571276588187907
675938,13641640766870275
1593442,13641641035301635
3166306,13571272828059907
725090,13637247017423617
1642594,13637247285854977
3215458,13566879078613249
3674210,13637243525726977
614498,4564154374423297
237666,85589502687449344
368738,220978966485270784
1155170,85589502955880704
696418,85624678467506944
827490,221014142265328384
1613922,85624678735938304
860258,76898825342550784
2695266,4559756596413184
3219554,13531772015935744
3678306,13566947795993344
737378,13571276319757057
1654882,13571276588188417
3686498,13571272828060417
753762,85624541030650624
884834,221014004828472064
1671266,85624541299081984
950370,230021199786152704
1867874,230021200054584064
3702882,85624537538953984
983138,85905947287884544
1769570,31581277051163392
2818146,13566878541746944
1900642,85905947556315904
3801186,31581273291035392
3932258,85905943796187904
34722,216180684972097840
7586,72113875340755249
36258,216194153922429232
69026,72078695265730864
265634,216475354021232944
38306,216193879044522289
529826,72113737901802289
42402,216176566031352112
271778,216457766130155824
533922,72078695263634224
50594,216180684904988977
165282,220679886485852464
296354,504688137986900272
1082786,220679886754283824
2131362,216176287126978864
329122,216457628693299504
591266,72078557826777904
787874,216475216582279984
39330,216229063416611089
76194,72078703855665424
534946,72113879635723024
100770,216193883341586704
592290,72113742198866704
788898,216510400954368784
545186,72118067228836627
561570,216228925977658129
594338,72113673479389969
790946,216510332234892049
565666,216193883339490064
336290,216457637283234064
598434,72078566416712464
623010,216193745902633744
852386,216475152159867664
7842,60679349338417
20130,34291070271793
69282,25499274314032
22178,34153631318323
530082,60541910385457
26274,16703179194673
534178,25499272217392
50850,72074292922155313
83618,16565742338353
542370,34153631318833
100002,72065501126197552
296610,216462159881699632
558754,72083089015178032
591522,25361835361072
23202,69338003407123
76450,25507864248592
535202,60683644306192
543394,69338003407633
559778,72118273387266832
592546,60546207449872
86690,34089208906003
594594,60477487973137
90786,16574332272913
107170,72065509716132112
598690,25370425295632
606882,34089208906513
23714,60679315783987
72866,56285566337329
531618,126650013451057
76962,21384662090032
535714,56560442147632
543906,60679315784497
560290,72114150185108272
658594,4559880896647984
789666,72395350283911984
1576098,4559881165079344
2624674,56281537774384
79010,21109784183089
537762,56285564240689
545954,60541876831027
562338,72113875307201329
595106,56148127384369
91298,7915644649777
107682,72061386513973552
205986,4507117225513264
337058,72342586612777264
1123490,4507117493944624
2172066,3517866639664
361634,216457766098698544
623778,72078695232176944
820386,216475353987679024
80034,56294156271889
624802,72113879604265744
821410,216510538359767824
602274,56156717318929
610466,60477454418707
368802,216457774688633104
630946,72078703822111504
528162,72118273387266832
75554,72065509716132112
50978,216189480998011153
100130,216180689202053392
558882,216198277091033872
23330,72126932041335043
39714,216233461463122177
76578,72083101902176512
535330,72118277682234112
52002,216207073184055553
543522,72126932041335553
101154,216198281388097792
592674,72118140245377792
789282,216514799000879872
54050,216206935745102083
86818,72091683246833923
283426,216488342002336003
561954,216233324024169217
594722,72118071525901057
791330,216514730281403137
58146,216189485292978433
90914,72074168370200833
566050,216198281386001152
336674,216462035329745152
598818,72082964463223552
115490,216189347856122113
574242,216206935745102593
344866,216470754113356033
607010,72091683246834433
803618,216488342002336513
623394,216198143949144832
852770,216479550206378752
560418,216229338260964112
593186,72113879604265744
789794,216510538359767824
562466,216229063383057169
107810,216176574589829392
337186,216457774688633104
599330,72078703822111504
623906,216193883308032784
80162,72113888194199809
55586,216233461429567747
104738,216229067680121089
563490,216299432127234817
108834,216194166775873792
567586,216229342555931392
338210,216475366874677504
796962,216510542654735104
575778,216233461429568257
690466,220732663010431744
821538,504740914511479552
1607970,220732663278863104
2656546,216229063651558144
854306,216510405217878784
110882,216193891897966849
569634,216229067678024449
602402,72113750755246849
577826,216233323990614787
610594,72118071492346627
807202,216514730247848707
626978,216228930241168129
856354,216510336498402049
123170,216180697758433537
237858,220679899339297024
368930,504688150840344832
1155362,220679899607728384
2203938,216176299980423424
860450,216475229435724544
24098,69475408806163
544290,69475408806673
593442,60683612848912
546338,69337969853203
91682,16711737671953
599586,25507830694672
31266,69479703773443
80418,60692202782977
55842,72127069446734083
88610,69342266917123
547362,139706714030851
92706,34303923716353
551458,69479703773953
576034,72127069446734593
608802,69342266917633
625186,72118277650776832
821794,216514936406278912
94754,34166484762883
553506,69342264820483
602658,60554763830017
578082,72126932007781123
676386,4572868877751043
807458,72408338265015043
1593890,4572869146182403
2642466,69269518877443
123426,72074305775599873
614946,34166484763393
369186,216462172735144192
631330,72083101868622592
80930,56569017401617
89122,60683596071187
547874,131048043184915
597026,126654293738257
109602,72079528439054608
568354,72114704219112208
609314,60683596071697
625698,72114154465395472
822306,216510813220897552
724002,4559885176935184
855074,72395354564199184
1641506,4559885445366544
2690082,56285818061584
1707042,13567080403047184
3673122,4559881685238544
95266,25507813916947
554018,60683593974547
578594,72118273336935187
611362,60546157118227
627746,72113879587488529
824354,216510538342990609
615458,25507813917457
369698,216458049549762832
631842,72078978683241232
730146,4524709394780944
1254434,13514316731912464
861218,72360178782044944
1647650,4524709663212304
2696226,21110035907344
3220514,4507118014103824
885794,216475358267966224
555042,131052338152195
112674,72114163055329537
210978,4559893766869249
342050,72395363154133249
1128482,4559894035300609
2177058,56294407995649
120866,72118277633999107
317474,216514936389501187
579618,72188642081112835
612386,130914901295875
366626,216510542640054529
628770,72184248331666177
825378,216580907087168257
370722,216475641735807232
829474,216510817515864832
1255458,13531908917956864
3221538,4524710200148224
1714210,13567084698014464
3680290,4559885980205824
641058,72118277633999617
837666,216514936389501697
755746,76617479214863104
1673250,76617479483294464
2721826,72113879855989504
952354,221014137970365184
1738786,85624674440975104
1869858,221014138238796544
2918434,216510538611491584
3704866,76617475723166464
1771554,13566947261158144
3737634,4559748543349504
3803170,13566943501030144
127010,72083101851844867
585762,72118277631902467
372770,216475366857900289
831522,216510542637957889
733218,4559756327916289
864290,72395225715180289
1650722,4559756596347649
2699298,56156969042689
643106,72118140195046147
839714,216514798950548227
741410,4564077065016067
872482,72399546452280067
1658914,4564077333447427
2707490,60477706142467
1724450,13571272291128067
3690530,4564073573319427
888866,216510405201101569
1773602,13566878541681409
3739682,4559679823872769
3805218,13566874781553409
385058,216462172718366977
647202,72083101851845377
499746,220961374299230464
761890,76582303432708864
1286178,85571910769840384
1417250,220961374567661824
2465826,216457774940356864
1679394,76582303701140224
2727970,72078704073835264
3252258,76564712052031744
1777698,13531771479003904
3350562,13514179829895424
3743778,4524572761195264
3866658,13531694706529024
4034,76617475034186032
34754,220697478737953072
526274,76617337595233072
35778,220732663110041872
558018,220732525671088912
656322,85624468130501392
787394,221013931928322832
1573826,85624468398932752
19906,76617474967077169
36290,220730738897584432
134594,85622475198566704
265666,221011938996388144
527810,76685644687999792
1052098,85622475466998064
21954,76617337528123699
38338,220730464019677489
533954,76615280238789424
50626,220697478670844209
542146,76617337528124209
165314,229702478902333744
1082818,229702479170765104
656834,85622337759613744
787906,221011801557435184
1574338,85622338028045104
51650,220732663042933009
166338,229737663274422544
559554,220800832763855632
1083842,229737663542853904
53698,220732525603979539
152002,85624468063392019
283074,221013931861213459
545218,76687637552825107
1069506,85624468331823379
565698,220730468314645264
573890,220732525603980049
672194,85624468063392529
803266,221013931861213969
1589698,85624468331823889
688578,229737525835469584
1606082,229737526103900944
917954,230018932092703504
1835458,230018932361134864
3670466,85622269845504784
7874,4630249673326897
11970,4560160102023472
20162,4564278975660337
36546,76617749844984112
69314,4559885225165104
265922,76898949943787824
2100930,4559881197650224
14018,4559885224116529
22210,4564141536706867
38594,76617474967077169
136898,13566942744940849
530114,4630112234373937
1054402,13566943013372209
75458,4524709443010864
140994,13531900106772784
1058498,13531900375204144
542402,4564141536707377
165570,85589489849733424
296642,220978953647554864
1083074,85589490118164784
591554,4559747786212144
788162,76898812504834864
2623170,4559743758697264
3147458,13531759178219824
531138,4770849722729233
76482,4559893815099664
142018,13567084478861584
535234,4630253968294672
1059522,13567084747292944
166594,85624674221822224
297666,221014138019643664
559810,76687843711255312
1084098,85624674490253584
658114,13637311489118992
1575618,13637311757550352
3148482,13566943550308624
152258,13571272071975187
545474,4634441561408275
1069762,13571272340406547
660162,13637242769642257
1577666,13637243038073617
3150530,13566874830831889
565954,76617479262044944
598722,4559756376146704
664258,13566947039908624
1581762,13566947308339984
672450,13571272071975697
1589954,13571272340407057
688834,85624536782869264
819906,221014000580690704
1606338,85624537051300624
721602,13566878321480464
1639106,13566878589911824
918210,85905943040103184
1704642,31581272803382032
2753218,13566874293965584
1835714,85905943308534544
23746,4630249639772467
531650,4768788104872753
150722,13567080150339889
543938,4630249639772977
1068226,13567080418771249
658626,13635249871262512
1576130,13635250139693872
3148994,13564881932452144
29890,4559885190562099
54466,76617474933522739
152770,13566942711386419
545986,4630112200819507
1070274,13566942979817779
550082,4559885190562609
599234,4557694758290224
664770,13564885422052144
1582274,13564885690483504
574658,76617474933523249
672962,13566942711386929
1590466,13566942979818289
689346,85622475165012784
820418,221011938962834224
1606850,85622475433444144
3671234,13564744493499184
547010,4770849689174803
676034,13637242736087827
1593538,13637243004519187
3166402,13566874797277459
3686594,13566874797277969
36674,220732937920839952
134978,85624674221822224
266050,221014138019643664
528194,76687843711255312
1052482,85624674490253584
38722,220732663042933009
534338,76617479262044944
165698,229704677925589264
1083202,229704678194020624
657218,85624536782869264
788290,221014000580690704
1574722,85624537051300624
39746,220803031787110657
531266,76828443760657153
43842,220732942215807232
76610,76617487853027584
142146,85624678516789504
273218,221014142314610944
535362,76687848006222592
1059650,85624678785220864
52034,220737061089444097
101186,220732667338948864
297794,509244514171355392
2132802,220732663311433984
396098,230021199835435264
658242,85694905527046912
789314,221084369324868352
1313602,230021200103866624
1575746,85694905795478272
3148610,85624537588236544
45890,220732667337900289
54082,220736923650490627
152386,85628866109903107
283458,221018329907724547
545602,76692035599336195
1069890,85628866378334467
168770,229739724858724609
561986,220802894348157697
1086274,229739725127155969
398146,230021131115958529
660290,85694836807570177
791362,221084300605391617
1315650,230021131384389889
1577794,85694837076001537
3150658,85624468868759809
107330,220697491556794624
172866,229704682220556544
1090370,229704682488987904
598850,76617350414074624
664386,85624541077836544
795458,221014004875657984
1581890,85624541346267904
574274,220736923650491137
672578,85628866109903617
803650,221018329907725057
1590082,85628866378334977
623426,220732529899995904
820034,509244376732402432
2655042,220732525872481024
3179330,229704541292003584
721730,85624472359408384
852802,221013936157229824
1639234,85624472627839744
1704770,103638866841309952
2753346,85624468331893504
2884418,221013932129714944
3408706,229985947549237504
54594,220732663009378579
574786,220732663009379089
689474,229737663240868624
1606978,229737663509299984
55618,220803031753556227
547138,76828443727102723
563522,220941570218656513
182594,229739862264123649
575810,220803031753556737
1100098,229739862532555009
690498,229808031985046272
1608002,229808032253477632
3180866,229737664046235904
61762,220732667304345859
184642,229739724825170179
577858,220802894314603267
1102146,229739725093601539
414018,230021131082404099
676162,85694836774015747
807234,221084300571837187
1331522,230021131350835459
1593666,85694837042447107
3166530,85624468835205379
581954,220732667304346369
631106,220730476872073984
696642,229737667535835904
1614146,229737667804267264
704834,229739724825170689
1622338,229739725093602049
934210,230021131082404609
1851714,230021131350835969
3686722,85624468835205889
3703106,229737526607282944
3932482,230018932864516864
532034,4770987128128273
659010,13637448894518032
1576514,13637449162949392
3149378,13567080955707664
599618,4559893781545744
665154,13567084445307664
1582658,13567084713739024
689730,85624674188268304
820802,221014137986089744
1607234,85624674456699664
3671618,13566943516754704
539202,4770991423095553
547394,4775247735685891
563778,76828581166056193
662082,13778048943919873
1579586,13778049212351233
207426,13567093036290304
600642,4630262525723392
1124930,13567093304721664
666178,13637453189485312
1583682,13637453457916672
3156546,13567085250674944
428610,230021337240834304
690754,85695042932445952
821826,221084506730267392
1346114,230021337509265664
1608258,85695043200877312
3181122,85624674993635584
3672642,13637312260932352
676418,13641640782598915
1593922,13641641051030275
3166786,13571272843788547
3674690,13637243541455617
631362,76617487819473664
696898,85624678483235584
827970,221014142281057024
1614402,85624678751666944
729666,13566955597337344
1647170,13566955865768704
3678786,13566947811721984
3686978,13571272843789057
950850,230021199801881344
1868354,230021200070312704
3703362,85624537554682624
3736130,13566879093293824
3801666,31581273306764032
3932738,85905943811916544
154690,13637448877740307
1072194,13637449146171667
662594,13775987342840593
1580098,13775987611271953
674882,13637448877740817
1592386,13637449146172177
3165250,13567080938930449
3673154,13635250659853072
95298,4559893764768019
160834,13567084428529939
554050,4630253917963027
1078338,13567084696961299
185410,85624674171490579
316482,221014137969312019
578626,76687843660923667
1102914,85624674439921939
676930,13637311438787347
1594434,13637311707218707
3167298,13566943499976979
615490,4559893764768529
681026,13567084428530449
1598530,13567084696961809
730178,13564893996258064
1647682,13564894264689424
3679298,13564886210642704
705602,85624674171491089
836674,221014137969312529
1623106,85624674439922449
3687490,13566943499977489
951362,230019138200802064
1868866,230019138469233424
3703874,85622475953603344
96322,4630262508945667
161858,13637453172707587
1079362,13637453441138947
604226,4768800974045953
669762,13775991637807873
1587266,13775991906239233
186434,85695042915668227
317506,221084506713489667
1103938,85695043184099587
612418,4770853968413443
809026,77109918687036163
2644034,4770849940898563
3168322,13637312244154627
694338,85833581380768513
825410,221223045178589953
1611842,85833581649199873
3676226,13775850709254913
223298,13567093019513089
616514,4630262508946177
1140802,13567093287944449
682050,13637453172708097
1599554,13637453441139457
3172418,13567085233897729
731202,13635262740435712
1648706,13635263008867072
3221570,13564894801625344
3680322,13635254954820352
444482,230021337224057089
706626,85695042915668737
837698,221084506713490177
1361986,230021337492488449
1624130,85695043184100097
3196994,85624674976858369
3688514,13637312244155137
952386,230089506944979712
1869890,230089507213411072
3442754,230019139006169344
3704898,85692844697780992
127042,76617487802695939
192578,85624678466457859
323650,221014142264279299
585794,76687847955890947
1110082,85624678734889219
225346,13566955580559619
618562,4630125069992707
1142850,13566955848990979
684098,13637315733754627
1601602,13637316002185987
3174466,13566947794944259
446530,230021199785103619
708674,85694905476715267
839746,221084369274536707
1364034,230021200053534979
1626178,85694905745146627
3199042,85624537537904899
741442,13637247015326467
1658946,13637247283757827
3231810,13566879076516099
938050,85976311733949187
1724482,31651641497228035
2773058,13637242987811587
3297346,31581273289986307
1855554,85976312002380547
3428418,85905943795138819
647234,76617487802696449
712770,85624678466458369
843842,221014142264279809
1630274,85624678734889729
745538,13566955580560129
1663042,13566955848991489
3694658,13566947794944769
761922,85622488034185984
892994,221011951832007424
1679426,85622488302617344
958530,230019142495769344
1876034,230019142764200704
3711042,85622480248570624
3743810,13564757362672384
966722,230021199785104129
1884226,230021200053535489
3719234,85624537537905409
3752002,13566879076516609
3817538,31581273289986817
3948610,85905943795139329
3964994,230019001567216384
8066,72113875406815537
36738,216194153988489520
266114,216475354087293232
38786,216193879110582577
530306,72113737967862577
42882,216176566097412400
75650,72061111734632752
272258,216457766196216112
534402,72078695329694512
51074,216180684971049265
100226,216176291220554032
165762,220679886551912752
296834,504688138052960560
1083266,220679886820344112
2131842,216176287193039152
788354,216475216648340272
39810,216229063482671377
535426,72113879701783312
789378,216510401020429072
545666,72118067294896915
562050,216228926043718417
791426,216510332300952337
107394,216176299810488592
566146,216193883405550352
40322,216227139270213937
269698,216508339369017649
531842,72182045060629297
44418,216192508948906288
535938,72111955489325872
52610,216194153921380657
281986,216475354020184369
593282,72111680612467504
658818,76615275943826224
1576322,76615276212257584
2624898,72111676584952624
30082,72078695262585139
537986,72111680611418929
284034,216475216581230899
791938,216508201930064689
58754,216176566030303537
91522,72061111667523889
288130,216457766129107249
550274,72078695262585649
107906,216174375598031152
566658,216191959193092912
337282,216455575696834864
599426,72076504830313264
796034,216473159291896624
116098,216176291153445169
181634,220679886484803889
312706,504688137985851697
1099138,220679886753235249
2147714,216176287125930289
804226,216475216581231409
624002,216191684316234544
689538,220695279647593264
1213826,229684886984724784
820610,504703531148641072
1607042,220695279916024624
2655618,216191680288719664
3179906,220677688266916144
31106,72113879634673939
285058,216510400953319699
547202,72184106644931347
563586,216297233136485137
551298,72113879634674449
567682,216227143565181712
600450,72111689202402064
797058,216508343663985424
805250,216510400953320209
625026,216226868688323344
690562,220730464019682064
821634,504738715520729872
1608066,220730464288113424
2656642,216226864660808464
61826,216193883338440979
553346,72113742195720979
569730,216226868687274769
610690,72113673477292819
676226,76617268808651539
1593730,76617269077082899
2642306,72113669449777939
123266,216176299743379729
582018,216193883338441489
631170,216191692906169104
16002,56560474652977
40578,72114150217613617
73346,56285597794609
138882,4559880929153329
269954,72395350316417329
1056386,4559881197584689
2104962,56281570279729
44674,72079519896305968
77442,21384693547312
298626,216475628898091312
1183362,13531896080240944
3149442,4524697362432304
30338,25499271168307
79490,21109815640369
54914,72083089014128947
300674,216475354020184369
595586,56148158841649
661122,4559743490200369
792194,72395212877464369
1578626,4559743758631729
2627202,56144131326769
91778,7915676107057
550530,25499271168817
108162,72061386545430832
304770,216458041007014192
566914,72078970140492592
206466,4507117256970544
337538,72342586644234544
1123970,4507117525401904
2172546,3517898096944
665218,4524700852032304
1189506,13514308189163824
796290,72360170239296304
1582722,4524701120463664
2631298,21101493158704
3155586,4507109471355184
312962,216462159880651057
575106,72083089014129457
362114,216457766130155824
624258,72078695263634224
427650,220961361461514544
689794,76582290594992944
1214082,85571897932124464
1345154,220961361729945904
2393730,216457762102640944
1607298,76582290863424304
2655874,72078691236119344
3180162,76564699214315824
1705602,13531758641287984
3278466,13514166992179504
3671682,4524559923479344
31362,60683643257107
80514,56294187729169
539266,126654340924177
55938,72118273386217747
547458,130910653514515
301698,216510538392273169
563842,72184244083884817
551554,60683643257617
567938,72114154512581392
666242,4559885224121104
797314,72395354611385104
1583746,4559885492552464
2632322,56285865247504
576130,72118273386218257
625282,72113879635723024
690818,76617474967081744
1608322,76617475235513104
2656898,72113875608208144
1706626,13566943013376784
3672706,4559744295568144
553602,60546204304147
569986,72113879634674449
602754,56156748776209
578178,72118135947264787
610946,60477485875987
676482,4564072817234707
807554,72399542204498707
1593986,4564073085666067
2642562,60473458361107
823938,216510400953320209
1708674,13566874293900049
3674754,4559675576091409
369282,216457774720090384
631426,72078703853568784
828034,216475358315152144
3801730,13531690458747664
31874,56560441098547
56450,72114150184059187
89218,56285564240179
154754,4559880895598899
285826,72395350282862899
1072258,4559881164030259
2120834,56281536725299
552066,56560441099057
568450,72112505211585328
601218,54370008826672
576642,72114150184059697
609410,56285564240689
674946,4559880895599409
806018,72395350282863409
1592450,4559881164030769
2641026,56281536725809
822402,216508614213370672
1707138,13564881395520304
3673218,4557682677711664
95362,21109782085939
603266,54095130919729
316546,216475353986629939
611458,56148125287219
676994,4559743456645939
808066,72395212843909939
1594498,4559743725077299
2643074,56144097772339
824450,216508339335463729
615554,21109782086449
836738,216475353986630449
96386,56294154174739
555138,126654307369747
317570,216510538358718739
579714,72184244050330387
616578,56294154175249
837762,216510538358719249
585858,72113879601120019
618626,56156715221779
839810,216510400919765779
1724546,13566874260345619
3690626,4559675542536979
24322,72118273386217747
40706,216229338293469457
270082,216510538392273169
532226,72184244083884817
44802,216194707972161808
536322,72114154512581392
544514,72118273386218257
593666,72113879635723024
659202,76617474967081744
1576706,76617475235513104
2625282,72113875608208144
538370,72113879634674449
55042,216198277089984787
546562,72118135947264787
792322,216510400953320209
108290,216176574621286672
567042,216194158216348432
337666,216457774720090384
599810,72078703853568784
796418,216475358315152144
575234,216198277089985297
624386,216193883339490064
689922,220697478670848784
1214210,229687086007980304
820994,504705730171896592
1607426,220697478939280144
2656002,216193879311975184
3180290,220679887290171664
31490,72118277681185027
47874,216229342588436737
80642,72113888225657089
277250,216510542687240449
539394,72184248378852097
285442,216514798999830787
547586,72188504691442435
105218,216229067711578369
170754,220732663042937089
301826,504740914543984897
1088258,220732663311368449
2136834,216229063684063489
793346,216580769697497857
551682,72118277681185537
109314,216194166807331072
338690,216475366906134784
666370,76617479262049024
1583874,76617479530480384
2632450,72113879903175424
805634,216514798999831297
1215234,229704678194024704
3181314,220697479476216064
854786,216510405249336064
920322,221014000580694784
1706754,85624537051304704
1837826,221014000849126144
2886402,216510401221821184
3672834,76617338333496064
62210,216198281384952067
553730,72118140242232067
111362,216193891929424129
602882,72113750786704129
799490,216510405248287489
611074,72118071523803907
676610,76621666855162627
1594114,76621667123593987
2642690,72118067496289027
627458,216228930272625409
692994,220732525603984129
824066,504740777105031937
1610498,220732525872415489
2659074,216228926245110529
856834,216510336529859329
922370,221013931861218049
1708802,85624468331827969
1839874,221013932129649409
2888450,216510332502344449
3674882,76617269614019329
123650,216180697789890817
582402,216198281384952577
238338,220679899370754304
369410,504688150871802112
1155842,220679899639185664
2204418,216176300011880704
697090,220697482965816064
1221378,229687090302947584
828162,504705734466863872
1614594,220697483234247424
2663170,216193883606942464
3187458,220679891585138944
860930,216475229467181824
1737474,229704540755071744
3310338,229686949105963264
3703554,220697342037263104
1966850,229985947012305664
3539714,229968355363197184
3801858,85589284496675584
3932930,220978748294497024
56578,216229338259915027
285954,216510538358718739
548098,72184244050330387
568578,216227693287441168
576770,216229338259915537
806146,216510538358719249
554242,72113879601120019
808194,216510400919765779
63746,216229342554882307
96514,72113888192102659
293122,216510542653686019
555266,72184248345297667
121090,216229067678023939
186626,220732663009382659
317698,504740914510430467
1104130,220732663277814019
2152706,216229063650509059
809218,216580769663943427
583938,216229342554882817
616706,72113888192103169
813314,216510542653686529
633090,216227152122610432
862466,216508352221414144
641282,216229067678024449
706818,220732663009383169
837890,504740914510430977
1624322,220732663277814529
2672898,216229063650509569
1739010,229737663509304064
3705090,220730464791495424
127234,216193891895869699
618754,72113750753149699
815362,216510405214733059
635138,216226877244703489
643330,216228930239070979
708866,220732525570429699
839938,504740777071477507
1626370,220732525838861059
2674946,216228926211556099
872706,216510336496304899
938242,221013931827663619
1724674,85624468298273539
1855746,221013932096094979
2904322,216510332468790019
3690754,76617269580464899
647426,216193891895870209
548354,131048058913555
568834,72114704234840848
601602,56569032082192
822786,216510813236626192
1707522,13567080418775824
3673602,4559881700967184
554498,60683609703187
603650,56294154175249
579074,72118273352663827
824834,216510538358719249
96770,60692200685827
555522,131052353880835
604674,126662898352897
317954,216514936405229827
580098,72188642096841475
825858,216580907102896897
616962,60692200686337
633346,72114163070010112
829954,216510817531593472
731650,4559893781549824
862722,72395363168813824
1649154,4559894049981184
2697730,56294422676224
1714690,13567084713743104
3680770,4559885995934464
838146,216514936405230337
887298,216510542654735104
952834,221014137986093824
1739266,85624674456703744
1870338,221014138254525184
2918914,216510538627220224
3705346,76617475738895104
3803650,13566943516758784
586242,72118277647631107
619010,60554761732867
635394,72113888192103169
832002,216510542653686529
840194,216514798966276867
1724930,13571272306856707
3691010,4564073589048067
3805698,13566874797282049
893442,216475366872580864
64514,72114704218063123
97282,56569015304467
556034,126929168499475
318466,216510813219848467
580610,72184518911460115
613378,126654291641107
678914,4630249622999827
1203202,13567080401998099
809986,72465719010263827
1596418,4630249891431187
2644994,126650264126227
3169282,4559881684189459
584706,72114704218063633
617474,56569015304977
633858,72112513785791248
830466,216509168247374608
838658,216510813219848977
1723394,13567080401998609
3689474,4559881684189969
3804162,13564881915679504
586754,72114154462249747
685058,4559885173789459
816130,72395354561053459
1602562,4559885442220819
2651138,56285814915859
644098,72113879585391379
709634,76617474916750099
1627138,76617475185181459
2675714,72113875557876499
1725442,13566942963045139
3691522,4559744245236499
129026,72114163053232387
325634,216510817514815747
587778,72184523206427395
227330,4559893764772099
358402,72395363152036099
1144834,4559894033203459
2193410,56294405898499
686082,4630253917967107
1210370,13567084696965379
817154,72465723305231107
1603586,4630254186398467
2652162,126654559093507
3176450,4559885979156739
382978,216510542637957379
645122,72184248329569027
448514,221014137969316099
710658,76687843660927747
1234946,85624674439926019
1366018,221014138237747459
2414594,216510538610442499
1628162,76687843929359107
2676738,72184244302054147
3201026,76617475722117379
1726466,13637311707222787
3299330,13566943499981059
3692546,4630112989414147
649218,72114163053232897
845826,216510817514816257
747522,4559893764772609
878594,72395363152036609
1665026,4559894033203969
2713602,56294405899009
1730562,13567084696965889
3696642,4559885979157249
894978,216508627082543872
1779714,13564894264693504
3745794,4557695546884864
3811330,13564886210646784
903170,216510542637957889
968706,221014137969316609
1755138,85624674439926529
1886210,221014138237747969
2934786,216510538610443009
3721218,76617475722117889
3819522,13566943499981569
2000898,230019138469237504
3835906,85622475953607424
3966978,221011939751428864
389122,216475366855803139
716802,76617479211717379
1634306,76617479480148739
2682882,72113879852843779
749570,4559756325819139
880642,72395225713083139
1667074,4559756594250499
2715650,56156966945539
1732610,13566947258012419
3698690,4559748540203779
897026,216508352204636929
905218,216510405199004419
970754,221014000530363139
1757186,85624537000973059
1888258,221014000798794499
2936834,216510401171489539
3723266,76617338283164419
1789954,13566878539584259
3756034,4559679821775619
1986562,85905943258206979
3952642,76898744540398339
909314,216475366855803649
66364,216176093654225152
82236,216176093587116289
196924,220677494191239424
590140,216191486749905664
2163004,216173894832427264
41532,216176299743449344
98876,216176162306593024
197180,76564505138639104
328252,216457568563826944
590396,72078497697305344
2163260,72060905779826944
655580,85621173823550224
10588,220729377393021184
133468,229736430618882304
135516,229736361899405569
139612,229701254836728064
532828,220729239954068224
196956,229701186118299904
590172,220729171235640064
2228572,229701177795883264
1573212,229736362167833344
2621788,220729162913223424
3146076,229701178332745984
655964,85622273335177984
141404,85621388538360064
165980,229736568024281344
172124,229701392242127104
565340,220729377359467264
663644,85621251099407104
688220,229736430585328384
720988,85621182380978944
917596,230017836842562304
2752604,85621174058562304
3670108,85621174595425024
9628,216173001274626352
527516,72110581099860784
42140,216173276085424432
140444,76561412759040304
271516,216454476184228144
533660,72075405317706544
2106524,72057813400228144
99484,216173001208566064
165020,220676592244961584
558236,216190584803627824
2131100,216172992886149424
534684,72110589689795344
559260,216225769175716624
172188,220676600834896144
565404,216190593393562384
2138268,216173001476083984
3276956,85568398070853904
527644,216225769175716624
140572,220676600834896144
533788,216190593393562384
2106652,216173001476083984
14620,216225777765650689
141596,220694193020940544
2107676,216190593662128384
559388,504456145327428352
592156,216225640327746304
657692,220729231364141824
2623772,216225632005329664
536860,216225640326697729
545052,216226662528914179
594204,216225571608269569
659740,220729162644665089
2625820,216225563285852929
172316,508906976986607872
303388,1081145604639363328
565532,504420969545274112
2138396,504403377627795712
663836,220694055581987584
1188124,229683662919119104
2236700,220676463664509184
2629916,216190456223175424
3154204,220676464201371904
721180,220693986863559424
1245468,229683594200690944
2294044,220676394946081024
2687260,216190387504747264
3211548,220676395482943744
1704220,229701177795752704
2752796,220693978541142784
3670300,220693979078005504
535068,72111689201423104
559644,216226868687344384
545308,72113673476313859
57884,216176299742400769
172572,220677700346523904
565788,216191692905190144
2138652,216174100987711744
3277340,85569497582481664
567324,216226052610003712
665628,76614189283619584
796700,216507252708807424
2631708,72110589924807424
624668,216225777733145344
690204,220729368769540864
2656284,216225769410728704
569372,216225777732096769
696348,220694192987386624
1220636,229683800324518144
2269212,220676601069908224
2662428,216190593628574464
3186716,220676601606770944
3285020,85568475346710784
3309596,229683654832632064
3342364,85568406628282624
3538972,229965061089865984
3801116,85585990223344384
131948,229704471768281344
525164,220732456885621504
655724,229737457083560704
655980,85624468030960384
165996,229737663225213184
151660,85624468014182659
671852,85624468014183169
688236,229737525786260224
721004,85622273287992064
917612,230018932043494144
2752620,85622269259494144
3670124,85622269796356864
34476,216176286858547504
527148,216228925977727744
529196,216228857258251009
74540,216176162306593024
197420,220679684624560384
590636,216193677183226624
2163500,216176085265748224
656172,220697272513540864
1180460,229686879850672384
2229036,220679680596062464
2622252,216193673154728704
3146540,220679681132925184
545068,216228857224696579
3277100,229684681330864384
559660,216229063383126784
107052,216176299711992064
3277356,85571692278264064
55340,216229063366349059
600108,72111689154237184
575532,216229063366349569
624684,216226868640158464
690220,220730463970472704
2656300,216226864611660544
577580,216228925927396099
610348,72113673429127939
675884,76617268759442179
806956,216510332184630019
2641964,72113669400630019
122924,216176299695214849
237612,220677700299337984
630828,216191692858004224
2203692,216174100940525824
3293228,85571692261486849
3309612,229684750033563904
3342380,85569497535295744
3538988,229966156290797824
3801132,85587085424276224
3532,220729364508119344
132556,229701241951826224
525772,220729227069166384
133580,229736426323915024
135628,229736357604438289
2228684,229701173500915984
1573324,229736357872866064
2621900,220729158618256144
3146188,229701174037778704
656076,85622269040210704
134348,85621375653458224
165068,229701379357225264
558284,220729364474565424
656588,85621238214505264
166092,229736563729314064
688332,229736426290361104
917708,230017832547595024
2752716,85621169763595024
3670220,85621170300457744
133964,229737525835542784
21324,220732456884572419
136012,229737457116066049
148300,229704471767232769
541516,220732456884572929
2229068,229702273012543744
1573708,229737457384493824
2622284,220730258129883904
3146572,229702273549406464
134476,229736563729314064
656716,229736426290361104
141644,229736568024281344
166220,517966939881025792
657740,229806795034538752
2230604,229736426558927104
3148108,229736427095789824
151884,229737457082511619
659788,229806726315062017
2232652,229736357839450369
3150156,229736358376313089
663884,229736430585328384
672076,229737457082512129
688460,517966802442072832
721228,229736361866900224
917836,518248208699306752
1704268,247750756348801792
3277132,247715572513714432
166476,229737663240941824
152140,85624468029911299
672332,85624468029911809
688716,229737525801988864
918092,230018932059222784
2753100,85622269275222784
3670604,85622269812085504
166988,229736838590443792
396364,230018038689247504
658508,85691744380859152
2231372,85621375905247504
3148876,85621376442110224
169036,229736563712536849
664652,85621379931648784
2262092,229701379609014544
1606732,229736563980964624
2655308,220729364726354704
3179596,229701380145877264
918604,230017901250294544
2753612,85621238466294544
3671116,85621239003157264
170060,229806932456714497
563276,220940470690321153
661580,85832344430260993
174156,229736842885411072
206924,85621388522631424
403532,230018042984214784
665676,85691748675826432
2238540,85621380200214784
3156044,85621380737077504
182348,229737663224164609
231500,229736568008552704
428108,518248414840959232
1214540,247750962490454272
1607756,229806932725142272
2656332,220799733470532352
919628,230088269994472192
2492492,230017901518860544
2754636,85691607210472192
3278924,103635637512646912
3409996,230017902055723264
3672140,85691607747334912
176204,229736568007504129
184396,229737525785211139
413772,230018932042445059
675916,85692637734056707
2248780,85622269258445059
3166284,85622269795307779
692300,229806795017761537
2265164,229736426542149889
3182668,229736427079012609
921676,230088201274995457
2494540,230017832799383809
2756684,85691538490995457
3280972,103635568793170177
3412044,230017833336246529
3674188,85691539027858177
237644,229701392226398464
630860,220729377343738624
2269260,229701383903981824
1613900,229736568275931904
2662476,220729369021321984
3186764,229701384440844544
729164,85621251083678464
925772,230017905545261824
2760780,85621242761261824
3678284,85621243298124544
704588,229737525785211649
933964,230018932042445569
2768972,85622269258445569
3686476,85622269795308289
753740,229736430569599744
950348,518248277402006272
1736780,247750825051501312
3309644,247715641216413952
983116,230017836826833664
2818124,85621174042833664
3735628,85621174579696384
1966156,248032231308735232
3539020,247997047473647872
7564,216225764880748849
134540,220694180136038704
2100620,216190580777226544
529804,216225627441795889
75148,216173001208566064
140684,220676592244961584
533900,216190584803627824
2106764,216172992886149424
165260,508906964101706032
296332,1081145591754461488
558476,504420956660372272
2131340,504403364742893872
656780,220694042697085744
1181068,229683650034217264
2229644,220676450779607344
2622860,216190443338273584
3147148,220676451316470064
534924,216225769175716624
559500,504456141032461072
657804,220729227069174544
2623884,216225627710362384
545164,216226658233946899
659852,220729158349697809
2625932,216225558990885649
1704332,229701173500785424
2752908,220693974246175504
3670412,220693974783038224
528012,72111676316521264
50828,216176286857498929
165516,220677687461622064
558732,216191680020288304
2131596,216174088102809904
559756,216226864392377104
545420,72113669181346579
3277452,85569493287514384
560268,216226039725101872
658572,76614176398717744
789644,216507239823905584
2624652,72110577039905584
562316,216225764847194929
689292,220694180102484784
1213580,229683787439616304
2262156,220676588185006384
2655372,216190580743672624
3179660,220676588721869104
3277964,85568462461808944
690316,220729364474573584
2656396,216225765115761424
3309708,229683650537664784
3539084,229965056794898704
3801228,85585985928377104
528140,216226864392377104
23308,216228925976678659
535308,216226868687344384
543500,216228925976679169
559884,504457240544088832
658188,220730326580802304
2624268,216226727221990144
152332,220697272512491779
2118412,216193673153679619
660236,220730257861325569
2626316,216226658502513409
672524,220697272512492289
1196812,229686879849623809
2245388,220679680595013889
2638604,216193673153680129
3162892,220679681131876609
1704716,229702273012413184
2753292,220695073757803264
3670796,220695074294665984
658700,220729364474573584
2624780,216225765115761424
3278092,229683650537664784
600332,216225777733145344
665868,220729368769540864
2631948,216225769410728704
690444,508959740626285312
821516,1081198368279040768
2656524,504456141267473152
1706252,229736426558796544
2754828,220729227304186624
3279116,229701242723709184
3672332,220729227841049344
676108,220730257827771139
2642188,216226658468958979
1708300,229736357839319809
2756876,220729158584709889
3281164,229701174004232449
3674380,220729159121572609
3285260,229683654832632064
3293452,229684681329815809
3309836,517914026689376512
3342604,229683586114203904
3539212,518195432946610432
55820,216229063382077699
576012,216229063382078209
690700,220730463986201344
2656780,216226864627389184
578060,216228925943124739
676364,76617268775170819
807436,216510332200358659
2642444,72113669416358659
3293708,85571692277215489
3310092,229684750049292544
3539468,229966156306526464
3801612,85587085440004864
568332,216226593759105808
691212,220729639335703312
2657292,216226039976891152
920588,221010839434507024
1707020,85621375905116944
2755596,76614176650507024
3279884,85586192070029584
2886668,216507240075694864
3673100,76614177187369744
578572,216226864342045459
693260,220729364457796369
2659340,216225765098984209
3286028,85568604178952464
1737740,229701379608883984
2786316,220694180354274064
3703820,220694180891136784
3539980,229965125497598224
3802124,85586054631076624
186380,220730463969423619
579596,216297233086223107
2152460,216226864610611459
694284,220799733201974017
1218572,229736563980972289
2267148,220729364726362369
2660364,216296133843161857
3184652,220729365263225089
3282956,85621239003164929
632844,216226052594275072
698380,220729643630670592
2664460,216226044271858432
731148,76614189267890944
862220,216507252693078784
2697228,72110589909078784
927756,221010843729474304
1714188,85621380200084224
2762764,76614180945474304
3287052,85586196364996864
2893836,216507244370662144
3680268,76614181482337024
706572,220730463969424129
2672652,216226864610611969
755724,220729368753812224
2721804,216225769395000064
952332,509241215586218752
2918412,504737616227406592
1968140,230017901518729984
3016716,221010702264120064
3541004,229982717683642624
3934220,221010702800982784
585740,216226868637012739
634892,216225777716368129
700428,220729368752763649
2666508,216225769393951489
708620,220730326530470659
2674700,216226727171658499
937996,221011732787704579
1724428,85622269258314499
2773004,76615070003704579
3297292,85587085423227139
2904076,216508133428892419
3690508,76615070540567299
1740812,229736426542019329
2789388,220729227287409409
3313676,229701242706931969
3706892,220729227824272129
1970188,230017832799253249
3018764,221010633544643329
3543052,229982648964165889
3936268,221010634081506049
761868,220694192971657984
1286156,229683800308789504
2334732,220676601054179584
2727948,216190593612845824
3252236,220676601591042304
1744908,229701383903851264
2793484,220694184649241344
3710988,220694185186104064
3350540,85568475330982144
3547148,229965129792565504
3809292,85586058926043904
3325964,229684750032515329
3555340,229966156289749249
3817484,85587085423227649
3375116,229683654816903424
3571724,518195501649309952
3604492,229965061074137344
3866636,85585990207615744
196852,13529503518240784
196980,85587097556168704
10868,4559893815169024
68212,4559756378312704
133748,13566947041030144
70260,4559687658835969
135796,13566878321553409
139892,13531771258875904
590452,4559687658836224
1114740,13531702809923584
2163316,4524503555313664
655988,13566878321553664
2228852,13531694218031104
3146356,13531694754893824
141428,13564894013108224
198772,13564756576251904
86132,4559687625281539
151668,13566878287998979
200820,13564687856775169
213108,13531702507941889
721012,13564687856775424
2293876,13529503753252864
3211380,13529504290115584
66484,72060905712586768
9908,3517696774192
67252,3380259917872
197300,4506911167819792
2163380,3311809007632
68788,18910794551344
25780,3517629665329
74932,1335788376112
140468,4504918233788464
2106548,1318874976304
83124,3380192809009
99508,72058912646434864
197812,4504780796932144
2163892,1181438119984
86196,20903659376659
213172,4506911100710929
2179252,3311741898769
1245364,13511911600631824
2293940,4504712346021904
3211444,4504712882884624
3276980,13511903545602064
41780,216176299810557952
99124,216176162373701632
197428,76564505205747712
328500,216457568630935552
2163508,72060905846935552
99636,216174100722290704
100660,216191692908335104
86324,72078497697304579
57652,216176299743449089
106804,216174117902159872
172340,220677700347572224
2138420,216174100988760064
114996,216176162306592769
213300,76564505138638849
344372,216457568563826689
2179380,72060905779826689
229684,220677562910715904
2195764,216173963551903744
459060,220958969167949824
1245492,85569505638559744
2294068,76562306383949824
2425140,216455369809137664
3211572,76562306920812544
3277108,85569497583529984
69172,21109817806864
75316,3534811631632
140852,4507117257043984
2106932,3517898231824
99892,72061111669690384
198196,4506979820187664
2164276,3380461375504
14900,56294187798529
72244,56156750942209
76340,21126997676032
141876,4524709443088384
535092,56294187798784
2107956,21110084276224
100916,72078703855734784
199220,4524572006232064
592436,56156750942464
2165300,20972647419904
86580,25301705887747
201268,4524503286755329
594484,56088031465729
2167348,20903927943169
107060,72061128849559552
172596,76564711294971904
303668,216457774720159744
2138676,72061111936159744
205364,4506997000056832
2171444,3397641244672
1188404,13514179341266944
2236980,4506980086657024
3154484,4506980623519744
213556,4511309147222017
2179636,7709788409857
229940,76564573858115584
361012,216457637283303424
2196020,72060974499303424
459316,76845980115349504
721460,4524503286755584
2425396,72342380756537344
2687540,20903927943424
30772,56294154244099
88116,56156717387779
217140,4524503253200899
610356,56087997911299
2183220,20903894388739
3285044,13511980821458944
1261620,13514110590332929
2310196,4506911335723009
3227700,4506911872585729
3293236,13514102535303169
11476,4556870157144112
68820,4556595280285744
1051860,13563786212479024
2100436,4556586957869104
13524,4556595279237169
136404,13563648505098289
533716,4556595279237424
1058004,13528610430324784
2106580,4521411175714864
165076,85586195609890864
197844,13528472723992624
656596,13563648505098544
2229460,13528464401575984
3146964,13528464938438704
1059028,13563794802413584
2107604,4556595547803664
166100,85621379981979664
198868,13563657096081424
2230484,13563648773664784
3147988,13563649310527504
143572,13563657095032849
151764,13564679297249299
200916,13563588376604689
2232532,13563580054188049
3150036,13563580591050769
172244,85586204199825424
663764,13563657095033104
2236628,13528472991510544
3154132,13528473528373264
721108,13563588376604944
2293972,13528404273082384
3211476,13528404809945104
2752724,13563580054188304
3277012,31542794728452112
3670228,13563580591051024
134484,85621379981979664
140628,85586204199825424
165204,229701383685746704
43348,220729652270927872
272724,221010852369731584
1059156,85621388840341504
2107732,76614189585731584
100692,220729377394069504
1083732,229736568326262784
2132308,220729369071652864
198996,85621251134009344
395604,230017905595592704
2230612,85621242811592704
3148116,85621243348455424
45396,220729377393020929
143700,85621251132960769
151892,85622273335177219
168276,229736430618882049
201044,85621182414532609
397652,230017836876115969
2232660,85621174092115969
3150164,85621174628978689
565588,220729377393021184
1089876,229701392544108544
2138452,220694193289498624
401748,229982729813438464
663892,85621251132961024
2236756,85586067029438464
3154260,85586067566301184
229716,229701254837776384
688468,229736430618882304
2261332,229701246515359744
3178836,229701247052222464
459092,229982661095010304
721236,85621182414532864
2294100,85585998311010304
3211604,85585998847873024
917844,230017836876116224
2490708,229982652772593664
2752852,85621174092116224
3277140,103600388766380032
3408212,229982653309456384
3670356,85621174628978944
134740,13564885455679504
140884,13529709673525264
27220,4559893814120449
1059412,13564894314041344
2107988,4557695059431424
150100,13566947039981569
166484,85622479493607424
199252,13564756607709184
2230868,13564748285292544
3148372,13564748822155264
29268,4559756375166979
143956,13564756606660609
86612,4559687656738819
1069652,13566878588932099
2118228,4559679334322179
201300,13564687888232449
2232916,13564679565815809
3150420,13564680102678529
156244,13531771257827329
172628,85587303711453184
664148,13564756606660864
2237012,13529572503138304
3154516,13529573040001024
213588,13531702539399169
672340,13566878320505089
2245204,13531694216982529
3162708,13531694753845249
721492,13564687888232704
2294356,13529503784710144
3211860,13529504321572864
2753108,13564679565816064
3277396,31543894240079872
3670612,13564680102678784
142420,13564069378338832
199764,13563794501480464
2231380,13563786179063824
3148884,13563786715926544
144468,13563794500431889
664660,13563794500432144
2237524,13528610396909584
3155028,13528610933772304
145492,13634163244609537
157780,13564894012059649
174164,85621663416266752
206932,13563811681349632
403540,85902863515070464
665684,13634163244609792
1189972,31578193278349312
231508,85621388539408384
428116,230018043000991744
2263124,85621380216991744
3180628,85621380753854464
2295892,13563657331093504
3213396,13563657867956224
3278932,31578047786463232
159828,13564756573106179
176212,85621388538359809
2240596,13563657330044929
3158100,13563657866907649
217172,13564687854678019
2248788,13564679532261379
3166292,13564680069124099
2297940,13563588611616769
3215444,13563589148479489
3280980,31577979066986497
434260,229982867218837504
696404,85621388538360064
2269268,85586204434837504
3186772,85586204971700224
2760788,13563657330045184
3285076,31542872004308992
3678292,13563657866907904
2818132,13563588611617024
3342420,31542803285880832
3735636,13563589148479744
3801172,31577979066986752
10132,72058912844615728
34708,216174092330537008
41876,216174100920471568
42388,216173276152533040
140692,76561412826148912
271764,216454476251336752
2106772,72057813467336752
99732,216173001275674672
165268,220676592312070192
2131348,216172992953258032
172436,220676600902004752
2138516,216173001543192592
3277204,85568398137962512
26260,3517695725617
140948,4504918299848752
2107028,1318941036592
3277460,13511903611662352
15508,53270529773617
23700,54086573559859
72852,52995652915249
138388,4556586689310769
2104468,52987330498609
44180,72076229951426608
142484,4521685785063472
535700,53270529773872
2108564,18086426251312
199828,4521410908205104
593044,52995652915504
2165908,17811549392944
658580,4556586689311024
1182868,13528601840398384
2231444,4521402585788464
2624660,52987330498864
3148948,4521403122651184
29844,18910791405619
144532,4521410907156529
537748,52995651866929
2110612,17811548344369
156820,4504918232739889
2122900,1318873927729
173204,76561687636946992
304276,216454751062134832
2139284,72058088278134832
205972,4503835902029872
2172052,236543217712
402580,76842887735750704
664724,4521410907156784
2368660,72339288376938544
2630804,17811548344624
230548,76561412760088624
361620,216454476185276464
2196628,72057813401276464
427156,220958067221671984
1213588,85568603692281904
2262164,76561404437671984
2393236,216454467862859824
3179668,76561404974534704
1246356,13510880806383664
2294932,4503681551773744
3212436,4503682088636464
30868,54095163494419
145556,4556595279245329
2111636,52995920433169
665748,4556595279245584
1190036,13528610430332944
2238612,4521411175723024
2631828,52995920433424
3156116,4521411712585744
3278996,13528464938446864
3281044,13528396218970129
434324,220958075811606544
1220756,85568612282216464
2269332,76561413027606544
2400404,216454476452794384
3186836,76561413564469264
3293332,13511903544553489
3309716,85568466790330384
3539092,85849873047564304
3801236,13528396218970384
58132,216176299809509377
172820,220677700413632512
2138900,216174101054820352
3277588,85569497649590272
44308,216191418027282448
173332,220676875712802832
2139412,216173276353990672
402708,220958075811606544
1189140,85568612282216464
2237716,76561413027606544
2368788,216454476452794384
3155220,76561413564469264
230676,220676600835944464
2196756,216173001477132304
1213716,229683791768137744
2262292,220676592513527824
3179796,220676593050390544
3278100,85568466790330384
30996,72111689201422339
47380,216226052643557377
145684,76614189317173249
276756,216507252742361089
2111764,72110589958361089
55572,216226868687343619
104724,216225777766699009
170260,220729368803094529
2136340,216225769444282369
174356,220694467898847232
567572,216226052643557632
2140436,216190868540035072
403732,220975667997650944
665876,76614189317173504
1190164,85586204468260864
2238740,76579005213650944
796948,216507252742361344
2369812,216472068638838784
2631956,72110589958361344
3156244,76579005750513664
231700,220694193021988864
624916,216225777766699264
2197780,216190593663176704
690452,220729368803094784
1214740,229701383954182144
2263316,220694184699572224
2656532,216225769444282624
3180820,220694185236434944
3279124,85586058976374784
61716,216191692905189379
176404,220694193020940289
569620,216225777765650689
2142484,216190593662128129
3281172,85585990256898049
188692,220677700346523649
2154772,216174100987711489
237844,220676618015813632
2203924,216173018657001472
434452,509188451963318272
696596,220694193020940544
2400532,504684852604506112
2662676,216190593662128384
1450260,229965137895829504
2498836,220957938641219584
3416340,220957939178082304
3293460,85569497582481409
1278228,229683662920167424
2326804,220676463665557504
3244308,220676464202420224
1507604,229965069177401344
2556180,220957869922791424
3473684,220957870459654144
3801364,85585990256898304
24084,56285596815379
30228,21109814661139
157204,4507117255995409
2123284,3517897183249
1189396,13512117755916304
2237972,4504918501306384
3155476,4504919038169104
3278356,13511972264030224
145940,4557694790873089
2112020,54095432060929
55828,72113879634743299
88596,56156748845059
154132,4559747785240579
2120212,56148426428419
158228,4524709442039809
551444,56294186750209
2124308,21110083227649
666132,4557694790873344
1190420,13529709941960704
2238996,4522510687350784
2632212,54095432061184
3156500,4522511224213504
3279380,13529564450074624
61972,72078703852589059
160276,4524572003086339
553492,56156747796739
2126356,20972644274179
217620,4524503284658179
610836,56088029368579
2183700,20903925846019
676372,4559679065764099
1200660,13531694216851459
2249236,4524494962241539
2642452,56079706951939
3166740,4524495499104259
3281428,13529495730597889
188948,76564711293923329
320020,216457774719111169
2155028,72061111935111169
1204756,13514179340218369
2253332,4506980085608449
3170836,4506980622471169
434708,220959175323234304
1221140,85569711793844224
2269716,76562512539234304
2400788,216455575964422144
3187220,76562513076097024
1262100,13514110621790209
2310676,4506911367180289
3228180,4506911904043009
3310100,85569566301958144
3539476,85850972559192064
3801620,13529495730598144
3279892,13528602343845904
3310612,85568604195729424
3343380,13510881309831184
161812,4557694757318659
2127892,54095398506499
1194004,13563794768867329
2242580,4556595514257409
3160084,4556596051120129
3282964,13563649276981249
1714196,13563794768867584
2762772,4556595514257664
3680276,4556596051120384
3311636,85586196381773824
3344404,13528473495875584
3803156,13563649276981504
3289108,13528473494827009
3297300,13529495697043459
3346452,13528404776398849
3805204,13563580557504769
3301396,13511980820410369
1482772,229965275301228544
2531348,220958076046618624
3448852,220958076583481344
3350548,13510898489700352
3547156,85849950323421184
3809300,13528473494827264
3358740,13511912101982209
3375124,85568475347759104
3571732,229965129809342464
3604500,85849881604993024
3866644,13528404776399104
3812,4559880930267184
132836,13531758373974064
133860,13566942746062864
135908,13566874026586129
197348,13531693951561744
656100,13566874026586384
2228964,13531689923063824
3146468,13531690459926544
134372,13564881128206384
151780,13566873993031699
35684,220732663044050944
133988,85624536783990784
136036,85624468064514049
164708,229704540487757824
197476,85589287989489664
394084,229985946744991744
656228,85624468064514304
2229092,85589283960991744
3146596,85589284497854464
166244,229737663241990144
151908,85624468030959619
134756,13567080151461904
76388,4559893783711744
141924,13567084446429184
166500,85624674189389824
199268,13566947009572864
2230884,13566942981074944
3148388,13566943517937664
152164,13571272039542787
201316,13566878290096129
2232932,13566874261598209
3150436,13566874798460929
205412,13531771227418624
721508,13566878290096384
2294372,13531694186573824
3211876,13531694723436544
2753124,13566874261598464
3277412,31546088935862272
3670628,13566874798461184
150628,13567080134684689
199780,13564885408493584
2231396,13564881379995664
3148900,13564881916858384
152676,13566942695731219
205924,13529709626339344
153700,13637311439908867
92260,4559893766934529
157796,13567084429651969
1124452,13564894266855424
2173028,4557695012245504
2238564,13564885674962944
3156068,13564886211825664
182372,85624674172612609
215140,13566946992795649
2246756,13566942964297729
3164260,13566943501160449
231524,85622479446421504
428132,230019138201923584
2263140,85622475417923584
3180644,85622475954786304
2295908,13564748238106624
3213412,13564748774969344
3278948,31579142987395072
94308,4559756327981059
159844,13566946990698499
208996,13564756559474689
184420,85624536733659139
1134692,13566878541746179
2183268,4559679287136259
413796,85905942990893059
675940,13637242720432387
1200228,31581272754171907
2297956,13564679518629889
3215460,13564680055492609
3280996,31579074267918337
221284,13531771210641409
237668,85587303664267264
729188,13564756559474944
2302052,13529572455952384
3219556,13529572992815104
737380,13566878273319169
2310244,13531694169796609
3227748,13531694706659329
2768996,13566874244821249
3293284,31546088919085057
3686500,13566874781683969
2818148,13564679518630144
3342436,31543894192893952
3735652,13564680055492864
3801188,31579074267918592
34724,216176286925656112
75172,72058912646434864
50596,216176286858547249
99748,216174092132356144
165284,220677687462670384
2131364,216174088103858224
106916,216174100722290704
3277220,85569493288562704
7844,56281302896689
69284,21101227872304
134820,4524696558186544
528036,56281302896944
2100900,21097199374384
140964,4507108667109424
2107044,3509308297264
100004,72061103079755824
165540,76564698410070064
296612,216457761835257904
2131620,72061099051257904
198308,4506971230253104
2164388,3371871440944
1181348,13514166456365104
2229924,4506967201755184
3147428,4506967738617904
76452,21109817806864
107172,72061111669690384
205476,4506979820187664
2171556,3380461375504
1245860,13514102033952784
2294436,4506902779342864
3211940,4506903316205584
23716,56281269342259
91300,3517598208049
205988,4504918202331184
2172068,1318843519024
3277988,13511967936557104
3293348,13514098240335889
3342500,13511903514144784
75556,72061111669690384
100132,216176291155611664
165668,220679886485925904
2131748,216176287127113744
39716,216229063416680449
76580,72078703855734784
101156,216193883341656064
166692,220697478671970304
559908,216229063416680704
2132772,216193879313158144
172836,220679890780893184
2138916,216176291422081024
205604,76564573858115584
336676,216457637283303424
2171684,72060974499303424
230180,220679753344036864
2196260,216176153985224704
1213220,229686948570148864
2261796,220679749315538944
3179300,220679749852401664
459556,220961159601270784
1245988,85571696071880704
2294564,76564496817270784
2425636,216457560242458624
3212068,76564497354133504
1442596,229968354827382784
2491172,220961155572772864
3408676,220961156109635584
55588,216229063383126019
123172,216176299711991809
237860,220677700316114944
2203940,216174100957302784
3293476,85571692278263809
3309860,229684750050340864
3342628,85569497552072704
3539236,229966156307574784
206372,4507117225586704
2172452,3517866774544
3278372,13514166959812624
80420,56294156341249
207396,4524709411631104
600612,56294156341504
2173476,21110052818944
3279396,13531759145857024
3281444,13531690426380289
238116,76564711263514624
369188,216457774688702464
2204196,72061111904702464
1253924,13514179309809664
2302500,4506980055199744
3220004,4506980592062464
3285540,13514171254779904
3293732,13518496286846977
3310116,85571760997740544
3539492,85853167254974464
3801636,13531690426380544
89124,56285549629459
154660,4559880879943699
2120740,56281521131539
3279908,13529697544777744
95268,21109767475219
222244,4507117208809489
2188324,3517849997329
1254436,13512117708730384
2303012,4504918454120464
3220516,4504918990983184
3286052,13512109653700624
3294244,13514166943035409
3310628,85569699396661264
3343396,13511972216844304
161828,4559885174910979
2127908,56285816098819
210980,4557694743687169
2177060,54095384875009
120868,72113879587557379
186404,76617474917871619
317476,216510538343059459
2152484,72113875559059459
219172,4559747738054659
2185252,56148379242499
1202212,13566942964166659
2250788,4559743709556739
3168292,4559744246419459
3282980,13564744477913089
223268,4524709394853889
616484,56294139564289
2189348,21110036041729
731172,4557694743687424
1255460,13529709894774784
2304036,4522510640164864
2697252,54095384875264
3221540,4522511177027584
3287076,13529701839745024
3295268,13531759129079809
3311652,85587291582705664
3344420,13529564402888704
3803172,13564744477913344
127012,72078703805403139
225316,4524571955900419
618532,56156700610819
2191396,20972597088259
741412,4559679018578179
1265700,13531694169665539
2314276,4524494915055619
2707492,56079659766019
3231780,4524495451918339
1724452,13566874244690179
2773028,4559674990080259
3690532,4559675526942979
3346468,13529495683411969
3805220,13564675758436609
253988,76564711246737409
385060,216457774671925249
2220068,72061111887925249
1269796,13514179293032449
2318372,4506980038422529
3235876,4506980575285249
3301412,13514171238002689
499748,220959175276048384
1286180,85569711746658304
2334756,76562512492048384
2465828,216455575917236224
3252260,76562513028911104
3317796,85569703691628544
3325988,85571760980963329
3555364,85853167238197249
3817508,13531690409603329
3375140,85569566254772224
3571748,229966225010274304
3604516,85850972512006144
3866660,13529495683412224
36292,220729639386026032
265668,221010839484829744
1052100,85621375955439664
2100676,76614176700829744
38340,220729364508119089
136644,85621238248058929
140740,85586195609890864
558532,220729364508119344
1082820,229701379659206704
2131396,220694180404596784
394692,229982716928536624
656836,85621238248059184
2229700,85586054144536624
3147204,85586054681399344
141764,85621379981979664
1083844,229736564031295504
2132420,220729364776685584
395716,230017901300625424
2230724,85621238516625424
3148228,85621239053488144
152004,85622269040209939
168388,229736426323914769
397764,230017832581148689
2232772,85621169797148689
3150276,85621170334011409
172484,229701383685746704
688580,229736426323915024
2261444,229701242220392464
3178948,229701242757255184
917956,230017832581148944
2490820,229982648477626384
2752964,85621169797148944
3277252,103600384471412752
3408324,229982649014489104
3670468,85621170334011664
20164,4559880929218609
1052356,13564881429139504
2100932,4557682174529584
22212,4559743490265139
136900,13564743721758769
140996,13529701083590704
149188,13531758372925489
165572,85587290826551344
657092,13564743721759024
2229956,13529559618236464
3147460,13529560155099184
142020,13564885455679504
150212,13566942745014289
166596,85622475198640144
2230980,13564743990325264
3148484,13564744527187984
1069764,13566874293964819
2118340,4559675039354899
2233028,13564675270848529
3150532,13564675807711249
672452,13566874025537809
2245316,13531689922015249
3162820,13531690458877969
2753220,13564675270848784
3277508,31543889945112592
3670724,13564675807711504
138436,13634150359707697
142532,13564060788404272
150724,13564881127157809
167108,85621650531364912
199876,13563785911545904
396484,85902850630168624
658628,13634150359707952
1182916,31578180393447472
144580,13563785910497329
152772,13564743688204339
169156,85621375653457969
2233540,13563644445143089
3151044,13563644982005809
206020,13528610129391664
664772,13563785910497584
2237636,13528601806975024
3155140,13528602343837744
427204,229982854333935664
689348,85621375653458224
2262212,85586191549935664
3179716,85586192086798384
2753732,13563644445143344
3278020,31542859119407152
3671236,13563644982006064
207044,13563794501480464
2238660,13563786179063824
3156164,13563786715926544
428228,230018038706024464
2263236,85621375922024464
3180740,85621376458887184
3279044,31578043491495952
2248900,13564675237294099
3166404,13564675774156819
3281092,31577974772019217
3801284,31577974772019472
134980,85622475198640144
165700,229702478902407184
142148,85622479493607424
52036,220732663043002369
150340,85624536782942209
1084228,229737663542923264
2132804,220730464288313344
396100,230019000812253184
2231108,85622338028253184
3148612,85622338565115904
54084,220732525604048899
283460,221013931861282819
1069892,85624468331892739
2118468,76617269077282819
168772,229737525835542529
398148,230018932092776449
2233156,85622269308776449
3150660,85622269845639169
172868,229702483197374464
181060,229704540486709249
410436,229985946743943169
672580,85624468063465729
2245444,85589283959943169
3162948,85589284496805889
688964,229737525835542784
2261828,229702341732020224
3179332,229702342268882944
918340,230018932092776704
2491204,229983747989254144
2753348,85622269308776704
3277636,103601483983040512
3408708,229983748526116864
3670852,85622269845639424
167236,229736838607220752
396612,230018038706024464
2231620,85621375922024464
3149124,85621376458887184
169284,229736563729313809
689476,229736563729314064
2262340,229701379625791504
3179844,229701380162654224
170308,229806932473491457
174404,229736842902188032
207172,85621388539408384
403780,230018043000991744
2238788,85621380216991744
3156292,85621380753854464
182596,229737663240941569
231748,229736568025329664
428356,518248414857736192
690500,229806932473491712
1214788,247750962507231232
2492740,230017901535637504
3279172,103635637529423872
3410244,230017902072500224
176452,229736568024281089
184644,229737525801988099
414020,230018932059222019
2249028,85622269275222019
3166532,85622269812084739
2265412,229736426558926849
3182916,229736427095789569
2494788,230017832816160769
3281220,103635568809947137
3412292,230017833353023489
237892,229701392243175424
696644,229736568024281344
2269508,229701383920758784
3187012,229701384457621504
2785604,229736426558927104
3309892,247715641233190912
3703108,229736427095789824
3014980,230017832816161024
3539268,247997047490424832
3801412,103635568809947392
3932484,230017833353023744
151108,13567080150413329
2231876,13564881395724304
3149380,13564881932587024
153156,13566942711459859
154180,13637311455637507
158276,13567084445380609
207428,13564894013108224
2239044,13564885690691584
3156548,13564886227554304
182852,85624674188341249
2247236,13566942980026369
3164740,13566943516889089
428612,230019138217652224
2263620,85622475433652224
3181124,85622475970514944
3279428,31579143003123712
160324,13566947006427139
184900,85624536749387779
217668,13566878287998979
414276,85905943006621699
676420,13637242736161027
1200708,31581272769900547
3281476,31579074283646977
2769476,13566874260549889
3293764,31546088934813697
3686980,13566874797412609
3801668,31579074283647232
154692,13635249854558227
662596,13774887831286033
2235460,13634150611496977
3152964,13634151148359697
175172,85622204565368848
207940,13564069362610192
2239556,13564061040193552
3157060,13564061577056272
2247748,13564881378947089
3165252,13564881915809809
429124,230018313567154192
2264132,85621650783154192
3181636,85621651320016912
2296900,13563786163335184
3214404,13563786700197904
2493508,85902850881957904
2755652,13634150611497232
3411012,85902851418820624
3673156,13634151148359952
160836,13564885405347859
209988,13563794484703249
2241604,13563786162286609
3159108,13563786699149329
185412,85622475148308499
2249796,13564743939993619
3167300,13564744476856339
431172,230018038689247249
2266180,85621375905247249
3183684,85621376442109969
3281988,31578043474718737
730180,13563794484703504
2303044,13528610381180944
3220548,13528610918043664
2761796,13563786162286864
3286084,31543000836550672
3679300,13563786699149584
951364,230018038689247504
2524228,229982854585724944
2786372,85621375905247504
3310660,103600590579511312
3441732,229982855122587664
3703876,85621376442110224
3802180,31578043474718992
161860,13635254149525507
211012,13634163228880897
669764,13774892126253313
2242628,13634154906464257
3160132,13634155443326977
186436,85692843892486147
677956,13775849903960323
2250820,13635112684171267
3168324,13635113221033987
432196,230088407433424897
694340,85832481869213953
2267204,85691744649424897
3184708,85691745186287617
2758724,13774750660899073
3283012,31648412218896385
3676228,13774751197761793
223300,13564893996331009
2254916,13564885673914369
3172420,13564886210777089
239684,85621663400538112
436292,230018317862121472
2271300,85621655078121472
3188804,85621655614984192
469060,85902863499341824
731204,13634163228881152
1255492,31578193262620672
2500676,85902855176925184
2762820,13634154906464512
3418180,85902855713787904
3680324,13634155443327232
444484,230019138200875009
2279492,85622475416875009
3196996,85622475953737729
3295300,31579142986346497
493636,230018042985263104
2328644,85621380201263104
3246148,85621380738125824
952388,230088407433425152
1476676,248032437467164672
2787396,85691744649425152
3704900,85691745186287872
3344452,31578047770734592
3541060,103917112489357312
3803204,31648412218896640
192580,85622479443275779
225348,13564756557377539
2256964,13564748234960899
3174468,13564748771823619
241732,85621388522631169
438340,230018042984214529
2273348,85621380200214529
3190852,85621380737077249
2306116,13563657314316289
3223620,13563657851179009
3289156,31578047769686017
446532,230019000761921539
2281540,85622337977921539
3199044,85622338514784259
2314308,13564679516532739
3231812,13564680053395459
2510916,85903744235155459
2773060,13635043964694787
3428420,85903744772018179
3690564,13635044501557507
2527300,230017901518860289
3313732,103635637512646657
3444804,230017902055723009
3346500,31577979051257857
3543108,103917043769880577
3805252,31648343499419905
499780,229982867203108864
761924,85621388522631424
2334788,85586204419108864
3252292,85586204955971584
958532,230018042984214784
2531396,229982858880692224
2793540,85621380200214784
3317828,103600594874478592
3448900,229982859417554944
3711044,85621380737077504
2826308,13563657314316544
3350596,31542871988580352
3743812,13563657851179264
3809348,31578047769686272
3817540,31579074266870017
3047492,230017901518860544
3571780,247997116193124352
3833924,103635637512646912
3964996,230017902055723264
3866692,31577979051258112
4063300,103917043769880832
51076,216176286924607537
165764,220677687528730672
2131844,216174088169918512
3277700,85569493354622992
23940,72111676316520499
40324,216226039758655537
138628,76614176432271409
269700,216507239857459249
2104708,72110577073459249
44420,216191409437347888
167300,220694455013945392
560516,216226039758655792
2133380,216190855655133232
396676,220975655112749104
658820,76614176432271664
1183108,85586191583359024
2231684,76578992328749104
789892,216507239857459504
2362756,216472055753936944
2624900,72110577073459504
3149188,76578992865611824
54660,216191680020287539
169348,220694180136038449
562564,216225764880748849
2135428,216190580777226289
107908,216173276086472752
173444,220676867122868272
2139524,216173267764056112
206212,76561412760088624
337284,216454476185276464
2172292,72057813401276464
402820,220958067221671984
1189252,85568603692281904
2237828,76561404437671984
2368900,216454467862859824
3155332,76561404974534704
181636,220677687461621809
2147716,216174088102809649
230788,220676592246009904
2196868,216172992887197744
427396,509188439078416432
689540,220694180136038704
2393476,504684839719604272
2655620,216190580777226544
1443204,229965125010927664
2491780,220957925756317744
3409284,220957926293180464
55684,216226864392376339
170372,220729364508127249
2136452,216225765149315089
690564,220729364508127504
1214852,229701379659214864
2263428,220694180404604944
2656644,216225765149315344
3180932,220694180941467664
3279236,85586054681407504
3281284,85585985961930769
237956,220676600835944464
2204036,216173001477132304
1220996,229683791768137744
2269572,220676592513527824
3187076,220676593050390544
3285380,85568466790330384
3293572,85569493287514129
3342724,85568398071902224
3801476,85585985961931024
138884,4557681905971249
2104964,54082547159089
151172,4524696557137969
544388,56281301848369
2117252,21097198325809
659076,4557681905971504
1183364,13529697057058864
2231940,4522497802448944
2625156,54082547159344
3149444,4522498339311664
30340,21101224726579
54916,72078690967687219
153220,4524559118184499
546436,56143862894899
2119300,20959759372339
91780,3517629665329
157316,4507108666060849
2123396,3509307248689
206468,4504918233788464
2172548,1318874976304
1189508,13512109165981744
2238084,4504909911371824
3155588,4504910448234544
181892,76564698409021489
312964,216457761834209329
2147972,72061099050209329
1197700,13514166455316529
2246276,4506967200706609
3163780,4506967737569329
427652,220959162438332464
1214084,85569698908942384
2262660,76562499654332464
2393732,216455563079520304
3180164,76562500191195184
31364,56285596815379
55940,72113875339776019
154244,4559743490273299
2120324,56144131461139
3279492,13529560155107344
676484,4559674770796819
1200772,13531689921884179
2249348,4524490667274259
2642564,56075411984659
3166852,4524491204136979
3281540,13529491435630609
3285636,13511972264030224
3310212,85569562006990864
3342980,13511903545602064
3539588,85850968264224784
3801732,13529491435630864
154756,4557681872416819
2120836,54082513604659
1186948,13563781883965489
2235524,4556582629355569
3153028,4556583166218289
1707140,13563781883965744
2755716,4556582629355824
3673220,4556583166218544
3282052,13528460609925169
1254532,13511018211782704
2303108,4503818957172784
3220612,4503819494035504
3294340,13511967935508529
1475716,229965262416326704
2524292,220958063161716784
3441796,220958063698579504
3343492,13510872719896624
3540100,85849937438519344
3802244,13528460609925424
3283076,13563644982013969
3287172,13528602343845904
3311748,85586192086806544
3803268,13563644982014224
3297412,13529491402076179
3805316,13563576262537489
3317892,85568604195729424
3350660,13510881309831184
3571844,229965125514375184
24324,72113875339776019
55044,216193879043543059
182020,220679886484877329
2148100,216176287126065169
1214212,229684886984798224
2262788,220677687730188304
3180292,220677688267051024
3278596,85569562006990864
31492,72113879634743299
154372,76617337528201219
285444,216510400953389059
2120452,72113738169389059
170756,220730464019755009
2136836,216226864660942849
183044,220697478670921729
576260,216229063415632129
2149124,216193879312109569
690948,220730464019755264
1215236,229702479170842624
2263812,220695279916232704
2657028,216226864660943104
3181316,220695280453095424
3279620,85587154193035264
62212,216193883338510339
185092,220697341231968259
578308,216228925976678659
2151172,216193741873156099
414468,220978747489202179
676612,76617268808724739
1200900,85589283959812099
2249476,76582084705202179
807684,216510332233912579
2380548,216475148130390019
2642692,72113669449912579
3166980,76582085242064899
3281668,85587085473558529
123652,216176299743449089
189188,220679890779844609
2155268,216176291421032449
238340,220677700347572224
2204420,216174100988760064
1221380,229684891279765504
2269956,220677692025155584
3187460,220677692562018304
3285764,85569566301958144
1229572,229686948569100289
2278148,220679749314490369
3195652,220679749851353089
1458948,229968354826334209
2507524,220961155571724289
3425028,220961156108587009
3343108,85569497583529984
3801860,85587085473558784
3280132,85586192086806544
3286276,85568604195729424
3540228,229965125514375184
186628,220730463986200579
2152708,216226864627388419
1218820,229736563997749249
2267396,220729364743139329
3184900,220729365280002049
3283204,85621239019941889
3287300,85586196381773824
1739012,229736563997749504
2787588,220729364743139584
3705092,220729365280002304
3541252,229982717700419584
3803396,85621239019942144
3297540,85587085440004099
3313924,229701242723708929
3543300,229982648980942849
3805444,85621170300465409
1286404,229683800325566464
2334980,220676601070956544
3252484,220676601607819264
3350788,85568475347759104
3547396,229965129809342464
3326212,229684750049292289
3555588,229966156306526209
3375364,229683654833680384
3571972,518195501666086912
3834116,229701242723709184
3604740,229965061090914304
4063492,229982648980943104
155140,4559880895672339
2121220,56281536860179
3280388,13529697560506384
3286532,13512109669429264
3294724,13514166958764049
3311108,85569699412389904
96772,56294154244099
162308,4559885190639619
2128388,56285831827459
186884,76617474933600259
317956,216510538358788099
2152964,72113875574788099
1202692,13566942979895299
2251268,4559743725285379
3168772,4559744262148099
3283460,13564744493641729
3287556,13529701855473664
3295748,13531759144808449
3312132,85587291598434304
3803652,13564744493641984
1724932,13566874260418819
2773508,4559675005808899
3691012,4559675542671619
3805700,13564675774165249
3301892,13514171253731329
3318276,85569703707357184
3351044,13511980821458944
3326468,85571760996691969
3359236,13514102535303169
3555844,85853167253925889
3817988,13531690425331969
3572228,229966225026002944
1203204,13564881378816019
2251780,4557682124206099
3169284,4557682661068819
3288068,13528877204975632
3296260,13529697543729169
3312644,85586466947936272
3345412,13528602328117264
3542020,85867667046739984
3290116,13528602327068689
3298308,13529560104775699
3314692,85586192070029329
3806212,13563644965237009
3302404,13512109652652049
3318788,85568879056859152
3548164,85850079155662864
3810308,13528602327068944
3326980,85569699395612689
3376132,85568604180000784
3834884,85586192070029584
227332,4557694741590019
2193412,54095382777859
1210372,13564885673783299
2258948,4557686419173379
3176452,4557686956036099
1259524,13563794753138689
2308100,4556595498528769
3225604,4556596035391489
448516,221011938946134019
1234948,85622475416743939
2283524,76615276162134019
2414596,216508339587321859
3201028,76615276698996739
1480708,230018038957682689
2529284,221010839703072769
3446788,221010840239935489
3348484,13563649261252609
3545092,85902713979875329
3807236,13634013709414657
3303428,13529701838696449
3319812,85586471242903552
1779716,13563794753138944
2828292,4556595498529024
3745796,4556596035391744
3549188,85867671341707264
3328004,85587291581657089
3819524,13564744476864769
3377156,85586196366045184
2000900,230018038957682944
3049476,221010839703073024
3966980,221010840239935744
3868676,13563649261252864
4065284,85902713979875584
3305476,13529564399742979
3321860,85586196364996609
3354628,13528473479098369
3813380,13563649260204289
3330052,85587154142703619
3362820,13529495681314819
3559428,85868560399937539
3575812,229982717683642369
3837956,85621239003164929
3870724,13563580541776129
4067332,85902645260398849
3334148,85569703690579969
3366916,13511980804681729
1548292,229965275285499904
2596868,220958076030889984
3514372,220958076567752704
3842052,85586196364996864
3612676,85849950307692544
3874820,13528473479098624
3588100,229966225009225729
3637252,229965129793613824
4096004,229982717683642624
590072,76615082673439504
66424,220697285467570432
525176,220732461247628032
10616,220730476905627904
67960,220730339468771584
20856,220732461180518659
70008,220730270749294849
532856,220730339466674944
82296,220697285400461569
541048,220732461180519169
196984,229702285631951104
1114488,229702285900382464
655736,229737461412008704
1573240,229737461680440064
10872,76617487853027584
35448,220732667338948864
68216,76617350416171264
70264,76617281696694529
41592,220697491556794624
533112,76617350414074624
98936,220697354119938304
557688,220732529899995904
197240,85589296579350784
328312,220978760377172224
1114744,85589296847782144
655992,85624472359408384
787064,221013936157229824
1573496,85624472627839744
100472,220730476874170624
86136,76617281663140099
565368,220730476872073984
606328,76617281663140609
622712,220730339435217664
721016,85622281894630144
852088,221011745692451584
1638520,85622282163061504
1976,216176153915818288
9144,216176162505752848
525240,216193677382386448
9656,216174100787233072
67000,216173963350376752
82360,216176093654155537
590264,216191486816944912
9912,72061111734632752
34488,216176291220554032
67256,72060974297776432
41656,216176299810488592
99000,216176162373632272
328376,216457568630866192
590520,72078497764344592
68792,72076504832409904
527544,72111680612467504
25784,72061111667523889
42168,216174375598031152
74936,72058929826234672
271544,216455575696834864
533688,72076504830313264
50360,216176291153445169
83128,72060974230667569
558264,216191684316234544
328888,216455438259978544
591032,72076367393456944
534712,72111689202402064
100536,216191692908265744
559288,216226868688323344
592056,72111551765545744
86200,72078497697235219
544952,72113673477292819
594104,72111483046069009
57528,216176299743379729
106680,216174117902090512
565432,216191692906169104
114872,216176162306523409
344248,216457568563757329
606392,72078497697235729
622776,216191555469312784
852152,216472961726546704
10040,216176299810488592
67384,216176162373632272
11064,216193891996532992
68408,216193754559676672
527160,216228930339734272
70456,216193685840199937
529208,216228861620257537
41784,504406675962200320
74552,216176179553501440
533304,216193754557580032
82744,216180491700666625
99128,504406538525344000
197432,220679693281530112
328504,504687944782577920
1114936,220679693549961472
2163512,216176093922656512
68920,216191692908265744
527672,216226868688323344
25912,216176299743379729
75064,216174117902090512
533816,216191692906169104
83256,216176162306523409
99640,504404476873933072
591160,216191555469312784
14648,216226877278257409
22840,216228930272624899
71992,216226739841401089
26936,216193891929424129
76088,216191710088134912
84280,216193754492567809
543032,216228930272625409
100664,504422069059977472
559416,504457244840035072
28984,216193754490470659
536888,216226739839304449
57656,504406675895091457
90424,216176179486392577
549176,216193754490471169
106808,504404494053802240
303416,1081146704151970048
565560,504422069057880832
598328,216191572649181952
115000,504406538458235137
213304,220679693214421249
344376,504687944715469057
1130808,220679693482852609
2179384,216176093855547649
360760,1081146566715113728
622904,504421931621024512
721208,220695086377210624
1245496,229684693714342144
852280,504703337878258432
1638712,220695086645641984
2687288,216191487018337024
3211576,220677494996533504
69176,72078703855665424
527928,72113879635723024
42552,216176574621286672
75320,72061128849490192
271928,216457774720090384
534072,72078703853568784
558648,216193883339490064
329272,216457637283234064
591416,72078566416712464
14904,72113888225657089
39480,216229067711578369
72248,72113750788800769
43576,216194166807331072
76344,72078721035534592
272952,216475366906134784
330296,216475229469278464
789048,216510405249336064
45624,216193891929424129
537144,72113750786704129
86584,72082895743746307
545336,72118071523803907
102968,216193754492567809
561720,216228930272625409
332344,216475160749801729
791096,216510336529859329
57912,216180697789890817
172600,220679899370754304
303672,504688150871802112
1090104,220679899639185664
2138680,216176300011880704
336440,216457654463103232
598584,72078583596581632
795192,216475229467181824
115256,216180560353034497
344632,216461966610268417
606776,72082895743746817
229944,220679761933897984
361016,504688013434945792
1147448,220679762202329344
2196024,216176162575024384
459320,220961168191131904
721464,76582097324610304
1245752,85571704661741824
1376824,220961168459563264
2425400,216457568832258304
1638968,76582097593041664
2687544,72078497965736704
3211832,76564505943933184
592952,72111689170944784
115768,216176299711922449
623672,216191692874711824
30776,72113888192102659
55352,216229067678023939
88120,72113750755246339
104504,216226877246800129
550968,72113888192103169
567352,216227152122610432
600120,72111706350813952
796728,216508352221414144
116792,216193891897966849
575544,216229067678024449
608312,72113750755246849
854072,216508214784557824
61496,216193891895869699
553016,72113750753149699
569400,216226877244703489
118840,216193754459013379
577592,216228930239070979
348216,216475160716247299
806968,216510336496304899
626744,216226739807847169
856120,216508146065081089
122936,216176316891791617
581688,216193891895870209
630840,216191710054580992
639032,216193754459013889
868408,216475160716247809
525272,220730262357541648
3544,220729368870125872
9688,220694193087971632
525784,220729231431172912
10712,220729377460060432
532952,220729240021107472
590296,220729171302679312
655832,229736361966441232
1573336,229736362234872592
11480,76614464195002672
36056,220729643680923952
68824,76614189318144304
134360,85621379981906224
265432,221010843779727664
527576,76684549471339312
1051864,85621380250337584
13528,76614189317095729
38104,220729368803017009
42200,220694467898769712
140504,85586204199751984
271576,220975667997573424
1058008,85586204468183344
99544,220694193021911344
165080,229701383685673264
1082584,229701383954104624
591064,76614051879191344
656600,85621242542953264
787672,221010706340774704
1574104,85621242811384624
43224,220729652270858512
141528,85621388571840784
272600,221010852369662224
534744,76684558061273872
1059032,85621388840272144
100568,220729377394000144
166104,229736568057762064
559320,220799737547195152
1083608,229736568326193424
45272,220729377392951569
172248,229701392275607824
1089752,229701392544039184
663768,85621251132887824
794840,221010714930709264
1581272,85621251401319184
622808,220729239955047184
688344,229736430618809104
1605848,229736430887240464
721112,85621182414459664
852184,221010646212281104
1638616,85621182682891024
917720,230017836876043024
1835224,230017837144474384
3670232,85621174628844304
11096,220730476971688192
21336,220732461246578947
533336,220730339532735232
541528,220732461246579457
590680,220730270814307072
656216,229737461478068992
1573720,229737461746500352
11608,220729652270858512
68952,220729377394000144
134488,229736568057762064
527704,220799737547195152
1051992,229736568326193424
13656,220729377392951569
140632,229701392275607824
1058136,229701392544039184
558424,508959744954729232
591192,220729239955047184
656728,229736430618809104
1574232,229736430887240464
14680,220799746137129217
530776,220940337596596993
26968,220730476904579329
43352,508960028422570240
76120,220729394573869312
272728,509241228521373952
2107736,220729377661452544
100696,508959753545711872
166232,517966944209473792
297304,1085701972234862848
559448,509030113698906880
1083736,517966944477905152
199000,229736439209791744
592216,220799608699224832
1116504,229736439478223104
657752,229806799362986752
1575256,229806799631418112
3148120,229736431424176384
29016,220730339465625859
45400,508959753544663297
143704,229736439208743169
536920,220799608698176257
1061208,229736439477174529
86360,220730270747197699
151896,229737461410959619
545112,220800630900392707
1069400,229737461679390979
201048,229736370490315009
594264,220799539979748097
1118552,229736370758746369
659800,229806730643510017
1577304,229806730911941377
3150168,229736362704699649
549208,220730339465626369
172376,517931768427319552
303448,1085666796452708608
1089880,517931768695750912
598360,220729257134916352
794968,509241091082420992
2629976,220729240222499584
3154264,229701255642022144
606552,220730270747198209
672088,229737461410960129
1589592,229737461679391489
622936,508959616106758912
688472,517966806770520832
819544,1085701834795909888
1605976,517966807038952192
852312,509241022363992832
2687320,220729171504071424
3211608,229701186923593984
917848,518248213027754752
1704280,247750760677249792
2752856,229736362167833344
1835352,518248213296186112
534104,76615288828723984
558680,220730468314645264
27224,76617487851979009
43608,220730751782486272
141912,85622488083468544
272984,221011951881289984
535128,76685657572901632
1059416,85622488351899904
51800,220732667337900289
100952,220730476905627904
166488,229737667569389824
559704,220800837058822912
1083992,229737667837821184
29272,76617350413025539
45656,220730476904579329
53848,220732529898946819
86616,76617281694597379
152152,85624472358359299
283224,221013936156180739
545368,76687641847792387
1069656,85624472626790659
57944,220697491555746049
549464,76617350413026049
172632,229702491787235584
1090136,229702492055666944
664152,85622350644515584
795224,221011814442337024
1581656,85622350912946944
574040,220732529898947329
606808,76617281694597889
672344,85624472358359809
803416,221013936156181249
1589848,85624472626791169
623192,220730339466674944
688728,229737530130436864
1606232,229737530398868224
721496,85622281926087424
852568,221011745723908864
1639000,85622282194518784
918104,230018936387670784
1835608,230018936656102144
3670616,85622274140472064
44120,220730201993117968
566360,220729652237304592
664664,85621388538286864
795736,221010852336108304
1582168,85621388806718224
623704,220729377360446224
689240,229736568024208144
1606744,229736568292639504
538712,76825295516074753
563288,220940475001996033
174168,229736851492049152
567384,220800020981482240
1091672,229736851760480512
403544,230018051590852864
665688,85691757282464512
796760,221081221080285952
1321048,230018051859284224
1583192,85691757550895872
3156056,85621389343654144
231512,229736576615190784
624728,220799746104623872
1149016,229736576883622144
690264,229806936768385792
1607768,229806937036817152
3180632,229736568829575424
61528,220730476871024899
176216,229736576614142209
569432,220799746103575297
1093720,229736576882573569
581720,220730476871025409
630872,220729394540315392
827480,509241228487820032
2662488,220729377627898624
3186776,229701393047421184
925784,230017914151899904
1843288,230017914420331264
3678296,85621251904701184
753752,229736439176237824
1671256,229736439444669184
3702872,229736431390622464
983128,230017845433471744
1900632,230017845701903104
3735640,85621183186273024
3932248,230017837647856384
3992,216191684516512048
18328,216176153914769713
34712,504404468482179376
67480,216173963482497328
526232,216191547077559088
11160,216191693106446608
527256,216226731449647888
21400,216193677381337363
529304,216226662730171153
25496,216176162504704273
41880,504404477072113936
533400,216191555667493648
82840,216176093786276113
541592,216193677381337873
590744,216191486949065488
7576,216225769242755377
11672,216190868338508080
69016,216190593461649712
13720,216190593460601137
529816,216225631803802417
26008,216174100786184497
42392,504403652304175408
75160,216173018455474480
140696,220676600901931312
271768,504684852402979120
1058200,220676601170362672
2106776,216173001543057712
99736,504403377427317040
296344,1081145596116468016
558488,504420961022378800
591256,216190456022696752
14744,216225777832689937
559512,504456145394467600
592280,216225640394785552
536984,216225640393736977
545176,216226662595953427
594328,216225571675308817
303512,1081145604706402576
565656,504420969612313360
528024,72111680678527792
26264,72061111733584177
42648,216174375664091440
272024,216455575762895152
534168,72076504896373552
50840,216176291219505457
99992,216174100787233072
558744,216191684382294832
535192,72111689268462352
559768,216226868754383632
545432,72113673543353107
58008,216176299809440017
565912,216191692972229392
15512,72110864567632177
23704,72111680611418419
40088,216226044053553457
72856,72110589690773809
269464,216507244152357169
531608,72180949843968817
273560,216472343248109872
543896,72111680611418929
101528,216190868272447792
330904,216472068371251504
658584,76614180727165744
1576088,76614180995597104
2624664,72110581368292144
29848,72076504829264179
46232,216190868271399217
275608,216472068370202929
54424,216191684315185459
545944,72111543172465459
103576,216190593394540849
595096,72110452251820849
791704,216507106713404209
58520,216174375596982577
287896,216455575695786289
550040,72076504829264689
107672,216173293266272560
173208,220676875712729392
304280,504685127213777200
1090712,220676875981160752
2139288,216173276353855792
337048,216454493365076272
599192,72075422498554672
402584,220958075811533104
664728,76579004945011504
1189016,85568612282143024
1320088,220958076079964464
2368664,216454476452659504
1582232,76579005213442864
2630808,72075405586137904
3155096,76561413564334384
115864,216174100720124209
574616,216191684315185969
230552,220676600835871024
361624,504684852336918832
1148056,220676601104302384
2196632,216173001476997424
689304,220694184430932784
1213592,229683791768064304
820376,504702435931980592
1606808,220694184699364144
2655384,216190585072059184
3179672,220676593050255664
853144,216471930932298544
30872,72111689201352979
47256,216226052643488017
276632,216507252742291729
538776,72180958433903377
55448,216226868687274259
104600,216225777766629649
563352,216296137919824657
551064,72111689201353489
600216,72110606870643472
665752,76614189317100304
1583256,76614189585531664
2631832,72110589958226704
575640,216226868687274769
690328,220729368803021584
821400,504737620304069392
1607832,220729369071452944
2656408,216225769444147984
854168,216507115304387344
61592,216191692905120019
553112,72111551762400019
798872,216507115303338769
577688,216226731248321299
610456,72111483043971859
807064,216508137505555219
626840,216225640327676689
856216,216507046584910609
581784,216191692905120529
630936,216190610574410512
696472,220694193020867344
1220760,229683800357998864
827544,504702444521915152
1613976,220694193289298704
2662552,216190593661993744
3186840,220676601640190224
528152,216226868754383632
26392,216176299809440017
534296,216191692972229392
15128,216226877344317697
23320,216228930338685187
27416,216193891995484417
543512,216228930338685697
559896,504457244906095360
592664,216226739906413312
29464,216193754556530947
537368,216226739905364737
86808,216193685838102787
594712,216226671186936577
58136,504406675961151745
549656,216193754556531457
303896,1081146704218030336
566040,504422069123941120
607000,216193685838103297
15640,216226052643488017
23832,216226868687274259
72984,216225777766629649
531736,216296137919824657
44312,504421794178924816
544024,216226868687274769
560408,504456420205265680
658712,220729368803021584
789784,504737620304069392
1576216,220729369071452944
2624792,216225769444147984
29976,216191692905120019
546072,216226731248321299
562456,504456145327358737
595224,216225640327676689
550168,216191692905120529
304408,1081145879517200656
566552,504421244423111440
599320,216190610574410512
664856,220694193020867344
1189144,229683800357998864
795928,504702444521915152
1582360,220694193289298704
2630936,216190593661993744
3155224,220676601640190224
361752,1081145604640342288
623896,504420969546253072
820504,1081163188235404048
47384,504456428795199745
80152,216225794946498817
145688,220729377392955649
276760,504737628894003457
1063192,220729377661387009
2111768,216225778034082049
55576,504457244838985987
88344,216226739839303939
547096,216297099992498947
104728,504456153918341377
301336,1081198372607492353
563480,504526514071536385
596248,216296009071854337
305432,1081163471703245056
1190168,229701392544043264
3156248,220694193826234624
575768,504457244838986497
608536,216226739839304449
362776,1081163196826386688
690456,508959744954733312
1607960,508959745223164672
2656536,504456145595859712
723224,220729239955051264
854296,504737491456099072
1640728,220729240223482624
2689304,216225640596177664
1706264,229736430887244544
3672344,220729232169435904
61720,504422069056831747
307480,1081163196825338113
602392,216225657507545857
667928,220729239954002689
799000,504737491455050497
1585432,220729240222434049
2634008,216225640595129089
577816,504457107400033027
676120,220730262156219139
807192,504738513657266947
1593624,220730262424650499
2642200,216226662797345539
626968,504456016479388417
823576,1081198235168539393
725272,220729171235574529
856344,504737422736622337
1642776,220729171504005889
2691352,216225571876700929
1708312,229736362167767809
3674392,220729163449959169
319768,1081146704150921473
581912,504422069056832257
368920,1081145621820211456
631064,504420986726122240
434456,1085649204266668288
696600,508924569172579072
1220888,517914176509710592
1351960,1085649204535099648
2400536,1081145604907794688
1614104,508924569441010432
2662680,504420969813705472
3186968,508906977791901952
1712408,229701255105090304
3285272,229683663455981824
3678488,220694056387281664
885016,1081163059387433728
1769752,229701186386662144
3342616,229683594737553664
3735832,220693987668853504
3801368,229701178332615424
24088,72113879634673939
44568,216192517538840848
536088,72111964079260432
544280,72113879634674449
560664,216227143565181712
593432,72111689202402064
790040,216508343663985424
30232,72078703852519699
538136,72111689201353489
54808,216193883338440979
546328,72113742195720979
562712,216226868687274769
58904,216176574620238097
288280,216457774719041809
550424,72078703852520209
566808,216191967783027472
796184,216473167881831184
116248,216176299743379729
575000,216193883338441489
624152,216191692906169104
47640,216227152155115777
277016,216508352253919489
539160,72182057945531137
88600,72113750786703619
285208,216510405248286979
547352,72184110939898627
104984,216226877278257409
563736,216297237431452417
59928,216194166806282497
289304,216475366905086209
600600,72111706382271232
666136,76615288828728064
1583640,76615289097159424
2632216,72111689469854464
117272,216193891929424129
608792,72113750786704129
805400,216510405248287489
690712,220730468314649344
821784,504738719815697152
1608216,220730468583080704
2656792,216226868955775744
854552,216508214816015104
291352,216475229466132739
799256,216508214814966529
119320,216193754490470659
348696,216475160747704579
676376,76617273103618819
1593880,76617273372050179
2642456,72113673744745219
627224,216226739839304449
856600,216508146096538369
123416,216176316923248897
188952,220679899369705729
320024,504688150870753537
1106456,220679899638137089
2155032,216176300010832129
811544,216475229466133249
631320,216191710086038272
696856,220695292532495104
1221144,229684899869626624
827928,504703544033542912
1614360,220695292800926464
2662936,216191693173621504
3187224,220677701151817984
639512,216193754490471169
868888,216475160747705089
48152,216226602365747473
797720,216507527586644752
625688,216226052610982672
855064,216507252709786384
554008,72111689167799059
570392,216226052609934097
799768,216507252708737809
578584,216226868653720339
627736,216225777733075729
63512,216227152121561347
292888,216508352220365059
555032,72182057911976707
571416,216296421354111745
800792,216577621452915457
120856,216226877244702979
579608,216297237397897987
628760,216296146477253377
583704,216227152121561857
813080,216508352220365569
632856,216226069790851840
698392,220729652237308672
829464,504737903738356480
1615896,220729652505740032
2664472,216226052878435072
862232,216507269889655552
927768,221010852336112384
1714200,85621388806722304
1845272,221010852604543744
2893848,216507252977238784
3680280,76614190088913664
641048,216226877244703489
755736,220729377360450304
886808,504737628861498112
1673240,220729377628881664
2721816,216225778001576704
1738776,229736568292643584
3704856,220729369574834944
815128,216508214781412099
634904,216225794912944897
700440,220729377359401729
831512,504737628860449537
1617944,220729377627833089
2666520,216225778000528129
643096,216226739805750019
872472,216508146062983939
1744920,229701392510489344
3317784,229683800861380864
3711000,220694193792680704
525288,220732456952660752
3560,220730464020726064
525800,220730326581773104
20968,220732456885551379
541160,220732456885551889
590312,220730262159360784
655848,229737457117041424
1573352,229737457385472784
3816,76617474968125744
34536,220697478671892784
526056,76617337529172784
35560,220732663043981584
557800,220732525605028624
590568,76617273106760464
656104,85624468064441104
787176,221013931862262544
1573608,85624468332872464
558312,220730463987172144
3944,220732663043981584
526184,220732525605028624
11112,220732667338948864
35688,508963039195693312
68456,220732529902092544
133992,229739724859773184
527208,220802894349206272
1051496,229739725128204544
21352,220736854932062467
70504,220732461182615809
136040,229739656140296449
529256,220802825629729537
1053544,229739656408727809
74600,220697354119938304
533352,220732529899995904
541544,220736854932062977
557928,508962901756740352
197480,229704476065272064
1114984,229704476333703424
787304,509244308013974272
2622312,220732457154052864
3146600,229704472573575424
76136,220730476874170624
86376,220732461149061379
151912,229739656106742019
545128,220802825596175107
1069416,229739656375173379
598376,220730339435217664
606568,220732461149061889
672104,229739656106742529
1589608,229739656375173889
721256,229737461380551424
1638760,229737461648982784
3670376,229737457888854784
558696,220732663010427664
76392,76617487821570304
100968,220732667307491584
166504,229739862265172224
559720,220803031754605312
1084008,229739862533603584
107112,220697491525337344
565864,220732667305394944
598632,76617350382617344
623208,220732529868538624
688744,229739724826219264
1606248,229739725094650624
721512,85624472327951104
852584,221013936125772544
1639016,85624472596382464
918120,230021131083453184
1835624,230021131351884544
3670632,85624468836254464
54376,220732662993649939
599144,76615288781538064
574568,220732662993650449
623720,220730468267459344
689256,229737663225139984
1606760,229737663493571344
55400,220803031737827587
546920,76828443711374083
563304,220941570202927873
92264,76617487804793089
108648,220730751735300352
206952,85622488036282624
338024,221011951834104064
600168,76685657525715712
1124456,85622488304713984
116840,220732667290714369
182376,229739862248395009
575592,220803031737828097
1099880,229739862516826369
231528,229737667522203904
624744,220800837011636992
1149032,229737667790635264
690280,229808031969317632
1607784,229808032237748992
3180648,229737664030507264
61544,220732667288617219
94312,76617350365839619
110696,220730476857393409
118888,220732529851760899
184424,229739724809441539
577640,220802894298874627
1101928,229739725077872899
217192,85624472311173379
348264,221013936108994819
610408,76687641800606467
1134696,85624472579604739
413800,230021131066675459
675944,85694836758287107
807016,221084300556108547
1331304,230021131335106819
1593448,85694837026718467
3166312,85624468819476739
122984,220697491508560129
581736,220732667288617729
614504,76617350365840129
237672,229702491740049664
1155176,229702492008481024
696424,229737667520107264
1613928,229737667788538624
729192,85622350597329664
860264,221011814395151104
1646696,85622350865761024
639080,220732529851761409
704616,229739724809442049
1622120,229739725077873409
737384,85624472311173889
868456,221013936108995329
1654888,85624472579605249
933992,230021131066675969
1851496,230021131335107329
3686504,85624468819477249
753768,229737530083250944
1671272,229737530351682304
3702888,229737526591554304
983144,230018936340484864
1900648,230018936608916224
3735656,85622274093286144
3932264,230018932848788224
4008,216193879111631152
10152,216176291220554032
34728,504406663077298480
67496,216176153783697712
526248,216193741672678192
527272,216228926044766992
529320,216228857325290257
74664,216176162373632272
590760,216193677250265872
7592,216226864393355569
19880,216193879044522289
69032,216191684318331184
21928,216193741605568819
529832,216226726954402609
26024,216176291153445169
533928,216191684316234544
50600,504406663010189617
83368,216176153716588849
542120,216193741605569329
99752,504404468283998512
296360,1081146691267068208
558504,504422056172978992
591272,216191546879378224
22952,216228925977657619
76200,216191692908265744
534952,216226868688323344
543144,216228925977658129
559528,504457240545067792
592296,216226731251467024
86440,216193677183156499
594344,216226662531990289
90536,216176162306523409
106920,504404476873933072
598440,216191555469312784
606632,216193677183157009
7848,72113875340755249
36520,216194153922429232
69288,72078695265730864
265896,216475354021232944
38568,216193879044522289
530088,72113737901802289
42664,216176566031352112
272040,216457766130155824
534184,72078695263634224
50856,216180684904988977
165544,220679886485852464
296616,504688137986900272
1083048,220679886754283824
2131624,216176287126978864
329384,216457628693299504
591528,72078557826777904
788136,216475216582279984
39592,216229063416611089
76456,72078703855665424
535208,72113879635723024
101032,216193883341586704
592552,72113742198866704
789160,216510400954368784
545448,72118067228836627
561832,216228925977658129
594600,72113673479389969
791208,216510332234892049
565928,216193883339490064
336552,216457637283234064
598696,72078566416712464
623272,216193745902633744
852648,216475152159867664
23720,72113875307200819
543912,72113875307201329
560296,216227139237708592
593064,72111680581010224
789672,216508339336512304
54440,216193879010967859
545960,72113737868247859
562344,216226864359801649
91304,72061111636066609
107688,216174375566573872
337064,216455575665377584
599208,72076504798855984
115880,216176291121987889
574632,216193879010968369
623784,216191684284777264
55464,216229063383056659
600232,72111689170944784
575656,216229063383057169
624808,216226868656866064
577704,216228925944103699
610472,72113673445835539
807080,216510332201337619
123048,216176299711922449
630952,216191692874711824
7976,216229063416611089
69416,216193883341586704
530216,216228925977658129
534312,216193883339490064
100136,504406667307254032
296744,1081148890290323728
558888,504424255196234512
591656,216193745902633744
15144,216229067711578369
23336,216233324024168707
39720,504459439568322817
72488,216228930274722049
531240,216299294721835777
543528,216233324024169217
101160,504424259493298432
297768,1081166482476368128
658216,220732525605032704
789288,504740777106080512
1575720,220732525873464064
2624296,216228926246159104
78632,216193754492567809
537384,216228930272625409
86824,216198075229667587
561960,504459302129369857
660264,220732456885555969
791336,504740708386603777
1577768,220732457153987329
2626344,216228857526682369
90920,216180560353034497
303912,1081148894585291008
566056,504424259491201792
205608,220679761933897984
336680,504688013434945792
1123112,220679762202329344
2171688,216176162575024384
607016,216198075229668097
361256,1081148757148434688
623400,504424122054345472
820008,1081166345037415168
721704,220697276810531584
1245992,229686884147663104
852776,504705528311579392
1639208,220697277078962944
2687784,216193677451657984
3212072,220679685429854464
1704744,229704472036643584
3277608,229686880387535104
3670824,220697273318834944
23848,216229063383056659
544040,216229063383057169
593192,216226868656866064
546088,216228925944103699
91432,216176299711922449
599336,216191692874711824
31016,216229067678023939
80168,216226877246800129
55592,504459439534768387
88360,216228930241167619
547112,216299294688281347
92456,216193891897966849
551208,216229067678024449
575784,504459439534768897
608552,216228930241168129
624936,504457244808577792
821544,1081199467791647488
94504,216193754459013379
553256,216228930239070979
602408,216226739807847169
577832,504459302095815427
676136,220732456852001539
807208,504740708353049347
1593640,220732457120432899
2642216,216228857493127939
123176,504406675863634177
614696,216193754459013889
368936,1081146704120512768
631080,504422069026423552
560680,216229338260964112
593448,72113879604265744
790056,216510538359767824
562728,216229063383057169
108072,216176574589829392
337448,216457774688633104
599592,72078703822111504
624168,216193883308032784
80424,72113888194199809
55848,216233461429567747
105000,216229067680121089
563752,216299432127234817
109096,216194166775873792
567848,216229342555931392
338472,216475366874677504
797224,216510542654735104
576040,216233461429568257
690728,220732663010431744
821800,504740914511479552
1608232,220732663278863104
2656808,216229063651558144
854568,216510405217878784
111144,216193891897966849
569896,216229067678024449
602664,72113750755246849
578088,216233323990614787
610856,72118071492346627
807464,216514730247848707
627240,216228930241168129
856616,216510336498402049
123432,216180697758433537
238120,220679899339297024
369192,504688150840344832
1155624,220679899607728384
2204200,216176299980423424
860712,216475229435724544
56360,216229338244186387
89128,72113879587488019
285736,216510538342990099
547880,72184244034601747
109608,216192517491654928
568360,216227693271712528
601128,72111964032074512
576552,216229338244186897
609320,72113879587488529
805928,216510538342990609
625704,216227143517995792
855080,216508343616799504
95272,72078703805333779
554024,72113879585391379
603176,72111689154167569
119848,216193883291255059
611368,72113742148535059
807976,216510400904037139
627752,216226868640088849
123944,216176574573052177
353320,216457774671855889
615464,72078703805334289
631848,216191967735841552
861224,216473167834645264
640040,216193883291255569
63528,216229342539153667
292904,216510542637957379
555048,72184248329569027
112680,216227152107929857
342056,216508352206733569
604200,72182057898345217
186408,220732662993654019
317480,504740914494701827
1103912,220732663262085379
2152488,216229063634780419
350248,216510405201101059
612392,72184110892712707
809000,216580769648214787
628776,216297237384266497
124968,216194166759096577
583720,216229342539154177
354344,216475366857900289
813096,216510542637957889
731176,76615288781542144
1648680,76615289049973504
2697256,72111689422668544
706600,220732662993654529
837672,504740914494702337
1624104,220732663262085889
2672680,216229063634780929
870440,216510405201101569
755752,220730468267463424
886824,504738719768511232
1673256,220730468535894784
2721832,216226868908589824
1738792,229737663493575424
3704872,220730464775766784
356392,216475229418946819
815144,216510405199004419
864296,216508214767780609
708648,220732525554701059
839720,504740777055748867
1626152,220732525823132419
2674728,216228926195827459
741416,76617273056432899
1658920,76617273324864259
2707496,72113673697559299
938024,221013931811934979
1724456,85624468282544899
1855528,221013932080366339
2904104,216510332453061379
3690536,76617269564736259
253992,220679899322519809
385064,504688150823567617
1171496,220679899590951169
2220072,216176299963646209
876584,216475229418947329
761896,220695292485309184
1286184,229684899822440704
892968,504703543986356992
1679400,220695292753740544
2727976,216191693126435584
3252264,220677701104632064
4040,220730464086786352
526280,220730326647833392
21448,220732456951611667
541640,220732456951612177
656328,229737457183101712
1573832,229737457451533072
7624,220799733252227377
11720,220729643680923952
19912,220730464019677489
36296,508960015537668400
69064,220729368804065584
265672,509241215636472112
2100680,220729364776550704
13768,220729368803017009
21960,220730326580724019
38344,508959740659761457
136648,229736426323841329
529864,220799595813274417
1054152,229736426592272689
75208,220694193021911344
140744,229701383685673264
1058248,229701383954104624
542152,220730326580724529
165320,517931755542417712
296392,1085666783567806768
1082824,517931755810849072
591304,220729231365112624
787912,509241078197519152
2622920,220729227337597744
3147208,229701242757120304
530888,220940333301629713
76232,220729377394000144
141768,229736568057762064
534984,220799737547195152
1059272,229736568326193424
166344,517966939914506512
297416,1085701967939895568
559560,509030109403939600
1083848,517966940182937872
657864,229806795068019472
1575368,229806795336450832
3148232,229736427129209104
152008,229737457115992339
545224,220800626605425427
1069512,229737457384423699
659912,229806726348542737
1577416,229806726616974097
3150280,229736358409732369
565704,508959744954729232
598472,220729239955047184
664008,229736430618809104
1581512,229736430887240464
672200,229737457115992849
1589704,229737457384424209
688584,517966802475553552
819656,1085701830500942608
1606088,517966802743984912
721352,229736361900380944
1638856,229736362168812304
917960,518248208732787472
1704392,247750756382282512
2752968,229736357872866064
1835464,518248209001218832
20168,76617474967077169
36552,220730738897584432
134856,85622475198566704
265928,221011938996388144
528072,76685644687999792
1052360,85622475466998064
22216,76617337528123699
38600,220730464019677489
534216,76615280238789424
50888,220697478670844209
542408,76617337528124209
165576,229702478902333744
1083080,229702479170765104
657096,85622337759613744
788168,221011801557435184
1574600,85622338028045104
51912,220732663042933009
166600,229737663274422544
559816,220800832763855632
1084104,229737663542853904
53960,220732525603979539
152264,85624468063392019
283336,221013931861213459
545480,76687637552825107
1069768,85624468331823379
565960,220730468314645264
574152,220732525603980049
672456,85624468063392529
803528,221013931861213969
1589960,85624468331823889
688840,229737525835469584
1606344,229737526103900944
918216,230018932092703504
1835720,230018932361134864
3670728,85622269845504784
531656,76825282631172913
44232,220730193403183408
167112,229736838607147312
560328,220800008096580400
1084616,229736838875578672
396488,230018038705951024
658632,85691744397562672
789704,221081208195384112
1313992,230018038974382384
1576136,85691744665994032
3149000,85621376458752304
54472,220730463986123059
169160,229736563729240369
562376,220799733218673457
1086664,229736563997671729
566472,220729643647370032
599240,76614189284590384
664776,85621379948352304
795848,221010843746173744
1582280,85621380216783664
574664,220730463986123569
623816,220729368770511664
820424,509241215602918192
2655432,220729364742996784
3179720,229701380162519344
918728,230017901266998064
1836232,230017901535429424
3671240,85621239019799344
563400,220940470707028753
690376,229806932473418512
1607880,229806932741849872
3180744,229736564534608144
630984,220729377360446224
696520,229736568024208144
1614024,229736568292639504
3702984,229736427095655184
3932360,230017833352889104
20296,220732663042933009
134984,229737663274422544
528200,220800832763855632
1052488,229737663542853904
22344,220732525603979539
534344,220730468314645264
542536,220732525603980049
558920,508960840171389712
657224,229737525835469584
1574728,229737526103900944
23368,220802894348157187
531272,220941432813257473
27464,220732667337900289
76616,220730476905627904
142152,229737667569389824
535368,220800837058822912
1059656,229737667837821184
52040,508963039194644737
150344,229739724858724609
543560,220802894348157697
1067848,229739725127155969
166728,517968039426134272
297800,1085703067451523328
559944,509031208915567360
1084232,517968039694565632
658248,229807894579647232
1575752,229807894848078592
3148616,229737526640836864
29512,220732529898946819
54088,508962901755691267
86856,220732461180518659
283464,509244308012925187
2118472,220732457153003779
660296,229807825860170497
1577800,229807826128601857
3150664,229737457921360129
549704,220732529898947329
566088,508960844466356992
598856,220730339466674944
664392,229737530130436864
1581896,229737530398868224
574280,508962901755691777
607048,220732461180519169
803656,509244308012925697
2638664,220732457153004289
3162952,229704472572526849
688968,517967901987181312
820040,1085702930012570368
1606472,517967902255612672
721736,229737461412008704
1639240,229737461680440064
918344,518249308244415232
1704776,247751855893910272
2753352,229737457384493824
1835848,518249308512846592
531784,220940470707028753
658760,229806932473418512
1576264,229806932741849872
3149128,229736564534608144
599368,220729377360446224
664904,229736568024208144
1582408,229736568292639504
689480,517966939880952592
820552,1085701967906341648
1606984,517966940149383952
3671368,229736427095655184
538952,220940475001996033
547144,220941432779703043
563528,509170846858740481
661832,229947532522820353
1579336,229947532791251713
207176,229736576615190784
600392,220799746104623872
1124680,229736576883622144
665928,229806936768385792
1583432,229806937036817152
3156296,229736568829575424
428360,1094709167161086208
690504,518037308625130240
821576,1085772336650519296
1345864,1094709167429517568
1608008,518037308893561600
3180872,517966940686319872
3672392,229806795839832832
676168,229807825826616067
1593672,229807826095047427
3166536,229737457887805699
3674440,229806727120356097
631112,508959753512157952
696648,517966944175919872
827720,1085701972201308928
1614152,517966944444351232
729416,229736439176237824
1646920,229736439444669184
3678536,229736431390622464
3686728,229737457887806209
950600,1094709029722133248
1868104,1094709029990564608
3703112,517966803247366912
3735880,229736362672194304
3801416,247750756885664512
3932488,518248209504600832
54856,220732663009378579
575048,220732663009379089
689736,229737663240868624
1607240,229737663509299984
55880,220803031753556227
547400,76828443727102723
563784,220941570218656513
182856,229739862264123649
576072,220803031753556737
1100360,229739862532555009
690760,229808031985046272
1608264,229808032253477632
3181128,229737664046235904
62024,220732667304345859
184904,229739724825170179
578120,220802894314603267
1102408,229739725093601539
414280,230021131082404099
676424,85694836774015747
807496,221084300571837187
1331784,230021131350835459
1593928,85694837042447107
3166792,85624468835205379
582216,220732667304346369
631368,220730476872073984
696904,229737667535835904
1614408,229737667804267264
705096,229739724825170689
1622600,229739725093602049
934472,230021131082404609
1851976,230021131350835969
3686984,85624468835205889
3703368,229737526607282944
3932744,230018932864516864
547912,76826382126023443
564296,220940745568158481
662600,85832481869140753
793672,221221945666962193
1580104,85832482137572113
109640,220730201977389328
175176,229737392641151248
568392,220800562130584336
1092680,229737392909582608
691272,229807207334548240
1608776,229807207602979600
3181640,229736839395737872
920648,230088407433351952
1838152,230088407701783312
3411016,230018039494541584
3673160,85691745186153232
185416,229737663224090899
578632,220800832713523987
1102920,229737663492522259
693320,229806932456641297
1610824,229806932725072657
3183688,229736564517830929
631880,220729652221575952
697416,229736842885337872
1614920,229736843153769232
730184,85621388522558224
861256,221010852320379664
1647688,85621388790989584
926792,230018042984141584
1844296,230018043252572944
3679304,85621380736942864
705608,229737663224091409
1623112,229737663492522769
754760,229736568008479504
1672264,229736568276910864
951368,518248414840886032
1737800,247750962490381072
2786376,229736563980964624
1868872,518248415109317392
3933256,230017902055588624
555080,76826386420990723
571464,220940749863125761
604232,76825295500346113
669768,85832486164108033
800840,221221949961929473
1587272,85832486432539393
186440,229808031968268547
1103944,229808032236699907
677960,85833443941815043
809032,221222907739636483
1595464,85833444210246403
628808,220940474986267393
825416,509452321818673921
2660424,220940470958752513
3184712,229806933262008577
923720,230229007482753793
1841224,230229007751185153
3676232,85832345235555073
239688,229736851476320512
632904,220800020965753600
1157192,229736851744751872
698440,229807211629515520
1615944,229807211897946880
3188808,229736843690705152
469064,230018051575124224
731208,85691757266735872
862280,221081221064557312
1386568,230018051843555584
1648712,85691757535167232
3221576,85621389327925504
927816,230088411728319232
1845320,230088411996750592
3418184,230018043789508864
3680328,85691749481120512
706632,229808031968269057
1624136,229808032236700417
3197000,229737664029458689
755784,229806936752657152
1673288,229806937021088512
3246152,229736568813846784
952392,518318783585063680
1738824,247821331234558720
2787400,229806932725142272
3311688,247750963027316992
1869896,518318783853495040
3442760,518248415646253312
3934280,230088270799766272
127048,220730476855296259
192584,229737667519058179
585800,220800837008491267
1110088,229737667787489539
241736,229736576598413569
634952,220799746087846657
1159240,229736576866844929
700488,229806936751608577
1617992,229806937020039937
3190856,229736568812798209
708680,229807894529315587
1626184,229807894797746947
3199048,229737526590505219
938056,230089300786549507
1855560,230089301054980867
3428424,230018932847739139
3690568,85692638539350787
3706952,229806795823055617
3936328,230088202080289537
647240,220730476855296769
712776,229737667519058689
1630280,229737667787490049
893000,509241228472091392
2728008,220729377612169984
3252296,229701393031692544
958536,518248419135853312
1744968,247750966785348352
2793544,229736568275931904
1876040,518248419404284672
991304,230017914136171264
1908808,230017914404602624
3743816,85621251888972544
3940424,230017906350555904
3719240,229737526590505729
3948616,230018932847739649
3768392,229736431374893824
3833928,247750825588364032
3965000,518248278207300352
3997768,230017837632127744
4063304,248032231845597952
8072,216226864459415857
20360,216193879110582577
22408,216193741671629107
530312,216226727020462897
26504,216176291219505457
75656,216174100787233072
534408,216191684382294832
51080,504406663076249905
542600,216193741671629617
296840,1081146691333128496
558984,504422056239039280
23432,216228926043717907
535432,216226868754383632
543624,216228926043718417
560008,504457240611128080
15752,216226044053553457
40328,504456415910297905
73096,216225769176695089
138632,220729364508053809
269704,504737616009101617
1056136,220729364776485169
2104712,216225765149180209
44424,504421785588990256
77192,216190868272447792
298376,1081163458818343216
1183112,229701379659141424
3149192,220694180941332784
30088,216191684315185459
79240,216190593394540849
54664,504422056171929907
300424,1081163183940436273
595336,216225631737742129
660872,220729227069100849
791944,504737478570148657
1578376,220729227337532209
2626952,216225627710227249
91528,216174100720124209
550280,216191684315185969
107912,504403652238115120
304520,1081145870927266096
566664,504421235833176880
206216,220676600835871024
337288,504684852336918832
1123720,220676601104302384
2172296,216173001476997424
664968,220694184430932784
1189256,229683791768064304
796040,504702435931980592
1582472,220694184699364144
2631048,216190585072059184
3155336,220676593050255664
312712,1081146691266019633
574856,504422056171930417
361864,1081145596050407728
624008,504420960956318512
427400,1085649191381766448
689544,508924556287677232
1213832,517914163624808752
1344904,1085649191650197808
2393480,1081145592022892848
1607048,508924556556108592
2655624,504420956928803632
3179912,508906964907000112
1705352,229701242220188464
3278216,229683650571079984
3671432,220694043502379824
31112,216226868687274259
80264,216225777766629649
539016,216296137919824657
55688,504457240544018707
547208,216297095697531667
301448,1081198368312525073
563592,504526509776569105
551304,216226868687274769
567688,504456420205265680
665992,220729368803021584
797064,504737620304069392
1583496,220729369071452944
2632072,216225769444147984
575880,504457240544019217
625032,504456145328407312
690568,508959740659766032
1608072,508959740928197392
2656648,504456141300892432
1706376,229736426592277264
3672456,220729227874468624
553352,216226731248321299
569736,504456145327358737
602504,216225640327676689
577928,504457103105065747
610696,216226662529893139
676232,220730257861251859
807304,504738509362299667
1593736,220730258129683219
2642312,216226658502378259
823688,1081198230873572113
1708424,229736357872800529
3674504,220729159154991889
369032,1081145604640342288
631176,504420969546253072
827784,1081163188235404048
3801480,229701174037648144
40584,216227139270213937
269960,216508339369017649
532104,72182045060629297
44680,216192508948906288
536200,72111955489325872
52872,216194153921380657
282248,216475354020184369
593544,72111680612467504
659080,76615275943826224
1576584,76615276212257584
2625160,72111676584952624
30344,72078695262585139
538248,72111680611418929
284296,216475216581230899
792200,216508201930064689
59016,216176566030303537
91784,72061111667523889
288392,216457766129107249
550536,72078695262585649
108168,216174375598031152
566920,216191959193092912
337544,216455575696834864
599688,72076504830313264
796296,216473159291896624
116360,216176291153445169
181896,220679886484803889
312968,504688137985851697
1099400,220679886753235249
2147976,216176287125930289
804488,216475216581231409
624264,216191684316234544
689800,220695279647593264
1214088,229684886984724784
820872,504703531148641072
1607304,220695279916024624
2655880,216191680288719664
3180168,220677688266916144
31368,72113879634673939
285320,216510400953319699
547464,72184106644931347
563848,216297233136485137
551560,72113879634674449
567944,216227143565181712
600712,72111689202402064
797320,216508343663985424
805512,216510400953320209
625288,216226868688323344
690824,220730464019682064
821896,504738715520729872
1608328,220730464288113424
2656904,216226864660808464
62088,216193883338440979
553608,72113742195720979
569992,216226868687274769
610952,72113673477292819
676488,76617268808651539
1593992,76617269077082899
2642568,72113669449777939
123528,216176299743379729
582280,216193883338441489
631432,216191692906169104
48264,216226593775812913
56456,216227139236659507
285832,216508339335463219
547976,72182045027074867
564360,216296408469209905
793736,216577608568013617
109704,216191417994707248
601224,72110864535126832
797832,216507518996710192
576648,216227139236660017
806024,216508339335463729
625800,216226044021048112
691336,220729639352406832
822408,504737890853454640
1608840,220729639620838192
2657416,216226039993533232
855176,216507244119851824
920712,221010839451210544
1707144,85621375921820464
1838216,221010839719641904
2886792,216507240092336944
3673224,76614177204011824
554120,72111680577864499
570504,216226044019999537
603272,72110589657219889
799880,216507244118803249
808072,216508201896510259
627848,216225769143141169
693384,220729364474499889
824456,504737615975547697
1610888,220729364742931249
2659464,216225765115626289
631944,216190868238893872
861320,216472068337697584
1737864,229701379625587504
3310728,229683787976479024
3703944,220694180907778864
579720,216297233102930707
632968,216226052610982672
862344,216507252709786384
1738888,229736563997676304
3704968,220729365279867664
585864,216226868653720339
635016,216225777733075729
532232,216297233136485137
536328,216227143565181712
560904,504457515421926160
593672,216226868688323344
659208,220730464019682064
790280,504738715520729872
1576712,220730464288113424
2625288,216226864660808464
30472,216193883338440979
538376,216226868687274769
55048,504424255195185427
562952,504457240544019217
91912,216176299743379729
550664,216193883338441489
599816,216191692906169104
313096,1081148890289275153
575240,504424255195185937
821000,1081164283452064528
80648,216226877278257409
539400,216297237431452417
88840,216228930272624899
154376,220732525603983619
285448,504740777105031427
1071880,220732525872414979
2120456,216228926245110019
301832,1081199467824152833
563976,504527609288196865
92936,216193891929424129
568072,504457519716893440
666376,220730468314649344
797448,504738719815697152
1583880,220730468583080704
2632456,216226868955775744
314120,1081166482475319553
609032,216228930272625409
674568,220732525603984129
805640,504740777105031937
1592072,220732525872415489
2640648,216228926245110529
625416,504457244840035072
690952,508960840171393792
1608456,508960840439825152
2657032,504457240812520192
1706760,229737526103905024
3672840,220730327386096384
62216,504424259490152707
94984,216193754490470659
570120,504457244838986497
602888,216226739839304449
316168,1081166345036366083
1200904,229704472035594499
3166984,220697273317785859
824072,1081199330385199873
1708808,229737457384428289
3674888,220730258666619649
123656,504406675895091457
320264,1081148894584242433
582408,504424259490153217
615176,216193754490471169
369416,1081146704151970048
631560,504422069057880832
828168,1081164287747031808
836360,1081166345036366593
1721096,229704472035595009
3293960,229686880386486529
3687176,220697273317786369
3801864,229702273549275904
548104,216297233102930707
568584,504456969927525136
601352,216226052610982672
822536,1081198643156878096
1707272,229736563997676304
3673352,220729365279867664
554248,216226868653720339
603400,216225777733075729
578824,504457240510464787
824584,1081198368278971153
96520,216226877244702979
555272,216297237397897987
604424,216296146477253377
317704,1081199467790598403
579848,504527609254642435
825608,1081268737023148801
616712,216226877244703489
633096,504456428762694400
829704,1081198647451845376
731400,220729377360450304
862472,504737628861498112
1648904,220729377628881664
2697480,216225778001576704
1714440,229736568292643584
3680520,220729369574834944
837896,1081199467790598913
887048,1081198372574987008
952584,1085701967906345728
1739016,517966940149388032
1870088,1085701968174777088
2918664,1081198368547472128
3705096,508959741431579392
3803400,229736427095659264
585992,504457244805432067
618760,216226739805750019
635144,504456153884787457
831752,1081198372573938433
839944,1081199330351645443
1724680,229737457350873859
3690760,220730258633065219
3805448,229736358376182529
893192,1081163196792832768
56840,216229338259915027
286216,216510538358718739
548360,72184244050330387
568840,216227693287441168
577032,216229338259915537
806408,216510538358719249
554504,72113879601120019
808456,216510400919765779
64008,216229342554882307
96776,72113888192102659
293384,216510542653686019
555528,72184248345297667
121352,216229067678023939
186888,220732663009382659
317960,504740914510430467
1104392,220732663277814019
2152968,216229063650509059
809480,216580769663943427
584200,216229342554882817
616968,72113888192103169
813576,216510542653686529
633352,216227152122610432
862728,216508352221414144
641544,216229067678024449
707080,220732663009383169
838152,504740914510430977
1624584,220732663277814529
2673160,216229063650509569
1739272,229737663509304064
3705352,220730464791495424
127496,216193891895869699
619016,72113750753149699
815624,216510405214733059
635400,216226877244703489
643592,216228930239070979
709128,220732525570429699
840200,504740777071477507
1626632,220732525838861059
2675208,216228926211556099
872968,216510336496304899
938504,221013931827663619
1724936,85624468298273539
1856008,221013932096094979
2904584,216510332468790019
3691016,76617269580464899
647688,216193891895870209
64520,216227693270663443
113672,216226602350018833
572424,216296962503213841
580616,216297507964060435
809992,216578708062864147
584712,216227693270663953
699400,220730193386410768
830472,504738444887458576
1616904,220730193654842128
2665480,216226594027537168
863240,216507527570916112
1739784,229736838858806032
3705864,220729640140997392
1969160,230018038957609744
3804168,85621376441979664
3935240,221010840239801104
586760,216227143514850067
619528,72111689152070419
816136,216508343613653779
635912,216226052594205457
865288,216507252693009169
644104,216226868637991699
709640,220730463969350419
840712,504738715470398227
1627144,220730464237781779
2675720,216226864610476819
1741832,229736563980899089
3707912,220729365263090449
3834888,229701380145746704
129032,216227152105832707
587784,216297512259027715
358408,216508352204636419
620552,72182057896248067
817160,216578712357831427
636936,216296421338383105
866312,216577621437186817
645128,216297237382169347
710664,220800832713528067
1234952,229737663492526339
841736,504809084214575875
1628168,220800832981959427
2676744,216297233354654467
3201032,220730464774717699
1742856,229806932725076737
3315720,229736564517835009
3708936,220799734007268097
649224,216227152105833217
878600,216508352204636929
763912,220729652221580032
894984,504737903722627840
1681416,220729652490011392
2729992,216226052862706432
1746952,229736843153773312
3713032,220729644435964672
993288,221010852320383744
1779720,85621388790993664
1910792,221010852588815104
2959368,216507252961510144
3745800,76614190073185024
1976328,230018043252577024
3811336,85621380736946944
3942408,221010844534768384
1755144,229737663492526849
3721224,220730464774718209
1804296,229736568276914944
3770376,220729369559106304
2000904,518248415109321472
3966984,509241216391512832
4065288,230017902055592704
716808,220730468264317699
847880,504738719765365507
1634312,220730468532749059
2682888,216226868905444099
880648,216508214765683459
765960,220729377343673089
897032,504737628844720897
1683464,220729377612104449
2732040,216225777984799489
1749000,229736568275866369
3715080,220729369558057729
1757192,229737526053573379
3723272,220730327335764739
1986568,230018932310807299
3821576,85622269795177219
3952648,221011733592998659
3837960,229736427078882049
4067336,230017833336115969
1810440,229701392494760704
3383304,229683800845652224
3776520,220694193776952064
3842056,229701384440713984
66544,76582097525932048
3824,4559885292273712
9968,4524709510119472
67312,4524572073263152
10992,4559893882208272
68336,4559756445351952
70384,4559687725875217
197360,13531702608531472
590576,4559687725875472
1114864,13531702876962832
11504,4557969669750832
19696,4559885225164849
134384,13564885456654384
1051888,13564885725085744
13552,4557694791843889
21744,4559747786211379
70896,4557557354987569
25840,4524709443010609
74992,4522527601721392
140528,13529709674500144
533744,4557694791844144
1058032,13529709942931504
83184,4524572006154289
99568,76580104459780144
197872,13529572237643824
591088,4557557354987824
1115376,13529572506075184
26864,4559893815099409
76016,4557711973810192
141552,13564894046588944
1059056,13564894315020304
84208,4559756378243089
100592,76615288831868944
198896,13564756609732624
1116400,13564756878163984
28912,4559756376145939
151792,13566878321479699
1069296,13566878589911059
200944,13564687890255889
1118448,13564688158687249
213232,13531702541422609
606448,4559687658766609
1130736,13531702809853969
721136,13564687890256144
1638640,13564688158687504
3211504,13529504323534864
11120,76617487920136192
35696,220732667406057472
68464,76617350483279872
70512,76617281763803137
41840,220697491623903232
99184,220697354187046912
197488,85589296646459392
328560,220978760444280832
590704,76617281763803392
1114992,85589296914890752
68976,76615288831868944
99696,220695292535635984
26992,76617487853027329
43376,220730751783534592
76144,76615306011738112
141680,85622488084516864
272752,221011951882338304
1059184,85622488352948224
51568,220732667338948609
84336,76617350416171009
166256,229737667570438144
1083760,229737667838869504
199024,85622350647660544
330096,221011814445481984
1116528,85622350916091904
29040,76617350414073859
45424,220730476905627649
53616,220732529899995139
151920,85624472359407619
282992,221013936157229059
1069424,85624472627838979
102768,220730339468771329
201072,85622281928183809
332144,221011745726005249
1118576,85622282196615169
57712,220697491556794369
106864,220695309715505152
172400,229702491788283904
565616,220730476905627904
1089904,229702492056715264
115056,220697354119938049
213360,85589296579350529
344432,220978760377171969
606576,76617281696694529
1130864,85589296847781889
229744,229702354351427584
622960,220730339468771584
1147248,229702354619858944
459120,229983760608661504
721264,85622281928184064
852336,221011745726005504
1376624,229983760877092864
1638768,85622282196615424
3211632,85587098361462784
11888,4560168693006352
134768,13567084479909904
1052272,13567084748341264
13936,4559893815099409
71280,4559756378243089
75376,4524726624976912
140912,13531908697755664
534128,4559893815099664
1058416,13531908966187024
99952,76582303483035664
198256,13531771260899344
591472,4559756378243344
1115760,13531771529330704
14960,4630262559277057
72304,4630125122420737
27248,4564291861610497
43632,76617762730934272
273008,76898962829737984
535152,4630262559277312
2108016,4559894083600384
84592,4564154424754177
166512,85624678517837824
297584,221014142315659264
1084016,85624678786269184
330352,76898825392881664
592496,4630125122420992
2165360,4559756646744064
3148400,13566947846324224
29296,4564154422657027
45680,76617487853027329
78448,4559773558112257
143984,13566955630891009
1061488,13566955899322369
152176,13571276367990787
1069680,13571276636422147
103024,76617350416171009
332400,76898756673404929
594544,4630056402944257
2167408,4559687927267329
3150448,13566879126847489
107120,76582320662904832
172656,85589502735683584
303728,220978966533505024
565872,76617487853027584
1090160,85589503004114944
205424,13531788440768512
598640,4559773558112512
1122928,13531788709199872
664176,13566955630891264
1581680,13566955899322624
3154544,13531772064169984
213616,13536100587933697
606832,4564085705277697
1131120,13536100856365057
230000,85589365298827264
361072,220978829096648704
623216,76617350416171264
1147504,85589365567258624
459376,85870771556061184
1245808,31546101319340032
2294384,13531702809923584
852592,76898756673405184
1376880,85870771824492544
2687600,4559687927267584
3670640,13566879126847744
85104,4559893783642129
199792,13564894015131664
1117296,13564894283563024
29808,4559893781544979
87152,4559756344688659
30832,4630262525722627
88176,4630125088866307
92272,4559910963511297
157808,13567093036290049
1075312,13567093304721409
206960,13564911195000832
1124464,13564911463432192
3156080,13564894818402304
116848,76617487821570049
215152,13566955599433729
1132656,13566955867865089
231536,85622488053059584
362608,221011951850881024
1149040,85622488321490944
3213424,13564757381545984
61552,76617487819472899
94320,4559773524557827
159856,13566955597336579
1077360,13566955865767939
118896,76617350382616579
348272,76898756639850499
610416,4630056369389827
2183280,4559687893712899
3166320,13566879093293059
3215472,13564688662069249
737392,13566886879957249
1654896,13566887148388609
3227760,13531703313235969
3735664,13564688662069504
4016,72078695464960048
264112,216457628892528688
11184,72078704054894608
35760,216193883540815888
68528,72078566618038288
70576,72078497898561553
74672,72060991611863056
271280,216457637482463248
82864,72065303759028241
197552,76564505339891728
590768,72078497898561808
1115056,76564505608323088
2163632,72060905981018128
69040,72076504899518512
26032,72061111734632497
42416,216174375665139760
75184,72058929893343280
271792,216455575763943472
50608,216176291220553777
83376,72060974297776177
329136,216455438327087152
100784,216191692975374352
86448,72078497764343827
57776,216176299810488337
106928,216174117969199120
115120,216176162373632017
344496,216457568630865937
7856,56285664903217
11952,21384760655920
528048,56285664903472
14000,21109882748977
71344,20972445892657
26288,7915743215665
42672,72061386612539440
140976,4507117324079152
272048,72342586711343152
534192,21109882749232
1058480,4507117592510512
2107056,3517965205552
83632,7778306359345
296624,216457766197264432
198320,4506979887222832
329392,72342449274486832
591536,20972445892912
1115824,4506980155654192
2164400,3380528349232
15024,56294254837777
72368,56156817981457
76464,21127064715280
535216,56294254838032
101040,72078703922774032
592560,56156817981712
86704,25301772926995
594608,56088098504977
107184,72061128916598800
303792,216457774787198992
361136,216457637350342672
1245872,13514110690922512
3211952,4506911973113872
15536,54370042380337
27824,21384693547057
44208,72077329464033328
76976,19202852257840
535728,54370042380592
543920,56285597794609
101552,72076779710316592
199856,4522510421856304
330928,72357979809120304
1117360,4522510690287664
2165936,18911062982704
79024,18927974350897
537776,54095164473649
54448,72078695263633459
545968,56148158841139
103600,72076504832409649
595120,53957727617329
58544,72061386545430577
156848,4507117256970289
287920,72342586644234289
550064,21109815640369
1074352,4507117525401649
2122928,3517898096689
107696,72059204704141360
304304,216455850574741552
206000,4504935415681072
337072,72340404802945072
599216,18927974351152
1123504,4504935684112432
2172080,1336056807472
1189040,13512117756891184
3155120,4504919039082544
312496,216457766130155569
214192,4506979820113969
345264,72342449207377969
607408,20972378784049
1131696,4506980088545329
2180272,3380461240369
230576,76562512273739824
623792,72076504832409904
1148080,76562512542171184
2196656,72058912914866224
1246384,13511980320034864
3212464,4504781602226224
80048,54112346439697
55472,72113879635722259
104624,72111689204498449
92336,21126997606417
551088,56294187729169
600240,54112346439952
116912,72078703855665169
608432,56156750872849
362672,216473167884976144
624816,72111689204498704
61616,72078703853568019
94384,20989558652947
553136,56156748775699
118960,72078566416711699
217264,4524503286681619
348336,72359972673945619
1134768,4524503555112979
2183344,20903927808019
123056,72061128849489937
319664,216457774720090129
368816,216455592878800912
377008,216457637283233809
1261744,13514110623813649
3227824,4506911906005009
3342512,13511912137494544
69424,72078703922774032
42800,216176574688395280
75568,72061128916598800
272176,216457774787198992
329520,216457637350342672
15152,72113888292765697
39728,216229067778686977
72496,72113750855909377
43824,216194166874439680
76592,72078721102643200
273200,216475366973243392
535344,72113888292765952
559920,216229067778687232
330544,216475229536387072
592688,72113750855909632
45872,216193891996532737
86832,72082895810854915
103216,216193754559676417
332592,216475160816910337
594736,72113682136432897
58160,216180697856999425
172848,220679899437862912
303920,504688150938910720
566064,216193891996532992
1090352,220679899706294272
2138928,216176300078989312
336688,216457654530211840
115504,216180560420143105
344880,216461966677377025
230192,220679762001006592
361264,504688013502054400
623408,216193754559676672
1147696,220679762269437952
2196272,216176162642132992
459568,220961168258240512
1246000,85571704728850432
852784,216475160816910592
1377072,220961168526671872
2425648,216457568899366912
3212080,76564506011041792
23856,72113879635722259
73008,72111689204498449
44336,216192517539889168
85296,72078703855665169
101680,216191967786172432
331056,216473167884976144
593200,72111689204498704
30000,72078703853568019
54576,216193883339489299
87344,72078566416711699
103728,216191692908265489
58672,216176574621286417
91440,72061128849489937
288048,216457774720090129
107824,216174392779997200
337200,216455592878800912
345392,216457637283233809
230704,220677700349595664
361776,504685951850643472
623920,216191692908265744
1148208,220677700618027024
2196784,216174100990722064
47408,216227152156164097
80176,72111706384367617
276784,216508352254967809
284976,216510405249335299
334128,216508214818111489
59696,216194166807330817
92464,72078721035534337
289072,216475366906134529
551216,72113888225657089
108848,216191984966041600
567600,216227152156164352
338224,216473185064845312
600368,72111706384367872
796976,216508352254968064
575792,216229067711578369
346416,216475229469278209
608560,72113750788800769
231728,220695292535640064
362800,504703544036687872
1149232,220695292804071424
2197808,216191693176766464
854320,216508214818111744
94512,72078583596580867
291120,216475229467181059
553264,72113750786703619
110896,216191710088134657
569648,216226877278257409
577840,216228930272624899
217392,76582097324609539
1134896,76582097593040899
2183472,72078497965735939
807216,216510336529858819
626992,216226739841401089
856368,216508146098635009
188720,220679899370754049
319792,504688150871801857
581936,216193891929424129
1106224,220679899639185409
2154800,216176300011880449
352560,216457654463102977
237872,220677717529464832
368944,504685969030512640
631088,216191710088134912
1155376,220677717797896192
2203952,216174118170591232
1220912,229684899870674944
3186992,220677701152866304
246064,220679761933897729
377136,504688013434945537
639280,216193754492567809
1163568,220679762202329089
2212144,216176162575024129
475440,220961168191131649
1261872,85571704661741569
868656,216475160749801729
1392944,220961168459563009
2441520,216457568832258049
3227952,76564505943932929
1278256,229684762433818624
3244336,220677563716009984
1507632,229966168691052544
3342640,85569506175422464
3473712,220958969973243904
15920,56569065635857
24112,60683644305427
44592,72079528487288848
77360,21401875513360
536112,56569065636112
85552,25507864248337
101936,72078978733572112
200240,4524709445111824
331312,72360178832375824
1117744,4524709713543184
2166320,21110086238224
30256,25507862151187
79408,21126997606417
538160,56294187729169
87600,25370425294867
103984,72078703855665169
595504,56156750872849
91696,7932858073105
108080,72061403727396880
304688,216458049597997072
206384,4507134438936592
337456,72342603826200592
599600,21126997606672
1123888,4507134707367952
2172464,3535080062992
1189424,13514316780146704
3155504,4507118062338064
116272,72065509716131857
230960,76564711296995344
624176,72078703855665424
1148464,76564711565426704
2197040,72061111938121744
1246768,13514179343290384
3212848,4506980625481744
47664,72114163103563777
145968,4559893815103489
277040,72395363202367489
539184,126662931906817
1063472,4559894083534849
2112048,56294456229889
55856,72118277682233347
301616,216510542688288769
203312,4559756378247169
334384,72395225765511169
596528,126525495050497
1120816,4559756646678529
2169392,56157019373569
92720,25525044117505
551472,60692234240257
109104,72078995913441280
305712,216475641784041472
567856,72114163103564032
207408,4524726624980992
338480,72360196012244992
1124912,4524726893412352
2173488,21127266107392
666160,4559893815103744
1190448,13531908966191104
797232,72395363202367744
1583664,4559894083535104
2632240,56294456230144
3156528,4524710248382464
117296,72083101902176257
608816,60554797383937
231984,76582303483039744
1149488,76582303751471104
2198064,72078704124166144
821808,216510542688289024
723504,4559756378247424
1247792,13531771529334784
854576,72395225765511424
1641008,4559756646678784
2689584,56157019373824
3213872,4524572811526144
62000,72083101900079107
94768,25387605164035
553520,60554795286787
111152,72078721035534337
307760,216475366906134529
569904,72113888225657089
602672,56173930742017
119344,72082964463222787
217648,4528901333192707
348720,72364370720456707
1135152,4528901601624067
2183728,25301974319107
365104,216475229469278209
627248,72113750788800769
725552,4559687658770689
1249840,13531702809858049
856624,72395157046034689
1643056,4559687927202049
2691632,56088299897089
3215920,4524504092049409
123440,72065526896001025
320048,216462172766601217
238128,76564728476864512
631344,72078721035534592
1155632,76564728745295872
2204208,72061129117990912
434736,220961374347464704
1221168,85571910818074624
827952,216475366906134784
1352240,220961374615896064
2400816,216457774988591104
3187248,76564712100265984
1253936,13514196523159552
3220016,4506997805350912
3285552,13514179878129664
377392,216462035329744897
1262128,13518508670324737
3228208,4511309952516097
492080,220961236910608384
1278512,85571773381218304
885296,216475229469278464
1409584,220961237179039744
2458160,216457637551734784
3244592,76564574663409664
1507888,85853179638452224
1770032,13531702809858304
3473968,76845980920643584
3736112,4524504092049664
31792,56569032081427
609328,56294156271889
95280,21126964051987
554032,56294154174739
119856,72078703822110739
611376,56156717318419
377904,216457774688632849
63536,72114163070009347
161840,4559893781549059
292912,72395363168813059
555056,126662898352387
1079344,4559894049980419
2127920,56294422675459
317488,216510542654734339
219184,4559756344692739
350256,72395225731956739
612400,126525461496067
1136688,4559756613124099
2185264,56156985819139
366640,216508352223510529
616496,56311336141057
378928,216475366874677249
641072,72113888194199809
886832,216508352223510784
127024,72078721001979907
323632,216475366872580099
585776,72113888192102659
618544,56173897187587
380976,216475229435723779
643120,72113750755246339
741424,4559687625216259
1265712,13531702776303619
872496,72395157012480259
1658928,4559687893647619
2707504,56088266342659
3231792,4524504058494979
385072,216457791868502017
3358768,13514111127195649
4048,76615280440115248
10192,76580104657961008
34768,220695284143882288
11216,76615289030049808
35792,220730468515971088
21456,76617273304940563
41936,220695292733816848
11728,76614464262111280
36304,220729643748032560
69072,76614189385252912
134608,85621380049014832
265680,221010843846836272
1052112,85621380317446192
13776,76614189384204337
38352,220729368870125617
42448,220694467965878320
140752,85586204266860592
271824,220975668064682032
533968,76614189384204592
1058256,85586204535291952
99792,220694193089019952
165328,229701383752781872
558544,220729368870125872
1082832,229701384021213232
43472,220729652337967120
141776,85621388638949392
272848,221010852436770832
1059280,85621388907380752
100816,220729377461108752
166352,229736568124870672
1083856,229736568393302032
45520,220729377460060177
172496,229701392342716432
565712,220729377460060432
1090000,229701392611147792
11984,4557969735811120
20176,4559885291225137
69328,4557694858952752
134864,13564885522714672
1052368,13564885791146032
14032,4557694857904177
22224,4559747852271667
26320,4524709509070897
141008,13529709740560432
534224,4557694857904432
1058512,13529710008991792
27344,4559893881159697
142032,13564894112649232
1059536,13564894381080592
29392,4559756442206227
86736,4559687723778067
152272,13566878387539987
1069776,13566878655971347
15568,4627238901252145
23760,4628054945038387
72912,4626964024393777
138448,13634154688155697
531664,4767692921766193
1055952,13634154956587057
27856,4557969668702257
77008,4556887337992240
273616,76895939171713072
535760,4627238901252400
2108624,4556870425575472
85200,4557694791843889
150736,13564885455605809
1068240,13564885724037169
101584,76614464196050992
167120,85621654859812912
298192,221011118657634352
1084624,85621655128244272
330960,76895664294854704
593104,4626964024394032
2165968,4556595548717104
396496,85902854958616624
658640,13634154688155952
1182928,31578184721895472
2231504,13563786212479024
1314000,85902855227047984
1576144,13634154956587312
46288,76614464195002417
79056,4556612460085297
275664,76895664293806129
537808,4626964023345457
2110672,4556595547668529
54480,76615280238788659
87248,4557557352890419
152784,13564748016652339
1070288,13564748285083699
103632,76614189318144049
169168,85621379981905969
300240,221010843779727409
1086672,85621380250337329
201936,13563657096007729
1119440,13563657364439089
3151056,13563649310392369
156880,13529709673451569
550096,4557694790795569
1074384,13529709941882929
173264,85586479077658672
304336,220975942875480112
566480,76614464195002672
1090768,85586479346090032
206032,13528627342741552
599248,4556612460085552
1123536,13528627611172912
402640,85867679176462384
1189072,31543008939741232
2237648,13528610430324784
795856,76895664293806384
1320144,85867679444893744
2630864,4556595547668784
230608,85586204200800304
361680,220975667998621744
623824,76614189318144304
1148112,85586204469231664
427216,229982858662383664
689360,85621379981906224
820432,221010843779727664
1344720,229982858930815024
1606864,85621380250337584
3179728,85586196415184944
722128,13563657096007984
1639632,13563657364439344
3212496,13528473529286704
3671248,13563649310392624
30928,4628063534972947
145616,13634163278090257
538832,4767701511700753
1063120,13634163546521617
157904,13564894045540369
1075408,13564894313971729
174288,85621663449747472
305360,221011127247568912
1091792,85621663718178832
207056,13563811714830352
1124560,13563811983261712
403664,85902863548551184
665808,13634163278090512
1190096,31578193311830032
2238672,13563794802413584
1321168,85902863816982544
1583312,13634163546521872
231632,85621388572889104
362704,221010852370710544
1149136,85621388841320464
428240,230018043034472464
1345744,230018043302903824
3180752,85621380787273744
3213520,13563657901375504
61648,76615288828723219
159952,13564756606586899
1077456,13564756875018259
176336,85621388571840529
307408,221010852369661969
1093840,85621388840271889
3158224,13563657900326929
217296,13564687888158739
1134800,13564688156590099
3166416,13564680102543379
3215568,13563589181898769
434384,229982867252318224
696528,85621388571840784
827600,221010852369662224
1351888,229982867520749584
1614032,85621388840272144
3186896,85586205005119504
3678416,13563657900327184
3735760,13563589181899024
27472,76617487919087617
43856,220730751849594880
142160,85622488150577152
273232,221011951948398592
1059664,85622488419008512
52048,220732667405008897
101200,220730476972736512
166736,229737667636498432
1084240,229737667904929792
29520,76617350480134147
45904,220730476971687937
54096,220732529966055427
86864,76617281761705987
152400,85624472425467907
283472,221013936223289347
1069904,85624472693899267
58192,220697491622854657
172880,229702491854344192
566096,220730476971688192
1090384,229702492122775552
142672,85621663449747472
273744,221011127247568912
1060176,85621663718178832
101712,220729652271906832
167248,229736842935668752
1084752,229736843204100112
200016,85621388572889104
331088,221010852370710544
1117520,85621388841320464
396624,230018043034472464
1314128,230018043302903824
3149136,85621380787273744
30032,76615288828723219
46416,220729652270858257
144720,85621388571840529
275792,221010852369661969
1062224,85621388840271889
54608,220730468314644499
103760,220729377393999889
169296,229736568057761809
1086800,229736568326193169
173392,229701667153514512
566608,220729652270858512
1090896,229701667421945872
402768,229982867252318224
664912,85621388571840784
795984,221010852369662224
1320272,229982867520749584
1582416,85621388840272144
3155280,85586205005119504
230736,229701392276656144
623952,220729377394000144
1148240,229701392545087504
689488,229736568057762064
1606992,229736568326193424
3179856,229701384491040784
31056,76685657572900867
47440,220800021015035905
145744,85691757316018177
276816,221081221113839617
538960,76825295549628673
1063248,85691757584449537
55632,220800837058822147
104784,220799746138177537
170320,229806936801939457
563536,220940475035549953
1087824,229806937070370817
59728,220730751782486017
158032,85622488083468289
289104,221011951881289729
1075536,85622488351899649
108880,220729669451776000
305488,509241503399280640
567632,220800021015036160
2140496,220729652539359232
207184,85621405752758272
338256,221010869550579712
1124688,85621406021189632
665936,85691757316018432
1190224,103635787349757952
2238800,85621388840341504
797008,221081221113839872
2369872,221010852638162944
1583440,85691757584449792
117072,220730476905627649
182608,229737667569389569
1100112,229737667837820929
362832,509241228522422272
624976,220799746138177792
2197840,220729377662500864
428368,518248419186184192
690512,229806936801939712
1214800,247750966835679232
2263376,229736568326262784
1345872,518248419454615552
1608016,229806937070371072
461136,230017914186502144
1378640,230017914454933504
3213648,85621251939303424
3410256,230017906400886784
160080,85622350644514819
291152,221011814442336259
1077584,85622350912946179
110928,220729394573869057
307536,509241228521373697
569680,220799746137129217
2142544,220729377661452289
405840,230017914185453569
1323344,230017914453884929
3158352,85621251938254849
119120,220730339466674179
184656,229737530130436099
1102160,229737530398867459
217424,85622281926086659
348496,221011745723908099
1134928,85622282194518019
414032,230018936387670019
1331536,230018936656101379
3166544,85622274140471299
233808,229736439209791489
1151312,229736439478222849
3182928,229736431424176129
463184,230017845467025409
1380688,230017845735456769
3215696,85621183219826689
3412304,230017837681410049
188752,229702491787235329
581968,220730476904579329
1106256,229702492055666689
237904,229701409456525312
631120,220729394573869312
1155408,229701409724956672
434512,518213243404029952
1220944,247715791053524992
2269520,229701392544108544
827728,509241228521373952
1352016,518213243672461312
2662736,220729377661452544
926032,230017914185453824
1843536,230017914453885184
3416400,229982730618732544
3678544,85621251938255104
754000,229736439209791744
1671504,229736439478223104
3244368,229701255643070464
3703120,229736431424176384
983376,230017845467025664
1900880,230017845735457024
3473744,229982661900304384
3735888,85621183219826944
3932496,230017837681410304
24144,4630253968293907
28240,4560168691957777
44624,76616113462444048
142928,13565168923447312
1060432,13565169191878672
85584,4559893815099409
151120,13567084478861329
1068624,13567084747292689
200272,13564894046588944
1117776,13564894315020304
3149392,13564886260973584
144976,13564894045540369
1062480,13564894313971729
54864,76617479262044179
87632,4559756376145939
153168,13566947039907859
1070672,13566947308339219
157264,13531908696707089
550480,4559893814051089
1074768,13531908965138449
665168,13564894045540624
1582672,13564894313971984
3155536,13529710478819344
146000,13635262789718017
539216,4768801023328513
1063504,13635263058149377
55888,76687848006221827
88656,4630125120323587
154192,13637315784085507
547408,4770854017696003
1071696,13637316052516867
59984,76617762729885697
92752,4559910994968577
289360,76898962828689409
551504,4630262558228737
2124368,4559894082551809
174672,85622762961375232
305744,221012226759196672
1092176,85622763229806592
207440,13564911226458112
1124944,13564911494889472
404048,85903963060178944
666192,13635262789718272
1190480,31579292823457792
2239056,13564894314041344
1321552,85903963328610304
1583696,13635263058149632
117328,76617487853027329
182864,85624678516789249
313936,221014142314610689
1100368,85624678785220609
215632,13566955630891009
1133136,13566955899322369
3164752,13566947845275649
232016,85622488084516864
363088,221011951882338304
1149520,85622488352948224
428624,230019142546100224
1346128,230019142814531584
3181136,85622480298901504
3213904,13564757413003264
94800,4559773556015107
291408,76898825389735939
553552,4630125119275267
2126416,4559756643598339
176720,85622488083468289
307792,221011951881289729
1094224,85622488351899649
3158608,13564757411954689
119376,76617350414073859
184912,85624541077835779
315984,221014004875657219
1102416,85624541346267139
348752,76898756671307779
610896,4630056400847107
2183760,4559687925170179
414288,85905947335069699
676432,13637247064609027
1200720,31581277098348547
2249296,13566878588932099
1331792,85905947603501059
1593936,13637247333040387
3215952,13564688693526529
189008,85589502734635009
320080,220978966532456449
582224,76617487851979009
1106512,85589503003066369
680528,13566955629842689
1598032,13566955898274049
3170896,13531772063121409
434768,229983966763945984
696912,85622488083468544
827984,221011951881289984
1352272,229983967032377344
1614416,85622488351899904
3187280,85587304516747264
3678800,13564757411954944
737872,13566886911414529
1655376,13566887179845889
3228240,13531703344693249
3686992,13566879125799169
3736144,13564688693526784
175184,85622213172006928
306256,221011676969828368
1092688,85622213440438288
3157072,13564070183632912
3214416,13563795306774544
160848,13564894011985939
1078352,13564894280417299
3159120,13563795305725969
3679312,13563795305726224
161872,13635262756163587
555088,4768800989774083
1079376,13635263024594947
669776,13774900732891393
1587280,13774901001322753
3160144,13634164049903617
3172432,13564894817353729
436304,230018326468759552
1353808,230018326737190912
3188816,85621664221560832
3221584,13563812486643712
3287120,31578193815212032
3418192,85902864320364544
3680336,13634164049903872
493648,230018051591901184
1411152,230018051860332544
3246160,85621389344702464
3442768,230018043806285824
192592,85622488049913859
323664,221011951847735299
1110096,85622488318345219
3174480,13564757378400259
438352,230018051590852609
1355856,230018051859283969
3190864,85621389343653889
3231824,13564688659972099
958544,230018051590852864
1876048,230018051859284224
3448912,229982868024131584
3711056,85621389343654144
8080,72111680812744753
12176,72076779908497456
20368,72078695463911473
36752,216191959394418736
69520,72076505031639088
266128,216473159493222448
528272,72111680812745008
14224,72076505030590513
22416,72078558024958003
38800,216191684516511793
75664,72058930025463856
141200,76562512471920688
534416,72076505030590768
1058704,76562512740352048
2107280,72058913113047088
83856,72060974429896753
280464,216457628891480113
165776,220677691957841968
296848,504685943458889776
558992,216191684516512048
1083280,220677692226273328
2131856,216174092598968368
329616,216455438459207728
15248,72111689402679313
23440,72113742397046803
39824,216226868888600593
27536,72078704053846033
43920,216191967984353296
273296,216473168083157008
535440,72111689402679568
52112,216193883539767313
101264,216191693107494928
560016,216226868888600848
29584,72078566614892563
45968,216191693106446353
54160,216193746100813843
86928,72078497896464403
283536,216475152358047763
545680,72113673677570323
287632,216457637481414673
107408,216174118101319696
172944,220677700547776528
304016,504685952048824336
566160,216191693106446608
1090448,220677700816207888
2139024,216174101188902928
115600,216176162505752593
344976,216457568762986513
15760,72110864634740785
23952,72111680678527027
40336,216226044120662065
73104,72110589757882417
269712,216507244219465777
273808,216472343315218480
535952,72110864634741040
101776,216190868339556400
560528,216226044120662320
331152,216472068438360112
593296,72110589757882672
789904,216507244219466032
30096,72076504896372787
46480,216190868338507825
275856,216472068437311537
538000,72110589756834097
54672,216191684382294067
103824,216190593461649457
562576,216225769242755377
58768,216174375664091185
288144,216455575762894897
107920,216173293333381168
173456,220676875779838000
304528,504685127280885808
566672,216190868338508080
1090960,220676876048269360
2139536,216173276420964400
337296,216454493432184880
402832,220958075878641712
1189264,85568612349251632
796048,216472068437311792
1320336,220958076147073072
2368912,216454476519768112
3155344,76561413631442992
116112,216174100787232817
230800,220676600902979632
361872,504684852404027440
624016,216190593461649712
1148304,220676601171410992
2196880,216173001544106032
1213840,229683791835172912
3179920,220676593117364272
31120,72111689268461587
47504,216226052710596625
276880,216507252809400337
55696,216226868754382867
104848,216225777833738257
567696,216226052710596880
797072,216507252809400592
625040,216225777833738512
61840,216191692972228627
569744,216225777832689937
1221008,229683800425107472
3187088,220676601707298832
16016,54370108440625
73360,54095231582257
28304,21384759607345
44688,72077329530093616
536208,54370108440880
85648,21109882748977
544400,56285663854897
593552,54095231582512
538256,54095230533937
54928,72078695329693747
87696,20972443795507
546448,56148224901427
59024,72061386611490865
91792,3534876573745
157328,4507117323030577
288400,72342586710294577
550544,21109881700657
1074832,4507117591461937
2123408,3517964156977
304784,216455850640801840
1189520,13512117822951472
3155600,4504919105142832
116368,72061111734632497
312976,216457766196215857
362128,216455575763943472
55952,72113879701782547
88720,56156815884307
551568,56294253789457
62096,72078703919628307
553616,56156814835987
610960,56088096407827
320144,216457774786150417
81040,53287710621745
146576,4556870157078577
277648,72392339544342577
539792,123639273881905
1064080,4556870425509937
2112656,53270798204977
56464,72111955489325107
154768,4557686200864819
285840,72393155588128819
547984,124455317668147
1072272,4557686469296179
2120848,54086841991219
105616,72110864568680497
302224,216507519030263857
203920,4556595280220209
334992,72392064667484209
597136,123364397023537
1121424,4556595548651569
2170000,52995921346609
1186960,13563786212413489
3153040,4556587494604849
60560,72077329462984753
552080,54370041332017
109712,72076247132274736
175248,76579829578731568
1092752,76579829847162928
2141328,72076230219857968
601232,53287710622000
666768,4556870157078832
1191056,13528885308166192
797840,72392339544342832
1584272,4556870425510192
2632848,53270798205232
3157136,4521686590357552
609424,54095164473649
363664,216472343249158192
625808,72110864568680752
822416,216507519030264112
724112,4556595280220464
1248400,13528610431307824
855184,72392064667484464
1641616,4556595548651824
2690192,52995921346864
3214480,4521411713499184
1707152,13563786212413744
3280016,13528602377261104
3673232,4556587494605104
62608,72076779707170867
95376,18927972253747
160912,4522510418710579
291984,72357979805974579
1078416,4522510687141939
2126992,18911059836979
308368,216472343248109617
570512,72110864567632177
603280,53012832715057
668816,4556595279171889
1193104,13528610430259249
799888,72392064666435889
1586320,4556595547603249
2634896,52995920298289
3159184,4521411712450609
119952,72076504830312499
316560,216473159291895859
578704,72111680611418419
611472,53957725520179
365712,216472068371251249
627856,72110589690773809
824464,216507244152357169
320656,216455850573692977
1205392,13512117755842609
3171472,4504919038033969
369808,216454768242982960
435344,220958350689439792
1221776,85568887160049712
828560,216472343248109872
1352848,220958350957871152
2401424,216454751330566192
3187856,76561688442241072
1254544,13511035425132592
3220624,4503836707323952
1451152,85850087258853424
1713296,13528610430259504
3417232,76842888541044784
3679376,4521411712450864
378000,216455575696834609
492688,220958075812581424
1279120,85568612283191344
885904,216472068371251504
1410192,220958076081012784
2458768,216454476453707824
3245200,76561413565382704
1475728,229965266744774704
3310736,85568604229144624
3441808,220958068026966064
3343504,13510881343246384
63632,72111964079259667
96400,54112344342547
161936,4557694790799379
293008,72393164178063379
555152,124463907602707
1079440,4557695059230739
2128016,54095431925779
309392,216507527620198417
1194128,13563794802348049
3160208,4556596084539409
120976,72111689202401299
317584,216508343663984659
366736,216507252743340049
829584,216507527620198672
1714320,13563794802348304
3287184,13528610967195664
3680400,4556596084539664
886928,216507252743340304
323728,216473167881830419
585872,72111689201352979
831632,216507252742291729
1482896,229965275334709264
3317904,85568612819079184
3448976,220958076616900624
24336,72113879701782547
44816,216192517605949456
30480,72078703919628307
55056,216193883405549587
59152,216176574687346705
288528,216457774786150417
116496,216176299810488337
47888,216227152222224385
277264,216508352321028097
88848,72113750853812227
285456,216510405315395587
105232,216226877345366017
60176,216194166873391105
289552,216475366972194817
551696,72113888291717377
568080,216227152222224640
797456,216508352321028352
117520,216193891996532737
576272,216229067777638657
625424,216226877345366272
291600,216475229533241347
553744,72113750852763907
570128,216226877344317697
119568,216193754557579267
578320,216228930338685187
348944,216475160814813187
611088,72113682134335747
807696,216510336595919107
123664,216176316990357505
189200,220679899436814337
320272,504688150937862145
582416,216193891995484417
1106704,220679899705245697
2155280,216176300077940737
1221392,229684899936735232
3187472,220677701218926592
32016,72111964079259667
277776,216507527620198417
56592,216227143565180947
89360,72111689202401299
285968,216508343663984659
105744,216226052644536337
335120,216507252743340049
60688,216192517538840593
109840,216191435208130576
175376,220695017654587408
306448,504703269155635216
1092880,220695017923018768
2141456,216191418295713808
797968,216507527620198672
625936,216226052644536592
855312,216507252743340304
62736,216191967783026707
292112,216473167881830419
554256,72111689201352979
570640,216226052643488017
800016,216507252742291729
120080,216191692906168339
578832,216226868687274259
627984,216225777766629649
1221904,229684075235905552
3187984,220676876518096912
1451280,229965275334709264
3286288,85568612819079184
3417360,220958076616900624
1279248,229683800359047184
3245328,220676601641238544
3310864,229683792305000464
96528,72111706382270467
162064,76615288828727299
555280,72182057945530627
1079568,76615289097158659
2128144,72111689469853699
112912,216226069824405505
178448,220729652270862337
309520,504737903771910145
571664,216296421387665665
1095952,220729652539293697
2144528,216226052911988737
342288,216507269923209217
407824,221010852369666049
1194256,85621388840275969
801040,216577621486469377
1325328,221010852638097409
2373904,216507253010792449
3160336,76614190122467329
186640,220730468314648579
317712,504738719815696387
579856,216297237431451907
1104144,220730468583079939
2152720,216226868955774979
350480,216508214816014339
235792,220729377394003969
366864,504737628895051777
629008,216296146510807297
1153296,220729377662435329
2201872,216225778035130369
1218832,229736568326197249
3184912,220729369608388609
583952,216227152155115777
813328,216508352253919489
633104,216226069824405760
698640,220729652270862592
1222928,229701667421949952
829712,504737903771910400
1616144,220729652539293952
2664720,216226052911988992
3189008,220694468704141312
862480,216507269923209472
928016,221010852369666304
1452304,229982867520753664
1714448,85621388840276224
3287312,85586205005123584
1845520,221010852638097664
2894096,216507253010792704
3418384,220975668802945024
3680528,76614190122467584
641296,216226877278257409
755984,220729377394004224
1280272,229701392545091584
887056,504737628895052032
1673488,220729377662435584
2722064,216225778035130624
3246352,220694193827282944
1739024,229736568326197504
3311888,229701384491044864
3705104,220729369608388864
127248,216191710086037507
192784,220695292532494339
323856,504703544033542147
1110288,220695292800925699
2158864,216191693173620739
815376,216508214814966019
635152,216225794946498817
700688,220729377392955649
1224976,229701392544043009
831760,504737628894003457
1618192,220729377661387009
2666768,216225778034082049
3191056,220694193826234369
643344,216226739839303939
872720,216508146096537859
1237264,229684899869626369
3203344,220677701151817729
1286416,229683817538916352
3252496,220676618821107712
1483024,518195651486420992
1745168,229701392544043264
3449104,509188452768612352
3711248,220694193826234624
3547408,229965138432692224
3375376,229683663457030144
3604752,229965069714264064
48656,72112513835073553
56848,72114154512580627
155152,4559885224120339
286224,72395354611384339
548368,126654340923667
1072656,4559885492551699
2121232,56285865246739
60944,72079528486240273
552464,56569064587537
306704,216473992515551248
568848,72112513835073808
609808,56294187729169
62992,72078978730426387
95760,21126995509267
161296,4524709441966099
292368,72360178829230099
1078800,4524709710397459
2127376,21110083092499
120336,72078703853568019
316944,216475358315151379
579088,72113879634673939
611856,56156748775699
321040,216458049596948497
1205776,13514316779098129
3171856,4507118061289489
3286544,13512118292779024
378384,216457774720090129
309776,216508627131826177
1194512,13564894313975809
3160592,4557695596167169
186896,76617479262048259
580112,72184248378851587
1104400,76617479530479619
2152976,72113879903174659
219664,4559756376150019
350736,72395225763414019
612880,126525492953347
1137168,4559756644581379
2185744,56157017276419
1202704,13566947308343299
3168784,4559748590534659
367120,216508352254967809
322064,216475641782992897
584208,72114163102515457
616976,56311367598337
682512,4559893814055169
1206800,13531908965142529
813584,72395363201319169
1600016,4559894082486529
2648592,56294455181569
3172880,4524710247333889
829968,216508627131826432
1714704,13564894313976064
3287568,13529710478823424
3680784,4557695596167424
379408,216475366906134529
641552,72113888225657089
838160,216510542687240449
887312,216508352254968064
127504,72078721033437187
193040,76582303479894019
1110544,76582303748325379
2159120,72078704121020419
619024,56173928644867
684560,4559756375101699
1208848,13531771526189059
815632,72395225762365699
1602064,4559756643533059
2650640,56157016228099
3174928,4524572808380419
832016,216508352253919489
381456,216475229467181059
643600,72113750786703619
840208,216510405248286979
741904,4559687656673539
1266192,13531702807760899
872976,72395157043937539
1659408,4559687925104899
2707984,56088297799939
3232272,4524504089952259
1724944,13566878588866819
3297808,13531694753714179
3691024,4559679871058179
385552,216457791899959297
451088,220961374346416129
1237520,85571910817026049
844304,216475366905086209
1368592,220961374614847489
2417168,216457774987542529
3203600,76564712099217409
3301904,13514179877081089
1483280,229966374846337024
3318288,85569712330706944
3449360,220959176128528384
3359248,13514111158652929
64528,72112513801519123
310288,216508077342457873
830480,216508077342458128
325648,216508627098271747
1210384,13564894280421379
3176464,4557695562612739
3291152,13563795305730049
382992,216508352221413379
3811344,13563795305730304
847888,216508352220365059
3579920,229965275838091264
4064,76617475035234352
34784,220697478739001392
35808,220732663111090192
19936,76617474968125489
36320,220730738898632752
69088,76615280241934384
134624,85622475199615024
265696,221011938997436464
1052128,85622475468046384
21984,76617337529172019
38368,220730464020725809
75232,76580104459780144
50656,220697478671892529
99808,220695283945701424
165344,229702478903382064
558560,220730464020726064
1082848,229702479171813424
76256,76615288831868944
51680,220732663043981329
100832,220730468317790224
166368,229737663275470864
1083872,229737663543902224
53728,220732525605027859
86496,76617273106759699
152032,85624468064440339
283104,221013931862261779
1069536,85624468332871699
106976,220695292535635984
7904,4630249674375217
12000,4560160103071792
20192,4564278976708657
36576,76617749846032432
265952,76898949944836144
528096,4630249674375472
2100960,4559881198698544
14048,4559885225164849
22240,4564141537755187
38624,76617474968125489
71392,4559747788308529
136928,13566942745989169
1054432,13566943014420529
141024,13531900107821104
534240,4559885225165104
1058528,13531900376252464
100064,76582294893101104
165600,85589489850781744
296672,220978953648603184
558816,76617474968125744
1083104,85589490119213104
198368,13531762670964784
591584,4559747788308784
1115872,13531762939396144
657120,13566942745989424
1574624,13566943014420784
3147488,13531759179268144
142048,13567084479909904
1059552,13567084748341264
101088,76617479265189904
166624,85624674222870544
297696,221014138020691984
1084128,85624674491301904
199392,13566947043053584
1116896,13566947311484944
3148512,13566943551356944
78560,4559756378243089
86752,4564077115342867
152288,13571272073023507
1069792,13571272341454867
201440,13566878323576849
1118944,13566878592008209
3150560,13566874831880209
107232,76582303483035664
205536,13531771260899344
598752,4559756378243344
1123040,13531771529330704
721632,13566878323577104
1639136,13566878592008464
3212000,13531694756855824
3670752,13566874831880464
23776,4630249640820787
77024,4557969638293552
85216,4559885193707569
150752,13567080151388209
1068256,13567080419819569
199904,13564885425197104
1117408,13564885693628464
3149024,13564881933500464
29920,4559885191610419
79072,4557694760386609
54496,76617474934571059
87264,4559747754754099
152800,13566942712434739
1070304,13566942980866099
91360,4524709411553329
206048,13529709643042864
599264,4557694760386864
1123552,13529709911474224
92384,4559893783642129
207072,13564894015131664
1124576,13564894283563024
94432,4559756344688659
217312,13566878290022419
1134816,13566878558453779
3166432,13566874798325779
36704,220732937921888272
69472,76617479265189904
135008,85624674222870544
266080,221014138020691984
1052512,85624674491301904
38752,220732663043981329
75616,76582303483035664
100192,220697482968956944
165728,229704677926637584
558944,220732663043981584
1083232,229704678195068944
39776,220803031788158977
43872,220732942216855552
142176,85624678517837824
273248,221014142315659264
1059680,85624678786269184
52064,220737061090492417
297824,509244514172403712
559968,220803031788159232
2132832,220732663312482304
199520,85624541080981504
330592,221014004878802944
1117024,85624541349412864
396128,230021199836483584
1313632,230021200104914944
3148640,85624537589284864
45920,220732667338948609
78688,76617350416171009
54112,220736923651538947
86880,76621671153270787
152416,85628866110951427
283488,221018329908772867
1069920,85628866379382787
103264,220732529902092289
168800,229739724859772929
1086304,229739725128204289
201568,85624472361504769
332640,221013936159326209
1119072,85624472629936129
398176,230021131117006849
1315680,230021131385438209
3150688,85624468869808129
172896,229704682221604864
566112,220732667338948864
1090400,229704682490036224
205664,85589365298827264
336736,220978829096648704
598880,76617350416171264
1123168,85589365567258624
230240,229704544784748544
623456,220732529902092544
1147744,229704545053179904
688992,229739724859773184
1606496,229739725128204544
3179360,229704541293051904
459616,229985951041982464
721760,85624472361505024
852832,221013936159326464
1377120,229985951310413824
1639264,85624472629936384
3212128,85589288794783744
918368,230021131117007104
1835872,230021131385438464
3408736,229985947550285824
3670880,85624468869808384
54624,220732663010426899
55648,220803031754604547
92512,76617487821570049
108896,220730751752077312
207200,85622488053059584
338272,221011951850881024
1124704,85622488321490944
117088,220732667307491329
182624,229739862265171969
1100128,229739862533603329
231776,229737667538980864
1149280,229737667807412224
3180896,229737664047284224
61792,220732667305394179
94560,76617350382616579
110944,220730476874170369
119136,220732529868537859
184672,229739724826218499
1102176,229739725094649859
217440,85624472327950339
348512,221013936125771779
1134944,85624472596381699
414048,230021131083452419
1331552,230021131351883779
3166560,85624468836253699
123232,220697491525337089
237920,229702491756826624
631136,220730476874170624
1155424,229702492025257984
77408,4560168661549072
200288,13567084448452624
1117792,13567084716883984
3149408,13567080956755984
79456,4559893783642129
206432,13531908666298384
599648,4559893783642384
1123936,13531908934729744
80480,4630262527819777
92768,4564291830153217
109152,76617762699476992
338528,76898962798280704
600672,4630262527820032
2173536,4559894052143104
3156576,13567085251723264
232032,85624678486380544
363104,221014142284201984
1149536,85624678754811904
428640,230021337241882624
1346144,230021337510313984
3181152,85624674994683904
3213920,13566947814866944
94816,4564154391199747
111200,76617487821570049
209504,13566955599433729
1127008,13566955867865089
217696,13571276336533507
1135200,13571276604964867
3166816,13571272844836867
3215968,13566879095390209
238176,85589502704226304
369248,220978966502047744
631392,76617487821570304
1155680,85589502972657664
729696,13566955599433984
1647200,13566955867865344
3220064,13531772032712704
3736160,13566879095390464
89184,4630253921107987
154720,13637448878788627
547936,4770987112399123
1072224,13637449147219987
93280,4560168644771857
109664,76616113415258128
207968,13565168876261392
1125472,13565169144692752
216160,13567084431675409
1133664,13567084700106769
3165280,13567080939978769
3214432,13564886213787664
160864,13567084429578259
1078368,13567084698009619
210016,13564893998354449
1127520,13564894266785809
119904,76617479214858259
185440,85624674172538899
316512,221014137970360339
1102944,85624674440970259
218208,13566946992721939
1135712,13566947261153299
3167328,13566943501025299
222304,13531908649521169
615520,4559893766865169
1139808,13531908917952529
730208,13564893998354704
1647712,13564894266786064
3220576,13529710431633424
161888,13637453173755907
555104,4770991407366403
1079392,13637453442187267
211040,13635262742532097
604256,4768800976142593
1128544,13635263010963457
120928,76687847959035907
186464,85695042916716547
317536,221084506714537987
579680,76828581150327043
1103968,85695043185147907
219232,13637315736899587
612448,4770853970510083
1136736,13637316005330947
677984,13778048928190723
1595488,13778049196622083
3168352,13637312245202947
125024,76617762682699777
354400,76898962781503489
616544,4630262511042817
2189408,4559894035365889
3172448,13567085234946049
239712,85622762914189312
370784,221012226712010752
1157216,85622763182620672
469088,85903963012993024
731232,13635262742532352
1255520,31579292776271872
2304096,13564894266855424
1386592,85903963281424384
1648736,13635263010963712
247904,85624678469603329
378976,221014142267424769
1165408,85624678738034689
444512,230021337225105409
1362016,230021337493536769
3197024,85624674977906689
3229792,13566947798089729
493664,230019142498914304
1411168,230019142767345664
3246176,85622480251715584
3442784,230019139007217664
192608,85624678467506179
323680,221014142265327619
1110112,85624678735937539
356448,76898825342550019
618592,4630125072089347
2191456,4559756596412419
3174496,13566947795992579
241760,85622488036282369
372832,221011951834103809
1159264,85622488304713729
3223648,13564757364768769
249952,85624541030649859
381024,221014004828471299
1167456,85624541299081219
446560,230021199786151939
1364064,230021200054583299
3199072,85624537538953219
479328,85905947287883779
741472,13637247017423107
1265760,31581277051162627
2314336,13566878541746179
1396832,85905947556315139
1658976,13637247285854467
3297376,31581273291034627
3428448,85905943796187139
3690592,13637243525726467
254048,85589502687449089
385120,220978966485270529
647264,76617487804793089
1171552,85589502955880449
745568,13566955582656769
1663072,13566955851088129
3235936,13531772015935489
499808,229983966716760064
761952,85622488036282624
893024,221011951834104064
1417312,229983966985191424
1679456,85622488304713984
3252320,85587304469561344
3743840,13564757364769024
3752032,13566879078613249
8096,72113875407863857
36768,216194153989537840
69536,72078695332839472
266144,216475354088341552
528288,72113875407864112
38816,216193879111630897
42912,216176566098460720
272288,216457766197264432
51104,216180684972097585
165792,220679886552961072
296864,504688138054008880
559008,216193879111631152
1083296,220679886821392432
2131872,216176287194087472
329632,216457628760408112
39840,216229063483719697
76704,72078703922774032
101280,216193883408695312
560032,216229063483719952
336800,216457637350342672
40352,216227139271262257
73120,72111680614563889
269728,216508339370065969
44448,216192508949954608
77216,72076779710316592
52640,216194153922428977
85408,72078695265730609
282016,216475354021232689
544160,72113875340755249
101792,216191959196237872
560544,216227139271262512
331168,216473159295041584
593312,72111680614564144
789920,216508339370066224
30112,72078695263633459
79264,72076504832409649
87456,72078557826777139
284064,216475216582279219
546208,72113737901801779
103840,216191684318330929
562592,216226864393355569
58784,216176566031351857
288160,216457766130155569
206240,76562512273739824
599456,72076504832409904
1123744,76562512542171184
2172320,72058912914866224
181664,220679886485852209
312736,504688137986900017
574880,216193879044522289
1099168,220679886754283569
2147744,216176287126978609
345504,216457628693299249
230816,220677691759661104
361888,504685943260708912
624032,216191684318331184
1148320,220677692028092464
2196896,216174092400787504
1213856,229684886985773104
3179936,220677688267964464
31136,72113879635722259
80288,72111689204498449
88480,72113742198865939
285088,216510400954368019
104864,216226868690419729
92576,72078703855665169
108960,216191967786172432
338336,216473167884976144
600480,72111689204498704
117152,216193883341586449
575904,216229063416611089
625056,216226868690419984
61856,216193883339489299
94624,72078566416711699
111008,216191692908265489
119200,216193745902632979
577952,216228925977657619
348576,216475152159866899
610720,72113673479389459
807328,216510332234891539
352672,216457637283233809
237984,220677700349595664
369056,504685951850643472
631200,216191692908265744
1155488,220677700618027024
2204064,216174100990722064
16032,56560475701297
40608,72114150218661937
138912,4559880930201649
269984,72395350317465649
532128,126650047004977
1056416,4559881198633009
2104992,56281571328049
44704,72079519897354288
536224,56560475701552
85664,25499274313777
544416,60679349338417
102048,72078970143637552
298656,216475628899139632
560800,72114150218662192
200352,4524700855177264
331424,72360170242441264
1117856,4524701123608624
2166432,21101496303664
659104,4559880930201904
1183392,13531896081289264
790176,72395350317465904
1576608,4559881198633264
2625184,56281571328304
3149472,4524697363480624
30368,25499272216627
538272,56285597794609
54944,72083089015177267
87712,25361835360307
546464,60541910384947
104096,72078695265730609
300704,216475354021232689
562848,72113875340755249
595616,56148160938289
304800,216458041008062512
1189536,13514308190212144
3155616,4507109472403504
116384,72065501126197297
312992,216462159881699377
231072,76564702707060784
624288,72078695265730864
1148576,76564702975492144
2197152,72061103348187184
427680,220961361462562864
1214112,85571897933172784
820896,216475354021232944
1345184,220961361730994224
2393760,216457762103689264
3180192,76564699215364144
1246880,13514170753355824
3212960,4506972035547184
3278496,13514166993227824
31392,60683644305427
55968,72118273387266067
88736,60546207449107
105120,72113879637819409
301728,216510538393321489
92832,25507864248337
109216,72078978733572112
207520,4524709445111824
338592,72360178832375824
1125024,4524709713543184
2173600,21110086238224
363168,216475358318297104
625312,72113879637819664
821920,216510538393321744
94880,25370425294867
111264,72078703855665169
602784,56156750872849
610976,60477487972627
123552,72065509716131857
238240,76564711296995344
631456,72078703855665424
1155744,76564711565426704
2204320,72061111938121744
1254048,13514179343290384
3220128,4506980625481744
3343008,13514102570815504
31904,56560442146867
81056,54370010923057
56480,72114150185107507
154784,4559880896647219
285856,72395350283911219
548000,126650013450547
1072288,4559881165078579
2120864,56281537773619
93344,21384662089777
109728,72077329432576048
601248,54370010923312
609440,56285566337329
554144,56285564240179
603296,54095133016369
119968,72078695232176179
316576,216475353987678259
578720,72113875307200819
611488,56148127383859
124064,72061386513973297
222368,4507117225513009
353440,72342586612777009
615584,21109784183089
1139872,4507117493944369
2188448,3517866639409
369824,216455850543284272
1254560,13512117725433904
3220640,4504919007625264
378016,216457766098698289
120992,72113879604264979
317600,216510538359767059
616608,56294156271889
127136,72078703822110739
618656,56156717318419
385184,216457774688632849
24352,72118273387266067
40736,216229338294517777
73504,72113879637819409
270112,216510538393321489
44832,216194707973210128
77600,72078978733572112
102176,216194158219493392
560928,216229338294518032
331552,216475358318297104
593696,72113879637819664
790304,216510538393321744
79648,72078703855665169
55072,216198277091033107
104224,216193883341586449
562976,216229063416611089
91936,72065509716131857
206624,76564711296995344
599840,72078703855665424
1124128,76564711565426704
2172704,72061111938121744
116512,216180689202053137
231200,220679890782916624
362272,504688142283964432
624416,216193883341586704
1148704,220679891051347984
2197280,216176291424043024
1214240,229687086009028624
3180320,220679887291219984
31520,72118277682233347
47904,216229342589485057
277280,216510542688288769
88864,72118140245377027
285472,216514799000879107
170784,220732663043985409
301856,504740914545033217
564000,216299432160788737
1088288,220732663312416769
2136864,216229063685111809
334624,216510405251432449
92960,72083101902176257
568096,216229342589485312
207648,76582303483039744
1125152,76582303751471104
2173728,72078704124166144
797472,216510542688289024
117536,216198281388097537
576288,216233461463122177
232224,220697482968961024
363296,504705734470008832
1149728,220697483237392384
2198304,216193883610087424
690976,220732663043985664
1215264,229704678195073024
822048,504740914545033472
1608480,220732663312417024
2657056,216229063685112064
3181344,220697479477264384
854816,216510405251432704
62240,216198281386000387
95008,72082964463222787
570144,216229067711578369
340768,216475229469278209
602912,72113750788800769
119584,216198143949144067
578336,216233324024168707
348960,216479550206377987
611104,72118071525900547
807712,216514730281402627
627488,216228930274722049
856864,216510336531955969
353056,216462035329744897
1221408,229687090303995904
3187488,220679891586187264
467744,220961236910608384
1254176,85571773381218304
860960,216475229469278464
1385248,220961237179039744
2433824,216457637551734784
3220256,76564574663409664
1278752,229686952867139584
3244832,220679754149330944
3310368,229686949107011584
1508128,229968359124373504
3343136,85571696608743424
3474208,220961160406564864
3539744,229968355364245504
56608,216229338260963347
89376,72113879604264979
285984,216510538359767059
109856,216192517508431888
95520,72078703822110739
120096,216193883308032019
578848,216229063383056659
124192,216176574589829137
353568,216457774688632849
63776,216229342555930627
293152,216510542654734339
112928,216227152124706817
342304,216508352223510529
186656,220732663010430979
317728,504740914511478787
579872,216299432127234307
1104160,220732663278862339
2152736,216229063651557379
350496,216510405217878019
125216,216194166775873537
354592,216475366874677249
616736,72113888194199809
633120,216227152124707072
862496,216508352223510784
641312,216229067680121089
586016,216229067678023939
356640,216475229435723779
618784,72113750755246339
635168,216226877246800129
643360,216228930241167619
872736,216510336498401539
254240,220679899339296769
385312,504688150840344577
647456,216193891897966849
1171744,220679899607728129
2220320,216176299980423169
1286432,229684899839217664
3252512,220677701121409024
81440,56569034178577
89632,60683612848147
110112,72079528455831568
601632,56569034178832
95776,25507830693907
603680,56294156271889
370208,216458049566539792
1254944,13514316748689424
3221024,4507118030880784
113184,72114163072106497
211488,4559893783646209
342560,72395363170910209
604704,126662900449537
1128992,4559894052077569
2177568,56294424772609
121376,72118277650776067
317984,216514936406278147
367136,216510542656831489
616992,60692202782977
371232,216475641752584192
633376,72114163072106752
731680,4559893783646464
1255968,13531908934733824
862752,72395363170910464
1649184,4559894052077824
2697760,56294424772864
3222048,4524710216925184
887328,216510542656831744
127520,72083101868621827
619040,60554763829507
373280,216475366874677249
635424,72113888194199809
385568,216462172735143937
500256,220961374316007424
1286688,85571910786617344
893472,216475366874677504
1417760,220961374584438784
2466336,216457774957133824
3252768,76564712068808704
3351072,13514179846672384
64544,72114704219111443
113696,72112513787887633
121888,72114154465394707
318496,216510813220896787
220192,4559885176934419
351264,72395354564198419
613408,126654293737747
1137696,4559885445365779
2186272,56285818060819
1203232,13567080403046419
3169312,4559881685237779
125984,72079528439054353
617504,56569017401617
371744,216473992468365328
633888,72112513787887888
128032,72078978683240467
226336,4524709394780179
357408,72360178782044179
1143840,4524709663211539
2192416,21110035906579
381984,216475358267965459
644128,72113879587488019
840736,216510538342990099
386080,216458049549762577
1270816,13514316731912209
3236896,4507118014103569
3351584,13512118245593104
325664,216510817515864067
1210400,13567084698013699
3176480,4559885980205059
374816,216508627084640257
1259552,13564894266789889
3225632,4557695548981249
251936,76617479214862339
645152,72184248331665667
1169440,76617479483293699
2218016,72113879855988739
448544,221014137970364419
1234976,85624674440974339
841760,216580907087167747
1366048,221014138238795779
2414624,216510538611490819
3201056,76617475723165699
1267744,13566947261157379
3233824,4559748543348739
3299360,13566943501029379
387104,216475641735806977
649248,72114163055329537
747552,4559893766869249
1271840,13531908917956609
878624,72395363154133249
1665056,4559894035300609
2713632,56294407995649
3237920,4524710200147969
895008,216508627084640512
1779744,13564894266790144
3352608,13529710431637504
3745824,4557695548981504
903200,216510542640054529
258080,76582303432708099
1175584,76582303701139459
2224160,72078704073834499
847904,216510542637957379
749600,4559756327915779
1273888,13531771479003139
880672,72395225715179779
1667104,4559756596347139
2715680,56156969042179
3239968,4524572761194499
897056,216508352206733569
905248,216510405201101059
1789984,13566878541680899
3362848,13531694706528259
3756064,4559679823872259
3821600,13566874781552899
516128,220961374299230209
1302560,85571910769840129
909344,216475366857900289
1433632,220961374567661569
2482208,216457774940356609
3268640,76564712052031489
3366944,13514179829895169
1548320,229966374799151104
3383328,85569712283521024
3514400,220959176081342464
20416,76617475034185777
36800,220730738964693040
135104,85622475265675312
266176,221011939063496752
1052608,85622475534106672
22464,76617337595232307
38848,220730464086786097
51136,220697478737952817
165824,229702478969442352
559040,220730464086786352
1083328,229702479237873712
52160,220732663110041617
166848,229737663341531152
1084352,229737663609962512
54208,220732525671088147
152512,85624468130500627
283584,221013931928322067
1070016,85624468398931987
24000,76685644687999027
40384,220800008130134065
138688,85691744431116337
269760,221081208228937777
531904,76825282664726833
1056192,85691744699547697
77248,76614464196050992
142784,85621654859812912
273856,221011118657634352
1060288,85621655128244272
52672,220730738897584177
150976,85622475198566449
282048,221011938996387889
1068480,85622475466997809
101824,220729643681972272
298432,509241490514378800
560576,220800008130134320
2133440,220729639654457392
200128,85621379982954544
331200,221010843780775984
1117632,85621380251385904
658880,85691744431116592
1183168,103635774464856112
2231744,85621375955439664
789952,221081208228938032
2362816,221010839753261104
1576384,85691744699547952
30144,76615280238788659
46528,220729643680923697
79296,76614189318144049
144832,85621379981905969
275904,221010843779727409
1062336,85621380250337329
153024,85622337759612979
284096,221011801557434419
1070528,85622338028044339
103872,220729368804065329
300480,509241215636471857
562624,220799733252227377
2135488,220729364776550449
398784,230017901300551729
1316288,230017901568983089
3151296,85621239053353009
107968,220694467899818032
173504,229701658563579952
566720,220729643680923952
1091008,229701658832011312
206272,85586204200800304
337344,220975667998621744
599488,76614189318144304
1123776,85586204469231664
402880,229982858662383664
665024,85621379981906224
796096,221010843779727664
1320384,229982858930815024
1582528,85621380250337584
3155392,85586196415184944
181696,229702478902333489
574912,220730464019677489
1099200,229702479170764849
230848,229701383686721584
624064,220729368804065584
1148352,229701383955152944
427456,518213230519128112
1213888,247715778168623152
2262464,229701379659206704
820672,509241215636472112
1344960,518213230787559472
2655680,220729364776550704
918976,230017901300551984
1836480,230017901568983344
3409344,229982717733830704
3671488,85621239053353264
55744,220800832763854867
170432,229806932506972177
563648,220940470740582673
1087936,229806932775403537
108992,220729652271906832
174528,229736842935668752
1092032,229736843204100112
207296,85621388572889104
338368,221010852370710544
1124800,85621388841320464
403904,230018043034472464
1321408,230018043302903824
3156416,85621380787273744
182720,229737663274422289
1100224,229737663542853649
231872,229736568058810384
1149376,229736568327241744
428480,518248414891216912
690624,229806932506972432
1214912,247750962540711952
2263488,229736564031295504
1345984,518248415159648272
1608128,229806932775403792
3410368,230017902105919504
61888,220730468314644499
111040,220729377393999889
176576,229736568057761809
1094080,229736568326193169
184768,229737525835468819
1102272,229737526103900179
414144,230018932092702739
1331648,230018932361134099
3166656,85622269845504019
3183040,229736427129208849
3412416,230017833386442769
238016,229701392276656144
631232,220729377394000144
1155520,229701392545087504
696768,229736568057762064
1614272,229736568326193424
3187136,229701384491040784
3703232,229736427129209104
3932608,230017833386443024
138944,13635249904816177
532160,4768788138426673
1056448,13635250173247537
28352,4560160102023217
44736,76616104872509488
77504,4557969669750832
143040,13565160333512752
1060544,13565160601944112
52928,76617749844983857
85696,4559885225164849
282304,76898949943787569
544448,4630249673326897
2117312,4559881197649969
167616,85622750076473392
298688,221012213874294832
1085120,85622750344904752
200384,13564885456654384
1117888,13564885725085744
396992,85903950175277104
659136,13635249904816432
1183424,31579279938555952
2232000,13564881429139504
1314496,85903950443708464
1576640,13635250173247792
79552,4557694791843889
145088,13564885455605809
1062592,13564885724037169
87744,4559747786211379
284352,76898812504834099
546496,4630112234373427
2119360,4559743758696499
169664,85622475198566449
300736,221011938996387889
1087168,85622475466997809
3151552,13564744527052849
91840,4524709443010609
157376,13531900106772529
550592,4559885224116529
1074880,13531900375203889
206528,13529709674500144
599744,4557694791844144
1124032,13529709942931504
665280,13564885455606064
1582784,13564885724037424
3155648,13529701888884784
181952,85589489849733169
313024,220978953647554609
575168,76617474967077169
1099456,85589490118164529
673472,13566942744940849
1590976,13566943013372209
3163840,13531759178219569
427712,229983953879044144
689856,85622475198566704
820928,221011938996388144
1345216,229983954147475504
1607360,85622475466998064
3180224,85587291631845424
3671744,13564744527053104
31424,4630253968293907
56000,76687843711254547
154304,13637311489118227
547520,4770849722728723
1071808,13637311757549587
92864,4559893815099409
158400,13567084478861329
1075904,13567084747292689
207552,13564894046588944
1125056,13564894315020304
3156672,13564886260973584
182976,85624674221821969
314048,221014138019643409
1100480,85624674490253329
3164864,13566943550308369
428736,230019138251132944
1346240,230019138519564304
3181248,85622476003934224
62144,76617479262044179
94912,4559756376145939
160448,13566947039907859
1077952,13566947308339219
185024,85624536782868499
316096,221014000580689939
1102528,85624537051299859
217792,13566878321479699
1135296,13566878589911059
414400,85905943040102419
676544,13637242769641747
1200832,31581272803381267
2249408,13566874293964819
1331904,85905943308533779
1594048,13637243038073107
3687104,13566874830831889
154816,13635249871261747
548032,4768788104872243
1072320,13635250139693107
662720,13774887847989553
1580224,13774888116420913
3153088,13634151165001777
109760,76615013918310448
175296,85622204582072368
306368,221011668379893808
1092800,85622204850503728
208064,13564069379313712
1125568,13564069647745072
3157184,13564061593698352
3165376,13564881932451889
429248,230018313583857712
1346752,230018313852289072
3181760,85621651336658992
3214528,13563786716839984
3280064,31578180930310192
3411136,85902851435462704
3673280,13634151165002032
95424,4557694758289459
160960,13564885422051379
1078464,13564885690482739
210112,13563794501406769
1127616,13563794769838129
3159232,13563786715791409
185536,85622475165012019
316608,221011938962833459
1103040,85622475433443379
3167424,13564744493498419
431296,230018038705950769
1348800,230018038974382129
3183808,85621376458752049
730304,13563794501407024
1647808,13563794769838384
3220672,13528610934685744
3679424,13563786715791664
951488,230018038705951024
1868992,230018038974382384
3441856,229982855139229744
3704000,85621376458752304
3221696,13563795306774544
3442880,230018039511318544
24384,76687843711254547
44864,220731292948365328
53056,220732937920839697
151360,85624674221821969
282432,221014138019643409
1068864,85624674490253329
167744,229737938152329232
1085248,229737938420760592
397120,230019138251132944
1314624,230019138519564304
3149632,85622476003934224
30528,76617479262044179
153408,85624536782868499
284480,221014000580689939
1070912,85624537051299859
169792,229737663274422289
1087296,229737663542853649
182080,229704677925589009
575296,220732663042933009
1099584,229704678194020369
689984,229737663274422544
1607488,229737663542853904
3180352,229702479707701264
31552,76687848006221827
154432,85694905527046147
285504,221084369324867587
547648,76828443760656643
1071936,85694905795477507
170816,229808032018599937
564032,220941570252210433
1088320,229808032287031297
60224,220732942215806977
92992,76617487853027329
158528,85624678516789249
289600,221014142314610689
1076032,85624678785220609
109376,220730751783534592
174912,229737942447296512
1092416,229737942715727872
207680,85622488084516864
338752,221011951882338304
1125184,85622488352948224
404288,230019142546100224
1321792,230019142814531584
3156800,85622480298901504
117568,220732667338948609
314176,509244514171355137
576320,220803031787110657
2149184,220732663311433729
412480,230021199835435009
1329984,230021200103866369
3164992,85624537588236289
232256,229737667570438144
1149760,229737667838869504
428864,518249514402844672
691008,229808032018600192
1215296,247752062052339712
2263872,229737663542923264
1346368,518249514671276032
1608512,229808032287031552
3410752,230019001617547264
95040,76617350414073859
160576,85624541077835779
291648,221014004875657219
1078080,85624541346267139
111424,220730476905627649
176960,229737667569389569
1094464,229737667837820929
119616,220732529899995139
316224,509244376732401667
578368,220802894348157187
2151232,220732525872480259
217920,85624472359407619
348992,221013936157229059
1135424,85624472627838979
676672,85694836807569667
1200960,103638866841309187
2249536,85624468331892739
807744,221084300605391107
2380608,221013932129714179
1594176,85694837076001027
3183424,229737526640836609
3412800,230018932898070529
123712,220697491556794369
189248,229704682220556289
582464,220732667337900289
1106752,229704682488987649
238400,229702491788283904
631616,220730476905627904
1155904,229702492056715264
697152,229737667569389824
1614656,229737667837821184
3187520,229702484002668544
705344,229739724858724609
1622848,229739725127155969
3195712,229704541292003329
934720,230021131115958529
1852224,230021131384389889
3425088,229985947549237249
3687232,85624468868759809
3703616,229737526640836864
3932992,230018932898070784
109888,220730201994166288
175424,229737392657928208
1092928,229737392926359568
3181888,229736839412514832
3411264,230018039511318544
185664,229737663240867859
1103168,229737663509299219
3183936,229736564534607889
3704128,229736564534608144
186688,229808031985045507
579904,220941570218656003
1104192,229808032253476867
694592,229947669961773313
1612096,229947670230204673
3184960,229806933278785537
239936,229736851493097472
1157440,229736851761528832
3189056,229736843707482112
469312,230018051591901184
1386816,230018051860332544
3221824,85621389344702464
3418432,230018043806285824
3197248,229737664046235649
3246400,229736568830623744
3311936,247750963044093952
3443008,518248415663030272
3705152,229806933278785792
127296,220730476872073219
192832,229737667535835139
1110336,229737667804266499
241984,229736576615190529
1159488,229736576883621889
3191104,229736568829575169
3199296,229737526607282179
3428672,230018932864516099
762176,229736576615190784
1679680,229736576883622144
3252544,229701393048469504
3711296,229736568829575424
155200,13637448894517267
548416,4770987128127763
1072704,13637449162948627
3165760,13567080955707409
95808,4559893781544979
161344,13567084445306899
1078848,13567084713738259
185920,85624674188267539
316992,221014137986088979
1103424,85624674456698899
3167808,13566943516753939
96832,4630262525722627
162368,13637453189484547
555584,4770991423095043
1079872,13637453457915907
186944,85695042932445187
318016,221084506730266627
580160,76828581166055683
1104448,85695043200876547
678464,13778048943919363
1595968,13778049212350723
3168832,13637312260931587
223808,13567093036290049
1141312,13567093304721409
3172928,13567085250674689
3222080,13564894818402304
444992,230021337240834049
1362496,230021337509265409
3197504,85624674993635329
3443264,230019139022946304
127552,76617487819472899
193088,85624678483234819
324160,221014142281056259
1110592,85624678751666179
225856,13566955597336579
1143360,13566955865767939
3174976,13566947811721219
447040,230021199801880579
1364544,230021200070311939
3199552,85624537554681859
3232320,13566879093293059
3297856,31581273306763267
3428928,85905943811915779
3691072,13637243541455107
678976,13775987342840083
1596480,13775987611271443
3169344,13635250659852307
3677248,13774888636580113
240704,85622213156278288
371776,221011676954099728
1158208,85622213424709648
437312,230018867617861648
1354816,230018867886293008
3189824,85622205370662928
3222592,13564070167904272
3443776,230018314372448272
226368,13564893996257299
1143872,13564894264688659
3175488,13564886210641939
3224640,13563795289997329
447552,230019138200801299
1365056,230019138469232659
3200064,85622475953602579
3445824,230018039494541329
3744832,13563795289997584
3966016,230018039494541584
227392,13635262740434947
620608,4768800974045443
1144896,13635263008866307
686144,13775991637807363
1603648,13775991906238723
3176512,13635254954819587
735296,13774900717162753
1652800,13774900985594113
3225664,13634164034174977
3684416,13774892931547393
448576,230089506944978947
710720,85833581380768003
841792,221223045178589443
1366080,230089507213410307
1628224,85833581649199363
3201088,85692844697780227
3692608,13775850709254403
956480,230229144921706753
1873984,230229145190138113
3446848,230088408238718977
3708992,85832482674508033
3237952,13564894801625089
501824,230018326453030912
1419328,230018326721462272
3254336,85621664205832192
3450944,230018318667415552
3352640,31578193799483392
3483712,85902864304635904
3745856,13634164034175232
3459136,230019139006169089
3508288,230018043790557184
3573824,248032438004027392
3967040,230088408238719232
258112,85622488034185219
389184,221011951832006659
1175616,85622488302616579
454720,230019142495768579
1372224,230019142764199939
3207232,85622480248569859
3240000,13564757362671619
503872,230018051575123969
1421376,230018051843555329
3256384,85621389327925249
3452992,230018043789508609
3461184,230019001567215619
1024064,230018051575124224
1941568,230018051843555584
3514432,229982868008402944
3776576,85621389327925504
3973184,230018043789508864
40832,216227139337322545
270208,216508339436126257
44928,216192509016014896
53120,216194153988489265
282496,216475354087292977
544640,72113875406815537
561024,216227139337322800
790400,216508339436126512
30592,72078695329693747
284544,216475216648339507
546688,72113737967862067
563072,216226864459415857
59264,216176566097412145
92032,72061111734632497
288640,216457766196215857
108416,216174375665139760
337792,216455575763943472
116608,216176291220553777
182144,220679886551912497
313216,504688138052960305
575360,216193879110582577
1099648,220679886820343857
2148224,216176287193038897
1214336,229684887051833392
3180416,220677688334024752
31616,72113879701782547
285568,216510401020428307
576384,216229063482671377
62336,216193883405549587
578432,216228926043717907
807808,216510332300951827
123776,216176299810488337
32128,72111955489325107
81280,72110864568680497
277888,216507519030263857
89472,72111680612466739
155008,76615275943825459
548224,72182045060628787
1072512,76615276212256819
2121088,72111676584951859
105856,216226044054601777
171392,220729639385960497
302464,504737890887008305
564608,216296408502763825
1088896,220729639654391857
2137472,216226040027086897
335232,216507244153405489
400768,221010839484764209
1187200,85621375955374129
793984,216577608601567537
1318272,221010839753195569
2366848,216507240125890609
3153280,76614177237565489
60800,216192508948906033
175488,220695009064652848
306560,504703260565700656
1092992,220695009333084208
2141568,216191409705779248
339328,216472343249158192
601472,72110864568680752
798080,216507519030264112
576896,216227139270213937
806272,216508339369017649
626048,216226044054602032
691584,220729639385960752
1215872,229701654537048112
822656,504737890887008560
1609088,220729639654392112
2657664,216226040027087152
3181952,220694455819239472
855424,216507244153405744
920960,221010839484764464
1445248,229982854635851824
1707392,85621375955374384
3280256,85586192120221744
1838464,221010839753195824
2887040,216507240125890864
3411328,220975655918043184
3673472,76614177237565744
62848,216191959193092147
95616,72076504830312499
292224,216473159291895859
554368,72111680611418419
112000,216190868272447537
570752,216226044053553457
341376,216472068371251249
603520,72110589690773809
800128,216507244152357169
120192,216191684316233779
185728,220695279647592499
316800,504703531148640307
1103232,220695279916023859
2151808,216191680288718899
808320,216508201930064179
628096,216225769176695089
693632,220729364508053809
1217920,229701379659141169
824704,504737616009101617
1611136,220729364776485169
2659712,216225765149180209
3184000,220694180941332529
124288,216174375598030897
353664,216455575696834609
238976,220676875713777712
370048,504685127214825520
632192,216190868272447792
1156480,220676875982209072
2205056,216173276354904112
1222016,229684066645970992
3188096,220676867928162352
468352,220958075812581424
1254784,85568612283191344
861568,216472068371251504
1385856,220958076081012784
2434432,216454476453707824
3220864,76561413565382704
1451392,229965266744774704
3286400,85568604229144624
3417472,220958068026966064
1230208,229684886984724529
3196288,220677688266915889
1279360,229683791769112624
3245440,220676593051303984
1475968,518195638601519152
1738112,229701379659141424
3442048,509188439883710512
3704192,220694180941332784
3540352,229965125547790384
63872,216227143565180947
96640,72111689202401299
293248,216508343663984659
113024,216226052644536337
342400,216507252743340049
121216,216226868688322579
186752,220730464019681299
317824,504738715520729107
579968,216297233136484627
1104256,220730464288112659
2152832,216226864660807699
1218944,229736564031229969
3185024,220729365313421329
633216,216226052644536592
862592,216507252743340304
1739136,229736564031230224
3312000,229701380196077584
3705216,220729365313421584
127360,216191692906168339
586112,216226868687274259
635264,216225777766629649
1286528,229683800359047184
3252608,220676601641238544
3318144,229683792305000464
48768,72112505245138993
81536,54370042380337
302720,216508614246924337
1187456,13564881429073969
3153536,4557682711265329
61056,72079519896305713
93824,21384693547057
552576,56560474652977
110208,72077329464033328
306816,216473983925616688
568960,72112505245139248
601728,54370042380592
315008,216475628898091057
577152,72114150217613617
609920,56285597794609
675456,4559880929153329
1199744,13531896080240689
806528,72395350316417329
1592960,4559881197584689
2641536,56281570279729
3165824,4524697362432049
822912,216508614246924592
1707648,13564881429074224
3280512,13529697593921584
3673728,4557682711265584
63104,72078970140491827
161408,4524700852031539
292480,72360170239295539
1078912,4524701120462899
2127488,21101493157939
603776,54095164473649
120448,72078695263633459
185984,76582290594992179
1103488,76582290863423539
2152064,72078691236118579
611968,56148158841139
677504,4559743490199859
1201792,13531758641287219
808576,72395212877463859
1595008,4559743758631219
2643584,56144131326259
3167872,4524559923478579
824960,216508339369017649
124544,72061386545430577
321152,216458041007013937
222848,4507117256970289
353920,72342586644234289
616064,21109815640369
1140352,4507117525401649
2188928,3517898096689
1205888,13514308189163569
3171968,4507109471354929
370304,216455850574741552
1255040,13512117756891184
3221120,4504919039082544
3286656,13512109702844464
378496,216457766130155569
444032,220961361461514289
1230464,85571897932124209
837248,216475354020184369
1361536,220961361729945649
2410112,216457762102640689
3196544,76564699214315569
3294848,13514166992179249
1476224,229966361961435184
3311232,85569699445805104
3442304,220959163243626544
64128,72114154512580627
162432,4559885224120339
293504,72395354611384339
555648,126654340923667
1079936,4559885492551699
2128512,56285865246739
121472,72113879635722259
187008,76617474967080979
580224,72184244083884307
1104512,76617475235512339
2153088,72113875608207379
1202816,13566943013376019
3168896,4559744295567379
617088,56294187729169
838272,216510538392273169
127616,72078703853568019
324224,216475358315151379
586368,72113879634673939
619136,56156748775699
840320,216510400953319699
1725056,13566874293899539
3297920,13531690458746899
3691136,4559675576090899
385664,216457774720090129
64640,72112505211584563
97408,54370008825907
113792,72111414290939953
310400,216508068752523313
318592,216508614213369907
1203328,13564881395519539
3169408,4557682677710899
3284096,13563782420828209
371840,216472892971417648
633984,72111414290940208
830592,216508068752523568
3804288,13563782420828464
619648,54095130919219
840832,216508339335463219
3351680,13511018748645424
3572864,229965262953189424
32512,72114154512580627
48896,216227693320994833
89856,72113879635722259
155392,76617474967080979
548608,72184244083884307
1072896,76617475235512339
2121472,72113875608207379
61184,216194707972161553
110336,216192517539889168
569088,216227693320995088
577280,216229338293469457
806656,216510538392273169
63232,216194158216347667
96000,72078703853568019
292608,216475358315151379
554752,72113879634673939
120576,216193883339489299
186112,220697478670848019
317184,504705730171895827
1103616,220697478939279379
2152192,216193879311974419
808704,216510400953319699
124672,216176574621286417
354048,216457774720090129
1230592,229687086007980049
3196672,220679887290171409
3311360,229684887521660944
162560,76617479262048259
555776,72184248378851587
1080064,76617479530479619
2128640,72113879903174659
113408,216227152156164097
342784,216508352254967809
350976,216510405249335299
416512,221014000580694019
1202944,85624537051303939
809728,216580769697497347
1334016,221014000849125379
2382592,216510401221820419
3169024,76617338333495299
1219328,229737663542857729
3185408,220730464825049089
125696,216194166807330817
584448,216229342588436737
355072,216475366906134529
617216,72113888225657089
813824,216510542687240449
633600,216227152156164352
862976,216508352254968064
641792,216229067711578369
707328,220732663042937089
1231616,229704678194024449
838400,504740914543984897
1624832,220732663311368449
2673408,216229063684063489
3197696,220697479476215809
1739520,229737663542857984
3312384,229702479707705344
3705600,220730464825049344
193280,220697482965815299
324352,504705734466863107
1110784,220697483234246659
2159360,216193883606941699
357120,216475229467181059
619264,72113750786703619
815872,216510405248286979
635648,216226877278257409
643840,216228930272624899
709376,220732525603983619
1233664,229704540755070979
840448,504740777105031427
1626880,220732525872414979
2675456,216228926245110019
3199744,220697342037262339
873216,216510336529858819
938752,221013931861217539
1463040,229985947012304899
1725184,85624468331827459
3298048,85589284496674819
1856256,221013932129648899
2904832,216510332502343939
3429120,220978748294496259
3691264,76617269614018819
254720,220679899370754049
385792,504688150871801857
647936,216193891929424129
1172224,220679899639185409
2220800,216176300011880449
1237760,229687090302947329
3203840,220679891585138689
1286912,229684899870674944
3252992,220677701152866304
3318528,229684891816628224
3326720,229686949105963009
3556096,229968355363196929
64768,216227693287440403
113920,216226602366795793
634112,216226602366796048
129280,216227152122609667
358656,216508352221413379
1235200,229737663509303299
3201280,220730464791494659
3315968,229736564534611969
3836160,229736564534612224
651520,216226877244702979
3383552,229683800862429184
65024,72114704234840083
97792,56569032081427
318976,216510813236625427
1203712,13567080418775059
3169792,4559881700966419
620032,56294154174739
841216,216510538358718739
129536,72114163070009347
326144,216510817531592707
227840,4559893781549059
358912,72395363168813059
621056,126662898352387
1145344,4559894049980419
2193920,56294422675459
1210880,13567084713742339
3176960,4559885995933699
383488,216510542654734339
449024,221014137986093059
1235456,85624674456702979
842240,216580907102896387
1366528,221014138254524419
2415104,216510538627219459
3201536,76617475738894339
3299840,13566943516758019
389632,216475366872580099
651776,72113888192102659
848384,216510542653686019
3822080,13566874797281539
130048,72112513785790483
326656,216509168247373843
375808,216508077326729233
3300352,13564881915678739
896000,216508077326729488
391168,216508627082543107
1275904,13564894264692739
3241984,4557695546884099
3307520,13564886210646019
3356672,13563795290001409
1497088,230019138469236739
3332096,85622475953606659
3463168,221011939751428099
3577856,230018039494545409
3876864,13563795290001664
4098048,230018039494545664
913408,216508352204636419
3645440,229965275822362624
