63,72060905475610368
159,72058706484860688
16415,72060905474561793
32799,216173963246638848
131103,76562306078684928
262175,216455369503872768
524319,72076298637352704
2097183,72058706719872768
303,216176084961531648
8239,72060974178309888
32815,216176153664231168
131119,76564496496277248
262191,216457559921465088
524335,72078489054945024
2097199,72060897137465088
131151,85587088912758528
524367,76615074030100224
399,216173885970781968
655,72060896918181648
8463,216173963246638848
16655,216176084960483073
65807,216173894528210688
131343,220677485564606208
524559,216191478123273984
2097423,216173886205794048
8719,72060974194038528
33295,216176153679959808
66063,72060905475610368
131599,76564496512005888
262671,216457559937193728
524815,72078489070673664
2097679,72060897153193728
9231,72058912592959248
33807,216174092078880528
10255,72076504779003648
34831,216191684264924928
526351,72111543122206464
20495,72078489053894403
528399,72111474402729729
24591,72060974177261313
139279,76562374781384448
270351,216455438206572288
532495,72076367340052224
2105359,72058775422572288
49167,216176153663182593
81935,72060905458833153
147471,76564496495228673
278543,216457559920416513
540687,72078489053896449
2113551,72060897136416513
98319,216173963230910208
163855,220677554267305728
557071,216191546825973504
2129935,216173954908493568
196623,76562306062956288
327695,216455369488144128
589839,72076298621624064
2162703,72058706704144128
393231,220958960524539648
655375,76579889658019584
1179663,85569496995149568
2228239,76562297740539648
786447,216472953083207424
2359311,216455361165727488
2621455,72076290299207424
3145743,76562298277402368
119,4524503251096320
1079,3380157158160
2103,20972343202560
4151,20903623725825
8247,3397337027328
16439,7709484192513
32823,72060974195086080
262199,72342380452320000
524343,20903623726848
1048631,4506911333487360
215,4522304260346640
343,76579898298274560
2135,4557557318357760
4183,4557488598881025
16471,4524503250047745
524375,4557488598882048
1048663,13529503749968640
2097239,4522304495358720
407,72058706551968528
2199,18773352452880
4247,18704632976145
8343,1198346277648
32919,72058775204336400
65687,1129627849488
262295,72340181461570320
524439,18704632977168
1048727,4504712342737680
1303,72058775204336400
2327,72076367390380800
4375,72076298670904065
8471,72058792384205568
65815,72058723665777408
524567,72076298670905088
1048855,76562306380665600
3095,18910757851920
9239,1335751676688
17431,3380156109585
33815,72058912609735440
132119,4504780760232720
2098199,1181401420560
6167,53957690987265
10263,18927937721088
18455,20972342153985
34839,72076504795779840
133143,4522372946277120
526359,53957690988288
2099223,18773587464960
135191,4522304226800385
528407,53888971511553
2101271,18704867988225
24599,3397335978753
40983,72058929789604608
73751,1232673510144
139287,4504797940101888
2105367,1198581289728
49175,72060974194037505
81943,3328617550593
278551,72342380451271425
540695,20903622678273
1064983,4506911332438785
163863,76562374798160640
294935,216455438223348480
2129943,72058775439348480
196631,4504729221673728
2162711,1129862861568
393239,76843781055394560
655383,4522304226801408
2359319,72340181696582400
2621463,18704867989248
2151,4559747735950080
4199,4559679016473345
8295,4524571953795840
524391,4559679016474368
1048679,13531694167560960
2097255,4524494912951040
423,72060896919229200
679,7700927812368
1191,3371567223600
8359,3380157158160
131239,4506902475125520
2097319,3303116313360
807,72065294965740288
8487,72060974195086080
33063,216176153681007360
131367,76564496513053440
262439,216457559938241280
2097447,72060897154241280
8743,7778203669248
16935,16496987280129
131623,4511300521636608
2097703,7701162824448
3111,21101175444240
33831,72061103027327760
132135,4506971177825040
2098215,3371819012880
6183,56148108579585
34855,72078695213372160
133159,4524563363869440
526375,56148108580608
2099239,20964005057280
12327,20972326425345
20519,25293063525123
135207,4524494644392705
528423,56079389103873
2101287,20895285580545
24615,7778186892033
270375,72342449155019520
532519,20972326426368
1056807,4506980036186880
147495,4511300504859393
2113575,7701146047233
163879,76564565215752960
294951,216457628640940800
2129959,72060965856940800
393255,76845971472986880
655399,4524494644393728
2359335,72342372114174720
2621479,20895285581568
711,4524494693667600
131271,13529494891606800
839,76582088731595520
131399,85587088929534720
2631,4559747751678720
4679,4559679032201985
8775,4524571969524480
66119,4524503251096320
524871,4559679032203008
1049159,13531694183289600
2097735,4524494928679680
3143,4557686150599440
9287,4522510368445200
132167,13529563594306320
18503,4559747734901505
34887,76615280188527360
67655,4557557302629120
1050695,13564748234822400
2099271,4557548980212480
12359,4557557301580545
69703,4557488583152385
1052743,13564679515345665
2101319,4557480260735745
24647,4524571952747265
41031,76580104406373120
532551,4557557301581568
1056839,13529572452668160
2105415,4522373198058240
81991,4524503234319105
540743,4559679015425793
1065031,13531694166512385
2113607,4524494911902465
163911,85587157632234240
589895,4557488583153408
1114183,13529503734240000
2162759,4522304479630080
393287,85868563889468160
1179719,31543893652747008
1572935,13564679515346688
2621511,4557480260736768
903,72060896985289488
1415,72058766614401840
8583,72058775204336400
16775,72060896918180625
33159,216173954690257680
65927,72058706485908240
131463,76562297522303760
262535,216455360947491600
2097543,72058698163491600
2695,20963785773840
4743,20895066297105
17031,7700926763793
33415,72060965637657360
262791,72342371894891280
524935,20895066298128
1049223,4506902776058640
3207,18902167917360
17543,3371566175025
33927,72058904019800880
66695,1181133902640
132231,4504772170298160
2098311,1172811486000
10375,18910757851920
20615,20895032742675
24711,3380156109585
41095,72058912609735440
139399,4504780760232720
2105479,1181401420560
82055,3311437681425
147591,4506902474076945
2113671,3303115264785
196743,4504712041804560
2162823,1112682992400
1179783,13511902973997840
2228359,4504703719387920
3145863,4504704256250640
1799,72060965637657360
2823,72078557823701760
4871,72078489104225025
17159,72065294964691713
525063,72078489104226048
1049351,76564496813986560
9479,72058912609735440
34055,216174092095656720
10503,72076504795779840
35079,216191684281701120
20743,72078489070670595
24839,72060974194037505
139527,76562374798160640
270599,216455438223348480
2105607,72058775439348480
49415,216176153679958785
82183,72060905475609345
147719,76564496512004865
278791,216457559937192705
2113799,72060897153192705
98567,216173963247686400
164103,220677554284081920
2130183,216173954925269760
196871,76562306079732480
327943,216455369504920320
2162951,72058706720920320
393479,220958960541315840
1179911,85569497011925760
2228487,76562297757315840
2359559,216455361182503680
3145991,76562298294178560
3591,21101191172880
34311,72061103043056400
67079,3380157158160
132615,4506971193553680
2098695,3371834741520
6663,56148124308225
35335,72078695229100800
68103,20972343202560
133639,4524563379598080
526855,56148124309248
2099719,20964020785920
12807,20972342153985
20999,25293079253763
70151,20903623725825
135687,4524494660121345
528903,56079404832513
2101767,20895301309185
25095,7778202620673
74247,3397337027328
270855,72342449170748160
532999,20972342155008
1057287,4506980051915520
82439,7709484192513
147975,4511300520588033
2114055,7701161775873
98823,72060974195086080
164359,76564565231481600
295431,216457628656669440
2130439,72060965872669440
328199,72342380452320000
590343,20903623726848
1114631,4506911333487360
393735,76845971488715520
655879,4524494660122368
2359815,72342372129903360
2621959,20895301310208
7175,54086523228945
11271,19185618981648
19463,21101174395665
68615,18910742123280
134151,4522501778518800
527367,54086523229968
2100231,18902419706640
13319,18910741074705
21511,20963735442195
41991,72059187470865168
74759,1335735948048
271367,72340387569668880
533511,18910741075728
1057799,4504918450836240
50183,72061103026279185
82951,3380140380945
148487,4506971176776465
2114567,3371817964305
99335,72058912594006800
164871,76562503630402320
295943,216455567055590160
2130951,72058904271590160
197639,4504780744504080
2163719,1181385691920
1180679,13511971676697360
2229255,4504772422087440
3146759,4504772958950160
38919,72111680561156865
71687,53957675258625
137223,4557548711654145
2103303,53949352841985
43015,72076779656909568
75783,18927921992448
272391,72357979755713280
1058823,4522510636880640
51207,72078695212323585
83975,20972326425345
149511,4524563362820865
542727,56148107532033
2115591,20964004008705
100359,72076504780051200
165895,76580095816446720
296967,216473159241634560
559111,72111680561157888
2131975,72076496457634560
198663,4522372930548480
591879,53957675259648
2164743,18773571736320
657415,4557548711655168
1181703,13529563862741760
2230279,4522364608131840
2623495,53949352843008
3147783,4522365144994560
45063,72076504779002625
143367,4522372929499905
536583,53957674211073
2109447,18773570687745
53255,72078557773370115
282631,72359964030604035
1069063,4524494911771395
200711,4522304211071745
593927,53888955782913
2166791,18704852259585
659463,4557479992178433
1183751,13529495143265025
2232327,4522295888655105
2625543,53880633366273
3149831,4522296425517825
90119,3397320250113
286727,72342449153970945
548871,20972325377793
1073159,4506980035138305
106503,72058929773875968
565255,72076504779003648
1089543,76562512488764160
204807,4504797924373248
2170887,1198565561088
401415,76843849758094080
663559,4522372929500928
2367495,72340250399281920
2629639,18773570688768
114695,72060974178308865
180231,76564565214704385
311303,216457628639892225
2146311,72060965855892225
344071,72342380435542785
606215,20903606949633
1130503,4506911316710145
409607,76845971471938305
671751,4524494643345153
2375687,72342372113126145
2637831,20895284532993
229383,76562374782432000
360455,216455438207619840
2195463,72058775423619840
425991,220959029244015360
1212423,85569565714625280
2260999,76562366460015360
2392071,216455429885203200
3178503,76562366996878080
458759,76843781039665920
720903,4522304211072768
2424839,72340181680853760
2686983,18704852260608
1441799,85850971971859200
2490375,76843772717249280
1703943,13529495143266048
2752519,4522295888656128
3407879,76843773254112000
3670023,4522296425518848
123,76582097288955648
1083,72060974195017488
2107,72078566381061888
4155,72078497661585153
8251,72060991374886656
16443,72065303522051841
131131,76564505102915328
1048635,76564505371346688
2097211,72060905744041728
219,76579898298205968
2139,76615151356217088
4187,76615082636740353
16475,76582097287907073
32859,220695155059984128
131163,85587097519396608
262235,220976561317218048
1048667,85587097787827968
2203,72076367390312208
4251,72076298670835473
8347,72058792384136976
65691,72058723665708816
131227,76562306112165648
1048731,76562306380597008
2097307,72058706753292048
3099,72076504795711248
9243,72058929789536016
17435,72060974193968913
263195,216455438223279888
525339,72076367356759824
6171,72111551728846593
10267,72076521975580416
18459,72078566380013313
264219,216473030409324288
36891,216191555432613633
266267,216472961689847553
24603,72060991373838081
73755,72058826711369472
270363,216455455403149056
532507,72076384536628992
81947,72060922655409921
147483,76564505101866753
1064987,76564505370298113
2113563,72060905742993153
98331,216173980427486976
163867,220677562873943808
294939,504685814374991616
1081371,220677563142375168
2129947,216173963515070208
327707,216455386684720896
589851,72076315818200832
393243,220958969131177728
655387,76579898264657664
1179675,85569505601787648
1310747,220958969399609088
2359323,216455369772304128
1572891,76579898533089024
2621467,72076298905784064
3145755,76562306883979008
363,220697276774876928
2155,76617341773809408
4203,76617273054332673
8299,76582165991655168
32875,220697345477576448
131179,85589287936988928
262251,220978751734810368
1048683,85589288205420288
683,72065294965671696
1195,72060965605082928
8363,72060974195017488
32939,216176153680938768
262315,216457559938172688
524459,72078489071652624
1323,216176153680938768
2347,216193745866983168
4395,216193677147506433
16683,216180483007973121
33067,504406529832650496
131371,220679684588836608
262443,504687936089884416
1048875,220679684857267968
2097451,216176085229963008
8747,72065372241528576
16939,72074091025139457
33323,216180551727449856
262699,216461957984683776
524843,72082887118163712
3115,72078695213303568
263211,216457628640872208
525355,72078557774352144
6187,72113742146438913
264235,216475220826916608
12331,72078566364284673
20523,72082887101384451
36907,216193745850205953
266283,216475152107439873
24619,72065372224751361
139307,76564573805614848
1056811,76564574074046208
2105387,72060974446741248
49195,216180551710672641
278571,216461957967906561
540715,72082887101386497
163883,220679753291536128
294955,504688004792583936
1081387,220679753559967488
2129963,216176153932662528
393259,220961159548770048
655403,76582088682249984
1179691,85571696019379968
1310763,220961159817201408
2359339,216457560189896448
1572907,76582088950681344
2621483,72078489323376384
3145771,76564497301571328
459,220695077784127248
715,76582088731526928
524491,76615074046807824
2379,220730330842138368
4427,220730262122661633
8523,220695155059984128
16715,220697276773828353
65867,220695086341555968
131403,229702277005317888
1048907,229702277273749248
2635,76617341789538048
4683,76617273070061313
8779,76582166007383808
33355,220697345493305088
66123,76582097288955648
131659,85589287952717568
262731,220978751750539008
1049163,85589288221148928
3147,76615280188458768
9291,76580104406304528
33867,220695283892225808
525387,76615142749507344
18507,76617341772760833
67659,76615151340488448
133195,85622342004250368
264267,221011805802071808
526411,76685511493684992
1050699,85622342272681728
12363,76615151339439873
36939,220730330825361153
69707,76615082621011713
135243,85622273284773633
266315,221011737082595073
528459,76685442774208257
1052747,85622273553204993
24651,76582165990606593
139339,85587166222096128
270411,220976630019917568
1056843,85587166490527488
49227,220697345476527873
81995,76582097272178433
147531,85589287935940353
278603,220978751733761793
1065035,85589288204371713
98379,220695155044255488
163915,229702345708017408
1081419,229702345976448768
196683,85587097503667968
327755,220976561301489408
1114187,85587097772099328
393291,229983751965251328
1310795,229983752233682688
2621515,76615074298531584
3145803,85587089718052608
2443,216191546876233488
4491,216191478156756753
33163,504404330841900816
131467,220677485598086928
262539,504685737099134736
1048971,220677485866518288
2097547,216173886239213328
2699,72078557823633168
4747,72078489104156433
17035,72065294964623121
131723,76564496545486608
1049227,76564496813917968
2097803,72060897186613008
3211,72076496205776688
17547,72060965604034353
66699,72058775171761968
263307,216455429633345328
525451,72076358766825264
10379,72076504795711248
34955,216191684281632528
526475,72111543138914064
20619,72078489070602003
528523,72111474419437329
24715,72060974193968913
270475,216455438223279888
532619,72076367356759824
49291,216176153679890193
82059,72060905475540753
278667,216457559937124113
540811,72078489070604049
98443,216173963247617808
557195,216191546842681104
327819,216455369504851728
589963,72076298638331664
786571,216472953099915024
3339,216191684281632528
17675,216176153679890193
34059,504404468247299856
66827,216173963247617808
525579,216191546842681104
6411,216226731214767873
18699,216193745865934593
35083,504422060433344256
67851,216191555433662208
12555,216191555432613633
69899,216191486714185473
73995,216173980427486976
139531,220677562873943808
270603,504685814374991616
1057035,220677563142375168
2105611,216173963515070208
49419,504406529831601921
147723,220679684587788033
278795,504687936088835841
1065227,220679684856219393
2113803,216176085228914433
98571,504404339399329536
295179,1081146558088480512
557323,504421922994392832
196875,220677494155515648
327947,504685745656563456
1114379,220677494423947008
2162955,216173894796642048
655627,220695077750578944
1179915,229684685087708928
786699,504703329251626752
1573131,220695078019010304
2621707,216191478391705344
3145995,220677486369900288
3595,72078695229032208
67083,72060974195017488
263691,216457628656600848
525835,72078557790080784
6667,72113742162167553
68107,72078566381061888
264715,216475220842645248
12811,72078566380013313
21003,72082887117113091
37387,216193745865934593
70155,72078497661585153
266763,216475152123168513
25099,72065372240480001
74251,72060991374886656
139787,76564573821343488
1057291,76564574089774848
2105867,72060974462469888
49675,216180551726401281
82443,72065303522051841
279051,216461957983635201
541195,72082887117115137
164363,220679753307264768
295435,504688004808312576
1081867,220679753575696128
2130443,216176153948391168
197131,76564505102915328
1114635,76564505371346688
2163211,72060905744041728
393739,220961159564498688
655883,76582088697978624
1180171,85571696035108608
1311243,220961159832930048
2359819,216457560205625088
1573387,76582088966409984
2621963,72078489339105024
3146251,76564497317299968
7179,72111680561088273
11275,72076779656840976
19467,72078695212254993
35851,216191959142762256
68619,72076504779982608
265227,216473159241565968
13323,72076504778934033
21515,72078557773301523
37899,216191684264855313
529419,72111543122136849
74763,72058929773807376
140299,76562512220264208
1057803,76562512488695568
2106379,72058912861390608
82955,72060974178240273
279563,216457628639823633
541707,72078557773303569
164875,220677691706185488
295947,504685943207233296
1082379,220677691974616848
2130955,216174092347311888
328715,216455438207551248
590859,72076367341031184
787467,216473021802614544
71691,72111551713117953
268299,216508206174701313
530443,72181911866314497
75787,72076521959851776
141323,76580104406308608
1058827,76580104674739968
2107403,72076505047435008
83979,72078566364284673
280587,216475220825868033
165899,220695283892229888
296971,504703535393277696
1083403,220695284160661248
2131979,216191684533356288
329739,216473030393595648
657419,76615142749511424
1574923,76615143017942784
2623499,72111543390637824
274443,216473030392547073
151563,76582088681199363
1069067,76582088949630723
2117643,72078489322325763
102411,216191555416884993
331787,216472961674118913
659467,76615074030034689
1576971,76615074298466049
2625547,72111474671161089
90123,72060991358109441
155659,76564573804566273
1073163,76564574072997633
2121739,72060974445692673
335883,216455455387420416
598027,72076384520900352
401419,220959037833877248
663563,76579966967357184
1187851,85569574304487168
1318923,220959038102308608
2367499,216455438475003648
1581067,76579967235788544
2629643,72076367608483584
3153931,76562375586678528
180235,220679753290487553
311307,504688004791535361
1097739,220679753558918913
2146315,216176153931613953
213003,76564505086138113
1130507,76564505354569473
2179083,72060905727264513
409611,220961159547721473
671755,76582088681201409
1196043,85571696018331393
1327115,220961159816152833
2375691,216457560188847873
1589259,76582088949632769
2637835,72078489322327809
3162123,76564497300522753
229387,220677562858215168
360459,504685814359262976
1146891,220677563126646528
2195467,216173963499341568
688139,220695146453278464
1212427,229684753790408448
819211,504703397954326272
1605643,220695146721709824
2654219,216191547094404864
3178507,220677555072599808
458763,220958969115449088
720907,76579898248929024
1245195,85569505586059008
1376267,220958969383880448
2424843,216455369756575488
1638411,76579898517360384
2686987,72076298890055424
3211275,76562306868250368
917515,220976552710512384
1441803,229966160047642368
1703947,85587089181122304
3276811,85569497532012288
1835019,220976552978943744
2883595,216472953351638784
3407883,220958961329833728
3670027,76579890463313664
1139,4524571970503440
8307,4524589150372608
16499,4528901297537793
32883,76582166008431360
262259,76863572265665280
2097267,4524503519527680
5171,20972343132945
17459,7778203599633
132147,4506979784463120
263219,72342449171727120
525363,20972343133968
1049651,4506980052894480
2098227,3380425589520
18483,25370389644033
133171,4524571970507520
264243,72360041357771520
1050675,4524572238938880
2099251,20972611633920
12339,20989523002113
36915,72078566381060865
135219,4524503251030785
266291,72359972638294785
1052723,4524503519462145
2101299,20903892157185
24627,7795383468801
139315,4506996964332288
270387,72342466351596288
532531,20989523003136
1056819,4506997232763648
2105395,3397605458688
49203,72065372241527553
147507,4511309111497473
278579,72346778498761473
540723,25301670168321
1065011,4511309379928833
2113587,7709752623873
163891,76564573822391040
557107,72078566381061888
1081395,76564574090822400
2129971,72060974463517440
393267,76845980079624960
655411,4524503251031808
2228275,4506911333487360
786483,72359972638295808
1310771,76845980348056320
2359347,72342380720751360
1572915,4524503519463168
2621491,20903892158208
467,76579898365313808
8403,4522390159622928
32979,76579967017681680
65747,4522321441194768
262355,76861373274915600
2097363,4522304528778000
1363,76579967017681680
8531,76579984197550848
65875,76579915479122688
2097491,76579898566705920
5203,4557557318288145
9299,4522527565021968
17491,4524571969454865
33875,76580104423080720
132179,13529572200944400
525395,4557557318289168
1049683,13529572469375760
6227,4627926062465793
67667,4557574499205888
264275,76896626332926720
526419,4627926062466816
2099283,4557557586789120
12371,4557574498157313
36947,76615151356216065
69715,4557505779729153
266323,76896557613449985
528467,4627857342990081
2101331,4557488867312385
24659,4524589149324033
41043,76580121602949888
73811,4522424486855424
139347,13529589380813568
532563,4557574498158336
1056851,13529589649244928
49235,76582166007382785
82003,4524520430895873
278611,76863572264616705
2113619,4524503518479105
163923,85587166238872320
294995,220976630036693760
557139,76615151356217088
1081427,85587166507303680
196691,13529520662385408
589907,4557505779730176
1114195,13529520930816768
393299,85868572496106240
1179731,31543902259385088
2228307,13529503749968640
786515,76896557613451008
1310803,85868572764537600
2621523,4557488867313408
2451,72076367457420048
4499,72076298737943313
8595,72058792451244816
65939,72058723732816656
131475,76562306179273488
524691,72076298737944336
1048979,76562306447704848
2097555,72058706820399888
67731,18790533301008
133267,4522372979757840
264339,72357842367021840
1050771,4522373248189200
2099347,18773620884240
12435,18790532252433
37011,72076367390311185
69779,18721813824273
135315,4522304260281105
266387,72357773647545105
1052819,4522304528712465
2101395,18704901407505
139411,4504797973582608
270483,72340267360846608
532627,18790532253456
1056915,4504798242013968
2105491,1198614709008
98451,72058792385184528
163987,76562374831641360
557203,72076367390312208
1081491,76562375100072720
2130067,72058775472767760
196755,4504729255154448
327827,72340198642418448
589971,18721813825296
1114259,4504729523585808
2162835,1129896280848
393363,76843781088875280
655507,4522304260282128
2228371,4504712342737680
786579,72357773647546128
1310867,76843781357306640
2359443,72340181730001680
1573011,4522304528713488
2621587,18704901408528
5395,72076367390311185
66835,72058792385184528
132371,76562374831641360
525587,72076367390312208
1049875,76562375100072720
2098451,72058775472767760
67859,72076384571228928
133395,76579967017685760
1050899,76579967286117120
2099475,72076367658812160
12563,72076384570180353
69907,72076315851752193
135443,76579898298209025
1052947,76579898566640385
2101523,72076298939335425
139539,76562392011510528
532755,72076384570181376
1057043,76562392279941888
2105619,72058792652636928
196883,76562323293082368
590099,72076315851753216
1114387,76562323561513728
2162963,72058723934208768
655635,76579898298210048
2228499,76562306380665600
1573139,76579898566641408
2621715,72076298939336448
11283,19202815558416
35859,72076779673617168
68627,18927938700048
134163,4522510385156880
265235,72357979772420880
1051667,4522510653588240
2100243,18911026283280
13331,18927937651473
37907,72076504795710225
529427,53957690918673
42003,72059204667441936
140307,4504935378981648
271379,72340404766245648
533523,18927937652496
1057811,4504935647413008
2106387,1336020108048
82963,3397336957713
148499,4506979783414545
279571,72342449170678545
541715,20972342085393
1066003,4506980051845905
2114579,3380424540945
99347,72058929790583568
164883,76562512237040400
558099,72076504795711248
1082387,76562512505471760
2130963,72058912878166800
1180691,13511980283335440
3146771,4504781565526800
71699,53974871835393
137235,4557557318292225
268307,72393026705556225
530451,124326435096321
1054739,4557557586723585
2103315,53957959418625
43027,72076796853486336
141331,4522527565026048
272403,72357996952290048
1058835,4522527833457408
2107411,18928206152448
83987,20989523002113
149523,4524571969458945
280595,72360041356722945
1067027,4524572237890305
2115603,20972610585345
100371,72076521976627968
165907,76580104423084800
1083411,76580104691516160
2131987,72076505064211200
591891,53974871836416
657427,4557557318293248
1181715,13529572469379840
788499,72393026705557248
1574931,4557557586724608
2623507,53957959419648
3147795,4522373751571200
45075,72076521975579393
77843,18824859484929
536595,53974870787841
299027,216473030409323265
561171,72111551728846593
593939,53906152359681
659475,4557488598816513
1183763,13529503749903105
790547,72392957986080513
1576979,4557488867247873
2625555,53889239942913
3149843,4522305032094465
155667,4506996963283713
286739,72342466350547713
548883,20989521954561
1073171,4506997231715073
2121747,3397604410113
172051,76562529416909568
565267,72076521975580416
1089555,76562529685340928
2138131,72058930058035968
204819,4504832300815104
335891,72340301688079104
598035,18824859485952
1122323,4504832569246464
2170899,1232941941504
1187859,13511997463204608
3153939,4504798745395968
114707,72060991374885633
180243,76564573821342465
573459,72078566380013313
1097747,76564574089773825
2146323,72060974462468865
213011,4506928244855553
344083,72342397632119553
606227,20920803526401
1130515,4506928513286913
2179091,3328885981953
409619,76845980078576385
671763,4524503249983233
2244627,4506911332438785
802835,72359972637247233
1327123,76845980347007745
2375699,72342380719702785
1589267,4524503518414593
2637843,20903891109633
360467,216455455404196608
426003,220959037850653440
1212435,85569574321263360
819219,216473030409324288
1343507,220959038119084800
2392083,216455438491779840
3178515,76562375603454720
1245203,13511928744776448
3211283,4504730026967808
1441811,85850980578497280
1703955,13529503749904128
3407891,76843781860688640
3670035,4522305032095488
483,76582088732574480
739,4528892741157648
1251,4524563380568880
2275,4559747752657680
4323,4559679033180945
8419,4524571970503440
131299,13531693915837200
524515,4559679033181968
1048803,13531694184268560
867,76586486779085568
2403,76617341790585600
4451,76617273071108865
8547,76582166008431360
33123,220697345494352640
131427,85589287953765120
262499,220978751751586560
524643,76617273071109888
1048931,85589288222196480
2659,4564145799168768
4707,4564077079692033
8803,4528970017014528
16995,4537688800625409
131683,13536091962348288
524899,4564077079693056
1049187,13536092230779648
5219,4559747735880465
33891,76582294840673040
132195,13531762618536720
525411,4559747735881488
1049699,13531762886968080
6243,4630116480058113
18531,4564145782391553
264291,76898816750519040
526435,4630116480059136
2099299,4559748004381440
36963,76617341773808385
266339,76898748031042305
528483,4630047760582401
2101347,4559679284904705
24675,4528970000237313
270435,76863640968364800
2105443,4524572222227200
147555,13536091945571073
540771,4564077062915841
1065059,13536092214002433
163939,85589356656464640
295011,220978820454286080
557155,76617341773809408
1081443,85589356924896000
393315,85870762913698560
1179747,31546092676977408
2228323,13531694167560960
786531,76898748031043328
1310819,85870763182129920
2621539,4559679284905728
931,72065295032779536
2467,72078557824680720
4515,72078489105203985
16803,72065294965670673
131491,76564496546534160
524707,72078489105205008
1048995,76564496814965520
2097571,72060897187660560
2723,25361833263888
4771,25293113787153
33443,72065363685147408
131747,4511300555117328
262819,72346769942381328
524963,25293113788176
1049251,4511300823548688
2097827,7701196243728
5283,20963753198385
17571,7769613665073
132259,4506971194528560
263331,72342440581792560
525475,20963753199408
1049763,4506971462959920
2098339,3371835654960
6307,56148125287185
34979,72078695230079760
526499,56148125288208
12451,20972343132945
20643,25293080232723
528547,56079405811473
24739,7778203599633
139427,4506979784463120
270499,72342449171727120
532643,20972343133968
1056931,4506980052894480
2105507,3380425589520
295075,216457628657648400
1179811,13514101998228240
3145891,4506903280419600
1827,72065363685147408
2851,72082955871191808
4899,72082887151715073
131875,76568894593045248
525091,72082887151716096
1049379,76568894861476608
2097955,72065295234171648
3363,72078695230079760
263459,216457628657648400
6435,72113742163215105
264483,216475220843692800
526627,72113742163216128
12579,72078566381060865
20771,72082887118160643
37155,216193745866982145
266531,216475152124216065
528675,72113673443739393
24867,72065372241527553
139555,76564573822391040
532771,72078566381061888
1057059,76564574090822400
2105635,72060974463517440
49443,216180551727448833
278819,216461957984682753
164131,220679753308312320
295203,504688004809360128
557347,216193745866983168
1081635,220679753576743680
2130211,216176153949438720
393507,220961159565546240
1179939,85571696036156160
786723,216475152124217088
1311011,220961159833977600
2359587,216457560206672640
3146019,76564497318347520
3619,25499238662928
17955,16565706687249
34339,72065501090546448
6691,60546171798273
18979,34157892731649
35363,72083093276590848
526883,60546171799296
12835,25370389644033
528931,60477452322561
139811,4511377830974208
270883,72346847218238208
533027,25370389645056
1057315,4511378099405568
2105891,7778472100608
49699,72074159744615169
148003,4520096614585089
279075,72355566001849089
541219,34089173255937
1065507,4520096883016449
2114083,16497255711489
295459,216462026704159488
1180195,13518500044739328
3146275,4511301326930688
19491,25499221885713
35875,72078970091209488
134179,4524700802749200
265251,72360170190013200
1051683,4524701071180560
2100259,21101443875600
21539,25361782932243
37923,72078695213302545
529443,56148108510993
50211,72065501073769233
164899,76564702654632720
558115,72078695213303568
1082403,76564702923064080
2130979,72061103295759120
1180707,13514170700927760
3146787,4506971983119120
137251,4559747735884545
268323,72395217123148545
530467,126516852688641
1054755,4559748004315905
2103331,56148377010945
51235,72083093259813633
542755,60546155022081
165923,76582294840677120
1083427,76582295109108480
2132003,72078695481803520
657443,4559747735885568
1181731,13531762886972160
788515,72395217123149568
1574947,4559748004316928
2623523,56148377011968
3147811,4524564169163520
143395,4524571953730305
274467,72360041340994305
1060899,4524572222161665
2109475,20972594856705
53283,72082955820860163
151587,4528892690830083
282659,72364362078094083
1069091,4528892959261443
2117667,25293331956483
299043,216475220826915585
561187,72113742146438913
659491,4559679016408833
1183779,13531694167495425
790563,72395148403672833
1576995,4559679284840193
2625571,56079657535233
3149859,4524495449686785
155683,4511377814196993
286755,72346847201460993
548899,25370372867841
1073187,4511378082628353
2121763,7778455323393
401443,76846048782324480
663587,4524571953731328
2236451,4506980036186880
794659,72360041340995328
1318947,76846049050755840
2367523,72342449423450880
1581091,4524572222162688
2629667,20972594857728
311331,216462026687382273
1196067,13518500027962113
3162147,4511301310153473
426019,220961228268245760
1212451,85571764738855680
819235,216475220826916608
1343523,220961228536677120
2392099,216457628909372160
3178531,76564566021047040
1441827,85853170996089600
1703971,13531694167496448
3407907,76845972278280960
3670051,4524495449687808
963,76582088798634768
1475,76579958427747120
2499,76615142799835920
4547,76615074080359185
8643,76579967017681680
16835,76582088731525905
33219,220695146503602960
65987,76579898299253520
131523,85587088963015440
262595,220976552760836880
524739,76615074080360208
1049027,85587089231446800
17091,4528892740109073
33475,76582157451002640
262851,76863563708236560
2097859,4524494962098960
5315,4557548728353585
17603,4524563379520305
33987,76580095833146160
66755,4522372947247920
132291,13529563611009840
525507,4557548728354608
1049795,13529563879441200
18627,4559747751609105
35011,76615280205234960
67779,4557557319336720
133315,13564747983098640
1050819,13564748251530000
12483,4557557318288145
69827,4557488599859985
135363,13564679263621905
1052867,13564679532053265
24771,4524571969454865
41155,76580104423080720
139459,13529572200944400
532675,4557557318289168
1056963,13529572469375760
82115,4524503251026705
147651,13531693914788625
540867,4559679032133393
1065155,13531694183219985
196803,13529503482516240
590019,4557488599861008
1114307,13529503750947600
655555,13564679263622928
1573059,13564679532054288
3145923,13529495696900880
1859,76582157451002640
17219,76586486778036993
2097987,76582089000026880
3395,76615280205234960
9539,76580104423080720
34115,220695283909002000
18755,76617341789537025
67907,76615151357264640
133443,85622342021026560
264515,221011805818848000
1050947,85622342289457920
12611,76615151356216065
37187,220730330842137345
69955,76615082637787905
135491,85622273301549825
266563,221011737099371265
1052995,85622273569981185
24899,76582166007382785
139587,85587166238872320
270659,220976630036693760
532803,76615151356217088
1057091,85587166507303680
49475,220697345493304065
82243,76582097288954625
147779,85589287952716545
278851,220978751750537985
540995,76617273070061313
1065283,85589288221147905
98627,220695155061031680
164163,229702345724793600
557379,220730330842138368
1081667,229702345993224960
196931,85587097520444160
328003,220976561318265600
590147,76615082637788928
1114435,85587097788875520
393539,229983751982027520
655683,85622273301550848
786755,221011737099372288
1311043,229983752250458880
1573187,85622273569982208
3146051,85587089734828800
5699,4559747751609105
34371,76582294856401680
67139,4524571970503440
132675,13531762634265360
525891,4559747751610128
1050179,13531762902696720
6723,4630116495786753
19011,4564145798120193
264771,76898816766247680
526915,4630116495787776
2099779,4559748020110080
37443,76617341789537025
266819,76898748046770945
528963,4630047776311041
2101827,4559679300633345
25155,4528970015965953
74307,4524589150372608
270915,76863640984093440
2105923,4524572237955840
82499,4528901297537793
148035,13536091961299713
541251,4564077078644481
1065539,13536092229731073
98883,76582166008431360
164419,85589356672193280
295491,220978820470014720
557635,76617341789538048
1081923,85589356940624640
328259,76863572265665280
2163267,4524503519527680
393795,85870762929427200
1180227,31546092692706048
2228803,13531694183289600
787011,76898748046771968
1311299,85870763197858560
2622019,4559679300634368
7235,4628054894707473
35907,76615555066364688
265283,76896755165168400
527427,4628054894708496
2100291,4557686419030800
37955,76615280188457745
70723,4557557302559505
136259,13564747966321425
1053763,13564748234752785
42051,76580379284210448
74819,4522527549293328
271427,76861579383014160
2106435,4522510636876560
50243,76582294839624465
83011,4524571953726225
148547,13531762617488145
541763,4559747734832913
1066051,13531762885919505
99395,76580104407352080
164931,85587295071114000
296003,220976758868935440
558147,76615280188458768
1082435,85587295339545360
197699,13529572185215760
590915,4557557302560528
1115203,13529572453647120
656451,13564747966322448
1573955,13564748234753808
3146819,13529564399600400
38979,76685648932635393
71747,4627926046737153
137283,13635116710499073
530499,4768654944110337
1054787,13635116978930433
280643,76898816749470465
542787,4630116479010561
2115651,4559748003332865
559171,76685648932636416
2132035,76615280456958720
329795,76896626317198080
591939,4627926046738176
2164803,4557557571060480
395331,85903816980960000
657475,13635116710500096
1181763,31579146744238848
2230339,13564748234822400
1312835,85903817249391360
1574979,13635116978931456
77891,4557574482428673
274499,76896626316149505
536643,4627926045689601
2109507,4557557570011905
102467,76615151340487425
168003,85622342004249345
299075,221011805802070785
1085507,85622342272680705
331843,76896557597721345
593987,4627857327261441
2166851,4557488851583745
397379,85903748261483265
659523,13635047991023361
1183811,31579078024762113
2232387,13564679515345665
1314883,85903748529914625
1577027,13635048259454721
90179,4524589133595393
286787,76863640967316225
2121795,4524572221178625
106563,76580121587221248
2138179,76580104674804480
204867,13529589365084928
598083,4557574482429696
1122371,13529589633516288
401475,85868641198805760
1187907,31543970962084608
2236483,13529572452668160
794691,76896626316150528
1318979,85868641467237120
2629699,4557557570012928
114755,76582165991654145
180291,85589356655416065
311363,220978820453237505
573507,76617341772760833
1097795,85589356923847425
344131,76863572248888065
2179139,4524503502750465
409667,85870762912649985
1196099,31546092675928833
2244675,13531694166512385
802883,76898748029994753
1327171,85870763181081345
2637891,4559679283857153
229443,85587166223143680
360515,220976630020965120
622659,76615151340488448
1146947,85587166491575040
426051,229983820684727040
688195,85622342004250368
819267,221011805802071808
1343555,229983820953158400
1605699,85622342272681728
3178563,85587158437528320
458819,85868572480377600
1245251,31543902243656448
2293827,13529503734240000
852035,76896557597722368
1376323,85868572748808960
2687043,4557488851584768
917571,85903748261484288
1704003,31579078024763136
2752579,13564679515346688
3276867,31543894189609728
1835075,85903748529915648
3407939,85868564694762240
2947,72078557890741008
4995,72078489171264273
17283,72065295031730961
131971,76564496612594448
525187,72078489171265296
1049475,76564496881025808
2098051,72060897253720848
5507,72076358800376625
132483,76562366241706800
525699,72076358800377648
1049987,76562366510138160
2098563,72058766882833200
6531,72111543172465425
18819,72078557823632145
67971,72076367391359760
264579,216473021852943120
526723,72111543172466448
12675,72076367390311185
37251,216191546876232465
70019,72076298671883025
266627,216472953133466385
528771,72111474452989713
74115,72058792385184528
139651,76562374831641360
532867,72076367390312208
1057155,76562375100072720
2105731,72058775472767760
147843,76564496545485585
541059,72078489104156433
1065347,76564496813916945
2113923,72060897186611985
164227,220677554317562640
295299,504685805818610448
557443,216191546876233488
1081731,220677554585994000
2130307,216173954958689040
196995,76562306113213200
590211,72076298671884048
1114499,76562306381644560
2163075,72058706754339600
393603,220958960574796560
1180035,85569497045406480
786819,216472953133467408
1311107,220958960843227920
2359683,216455361215922960
3146115,76562298327597840
19075,25361832215313
133763,4524563413078800
264835,72360032800342800
1051267,4524563681510160
2099843,20964054205200
37507,72078557823632145
135811,4524494693602065
266883,72359964080866065
1053315,4524494962033425
2101891,20895334728465
49795,72065363684098833
148099,4511300554068753
279171,72346769941332753
541315,25293112739601
1065603,4511300822500113
2114179,7701195195153
164483,76564565264962320
557699,72078557823633168
1081987,76564565533393680
2130563,72060965906088720
393859,76845971522196240
656003,4524494693603088
2228867,4506902776058640
787075,72359964080867088
1311363,76845971790627600
2359939,72342372163322640
1573507,4524494962034448
2622083,20895334729488
35971,72076771083682608
134275,4522501795222320
265347,72357971182486320
1051779,4522502063653680
2100355,18902436348720
38019,72076496205775665
70787,18773319877425
529539,53949100984113
148611,4506971193479985
279683,72342440580743985
541827,20963752150833
1066115,4506971461911345
2114691,3371834606385
164995,76562503647105840
558211,72076496205776688
1082499,76562503915537200
2131075,72058904288232240
197763,4504780761207600
328835,72340250148471600
590979,18773319878448
1115267,4504781029638960
2163843,1181402334000
1180803,13511971693400880
3146883,4504772975592240
39043,72111680577864465
71811,53957691966225
43139,72076779673617168
75907,18927938700048
141443,4522510385156880
272515,72357979772420880
1058947,4522510653588240
2107523,18911026283280
51331,72078695229031185
84099,20972343132945
542851,56148124239633
100483,72076504796758800
297091,216473159258342160
559235,72111680577865488
592003,53957691967248
45187,72076504795710225
536707,53957690918673
53379,72078557790077715
151683,4524494660047635
282755,72359964047311635
1069187,4524494928478995
2117763,20895301174035
594051,53888972490513
90243,3397336957713
155779,4506979783414545
286851,72342449170678545
548995,20972342085393
1073283,4506980051845905
2121859,3380424540945
106627,72058929790583568
172163,76562512237040400
565379,72076504795711248
1089667,76562512505471760
2138243,72058912878166800
1187971,13511980283335440
3154051,4504781565526800
114819,72060974195016465
311427,216457628656599825
213123,4506911064986385
344195,72342380452250385
606339,20903623657233
1130627,4506911333417745
2179203,3311706112785
1196163,13514101997179665
3162243,4506903279371025
360579,216455438224327440
1245315,13511911564907280
3211395,4504712847098640
3276931,13511903510860560
5891,72078557823632145
18179,72065363684098833
132867,76564565264962320
526083,72078557823633168
1050371,76564565533393680
2098947,72060965906088720
19203,72082955870143233
133891,76582157451006720
1051395,76582157719438080
2099971,72078558092133120
135939,76582088731529985
1053443,76582088999961345
2102019,72078489372656385
148227,76568894591996673
541443,72082887150667521
1065731,76568894860428033
2114307,72065295233123073
656131,76582088731531008
2228995,76564496813986560
1573635,76582088999962368
2622211,72078489372657408
7427,72111680577864465
11523,72076779673617168
19715,72078695229031185
36099,216191959159538448
68867,72076504796758800
265475,216473159258342160
527619,72111680577865488
13571,72076504795710225
21763,72078557790077715
38147,216191684281631505
75011,72058929790583568
140547,76562512237040400
533763,72076504795711248
1058051,76562512505471760
2106627,72058912878166800
83203,72060974195016465
279811,216457628656599825
165123,220677691722961680
296195,504685943224009488
558339,216191684281632528
1082627,220677691991393040
2131203,216174092364088080
328963,216455438224327440
71939,72111551729894145
268547,216508206191477505
76035,72076521976627968
141571,76580104423084800
1059075,76580104691516160
2107651,72076505064211200
84227,72078566381060865
280835,216475220842644225
542979,72113742162167553
166147,220695283909006080
297219,504703535410053888
1083651,220695284177437440
2132227,216191684550132480
329987,216473030410371840
592131,72111551729895168
788739,216508206191478528
274691,216473030409323265
536835,72111551728846593
151811,76582088697975555
1069315,76582088966406915
2117891,72078489339101955
102659,216191555433661185
561411,216226731214767873
332035,216472961690895105
594179,72111483010418433
790787,216508137472001793
90371,72060991374885633
155907,76564573821342465
549123,72078566380013313
1073411,76564574089773825
2121987,72060974462468865
336131,216455455404196608
401667,220959037850653440
1188099,85569574321263360
794883,216473030409324288
1319171,220959038119084800
2367747,216455438491779840
3154179,76562375603454720
180483,220679753307263745
311555,504688004808311553
573699,216193745865934593
1097987,220679753575695105
2146563,216176153948390145
213251,76564505102914305
606467,72078497661585153
1130755,76564505371345665
2179331,72060905744040705
409859,220961159564497665
1196291,85571696035107585
803075,216475152123168513
1327363,220961159832929025
2375939,216457560205624065
3162371,76564497317298945
229635,220677562874991360
360707,504685814376039168
622851,216191555433662208
1147139,220677563143422720
2195715,216173963516117760
1212675,229684753807184640
3178755,220677555089376000
459011,220958969132225280
1245443,85569505602835200
852227,216472961690896128
1376515,220958969400656640
2425091,216455369773351680
3211523,76562306885026560
1442051,229966160064418560
3277059,85569497548788480
3408131,220958961346609920
19971,25499237614353
36355,72078970106938128
134659,4524700818477840
265731,72360170205741840
1052163,4524701086909200
2100739,21101459604240
22019,25361798660883
38403,72078695229031185
71171,20972343132945
529923,56148124239633
50691,72065501089497873
83459,7778203599633
165379,76564702670361360
558595,72078695229032208
1082883,76564702938792720
2131459,72061103311487760
198147,4506979784463120
329219,72342449171727120
591363,20972343133968
1115651,4506980052894480
2164227,3380425589520
1181187,13514170716656400
3147267,4506971998847760
137731,4559747751613185
268803,72395217138877185
530947,126516868417281
1055235,4559748020044545
2103811,56148392739585
51715,72083093275542273
84483,25370389644033
543235,60546170750721
166403,76582294856405760
1083907,76582295124837120
2132483,72078695497532160
199171,4524571970507520
330243,72360041357771520
1116675,4524572238938880
2165251,20972611633920
657923,4559747751614208
1182211,13531762902700800
788995,72395217138878208
1575427,4559748020045568
2624003,56148392740608
3148291,4524564184892160
78339,20989523002113
143875,4524571969458945
274947,72360041356722945
1061379,4524572237890305
2109955,20972610585345
53763,72082955836588803
152067,4528892706558723
283139,72364362093822723
1069571,4528892974990083
2118147,25293347685123
102915,72078566381060865
299523,216475220842644225
561667,72113742162167553
201219,4524503251030785
332291,72359972638294785
1118723,4524503519462145
2167299,20903892157185
659971,4559679032137473
1184259,13531694183224065
791043,72395148419401473
1577475,4559679300568833
2626051,56079673263873
3150339,4524495465415425
90627,7795383468801
156163,4511377829925633
287235,72346847217189633
549379,25370388596481
1073667,4511378098356993
2122243,7778471052033
205315,4506996964332288
336387,72342466351596288
598531,20989523003136
1122819,4506997232763648
2171395,3397605458688
401923,76846048798053120
664067,4524571969459968
2236931,4506980051915520
795139,72360041356723968
1319427,76846049066484480
2368003,72342449439179520
1581571,4524572237891328
2630147,20972610586368
115203,72065372241527553
311811,216462026703110913
213507,4511309111497473
344579,72346778498761473
606723,25301670168321
1131011,4511309379928833
2179587,7709752623873
1196547,13518500043690753
3162627,4511301325882113
229891,76564573822391040
623107,72078566381061888
1147395,76564574090822400
2195971,72060974463517440
426499,220961228283974400
1212931,85571764754584320
819715,216475220842645248
1344003,220961228552405760
2392579,216457628925100800
3179011,76564566036775680
459267,76845980079624960
721411,4524503251031808
2294275,4506911333487360
852483,72359972638295808
1376771,76845980348056320
2425347,72342380720751360
1638915,4524503519463168
2687491,20903892158208
1442307,85853171011818240
1704451,13531694183225088
3408387,76845972294009600
3670531,4524495465416448
39939,72111955438994193
138243,4557686150533905
269315,72393155537797905
531459,124455267338001
1055747,4557686418965265
2104323,54086791660305
76803,19202799829776
142339,4522785246286608
273411,72358254633550608
1059843,4522785514717968
2108419,19185887413008
52227,72078970090160913
150531,4524700801700625
281603,72360170188964625
1068035,4524701070131985
2116611,21101442827025
101379,72076779657888528
297987,216473434119471888
560131,72111955438995216
199683,4522510369428240
330755,72357979756692240
1117187,4522510637859600
2165763,18911010554640
658435,4557686150534928
1182723,13529701301621520
789507,72393155537798928
1575939,4557686418966288
2624515,54086791661328
3148803,4522502583812880
46083,72076779656839953
78851,18927921922833
144387,4522510368379665
275459,72357979755643665
1061891,4522510636811025
2110467,18911009506065
152579,4524563362747155
283651,72360032750011155
1070083,4524563631178515
2118659,20964003873555
103427,72076504779981585
300035,216473159241564945
562179,72111680561088273
594947,53957675190033
107523,72059204651713296
173059,76562787098170128
566275,72076779656840976
1090563,76562787366601488
2139139,72059187739296528
205827,4504935363253008
336899,72340404750517008
599043,18927921923856
1123331,4504935631684368
2171907,1336004379408
402435,76843987196973840
664579,4522510368380688
2237443,4504918450836240
795651,72357979755644688
1319939,76843987465405200
2368515,72340387838100240
1582083,4522510636812048
2630659,18911009507088
181251,76564702653584145
574467,72078695212254993
1098755,76564702922015505
2147331,72061103294710545
214019,4506979767685905
345091,72342449154949905
607235,20972326356753
1131523,4506980036117265
2180099,3380408812305
1197059,13514170699879185
3163139,4506971982070545
230403,76562512221311760
623619,72076504779982608
1147907,76562512489743120
2196483,72058912862438160
427011,220959166682895120
1213443,85569703153505040
820227,216473159241565968
1344515,220959166951326480
2393091,216455567324021520
3179523,76562504435696400
1246211,13511980267606800
3212291,4504781549798160
3277827,13511972213560080
169987,76615280188461825
563203,72182049305265921
1087491,76615280456893185
2136067,72111680829588225
202755,4557557302563585
333827,72393026689827585
595971,124326419367681
1120259,4557557570994945
2168835,53957943689985
1185795,13564748234756865
3151875,4557549516948225
108547,72076796837757696
174083,76580379284214528
1091587,76580379552645888
2140163,72076779925340928
206851,4522527549297408
337923,72357996936561408
1124355,4522527817728768
2172931,18928190423808
403459,76861579383018240
2238467,4522510636880640
1320963,76861579651449600
2369539,72357980024144640
182275,76582294839628545
1099779,76582295108059905
2148355,72078695480754945
215043,4524571953730305
346115,72360041340994305
1132547,4524572222161665
2181123,20972594856705
673795,4559747734836993
1198083,13531762885923585
804867,72395217122100993
1591299,4559748003268353
2639875,56148375963393
3164163,4524564168114945
231427,76580104407356160
1148931,76580104675787520
2197507,72076505048482560
428035,220976758868939520
690179,76615280188462848
1214467,85587295339549440
1345539,220976759137370880
2394115,216473159510065920
1607683,76615280456894208
2656259,72111680829589248
3180547,76580096621740800
722947,4557557302564608
1247235,13529572453651200
854019,72393026689828608
1640451,4557557570995968
2689027,53957943691008
3213315,4522373735842560
1705987,13564748234757888
3278851,13529564399604480
3672067,4557549516949248
110595,72076521959850753
176131,76580104406307585
1093635,76580104674738945
2142211,72076505047433985
602115,53974855059201
667651,4557557301516033
1191939,13529572452602625
798723,72393026688780033
1585155,4557557569947393
2633731,53957942642433
3158019,4522373734793985
184323,76582157400675075
1101827,76582157669106435
2150403,72078558041801475
413699,76863563657908995
2248707,4524494911771395
1331203,76863563926340355
2379779,72359964299035395
364547,216473030393594625
626691,72111551713117953
823299,216508206174701313
724995,4557488583087873
1249283,13529503734174465
856067,72392957970351873
1642499,4557488851519233
2691075,53889224214273
3215363,4522305016365825
1708035,13564679515281153
3280899,13529495680127745
3674115,4557480797472513
221187,4506996947555073
352259,72342466334819073
614403,20989506225921
1138691,4506997215986433
2187267,3397588681473
417795,76846048781275905
679939,4524571952682753
2252803,4506980035138305
811011,72360041339946753
1335299,76846049049707265
2383875,72342449422402305
1597443,4524572221114113
2646019,20972593809153
237571,76562529401180928
630787,72076521959851776
1155075,76562529669612288
2203651,72058930042307328
696323,76580104406308608
2269187,76562512488764160
1613827,76580104674739968
2662403,72076505047435008
1253379,13511997447475968
3219459,4504798729667328
1449987,85851049281196800
1712131,13529572452603648
3416067,76843850563388160
3678211,4522373734795008
245763,76564573805613825
638979,72078566364284673
1163267,76564574074045185
2211843,72060974446740225
442371,220961228267197185
1228803,85571764737807105
835587,216475220825868033
1359875,220961228535628545
2408451,216457628908323585
3194883,76564566019998465
475139,76845980062847745
737283,4524503234254593
2310147,4506911316710145
868355,72359972621518593
1392643,76845980331279105
2441219,72342380703974145
1654787,4524503502685953
2703363,20903875380993
1458179,85853170995041025
1720323,13531694166447873
3424259,76845972277232385
3686403,4524495448639233
491523,220959037834924800
1277955,85569574305534720
884739,216473030393595648
1409027,220959038103356160
2457603,216455438476051200
3244035,76562375587726080
1474563,229966228767118080
3309571,85569566251488000
3440643,220959030049309440
1507331,85850980562768640
1769475,13529503734175488
3473411,76843781844960000
3735555,4522305016366848
3538947,85850972508721920
3801091,13529495680128768
189,72058706485908240
16445,72060905475609345
32829,216173963247686400
65597,72058723634320128
131133,76562306079732480
262205,216455369504920320
2097213,72058706720920320
221,76578798786646800
605,76579898298274560
2141,76614051844657920
4189,76613983125181185
32861,220694055548424960
262237,220975461805658880
524381,76613983125182208
1048669,85585998276268800
2097245,76578799021658880
669,72058706551968528
2205,72075267878753040
4253,72075199159276305
8349,72057692872577808
16541,72058706484859665
65693,72057624154149648
524445,72075199159277328
1048733,76561206869037840
1565,72058775204336400
2589,72076367390380800
4637,72076298670904065
8733,72058792384205568
66077,72058723665777408
524829,72076298670905088
1049117,76562306380665600
3101,72075405284152080
9245,72057830277976848
132125,76561275286532880
263197,216454338711720720
2098205,72057675927720720
6173,72110452217287425
10269,72075422464021248
133149,76578867472577280
264221,216471930897765120
526365,72110452217288448
2099229,72075268113765120
20509,72076298637349635
36893,216190455921054465
135197,76578798753100545
266269,216471862178288385
528413,72110383497811713
2101277,72075199394288385
73757,72057727199810304
139293,76561292466402048
270365,216454355891589888
2105373,72057693107589888
49181,216173963246637825
147485,76562306078683905
278557,216455369503871745
2113565,72058706719871745
98333,216172880915927808
294941,504684714863432448
557085,216190455921055488
1081373,220676463630816000
196637,76561223747973888
327709,216454287173161728
2162717,72057624389161728
655389,76578798753101568
786461,216471862178289408
1310749,220957869888049920
2621469,72075199394289408
65645,76579898251088640
131181,85587088913806080
429,216173885971829520
685,72060896919229200
65709,72058706454450960
8493,216173963247686400
16685,216176084961530625
131373,220677485565653760
2097453,216173886206841600
8749,72060974195086080
33325,216176153681007360
131629,76564496513053440
262701,216457559938241280
2097709,72060897154241280
9261,72058912594006800
33837,216174092079928080
66605,72058775157150480
10285,72076504780051200
34861,216191684265972480
67629,72076367343194880
20525,72078489054941955
69677,72076298623718145
24621,72060974178308865
73773,72058792337019648
139309,76562374782432000
270381,216455438207619840
2105389,72058775423619840
49197,216176153664230145
147501,76564496496276225
278573,216457559921464065
2113581,72060897137464065
163885,220677554268353280
2129965,216173954909541120
589869,72076298623719168
1114157,76562306333479680
393261,220958960525587200
1179693,85569496996197120
2228269,76562297741587200
2359341,216455361166775040
3145773,76562298278449920
461,220693978272568080
131277,85585989417906960
845,220695077784195840
2381,220729231330579200
4429,220729162611102465
8525,220694055548424960
65869,220693986829996800
524621,220729162611103488
1048909,229701177762190080
2097485,220693978507580160
131661,85587088929534720
3149,76614180676899600
9293,76579004894745360
33869,220694184380666640
132173,85586058120606480
67661,76614051828929280
264269,221010706290512640
1050701,85621242761122560
2099277,76614043506512640
12365,76614051827880705
20557,76615074030097155
36941,220729231313801985
69709,76613983109452545
266317,221010637571035905
1052749,85621174041645825
2101325,76613974787035905
270413,220975530508358400
532557,76614051827881728
1056845,85586066978968320
2105421,76578867724358400
147533,85587088912757505
98381,220694055532696320
557133,220729231313803008
1081421,229701246464889600
2129997,220694047210279680
327757,220975461789930240
589901,76613983109453568
1114189,85585998260540160
2162765,76578799005930240
1179725,103600388179047168
786509,221010637571036928
1310797,229982652722123520
2359373,220975453467513600
1572941,85621174041646848
2621517,76613974787036928
909,216173886037889808
2445,216190447364674320
4493,216190378645197585
16781,216173885970780945
33165,504403231330341648
262541,504684637587575568
524685,216190378645198608
1048973,220676386354959120
1677,72058766614401840
8845,72058775204336400
17037,72060896918180625
33421,216173954690257680
66189,72058706485908240
131725,76562297522303760
262797,216455360947491600
2097805,72058698163491600
3213,72075396694217520
66701,72057675660202800
132237,76561266696598320
263309,216454330121786160
2098317,72057667337786160
10381,72075405284152080
34957,216190584770073360
139405,76561275286532880
270477,216454338711720720
2105485,72057675927720720
98445,216172863736058640
163981,220676454772454160
2130061,216172855413642000
196749,76561206568104720
327821,216454269993292560
2162829,72057607209292560
393357,220957861029688080
1179789,85568397500298000
2228365,76561198245688080
2359437,216454261670875920
3145869,76561198782550800
1805,216173954690257680
2829,216191546876302080
4877,216191478156825345
33549,504404330841969408
262925,504685737099203328
525069,216191478156826368
1049357,220677485866586880
3341,216190584770073360
34061,504403368735740688
66829,216172863736058640
132365,220676454772454160
2098445,216172855413642000
6413,216225631703208705
35085,504420960921785088
67853,216190455922103040
133389,220694046958498560
526605,216225631703209728
2099469,216190447599686400
12557,216190455921054465
20749,216191478123270915
69901,216190387202626305
135437,220693978239021825
528653,216225562983732993
2101517,216190378880209665
24845,216173963246637825
73997,216172880915927808
270605,504684714863432448
532749,216190455921055488
1057037,220676463630816000
82189,216173894528209665
147725,220677485564605185
2113805,216173886205793025
98573,504403239887770368
164109,508906830924165888
295181,1081145458576921344
2130189,504403231565353728
327949,504684646145004288
590093,216190387202627328
1114381,220676394912387840
393485,509188237181399808
655629,220693978239022848
2359565,504684637822587648
2621709,216190378880210688
9741,72058912609735440
34317,216174092095656720
10765,72076504795779840
35341,216191684281701120
21005,72078489070670595
25101,72060974194037505
139789,76562374798160640
270861,216455438223348480
2105869,72058775439348480
49677,216176153679958785
82445,72060905475609345
147981,76564496512004865
279053,216457559937192705
2114061,72060897153192705
98829,216173963247686400
164365,220677554284081920
2130445,216173954925269760
197133,76562306079732480
328205,216455369504920320
2163213,72058706720920320
393741,220958960541315840
1180173,85569497011925760
2228749,76562297757315840
2359821,216455361182503680
3146253,76562298294178560
7181,72110581049529105
11277,72075680145281808
35853,216190859631203088
68621,72075405268423440
134157,76578996304818960
265229,216472059730006800
527373,72110581049530128
2100237,72075396946006800
13325,72075405267374865
37901,216190584753296145
25613,72058912592958225
74765,72057830262248208
533517,72075405267375888
1057805,76561412977136400
50189,216174092078879505
295949,504684843695674128
558093,216190584753297168
1082381,220676592463057680
197645,76561275270804240
328717,216454338695992080
2163725,72057675911992080
394253,220957929732387600
1180685,85568466202997520
2229261,76561266948387600
2360333,216454330373575440
3146765,76561267485250320
22541,72111543122203395
71693,72110452201558785
137229,76614043237954305
268301,216507106663142145
2103309,72110443879142145
26637,72076504779002625
75789,72075422448292608
1058829,76579005163180800
51213,216191684264923905
296973,504702435881718528
1083405,220694184649102080
198669,76578867456848640
329741,216471930882036480
591885,72110452201559808
2164749,72075268098036480
395277,220975521918432000
657421,76614043237955328
1181709,85586058389041920
2230285,76578859134432000
788493,216507106663143168
2361357,216471922559619840
2623501,72110443879143168
3147789,76578859671294720
28685,72076367340049155
143373,76578867455800065
274445,216471930880987905
536589,72110452200511233
2109453,72075268096987905
53261,216191546825970435
86029,72076298621620995
151565,76579889658016515
282637,216472953083204355
544781,72111474402727683
2117645,72076290299204355
102413,216190455905325825
167949,220694046941721345
561165,216225631686432513
2134029,216190447582909185
200717,76578798737371905
331789,216471862162559745
593933,72110383482083073
2166797,72075199378559745
397325,220975453198955265
659469,76613974518478593
1183757,85585989669565185
2232333,76578790414955265
790541,216507037943666433
2363405,216471853840143105
2625549,72110375159666433
3149837,76578790951817985
155661,76562374781383425
286733,216455438206571265
2121741,72058775422571265
204813,76561292450673408
335885,216454355875861248
2170893,72057693091861248
663565,76578867455801088
794637,216471930880988928
1318925,220957938590749440
2629645,72075268096988928
114701,216173963230909185
180237,220677554267304705
2146317,216173954908492545
213005,76562306062955265
344077,216455369488143105
2179085,72058706704143105
409613,220958960524538625
1196045,85569496995148545
2244621,76562297740538625
2375693,216455361165726465
3162125,76562298277401345
360461,504684714847703808
622605,216190455905326848
1146893,220676463615087360
425997,509188305884099328
688141,220694046941722368
2392077,504684706525287168
2654221,216190447582910208
720909,76578798737372928
851981,216471862162560768
1376269,220957869872321280
2686989,72075199378560768
917517,220975453198956288
1703949,85585989669566208
2752525,76578790414956288
2883597,216471853840144128
3670029,76578790951819008
629,4524503284650240
131189,13529503482589440
524405,4557488599929600
693,3311538344208
1205,1181167456560
16565,3311471235345
65717,1129629946128
131253,4504712075358480
524469,18704634024720
2097333,1112716546320
821,72060905576272128
16693,72060905509163265
33077,216173963281240320
65845,72058723667874048
131381,76562306113286400
262453,216455369538474240
524597,72076298671952640
2097461,72058706754474240
1589,3380190712080
2613,20972376756480
4661,20903657279745
8757,3397370581248
16949,7709517746433
33333,72060974228640000
262709,72342380485873920
1049141,4506911367041280
526389,53957692035840
20533,20903623725315
528437,53888972559105
73781,1232675606784
81973,3328619647233
147509,4506911065059585
540725,20903623725825
2113589,3311706247425
196661,4504729223770368
589877,18721782436608
2162741,1129864958208
655413,4522304227848960
1179701,13511911564980480
2228277,4504712310370560
2621493,18704869036800
3145781,4504712847233280
1237,4521273468195120
2261,4556457840283920
4309,4556389120807185
1048789,13528404271894800
2097365,4521205017284880
2389,76614051878211840
4437,76613983158735105
33109,220694055581978880
262485,220975461839212800
1048917,85585998309822720
2097493,76578799055212800
2645,4557557351911680
4693,4557488632434945
16981,4524503283601665
1049173,13529503783522560
2097749,4522304528912640
3157,4556595245682960
132181,13528472689389840
525397,4556457806730000
10325,4556612425552128
34901,76614189283610880
526421,4626826550907648
1050709,13563657329905920
2099285,4556458075296000
20565,4557488598880515
528469,4626757831430913
1052757,13563588610429185
2101333,4556389355819265
139349,13528489869259008
532565,4556474986599168
147541,13529503481540865
540757,4557488598881025
163925,85586066727317760
557141,76614051844657920
196693,13528421150830848
589909,4556406268171008
393301,85867472984551680
1179733,31542802747830528
786517,76895458101891840
917,72058706686185744
1429,72057675759817008
33173,216172863835672848
131477,76561206667718928
262549,216454270092906768
524693,72075199226385168
2097557,72057607308906768
1685,1181233516848
17045,3311537295633
131733,4504712141418768
524949,18704700085008
2097813,1112782606608
5269,17673840824625
17557,1181166407985
66709,98835697968
263317,72339150669418800
1049749,4503681550586160
6293,52858212913425
10389,17828459647248
34965,72075405317706000
133269,4521273468203280
2099349,17674109391120
20629,18704632975635
135317,4521204748726545
2101397,17605389914385
41109,72057830311530768
73877,133195436304
139413,4503698462028048
532629,17691020694288
2105493,99103215888
147605,4504712074309905
540821,18704632976145
2113685,1112715497745
163989,76561275320086800
295061,216454338745274640
557205,72075267878753040
2130069,72057675961274640
196757,4503629743599888
589973,17622302266128
2162837,30384787728
393365,76842681577320720
786581,72356674135986960
2359445,72339082218508560
1573013,4521205017154320
17173,72060905575223553
33557,216173963347300608
131861,76562306179346688
262933,216455369604534528
525077,72076298738012928
2097941,72058706820534528
3349,72075405317706000
9493,72057830311530768
132373,76561275320086800
263445,216454338745274640
525589,72075267878753040
2098453,72057675961274640
6421,72110452250841345
10517,72075422497575168
133397,76578867506131200
264469,216471930931319040
2099477,72075268147319040
20757,72076298670903555
37141,216190455954608385
135445,76578798786654465
266517,216471862211842305
2101525,72075199427842305
74005,72057727233364224
139541,76561292499955968
270613,216454355925143808
532757,72075285058622208
2105621,72057693141143808
49429,216173963280191745
147733,76562306112237825
278805,216455369537425665
540949,72076298670904065
2113813,72058706753425665
98581,216172880949481728
295189,504684714896986368
1081621,220676463664369920
196885,76561223781527808
327957,216454287206715648
590101,72075216340194048
2162965,72057624422715648
1310997,220957869921603840
1573141,76578799055082240
3605,18910791405840
9749,1335785230608
17941,3380189663505
34325,72058912643289360
132629,4504780793786640
525845,18773352452880
2098709,1181434974480
6677,53957724541185
10773,18927971275008
18965,20972375707905
35349,72076504829333760
133653,4522372979831040
2099733,18773621018880
135701,4522304260354305
2101781,18704901542145
25109,3397369532673
41493,72058929823158528
74261,1232707064064
139797,4504797973655808
533013,18790532322048
2105877,1198614843648
49685,72060974227591425
82453,3328651104513
279061,72342380484825345
1065493,4506911365992705
164373,76562374831714560
295445,216455438256902400
557589,72076367390380800
2130453,72058775472902400
197141,4504729255227648
590357,18721813893888
2163221,1129896415488
393749,76843781088948480
786965,72357773647614720
2359829,72340181730136320
1573397,4522304528782080
7189,52995618312465
134165,4521410873602320
2100245,17811514790160
529429,52858179359505
74773,270600835344
140309,4503835867427088
533525,17828426093328
2106389,236508614928
164885,76561412725485840
295957,216454476150673680
558101,72075405284152080
2130965,72057813366673680
656405,4521273434649360
1180693,13510880771780880
2229269,4503681517170960
2622485,17674075837200
3146773,4503682054033680
14357,53012798181633
22549,53957690986755
38933,72110589656240385
137237,4556457806737665
530453,123226923537153
2103317,52858447925505
75797,17862786879744
141333,4521428053471488
2107413,17828694659328
542741,53957690987265
165909,76579004911530240
296981,216472068336718080
2131989,72075405552718080
591893,52875360277248
1181717,13528472957825280
2230293,4521273703215360
788501,72391927193998080
1574933,4556458075165440
3147797,4521274240078080
536597,52875359228673
151573,4522304226799875
2117653,18704867987715
561173,72110452217287425
593941,52806640800513
1183765,13528404238348545
2232341,4521204983738625
790549,72391858474521345
1576981,4556389355688705
3149845,4521205520601345
106517,72057864638763264
172053,76561429905355008
303125,216454493330542848
565269,72075422464021248
2138133,72057830546542848
204821,4503732789260544
598037,17725347926784
2170901,133430448384
663573,4521290614518528
1187861,13510897951650048
2236437,4503698697040128
2629653,17691255706368
3153941,4503699233902848
671765,4522304226800385
1196053,13511911563931905
2244629,4504712309321985
2637845,18704867988225
3162133,4504712846184705
426005,220957938339098880
688149,76578867472577280
1212437,85568474809708800
2261013,76561275555098880
819221,216471930897765120
2392085,216454338980286720
2654229,72075268113765120
3178517,76561276091961600
720917,4521221896090368
1245205,13510829233221888
2293781,4503629978611968
2686997,17622537278208
3211285,4503630515474688
917525,76860273729811200
1441813,85849881066942720
2490389,76842681812332800
2883605,72356674370999040
3407893,76842682349195520
66149,4524503253192960
131685,13531693915910400
524901,4559679033250560
10341,4557694741582080
67685,4557557304725760
133221,13564747967443200
20581,4559679016472835
69733,4557488585249025
135269,13564679247966465
139365,13529572185288960
532581,4557557302629120
82021,4524503236415745
147557,13531693899133185
540773,4559679016473345
1114213,13529503736336640
2162789,4522304481726720
2228325,13529495144444160
1572965,13564679516394240
2621541,4557480261784320
3145829,13529495681306880
65957,72058706488004880
1701,3371600777520
8869,3380190712080
131749,4506902508679440
524965,20895067345680
2097829,3303149867280
9381,1318572855600
66725,1181135999280
82085,3311439778065
196773,4504712043901200
589989,18704602567440
2162853,1112685089040
8997,72060974228640000
33573,216176153714561280
131877,76564496546607360
262949,216457559971795200
525093,72078489105273600
2097957,72060897187795200
41253,216174100686639360
82213,72060905477705985
98597,216173963249783040
196901,76562306081829120
327973,216455369507016960
590117,72076298640495360
2162981,72058706723016960
9765,3517596111120
67109,3380159254800
10789,21109782155520
68133,20972345299200
526885,56148125356800
70181,20903625822465
528933,56079405880065
41509,72061111634039040
74277,3397339123968
139813,4506979784536320
533029,20972343202560
2105893,3380425724160
82469,7709486289153
98853,72060974197182720
328229,72342380454416640
1114661,4506911335584000
655909,4524494661169920
1180197,13514101998301440
2228773,4506902743691520
2621989,20895302357760
3146277,4506903280554240
68645,18910744219920
527397,54086524277520
25637,3517579333905
74789,1335738044688
140325,4504918183457040
533541,18910742123280
2106405,1318824644880
82981,3380142477585
99365,72058912596103440
197669,4504780746600720
590885,18773305266960
2163749,1181387788560
14373,54095114211585
22565,56148108579075
71717,53957677355265
26661,21109765378305
75813,18927924089088
141349,4522510369501440
2107429,18911010689280
84005,20972328521985
542757,56148108579585
100389,72076504782147840
559141,72111680562205440
198693,4522372932645120
2164773,18773573832960
657445,4557548712702720
2623525,53949353890560
28709,20972326424835
536613,53957675258625
151589,4524494644392195
2117669,20895285580035
200741,4522304213168385
2166821,18704854356225
659493,4557479993225985
2625573,53880634413825
57381,72061111617261825
90149,3397322346753
155685,4506979767759105
548901,20972326425345
2121765,3380408946945
106533,72058929775972608
172069,76562512221384960
303141,216455575646572800
565285,72076504780051200
2138149,72058912862572800
204837,4504797926469888
598053,18790485136128
2170917,1198567657728
663589,4522372930548480
1187877,13511980267680000
2236453,4504781013070080
2629669,18773571736320
3153957,4504781549932800
114725,72060974180405505
344101,72342380437639425
1130533,4506911318806785
671781,4524494644392705
1196069,13514101981524225
2244645,4506902726914305
2637861,20895285580545
3162149,4506903263777025
229413,76562374784528640
360485,216455438209716480
622629,72076367343194880
2195493,72058775425716480
458789,76843781041762560
852005,72357773600428800
2424869,72340181682950400
1638437,4522304481596160
1703973,13529495144313600
2752549,4522295889703680
3670053,4522296426566400
131525,85585989451460880
524741,76613974568801040
131781,13529494925160720
524997,4557480042500880
3269,4556586655748400
9413,4521410873594160
132293,13528464099455280
525509,4556449216795440
10437,4556595245682960
133317,13563648471544080
135365,13563579752067345
139461,13528472689389840
532677,4556457806730000
196805,13528403970961680
590021,4556389088301840
2228421,13528395648545040
1573061,13563580020495120
2621637,4556380765885200
3145925,13528396185407760
131909,85587088963088640
525125,76615074080428800
10565,76614189283610880
35141,220729368769532160
133445,85621242509472000
135493,85621173789995265
41285,220694192987377920
139589,85586066727317760
532805,76614051844657920
164165,229701246213239040
557381,220729231330579200
196933,85585998008889600
590149,76613983126229760
393541,229982652470472960
2228549,85585989686472960
786757,221010637587813120
1573189,85621174058423040
2621765,76613974803813120
3146053,85585990223335680
10821,4557694757310720
133701,13564747983171840
21061,4559679032201475
135749,13564679263695105
139845,13529572201017600
533061,4557557318357760
148037,13531693914861825
541253,4559679032201985
197189,13529503482589440
590405,4557488599929600
2228805,13529495160172800
1573445,13564679532122880
2622021,4557480277512960
3146309,13529495697035520
11333,4556870106812688
68677,4556595229954320
527429,4626955383149328
1051717,13563786162147600
2100293,4556586907537680
13381,4556595228905745
136261,13563648454766865
1057861,13528610379993360
2106437,4521411125383440
164933,85586195559559440
558149,76614180676899600
197701,13528472673661200
590917,4556457791001360
2229317,13528464351244560
1573957,13563648723194640
2622533,4556449468584720
3146821,13528464888107280
14405,4626963973083393
137285,13634017198944513
530501,4767555432551169
26693,4557694740533505
43077,76614464144740608
75845,4556612409823488
272453,76895664243544320
149573,13564747966394625
100421,76614189267882240
297029,221010843729465600
559173,76684549421077248
1083461,85621380200075520
2132037,76614180945465600
591941,4626826535179008
1116229,13563657314177280
2164805,4556458059567360
395333,85902717469405440
1181765,31578047232684288
1574981,13634017467372288
2623557,4626818212762368
28741,4557557301580035
45125,76614189266833665
536645,4626826534130433
1060933,13563657313128705
2109509,4556458058518785
86085,4557488583151875
544837,4627848736346883
1069125,13564679515345155
2117701,4557480260735235
168005,85621242492694785
593989,4626757815702273
1118277,13563588594700545
2166853,4556389340090625
397381,85902648749928705
1183813,31577978513207553
1577029,13633948747895553
2625605,4626749493285633
155717,13529572184240385
548933,4557557301580545
303173,220975667947311360
1089605,85586204417921280
2138181,76579005163311360
204869,13528489853530368
598085,4556474970870528
401477,85867541687251200
1187909,31542871450530048
794693,76895526804591360
213061,13529503465812225
606277,4557488583152385
2244677,13529495143395585
1589317,13564679515345665
2637893,4557480260735745
3162181,13529495680258305
229445,85586066711589120
622661,76614051828929280
426053,229982721173172480
2261061,85586058389172480
819269,221010706290512640
1605701,85621242761122560
2654277,76614043506512640
3178565,85586058926035200
458821,85867472968823040
1245253,31542802732101888
852037,76895458086163200
2490437,85867464646406400
1835077,85902649018356480
2883653,76895449763746560
3407941,85867465183269120
3461,72075396727771440
66949,72057675693756720
132485,76561266730152240
263557,216454330155340080
525701,72075259288818480
2098565,72057667371340080
10629,72075405317706000
35205,216190584803627280
526725,72110443660907280
528773,72110374941430545
139653,76561275320086800
270725,216454338745274640
532869,72075267878753040
2105733,72057675961274640
98693,216172863769612560
164229,220676454806008080
557445,216190447364674320
2130309,216172855447195920
196997,76561206601658640
328069,216454270026846480
590213,72075199160324880
2163077,72057607242846480
393605,220957861063242000
655749,76578790196720400
1180037,85568397533851920
2228613,76561198279242000
786821,216471853621908240
2359685,216454261704429840
2621829,72075190837908240
3146117,76561198816104720
3717,18902201471280
18053,3371599728945
34437,72058904053354800
67205,1181167456560
132741,4504772203852080
525957,18764762518320
2098821,1172845039920
10885,18910791405840
526981,53949134607120
21125,20895066296595
529029,53880415130385
25221,3380189663505
41605,72058912643289360
139909,4504780793786640
533125,18773352452880
2105989,1181434974480
82565,3311471235345
148101,4506902507630865
541317,20895066297105
2114181,3303148818705
197253,4504712075358480
590469,18704634024720
2163333,1112716546320
656005,4522295670420240
1180293,13511903007551760
2228869,4504703752941840
2622085,18696311608080
3146373,4504704289804560
7301,52987028377905
11397,18086124130608
68741,17811247272240
134277,4521402283667760
2100357,17802924855600
13445,17811246223665
529541,52849589424945
25733,1318571807025
42117,72058087976014128
74885,236241097008
271493,72339288074817840
1057925,4503818955985200
99461,72057813099155760
164997,76561404135551280
296069,216454467560739120
558213,72075396694217520
2131077,72057804776739120
197765,4503681249653040
590981,17673808319280
2163845,81890840880
656517,4521264844714800
1180805,13510872181846320
2229381,4503672927236400
2622597,17665485902640
3146885,4503673464099120
14469,52995618312465
141445,4521410873602320
2107525,17811514790160
559237,72110581066306320
592005,52858180408080
657541,4556449216803600
2623621,52849857991440
536709,52858179359505
544901,53880381575955
594053,52789460931345
659589,4556380497326865
2625669,52781138514705
172165,76561412725485840
303237,216454476150673680
565381,72075405284152080
2138245,72057813366673680
663685,4521273434649360
1187973,13510880771780880
2236549,4503681517170960
2629765,17674075837200
3154053,4503682054033680
721029,4521204716221200
1245317,13510812053352720
2293893,4503612798742800
2687109,17605357409040
3211397,4503613335605520
1704069,13528395648414480
2752645,4521196393804560
3670149,4521196930667280
9989,72058912643289360
34565,216174092129210640
11013,72076504829333760
35589,216191684315255040
527109,72111543172535040
21253,72078489104224515
529157,72111474453058305
25349,72060974227591425
140037,76562374831714560
271109,216455438256902400
533253,72076367390380800
2106117,72058775472902400
49925,216176153713512705
82693,72060905509163265
148229,76564496545558785
279301,216457559970746625
541445,72078489104225025
2114309,72060897186746625
99077,216173963281240320
164613,220677554317635840
557829,216191546876302080
2130693,216173954958823680
197381,76562306113286400
328453,216455369538474240
590597,72076298671952640
2163461,72058706754474240
393989,220958960574869760
656133,76579889708348160
1180421,85569497045479680
2228997,76562297790869760
787205,216472953133536000
2360069,216455361216057600
2622213,72076290349536000
3146501,76562298327732480
527621,72110581066306320
42245,216173276051869968
140549,76561412725485840
271621,216454476150673680
533765,72075405284152080
2106629,72057813366673680
99589,216173001175011600
165125,220676592211407120
558341,216190584770073360
2131205,216172992852594960
14597,72110589656240385
39173,216225769142161665
43269,216190868237914368
141573,76579004911530240
272645,216472068336718080
2107653,72075405552718080
100613,216190593361056000
166149,220694184397451520
2132229,216190585038639360
592133,72110452218336000
657669,76614043254731520
788741,216507106679919360
2623749,72110443895919360
45317,216190593360007425
536837,72110452217287425
545029,72111474419503875
561413,216225631703208705
594181,72110383498859265
659717,76613974535254785
790789,216507037960442625
2625797,72110375176442625
57605,216174100685590785
106757,216173018354880768
303365,504684852302385408
1089797,220676601069768960
401669,220957938339098880
663813,76578867472577280
1188101,85568474809708800
2236677,76561275555098880
794885,216471930897765120
2367749,216454338980286720
2629893,72075268113765120
3154181,76561276091961600
229637,220676463363436800
622853,216190455922103040
2195717,216172864004624640
688389,220694046958498560
1212677,229683654295630080
2261253,220676455041020160
2654469,216190447599686400
3178757,220676455577882880
459013,220957869620670720
721157,76578798754149120
1245445,85568406091280640
2294021,76561206836670720
852229,216471862179336960
2425093,216454270261858560
2687237,72075199395336960
3211525,76561207373533440
917765,220975453215732480
1442053,229965060552864000
2490629,220957861298254080
1704197,85585989686342400
2752773,76578790431732480
2883845,216471853856920320
3408133,220957861835116800
3670277,76578790968595200
527877,54086540006160
26117,3517595062545
140805,4504918199185680
534021,18910757851920
2106885,1318840373520
14853,54095129940225
23045,56148124307715
27141,21109781106945
141829,4522510385230080
2107909,18911026417920
543237,56148124308225
559621,72111680577934080
592389,53957692035840
657925,4557548728431360
2624005,53949369619200
29189,20972342153475
537093,53957690987265
86533,20903623725315
152069,4524494660120835
2118149,20895301308675
594437,53888972559105
659973,4557480008954625
2626053,53880650142465
57861,72061111632990465
156165,4506979783487745
549381,20972342153985
2122245,3380424675585
172549,76562512237113600
303621,216455575662301440
565765,72076504795779840
2138629,72058912878301440
664069,4522372946277120
1188357,13511980283408640
2236933,4504781028798720
2630149,18773587464960
3154437,4504781565661440
213509,4506911065059585
606725,20903623725825
2179589,3311706247425
672261,4524494660121345
1196549,13514101997252865
2245125,4506902742642945
2638341,20895301309185
3162629,4506903279505665
721413,4522304227848960
1245701,13511911564980480
2294277,4504712310370560
2687493,18704869036800
3211781,4504712847233280
1704453,13529495160042240
2753029,4522295905432320
3670533,4522296442295040
15365,53270479442193
23557,54086523228435
72709,52995602583825
138245,4556586638979345
531461,123355755778833
2104325,52987280167185
44037,72076229901095184
142341,4521685734732048
2108421,18086375919888
543749,54086523228945
560133,72110855927436048
199685,4521410857873680
2165765,17811499061520
1182725,13528601790066960
2231301,4521402535457040
789509,72392056026239760
1575941,4556586907407120
3148805,4521403072319760
29701,18910741074195
144389,4521410856825105
2110469,17811498012945
545797,53949084275475
562181,72110581049529105
594949,52858163630865
660485,4556449200026385
2626565,52849841214225
156677,4504918182408465
549893,18910741074705
2122757,1318823596305
173061,76561687586615568
304133,216454751011803408
566277,72075680145281808
2139141,72058088227803408
205829,4503835851698448
599045,17828410364688
2171909,236492886288
402437,76842887685419280
795653,72356880244085520
2368517,72339288326607120
1582085,4521411125252880
230405,76561412709757200
361477,216454476134945040
623621,72075405268423440
2196485,72057813350945040
427013,220958067171340560
689157,76578996304818960
1213445,85568603641950480
2262021,76561404387340560
820229,216472059730006800
2393093,216454467812528400
2655237,72075396946006800
3179525,76561404924203280
721925,4521273418920720
1246213,13510880756052240
2294789,4503681501442320
2688005,17674060108560
3212293,4503682038305040
1704965,13528464351114000
2753541,4521265096504080
3671045,4521265633366800
47109,72110864517370113
79877,53012782452993
276485,72392064616173825
1062917,4556595497341185
55301,72111680561156355
88069,53957675258115
153605,4557548711653635
546821,124317828453123
2119685,53949352841475
104453,72110589640511745
169989,76614180676907265
301061,216507244102095105
563205,72180949793706753
2136069,72110581318095105
202757,4556457791009025
595973,123226907808513
2168837,52858432196865
661509,4626817944204033
1185797,13563648723202305
2234373,4556449468592385
2627589,123218585391873
3151877,4556450005455105
157701,4522510368452865
2123781,18911009640705
174085,76579279772659968
305157,216472343197847808
2140165,72075680413847808
206853,4521428037742848
2172933,17828678930688
403461,76860479871463680
2369541,72356880512651520
575493,72111680561156865
608261,53957675258625
673797,4557548711654145
2639877,53949352841985
231429,76579004895801600
362501,216472068320989440
2197509,72075405536989440
428037,220975659357384960
1214469,85586195827994880
2263045,76578996573384960
2394117,216472059998572800
1607685,76614180945335040
3180549,76578997110247680
1247237,13528472942096640
2295813,4521273687486720
854021,72391927178269440
1640453,4556458059436800
3213317,4521274224349440
919557,76895518214664960
2885637,72391918855852800
61445,72076504779002115
159749,4522372929499395
2125829,18773570687235
176133,76579004894753025
307205,216472068319940865
2142213,72075405535940865
602117,52875343500033
1191941,13528472941048065
2240517,4521273686438145
798725,72391927177220865
1585157,4556458058388225
3158021,4521274223300865
577541,72111543122203395
217093,4522304211071235
2183173,18704852259075
1200133,13529495143264515
2248709,4522295888654595
806917,72392949379437315
1593349,4557480260604675
3166213,4522296425517315
626693,72110452201558785
692229,76614043237954305
823301,216507106663142145
2658309,72110443879142145
1249285,13528404222619905
2297861,4521204968009985
856069,72391858458792705
1642501,4556389339960065
3215365,4521205504872705
921605,76895449495188225
2887685,72391850136376065
188421,76562512220336385
319493,216455575645524225
581637,72076504779002625
2154501,72058912861524225
679941,4522372929499905
1204229,13511980266631425
2252805,4504781012021505
2646021,18773570687745
3170309,4504781548884225
237573,76561429889626368
368645,216454493314814208
630789,72075422448292608
2203653,72057830530814208
1351685,220958076029702400
1613829,76579005163180800
729093,4521290598789888
1253381,13510897935921408
2301957,4503698681311488
2695173,17691239977728
3219461,4503699218174208
925701,76860342432510720
1449989,85849949769642240
2498565,76842750515032320
2891781,72356743073698560
3416069,76842751051895040
737285,4522304211071745
1261573,13511911548203265
2310149,4504712293593345
2703365,18704852259585
3227653,4504712830456065
1720325,13529495143265025
2768901,4522295888655105
3686405,4522296425517825
491525,220957938323370240
753669,76578867456848640
1277957,85568474793980160
2326533,76561275539370240
884741,216471930882036480
2457605,216454338964558080
2719749,72075268098036480
3244037,76561276076232960
950277,220975521918432000
1474565,229965129255563520
2523141,220957930000953600
1736709,85586058389041920
2785285,76578859134432000
2916357,216471922559619840
3440645,220957930537816320
3702789,76578859671294720
983045,76860273714082560
1507333,85849881051214080
2555909,76842681796604160
2949125,72356674355270400
3473413,76842682333466880
1966085,85867464646275840
3014661,76860265391665920
3932165,76860265928528640
249,76579898299253520
2169,76615151357264640
4217,76615082637787905
16505,76582097288954625
32889,220695155061031680
65657,76579915447665408
131193,85587097520444160
262265,220976561318265600
524409,76615082637788928
1048697,85587097788875520
2233,72076367391359760
4281,72076298671883025
8377,72058792385184528
131257,76562306113213200
524473,72076298671884048
1048761,76562306381644560
2097337,72058706754339600
3129,72076504796758800
9273,72058929790583568
17465,72060974195016465
66617,72058792353727248
263225,216455438224327440
6201,72111551729894145
10297,72076521976627968
18489,72078566381060865
67641,72076384539771648
264249,216473030410371840
526393,72111551729895168
36921,216191555433661185
69689,72076315820294913
266297,216472961690895105
528441,72111483010418433
24633,72060991374885633
270393,216455455404196608
147513,76564505102914305
540729,72078497661585153
1065017,76564505371345665
2113593,72060905744040705
163897,220677562874991360
294969,504685814376039168
557113,216191555433662208
1081401,220677563143422720
2129977,216173963516117760
196665,76562323261625088
589881,72076315820295936
1114169,76562323530056448
2162745,72058723902751488
393273,220958969132225280
1179705,85569505602835200
786489,216472961690896128
1310777,220958969400656640
2359353,216455369773351680
3145785,76562306885026560
729,76579898365313808
8409,76578884685923088
16601,76579898298204945
65753,76578815967494928
2097369,76578799055078160
1625,76579967017681680
8793,76579984197550848
66137,76579915479122688
2097753,76579898566705920
5209,76614051844588305
9305,76579022091322128
132185,85586066727244560
263257,220975530525066000
525401,76614051844589328
1049689,85586066995675920
6233,76684420588765953
18521,76615151356216065
67673,76614069025506048
526425,76684420588766976
2099289,76614052113089280
12377,76614069024457473
69721,76614000306029313
528473,76684351869290241
2101337,76613983393612545
73817,76578919013155584
139353,85586083907113728
270425,220975547704935168
532569,76614069024458496
1056857,85586084175545088
49241,220695155059983105
147545,85587097519395585
278617,220976561317217025
540761,76615082636740353
1065049,85587097787826945
98393,220694072729273088
295001,509205906676777728
2130009,220694055816856320
196697,85586015188685568
327769,220975478986507008
589913,76614000306030336
1114201,85586015457116928
1179737,103600396785685248
2228313,85585998276268800
2359385,220975462074090240
2621529,76613983393613568
2713,72076367457420048
4761,72076298737943313
8857,72058792451244816
66201,72058723732816656
131737,76562306179273488
524953,72076298737944336
1049241,76562306447704848
2097817,72058706820399888
18585,72076367390311185
67737,72075285059601168
133273,76578867506058000
1050777,76578867774489360
2099353,72075268147184400
12441,72075285058552593
69785,72075216340124433
135321,76578798786581265
1052825,76578799055012625
2101401,72075199427707665
24729,72058792384135953
139417,76561292499882768
532633,72075285058553616
1056921,76561292768314128
2105497,72057693141009168
82073,72058723665707793
147609,76562306112164625
540825,72076298670835473
1065113,76562306380595985
2113689,72058706753291025
196761,76561223781454608
589977,72075216340125456
1114265,76561224049885968
2162841,72057624422581008
655513,76578798786582288
2228377,76561206869037840
1573017,76578799055013648
2621593,72075199427708688
5657,72076367390311185
67097,72058792385184528
132633,76562374831641360
525849,72076367390312208
1050137,76562375100072720
2098713,72058775472767760
68121,72076384571228928
133657,76579967017685760
1051161,76579967286117120
2099737,72076367658812160
12825,72076384570180353
70169,72076315851752193
135705,76579898298209025
1053209,76579898566640385
2101785,72076298939335425
139801,76562392011510528
533017,72076384570181376
1057305,76562392279941888
2105881,72058792652636928
197145,76562323293082368
590361,72076315851753216
1114649,76562323561513728
2163225,72058723934208768
655897,76579898298210048
2228761,76562306380665600
1573401,76579898566641408
2621977,72076298939336448
11289,72075697341858576
19481,72076504795710225
68633,72075422465000208
134169,76579004911457040
1051673,76579005179888400
2100249,72075405552583440
13337,72075422463951633
21529,72076367356756755
267289,216471930897695505
529433,72110452217218833
25625,72058929789534993
140313,76561429905281808
533529,72075422463952656
1057817,76561430173713168
2106393,72057830546408208
279577,216455438223278865
328729,216454355892568848
394265,220957938339025680
1180697,85568474809635600
787481,216471930897696528
1311769,220957938607457040
2360345,216454338980152080
3146777,76561276091826960
71705,72110469398135553
137241,76614051844592385
530457,72180820961396481
1054745,76614052113023745
2103321,72110452485718785
26649,72076521975579393
141337,76579022091326208
1058841,76579022359757568
2107417,72075422732452608
280601,216473030409323265
542745,72111551728846593
329753,216471948078613248
591897,72110469398136576
395289,220975530525070080
657433,76614051844593408
1181721,85586066995680000
1312793,220975530793501440
2361369,216471931166196480
1574937,76614052113024768
2623513,72110452485719808
3147801,76578868277871360
28697,72076384536625923
77849,72075319385785089
274457,216471948077564673
536601,72110469397088001
86041,72076315818197763
151577,76579898264654595
1069081,76579898533085955
2117657,72076298905780995
102425,216190473101902593
167961,220694055548359425
299033,504702307049407233
1085465,220694055816790785
2134041,216190456189485825
331801,216471879359136513
593945,72110400678659841
397337,220975461805593345
659481,76613983125116673
1183769,85585998276203265
1314841,220975462074024705
2363417,216471862446719745
1576985,76613983393548033
2625561,72110383766243073
3149849,76578799558394625
90137,72058826711368449
286745,216455455403148033
204825,76561326827115264
598041,72075319385786112
1122329,76561327095546624
2170905,72057727468241664
401433,220957955518894848
1187865,85568491989504768
794649,216471948077565696
1318937,220957955787326208
2367513,216454356160021248
3153945,76561293271696128
114713,216173980427485953
180249,220677562873942785
311321,504685814374990593
573465,216191555432613633
1097753,220677563142374145
2146329,216173963515069185
344089,216455386684719873
409625,220958969131176705
1196057,85569505601786625
802841,216472961689847553
1327129,220958969399608065
2375705,216455369772303105
3162137,76562306883977985
229401,220676480543232768
360473,504684732044280576
622617,216190473101903616
1146905,220676480811664128
2195481,216172881184359168
426009,509188314490737408
688153,220694055548360448
2261017,220676463630816000
819225,504702307049408256
1343513,509188314759168768
2392089,504684715131863808
1605657,220694055816791808
2654233,216190456189486848
458777,220957886800466688
1245209,85568423271076608
851993,216471879359137536
1376281,220957887068898048
2424857,216454287441593088
3211289,76561224553267968
917529,220975461805594368
2490393,220957869888049920
1703961,85585998276204288
1835033,220975462074025728
2883609,216471862446720768
3670041,76578799558395648
489,220695077785174800
745,76582088732574480
65769,76579898267796240
2409,220730330843185920
4457,220730262123709185
8553,220695155061031680
16745,220697276774875905
131433,229702277006365440
524649,220730262123710208
1048937,229702277274796800
2665,76617341790585600
4713,76617273071108865
8809,76582166008431360
33385,220697345494352640
131689,85589287953765120
262761,220978751751586560
524905,76617273071109888
1049193,85589288222196480
3177,76615280189506320
9321,76580104407352080
33897,220695283893273360
66665,76579966970495760
18537,76617341773808385
133225,85622342005297920
264297,221011805803119360
1050729,85622342273729280
12393,76615151340487425
36969,220730330826408705
135273,85622273285821185
266345,221011737083642625
1052777,85622273554252545
24681,76582165991654145
73833,76579984150364928
139369,85587166223143680
270441,220976630020965120
532585,76615151340488448
1056873,85587166491575040
49257,220697345477575425
147561,85589287936987905
278633,220978751734809345
540777,76617273054332673
1065065,85589288205419265
163945,229702345709064960
557161,220730330826409728
1081449,229702345977496320
2162793,76579898519520000
393321,229983751966298880
655465,85622273285822208
786537,221011737083643648
1310825,229983752234730240
1572969,85622273554253568
3145833,85587089719100160
2473,216191546877281040
4521,216191478157804305
33193,504404330842948368
131497,220677485599134480
262569,504685737100182288
524713,216191478157805328
1049001,220677485867565840
2097577,216173886240260880
2729,72078557824680720
4777,72078489105203985
17065,72065294965670673
131753,76564496546534160
524969,72078489105205008
1049257,76564496814965520
2097833,72060897187660560
3241,72076496206824240
17577,72060965605081905
263337,216455429634392880
10409,72076504796758800
34985,216191684282680080
67753,72076367359902480
20649,72078489071649555
69801,72076298640425745
24745,72060974195016465
73897,72058792353727248
270505,216455438224327440
49321,216176153680937745
278697,216457559938171665
196777,76562306081755920
589993,72076298640426768
1114281,76562306350187280
2162857,72058706722882320
3369,216191684282680080
17705,216176153680937745
34089,504404468248347408
6441,216226731215815425
18729,216193745866982145
35113,504422060434391808
526633,216226731215816448
12585,216191555433661185
528681,216226662496339713
139561,220677562874991360
270633,504685814376039168
532777,216191555433662208
1057065,220677563143422720
2105641,216173963516117760
49449,504406529832649473
147753,220679684588835585
278825,504687936089883393
540969,216193677147506433
1065257,220679684857266945
2113833,216176085229961985
295209,1081146558089528064
1179945,229684685088756480
3146025,220677486370947840
3625,72078695230079760
263721,216457628657648400
6697,72113742163215105
264745,216475220843692800
526889,72113742163216128
12841,72078566381060865
21033,72082887118160643
37417,216193745866982145
266793,216475152124216065
528937,72113673443739393
25129,72065372241527553
139817,76564573822391040
533033,72078566381061888
1057321,76564574090822400
2105897,72060974463517440
49705,216180551727448833
279081,216461957984682753
164393,220679753308312320
295465,504688004809360128
557609,216193745866983168
1081897,220679753576743680
2130473,216176153949438720
393769,220961159565546240
1180201,85571696036156160
786985,216475152124217088
1311273,220961159833977600
2359849,216457560206672640
3146281,76564497318347520
7209,72111680562135825
11305,72076779657888528
19497,72078695213302545
35881,216191959143809808
265257,216473159242613520
527401,72111680562136848
13353,72076504779981585
21545,72078557774349075
37929,216191684265902865
70697,72076367343125265
140329,76562512221311760
533545,72076504779982608
1057833,76562512489743120
2106409,72058912862438160
279593,216457628640871185
164905,220677691707233040
295977,504685943208280848
558121,216191684265903888
1082409,220677691975664400
2130985,216174092348359440
197673,76562374784455440
590889,72076367343126288
1115177,76562375052886800
2163753,72058775425581840
268329,216508206175748865
141353,76580104407356160
1058857,76580104675787520
2107433,72076505048482560
280617,216475220826915585
542761,72113742146438913
165929,220695283893277440
297001,504703535394325248
1083433,220695284161708800
2132009,216191684534403840
198697,76579966970499840
1116201,76579967238931200
2164777,72076367611626240
788521,216508206175749888
77865,72076384522994433
274473,216473030393594625
536617,72111551713117953
151593,76582088682246915
1069097,76582088950678275
2117673,72078489323373315
561193,216226731199039233
200745,76579898251023105
1118249,76579898519454465
2166825,72076298892149505
790569,216508137456273153
155689,76564573805613825
548905,72078566364284673
1073193,76564574074045185
2121769,72060974446740225
204841,76562391964324608
598057,72076384522995456
1122345,76562392232755968
2170921,72058792605451008
401449,220959037834924800
1187881,85569574305534720
794665,216473030393595648
1318953,220959038103356160
2367529,216455438476051200
3153961,76562375587726080
180265,220679753291535105
311337,504688004792582913
573481,216193745850205953
1097769,220679753559966465
2146345,216176153932661505
409641,220961159548769025
1196073,85571696019378945
802857,216475152107439873
1327145,220961159817200385
2375721,216457560189895425
3162153,76564497301570305
1212457,229684753791456000
3178537,220677555073647360
720937,76579898251024128
2293801,76562306333479680
1638441,76579898519455488
2687017,72076298892150528
1441833,229966160048689920
3276841,85569497533059840
3407913,220958961330881280
969,220695077851235088
16841,220695077784126225
33225,508924423143686928
262601,509205829400920848
2097609,220693978540999440
1737,76579958427747120
2761,76615142799835920
4809,76615074080359185
8905,76579967017681680
17097,76582088731525905
33481,220695146503602960
66249,76579898299253520
131785,85587088963015440
262857,220976552760836880
525001,76615074080360208
1049289,85587089231446800
5321,76614043254653745
66761,76578867473548080
132297,85586058137310000
263369,220975521935131440
525513,76614043254654768
1049801,85586058405741360
67785,76614051845636880
133321,85621242509398800
264393,221010706307220240
1050825,85621242777830160
12489,76614051844588305
20681,76615074046804755
37065,220729231330509585
69833,76613983126160145
135369,85621173789922065
266441,221010637587743505
1052873,85621174058353425
139465,85586066727244560
270537,220975530525066000
532681,76614051844589328
1056969,85586066995675920
98505,220694055549403920
164041,229701246213165840
557257,220729231330510608
1081545,229701246481597200
196809,85585998008816400
327881,220975461806637840
590025,76613983126161168
1114313,85585998277247760
393417,229982652470399760
655561,85621173789923088
786633,221010637587744528
1310921,229982652738831120
1573065,85621174058354448
3145929,85585990223201040
1865,220695146503602960
33609,508925522655314688
262985,509206928912548608
2097993,220695078052627200
5449,220729231330509585
34121,508924560549085968
66889,220694055549403920
132425,229701246213165840
525641,220729231330510608
1049929,229701246481597200
6473,220799600074687233
18761,220730330842137345
264521,509241082458931968
526665,220799600074688256
2099529,220729231599010560
37193,508959607482221313
266569,509241013739455233
528713,220799531355211521
2101577,220729162879533825
24905,220695155059983105
74057,220694072729273088
270665,509205906676777728
2105673,220694055816856320
82249,220695086341554945
147785,229702277005316865
541001,220730262122661633
1065289,229702277273748225
98633,508924431701115648
164169,517931622364877568
295241,1085666650390266624
557385,508959607482222336
1081673,517931622633308928
328009,509205837958349568
2163017,220693987098428160
393545,518213028622111488
1179977,247715576271606528
2228553,229701177762190080
786761,509241013739456256
1311049,518213028890542848
2621769,220729162879534848
3657,76615280205234960
9801,76580104423080720
34377,220695283909002000
19017,76617341789537025
68169,76615151357264640
133705,85622342021026560
264777,221011805818848000
1051209,85622342289457920
12873,76615151356216065
37449,220730330842137345
70217,76615082637787905
135753,85622273301549825
266825,221011737099371265
1053257,85622273569981185
25161,76582166007382785
139849,85587166238872320
270921,220976630036693760
533065,76615151356217088
1057353,85587166507303680
49737,220697345493304065
82505,76582097288954625
148041,85589287952716545
279113,220978751750537985
541257,76617273070061313
1065545,85589288221147905
98889,220695155061031680
164425,229702345724793600
557641,220730330842138368
1081929,229702345993224960
197193,85587097520444160
328265,220976561318265600
590409,76615082637788928
1114697,85587097788875520
393801,229983751982027520
655945,85622273301550848
787017,221011737099372288
1311305,229983752250458880
1573449,85622273569982208
3146313,85587089734828800
7241,76684549421007633
19529,76615280188457745
527433,76684549421008656
2100297,76614180945330960
21577,76615142749504275
70729,76614051828859665
136265,85621242492621585
267337,221010706290443025
1053769,85621242761052945
25673,76580104406303505
74825,76579022075593488
2106441,76579005163176720
50249,220695283892224785
296009,509206035509019408
2131017,220694184649098000
197705,85586066711515920
328777,220975530509337360
590921,76614051828860688
1115209,85586066979947280
394313,229982721173099280
656457,85621242492622608
787529,221010706290444048
1311817,229982721441530640
1573961,85621242761053968
3146825,85586058925900560
22601,76685511493681923
71753,76684420573037313
137289,85691611236799233
268361,221081075034620673
530505,76825149470410497
1054793,85691611505230593
84041,76615151340487425
149577,85622342004249345
280649,221011805802070785
1067081,85622342272680705
591945,76684420573038336
2164809,76614052097360640
657481,85691611236800256
1181769,103635641270539008
2230345,85621242761122560
788553,221081075034621696
2361417,221010706558944000
1574985,85691611505231616
77897,76614069008728833
536649,76684420571989761
2109513,76614052096312065
544841,76685442774206211
2117705,76615074298528515
299081,509241082442154753
561225,220799600057911041
2134089,220729231582233345
593993,76684351853561601
2166857,76613983377883905
659529,85691542517323521
1183817,103635572551062273
2232393,85621174041645825
790601,221081006315144961
2363465,221010637839467265
1577033,85691542785754881
155721,85587166222095105
286793,220976630019916545
548937,76615151339439873
1073225,85587166490526465
204873,85586083891385088
335945,220975547689206528
598089,76614069008729856
1122377,85586084159816448
1187913,103600465488384768
2236489,85586066978968320
2367561,220975530776789760
2629705,76614052096313088
114761,220695155044254465
180297,229702345708016385
573513,220730330825361153
1097801,229702345976447745
213065,85587097503666945
344137,220976561301488385
606281,76615082621011713
1130569,85587097772098305
409673,229983751965250305
671817,85622273284773633
802889,221011737082595073
1327177,229983752233681665
1589321,85622273553204993
3162185,85587089718051585
360521,509205906661049088
2195529,220694055801127680
426057,518213097324811008
1212489,247715644974306048
2261065,229701246464889600
819273,509241082442155776
1343561,518213097593242368
2654281,220729231582234368
1245257,103600396769956608
2293833,85585998260540160
2424905,220975462058361600
2687049,76613983377884928
1441865,247997051231539968
2490441,229982652722123520
1704009,103635572551063296
2752585,85621174041646848
3276873,103600388715909888
2883657,221010637839468288
2953,216191546943341328
5001,216191478223864593
33673,504404330909008656
131977,220677485665194768
263049,504685737166242576
525193,216191478223865616
1049481,220677485933626128
2098057,216173886306321168
18825,216191546876232465
133513,220694046991979280
264585,504702298493027088
1051017,220694047260410640
2099593,216190447633105680
37257,504420823516316433
135561,220693978272502545
266633,504702229773550353
1053065,220693978540933905
2101641,216190378913628945
49545,504404330841899793
147849,220677485598085905
278921,504685737099133713
541065,216191478156756753
1065353,220677485866517265
2113929,216173886239212305
164233,508906830957646608
557449,504420823516317456
1081737,508906831226077968
2130313,504403231598773008
393609,509188237214880528
655753,220693978272503568
2228617,220676386354959120
786825,504702229773551376
1311113,509188237483311888
2359689,504684637856006928
1573257,220693978540934928
2621833,216190378913629968
5769,72076358800376625
132745,76562366241706800
525961,72076358800377648
1050249,76562366510138160
2098825,72058766882833200
6793,72111543172465425
19081,72078557823632145
68233,72076367391359760
264841,216473021852943120
526985,72111543172466448
12937,72076367390311185
37513,216191546876232465
70281,72076298671883025
266889,216472953133466385
529033,72111474452989713
74377,72058792385184528
139913,76562374831641360
533129,72076367390312208
1057417,76562375100072720
2105993,72058775472767760
148105,76564496545485585
541321,72078489104156433
1065609,76564496813916945
2114185,72060897186611985
164489,220677554317562640
295561,504685805818610448
557705,216191546876233488
1081993,220677554585994000
2130569,216173954958689040
197257,76562306113213200
590473,72076298671884048
1114761,76562306381644560
2163337,72058706754339600
393865,220958960574796560
1180297,85569497045406480
787081,216472953133467408
1311369,220958960843227920
2359945,216455361215922960
3146377,76562298327597840
19593,72076496205775665
134281,76578996321522480
1051785,76578996589953840
2100361,72075396962648880
21641,72076358766822195
70793,72075267846177585
267401,216471922307760945
529545,72110443627284273
83081,72058775171760945
279689,216455429633344305
197769,76561275287507760
590985,72075267846178608
1115273,76561275555939120
2163849,72057675928634160
394377,220957929749091120
1180809,85568466219701040
787593,216471922307761968
1311881,220957930017522480
2360457,216454330390217520
3146889,76561267501892400
22665,72111543138910995
71817,72110452218266385
268425,216507106679849745
26761,72076504795710225
75913,72075422465000208
141449,76579004911457040
1058953,76579005179888400
2107529,72075405552583440
51337,216191684281631505
166025,220694184397378320
297097,504702435898426128
1083529,220694184665809680
2132105,216190585038504720
329865,216471930898744080
592009,72110452218267408
788617,216507106679850768
28809,72076367356756755
274569,216471930897695505
536713,72110452217218833
53385,216191546842678035
86153,72076298638328595
282761,216472953099911955
544905,72111474419435283
102537,216190455922033425
561289,216225631703140113
331913,216471862179267345
594057,72110383498790673
790665,216507037960374033
286857,216455438223278865
336009,216454355892568848
401545,220957938339025680
1187977,85568474809635600
794761,216471930897696528
1319049,220957938607457040
2367625,216454338980152080
3154057,76561276091826960
114825,216173963247616785
344201,216455369504850705
229513,220676463363363600
360585,504684714864411408
622729,216190455922034448
1147017,220676463631794960
2195593,216172864004490000
1212553,229683654295556880
3178633,220676455577748240
458889,220957869620597520
1245321,85568406091207440
852105,216471862179268368
1376393,220957869889028880
2424969,216454270261723920
3211401,76561207373398800
1441929,229965060552790800
3276937,85568398037160720
3408009,220957861834982160
5897,216191546876232465
132873,220677554317562640
263945,504685805818610448
526089,216191546876233488
1050377,220677554585994000
2098953,216173954958689040
133897,220695146503607040
264969,504703398004654848
1051401,220695146772038400
2099977,216191547144733440
37641,504421923027944193
135945,220695077784130305
267017,504703329285178113
1053449,220695078052561665
2102025,216191478425256705
164617,508907930469274368
557833,504421923027945216
1082121,508907930737705728
2130697,504404331110400768
393993,509189336726508288
656137,220695077784131328
2229001,220677485866586880
787209,504703329285179136
1311497,509189336994939648
2360073,504685737367634688
1573641,220695078052562688
2622217,216191478425257728
19721,216191684281631505
36105,504421235799622416
134409,220694184397378320
265481,504702435898426128
1051913,220694184665809680
2100489,216190585038504720
21769,216191546842678035
38153,504420960921715473
70921,216190455922033425
529673,216225631703140113
50441,504404468247298833
83209,216173963247616785
165129,508906968363045648
558345,504420960921716496
1082633,508906968631477008
2131209,504403369004172048
197897,220676463363363600
328969,504684714864411408
591113,216190455922034448
1115401,220676463631794960
2163977,216172864004490000
1180937,229683654295556880
3147017,220676455577748240
137481,220729231330513665
268553,504737482831561473
530697,216296000447317761
1054985,220729231598945025
2103561,216225631971640065
51465,504422060433343233
84233,216191555433661185
542985,216226731214767873
166153,508924560549090048
1083657,508924560817521408
2132233,504420961190216448
198921,220694055549408000
329993,504702307050455808
1116425,220694055817839360
2165001,216190456190534400
657673,220729231330514688
1181961,229701246481601280
788745,504737482831562496
1575177,220729231598946048
2623753,216225631971641088
3148041,220694047763792640
78089,216190473101902593
143625,220694055548359425
274697,504702307049407233
1061129,220694055816790785
2109705,216190456189485825
53513,504421922994389763
151817,220695077750575875
282889,504703329251623683
1069321,220695078019007235
2117897,216191478391702275
102665,504420832073745153
299273,1081163050762896129
561417,504456007854851841
200969,220693986829931265
332041,504702238330979073
1118473,220693987098362625
2167049,216190387471057665
659721,220729162611037953
1184009,229701177762124545
790793,504737414112085761
1577225,220729162879469313
2625801,216225563252164353
3150089,220693979044315905
90377,216173980427485953
155913,220677562873942785
286985,504685814374990593
549129,216191555432613633
1073417,220677563142374145
2121993,216173963515069185
205065,220676480543232768
336137,504684732044280576
598281,216190473101903616
1122569,220676480811664128
2171145,216172881184359168
401673,509188314490737408
663817,220694055548360448
2236681,220676463630816000
794889,504702307049408256
1319177,509188314759168768
2367753,504684715131863808
1581321,220694055816791808
2629897,216190456189486848
114953,504404339399328513
311561,1081146558088479489
213257,220677494155514625
344329,504685745656562433
606473,216191486714185473
1130761,220677494423945985
2179337,216173894796641025
1196297,229684685087707905
3162377,220677486369899265
229641,508906839515075328
622857,504420832073746176
1147145,508906839783506688
2195721,504403240156201728
426249,1085649058204226304
1212681,517914030447268608
819465,1081163050762897152
1343753,1085649058472657664
2392329,1081145458845352704
3178761,508906831729459968
459017,509188245772309248
721161,220693986829932288
2294025,220676394912387840
852233,504702238330980096
1376521,509188246040740608
2425097,504684646413435648
1638665,220693987098363648
2687241,216190387471058688
1442057,518195436704502528
1704201,229701177762125568
3408137,509188237986693888
3670281,220693979044316928
7689,72111680577864465
11785,72076779673617168
19977,72078695229031185
36361,216191959159538448
69129,72076504796758800
265737,216473159258342160
527881,72111680577865488
13833,72076504795710225
22025,72078557790077715
38409,216191684281631505
75273,72058929790583568
140809,76562512237040400
534025,72076504795711248
1058313,76562512505471760
2106889,72058912878166800
83465,72060974195016465
280073,216457628656599825
165385,220677691722961680
296457,504685943224009488
558601,216191684281632528
1082889,220677691991393040
2131465,216174092364088080
329225,216455438224327440
72201,72111551729894145
268809,216508206191477505
76297,72076521976627968
141833,76580104423084800
1059337,76580104691516160
2107913,72076505064211200
84489,72078566381060865
281097,216475220842644225
543241,72113742162167553
166409,220695283909006080
297481,504703535410053888
1083913,220695284177437440
2132489,216191684550132480
330249,216473030410371840
592393,72111551729895168
789001,216508206191478528
274953,216473030409323265
537097,72111551728846593
152073,76582088697975555
1069577,76582088966406915
2118153,72078489339101955
102921,216191555433661185
561673,216226731214767873
332297,216472961690895105
594441,72111483010418433
791049,216508137472001793
90633,72060991374885633
156169,76564573821342465
549385,72078566380013313
1073673,76564574089773825
2122249,72060974462468865
336393,216455455404196608
401929,220959037850653440
1188361,85569574321263360
795145,216473030409324288
1319433,220959038119084800
2368009,216455438491779840
3154441,76562375603454720
180745,220679753307263745
311817,504688004808311553
573961,216193745865934593
1098249,220679753575695105
2146825,216176153948390145
213513,76564505102914305
606729,72078497661585153
1131017,76564505371345665
2179593,72060905744040705
410121,220961159564497665
1196553,85571696035107585
803337,216475152123168513
1327625,220961159832929025
2376201,216457560205624065
3162633,76564497317298945
229897,220677562874991360
360969,504685814376039168
623113,216191555433662208
1147401,220677563143422720
2195977,216173963516117760
1212937,229684753807184640
3179017,220677555089376000
459273,220958969132225280
1245705,85569505602835200
852489,216472961690896128
1376777,220958969400656640
2425353,216455369773351680
3211785,76562306885026560
1442313,229966160064418560
3277321,85569497548788480
3408393,220958961346609920
138249,76614180676834065
531465,72180949793638161
1055753,76614180945265425
2104329,72110581317960465
27657,72076779656839953
76809,72075697326129936
142345,76579279772586768
1059849,76579280041018128
2108425,72075680413713168
52233,216191959142761233
85001,72076504779981585
281609,216473159241564945
543753,72111680561088273
166921,220694459258508048
297993,504702710759555856
1084425,220694459526939408
2133001,216190859899634448
199689,76579004895728400
1117193,76579005164159760
2165769,72075405536854800
396297,220975659357311760
658441,76614180676835088
1182729,85586195827921680
1313801,220975659625743120
2362377,216472059998438160
1575945,76614180945266448
2624521,72110581317961488
3148809,76578997110113040
78857,72075422448222993
144393,76579004894679825
1061897,76579005163111185
2110473,72075405535806225
87049,72076367341028115
283657,216473021802611475
545801,72111543122134803
168969,220694184380601105
300041,504702435881648913
1086473,220694184649032465
2135049,216190585021727505
332809,216471930881966865
594953,72110452201490193
791561,216507106663073553
91145,72058929773806353
156681,76562512220263185
549897,72076504778934033
1074185,76562512488694545
2122761,72058912861389585
205833,76561429889553168
599049,72075422448224016
1123337,76561430157984528
2171913,72057830530679568
664585,76579004894680848
2237449,76561412977136400
1582089,76579005163112208
2630665,72075405535807248
181257,220677691706184465
312329,504685943207232273
574473,216191684264855313
1098761,220677691974615825
2147337,216174092347310865
345097,216455438207550225
427017,509188443322979088
689161,220694184380602128
2262025,220676592463057680
820233,504702435881649936
1344521,509188443591410448
2393097,504684843964105488
1606665,220694184649033488
2655241,216190585021728528
459785,220957938323297040
1246217,85568474793906960
853001,216471930881967888
1377289,220957938591728400
2425865,216454338964423440
3212297,76561276076098320
1442825,229965129255490320
3277833,85568466739860240
3408905,220957930537681680
153609,76615142749508355
546825,72181911866312451
1071113,76615143017939715
2119689,72111543390634755
202761,76614051828863745
595977,72180820945667841
1120265,76614052097295105
2168841,72110452469990145
399369,221010706290447105
1185801,85621242761057025
792585,216577475407251201
1316873,221010706558878465
2365449,216507106931573505
3151881,76614044043248385
92169,72076521959850753
157705,76580104406307585
1075209,76580104674738945
2123785,72076505047433985
206857,76579022075597568
1124361,76579022344028928
2172937,72075422716723968
2238473,76579005163180800
182281,220695283892228865
313353,504703535393276673
1099785,220695284160660225
2148361,216191684533355265
346121,216473030393594625
608265,72111551713117953
804873,216508206174701313
428041,509206035509023488
2263049,220694184649102080
1345545,509206035777454848
2394121,504702436150149888
460809,220975530509341440
722953,76614051828864768
1247241,85586066979951360
1378313,220975530777772800
2426889,216471931150467840
1640457,76614052097296128
2689033,72110452469991168
3213321,76578868262142720
919561,221010706290448128
1443849,229982721441534720
1705993,85621242761058048
3278857,85586058925904640
1837065,221010706558879488
2885641,216507106931574528
3409929,220975522723726080
3672073,76614044043249408
94217,72076384520897283
159753,76579966967354115
1077257,76579967235785475
2125833,72076367608480515
339977,216471948061836033
602121,72110469381359361
405513,220975530508292865
667657,76614051827816193
1191945,85586066978902785
1323017,220975530776724225
2371593,216471931149419265
1585161,76614052096247553
2633737,72110452468942593
3158025,76578868261094145
184329,220695146453275395
315401,504703397954323203
1101833,220695146721706755
2150409,216191547094401795
217097,76579898248925955
1134601,76579898517357315
2183177,72076298890052355
413705,220976552710509315
675849,76615074030032643
1200137,85587089181119235
1331209,220976552978940675
2379785,216472953351635715
1593353,76615074298464003
2641929,72111474671159043
3166217,76579890463310595
233481,220694055532630785
364553,504702307033678593
1150985,220694055801062145
2199561,216190456173757185
692233,220729231313737473
1216521,229701246464824065
823305,504737482814785281
1609737,220729231582168833
2658313,216225631954863873
3182601,220694047747015425
462857,220975461789864705
725001,76613983109388033
1249289,85585998260474625
1380361,220975462058296065
2428937,216471862430991105
1642505,76613983377819393
2691081,72110383750514433
3215369,76578799542665985
921609,221010637570971393
1445897,229982652722057985
1708041,85621174041581313
3280905,85585990206427905
1839113,221010637839402753
2887689,216507038212097793
3411977,220975454004249345
3674121,76613975323772673
352265,216455455387419393
417801,220959037833876225
1204233,85569574304486145
811017,216473030392547073
1335305,220959038102307585
2383881,216455438475002625
3170313,76562375586677505
466953,220957955503166208
1253385,85568491973776128
860169,216471948061837056
1384457,220957955771597568
2433033,216454356144292608
3219465,76561293255967488
925705,220975530508293888
2498569,220957938590749440
1712137,85586066978903808
1843209,220975530776725248
2891785,216471931149420288
3678217,76578868261095168
245769,220677562858214145
376841,504685814359261953
638985,216191555416884993
1163273,220677563126645505
2211849,216173963499340545
1228809,229684753790407425
3194889,220677555072598785
475145,220958969115448065
1261577,85569505586057985
868361,216472961674118913
1392649,220958969383879425
2441225,216455369756574465
3227657,76562306868249345
1458185,229966160047641345
3293193,85569497532011265
3424265,220958961329832705
491529,509188314475008768
753673,220694055532631808
2326537,220676463615087360
884745,504702307033679616
1409033,509188314743440128
2457609,504684715116135168
1671177,220694055801063168
2719753,216190456173758208
1474569,518195505407202048
1736713,229701246464825088
3440649,509188306689393408
3702793,220694047747016448
983049,220975461789865728
2555913,220957869872321280
1769481,85585998260475648
1900553,220975462058297088
2949129,216471862430992128
3735561,76578799542667008
1966089,229982652722059008
3801097,85585990206428928
3932169,220975454004250368
753,4524503351689488
1265,4522372980801840
2289,4557557352890640
4337,4557488633413905
16625,4524503284580625
65777,4522321443291408
131313,13529503516070160
1048817,13529503784501520
881,76582097389617408
2417,76615151390818560
4465,76615082671341825
16753,76582097322508545
33137,220695155094585600
65905,76579915481219328
131441,85587097553998080
262513,220976561351819520
1048945,85587097822429440
1649,4524572004057360
8817,4524589183926528
17009,4528901331091713
33393,76582166041985280
262769,76863572299219200
2097777,4524503553081600
3185,4557694758289680
525425,4557557319336720
10353,4557711938158848
18545,4559756342591745
34929,76615288796217600
67697,4557574501302528
133233,13564756574081280
526449,4627926063514368
1050737,13564756842512640
69745,4557505781825793
135281,13564687854604545
528497,4627857344037633
1052785,13564688123035905
73841,4522424488952064
532593,4557574499205888
82033,4524520432992513
147569,13531702505771265
1065073,13531702774202625
557169,76615151357264640
196721,13529520664482048
1114225,13529520932913408
786545,76896557614498560
2621553,4557488868360960
3145841,13529504287883520
1457,72058775272423728
16817,72060905576202513
33201,216173963348279568
65969,72058723734913296
262577,216455369605513488
524721,72076298738991888
2737,20972443795728
4785,20903724318993
8881,3397437620496
17073,7709584785681
33457,72060974295679248
131761,4506911165649168
262833,72342380552913168
1049265,4506911434080528
2097841,3311806775568
5297,18773353431345
132273,4504780794761520
263345,72340250182025520
1049777,4504781063192880
2098353,1181435887920
6321,53957725520145
10417,18927972253968
18609,20972376686865
34993,72076504830312720
67761,18790535397648
69809,18721815920913
24753,3397370511633
41137,72058929824137488
532657,18790533301008
49329,72060974228570385
147633,4506911098540305
278705,72342380485804305
1065137,4506911366971665
2113713,3311739666705
98481,72058792387281168
295089,216455438257881360
557233,72076367391359760
196785,4504729257251088
327857,72340198644515088
1114289,4504729525682448
2162865,1129898377488
655537,4522304261329680
1179825,13511911598461200
786609,72357773648593680
1573041,4522304529761040
2621617,18704902456080
3145905,4504712880652560
1841,72060974295679248
2865,72078566481723648
4913,72078497762246913
9009,72060991475548416
17201,72065303622713601
131889,76564505203577088
1049393,76564505472008448
2097969,72060905844703488
3377,72076504830312720
9521,72058929824137488
17713,72060974228570385
66865,72058792387281168
263473,216455438257881360
525617,72076367391359760
6449,72111551763448065
10545,72076522010181888
18737,72078566414614785
67889,72076384573325568
264497,216473030443925760
37169,216191555467215105
69937,72076315853848833
266545,216472961724449025
24881,72060991408439553
270641,216455455437750528
532785,72076384571228928
147761,76564505136468225
1065265,76564505404899585
2113841,72060905777594625
164145,220677562908545280
295217,504685814409593088
1081649,220677563176976640
2130225,216173963549671680
196913,76562323295179008
1114417,76562323563610368
2162993,72058723936305408
393521,220958969165779200
655665,76579898299257600
1179953,85569505636389120
1311025,220958969434210560
2359601,216455369806905600
1573169,76579898567688960
2621745,72076298940384000
3146033,76562306918580480
5681,20972376686865
17969,7778237153553
132657,4506979818017040
263729,72342449205281040
1050161,4506980086448400
2098737,3380459143440
18993,25370423197953
133681,4524572004061440
264753,72360041391325440
1051185,4524572272492800
2099761,20972645187840
12849,20989556556033
37425,72078566414614785
135729,4524503284584705
266801,72359972671848705
1053233,4524503553016065
2101809,20903925711105
25137,7795417022721
139825,4506996997886208
270897,72342466385150208
1057329,4506997266317568
2105905,3397639012608
49713,72065372275081473
148017,4511309145051393
279089,72346778532315393
1065521,4511309413482753
2114097,7709786177793
164401,76564573855944960
1081905,76564574124376320
2130481,72060974497071360
393777,76845980113178880
2228785,4506911367041280
1311281,76845980381610240
2359857,72342380754305280
7217,54095130919185
19505,21109782085905
68657,18927940796688
21553,20972343132435
529457,53957691966225
25649,3534775910673
533553,18927938700048
50225,72061111633969425
82993,3397339054353
541745,20972343132945
99377,72058929792680208
295985,216455575663280400
558129,72076504796758800
590897,18790501843728
14385,54112310788353
38961,72111689168847105
71729,53974873932033
530481,124326436143873
26673,21126961955073
51249,72078703820013825
84017,20989525098753
100401,72076521978724608
297009,216473167849324800
657457,4557557319340800
788529,72393026706604800
1574961,4557557587772160
2623537,53957960467200
28721,20989523001603
77873,18824861581569
536625,53974871835393
53297,72078566381060355
151601,4524503251030275
282673,72359972638294275
1069105,4524503519461635
2117681,20903892156675
561201,72111551729894145
659505,4557488599864065
790577,72392957987128065
1577009,4557488868295425
2625585,53889240990465
57393,72061128813838593
548913,20989523002113
303153,216455592843149568
565297,72076521976627968
204849,4504832302911744
335921,72340301690175744
1122353,4504832571343104
2170929,1232944038144
114737,72060991376982273
311345,216457637247582465
573489,72078566381060865
213041,4506928246952193
344113,72342397634216193
1130545,4506928515383553
2179121,3328888078593
671793,4524503251030785
1196081,13514110588162305
802865,72359972638294785
1589297,4524503519462145
2637873,20903892157185
3162161,4506911870353665
360497,216455455406293248
622641,72076384539771648
819249,216473030410371840
720945,4522321409741568
1245233,13511928746873088
852017,72357790797005568
1638449,4522321678172928
2687025,18722050867968
3211313,4504730029064448
1703985,13529503750951680
3276849,13511912101843200
3670065,4522305033143040
977,76579898499531024
1489,76578867573162288
2513,76614051945251088
4561,76613983225774353
33233,220694055649018128
131537,85585998108430608
262609,220975461906252048
1049041,85585998376861968
1745,4522373046862128
2769,4557557418950928
4817,4557488699474193
17105,4524503350640913
131793,13529503582130448
1049297,13529503850561808
17617,4522372979753265
66769,4521290649043248
263377,76860342482764080
2098385,4521273736626480
6353,4626826584391953
18641,4557557351842065
67793,4556475021132048
264401,76895526854852880
2099409,4556458108715280
12497,4556475020083473
37073,76614051878142225
69841,4556406301655313
266449,76895458135376145
2101457,4556389389238545
41169,76579022124876048
73937,4521325008781584
139473,13528489902739728
1056977,13528490171171088
147665,13529503515021585
1065169,13529503783452945
164049,85586066760798480
295121,220975530558619920
1081553,85586067029229840
196817,13528421184311568
1114321,13528421452742928
393425,85867473018032400
1179857,31542802781311248
2228433,13528404271894800
1310929,85867473286463760
2897,76615151456878848
4945,76615082737402113
17233,76582097388568833
33617,220695155160645888
131921,85587097620058368
262993,220976561417879808
1049425,85587097888489728
5457,76614051878142225
9553,76579022124876048
132433,85586066760798480
263505,220975530558619920
1049937,85586067029229840
6481,76684420622319873
18769,76615151389769985
67921,76614069059059968
2099537,76614052146643200
12625,76614069058011393
69969,76614000339583233
2101585,76613983427166465
74065,76578919046709504
139601,85586083940667648
270673,220975547738489088
1057105,85586084209099008
49489,220695155093537025
147793,85587097552949505
278865,220976561350770945
1065297,85587097821380865
98641,220694072762827008
295249,509205906710331648
2130257,220694055850410240
196945,85586015222239488
328017,220975479020060928
1114449,85586015490670848
1179985,103600396819239168
2228561,85585998309822720
2359633,220975462107644160
5713,4557557351842065
9809,4522527598575888
18001,4524572003008785
34385,76580104456634640
132689,13529572234498320
1050193,13529572502929680
6737,4627926096019713
68177,4557574532759808
264785,76896626366480640
2099793,4557557620343040
12881,4557574531711233
37457,76615151389769985
70225,4557505813283073
266833,76896557647003905
2101841,4557488900866305
25169,4524589182877953
41553,76580121636503808
74321,4522424520409344
139857,13529589414367488
1057361,13529589682798848
49745,76582166040936705
82513,4524520464449793
279121,76863572298170625
2114129,4524503552033025
164433,85587166272426240
295505,220976630070247680
1081937,85587166540857600
197201,13529520695939328
1114705,13529520964370688
393809,85868572529660160
1180241,31543902292939008
2228817,13529503783522560
1311313,85868572798091520
7249,4626963989790993
11345,4556887303389456
19537,4557694757241105
35921,76614464161448208
68689,4556612426531088
265297,76895664260251920
2100305,4556595514114320
13393,4556612425482513
21585,4557557318287635
37969,76614189283541265
136273,13563657061404945
529489,4626826550838033
1053777,13563657329836305
74833,4521462414180624
140369,13528627308138768
1057873,13528627576570128
541777,4557557318288145
164945,85586204166197520
296017,220975667964018960
1082449,85586204434628880
590929,4556474987578128
787537,76895526821298960
2622545,4556458075161360
3146833,13528473494683920
14417,4626981169660161
22609,4627926062465283
38993,76684558027718913
137297,13634025805582593
1054801,13634026074013953
26705,4557711937110273
43089,76614481341317376
272465,76895681440121088
2107473,4556612693983488
51281,76615288795169025
149585,13564756573032705
542801,4627926062465793
1067089,13564756841464065
100433,76614206464459008
2132049,76614189552042240
198737,13563674242322688
591953,4626843731755776
1116241,13563674510754048
395345,85902726076043520
1181777,31578055839322368
2230353,13563657329905920
788561,76965895565476608
1312849,85902726344474880
2623569,4626826819339008
28753,4557574498156803
45137,76614206463410433
77905,4556509347315969
143441,13563674241274113
536657,4626843730707201
1060945,13563674509705473
53329,76615151356215555
86097,4557505779728643
282705,76896557613449475
2117713,4557488867311875
168017,85621251099332865
299089,221010714897154305
561233,76684420588765953
1085521,85621251367764225
200785,13563605522845953
594001,4626775012279041
1118289,13563605791277313
397393,85902657356566785
1183825,31577987119845633
2232401,13563588610429185
790609,76965826845999873
1314897,85902657624998145
2625617,4626758099862273
548945,4557574498157313
106577,76579056452108544
172113,85586221346066688
303185,220975685143888128
1089617,85586221614498048
204881,13528524229972224
1122385,13528524498403584
794705,76895544001168128
2629713,4556475255030528
3154001,13528490674553088
573521,76615151356216065
606289,4557505779729153
802897,76896557613449985
2637905,4557488867312385
3162193,13529504286834945
622673,76614069025506048
426065,229982729779810560
1343569,229982730048241920
2654289,76614052113089280
3178577,85586067532611840
852049,76895475282739968
2687057,4556406536602368
3211345,13528421956124928
3276881,31542803284693248
2883665,76895458370323200
3407953,85867473789845760
2961,72076367591637264
5009,72076298872160529
9105,72058792585462032
66449,72058723867033872
131985,76562306313490704
1049489,76562306581922064
2098065,72058706954617104
5521,72075267945791793
17809,72058775271375153
66961,72057692940665136
132497,76561275387121968
1050001,76561275655553328
2098577,72057676028248368
6545,72110452317880593
10641,72075422564614416
264593,216471930998358288
20881,72076298737942803
37265,216190456021647633
266641,216471862278881553
74129,72057727300403472
270737,216454355992183056
532881,72075285125661456
49553,216173963347230993
278929,216455369604464913
541073,72076298737943313
98705,216172881016520976
164241,220676463462977808
295313,504684714964025616
1081745,220676463731409168
2130321,216172864104104208
328081,216454287273754896
590225,72075216407233296
393617,220957869720211728
655761,76578798853690128
1180049,85568406190821648
1311121,220957869988643088
2359697,216454270361338128
1573265,76578799122121488
2621841,72075199494816528
3146129,76561207473013008
5777,18773419491633
67217,1198414364976
132753,4504780860821808
263825,72340250248085808
1050257,4504781129253168
2098833,1181501948208
6801,53957791580433
10897,18928038314256
19089,20972442747153
35473,72076504896373008
25233,3397436571921
41617,72058929890197776
74385,1232774103312
533137,18790599361296
49809,72060974294630673
82577,3328718143761
148113,4506911164600593
279185,72342380551864593
1065617,4506911433031953
2114193,3311805726993
295569,216455438323941648
557713,72076367457420048
590481,18721880933136
656017,4522304327389968
1180305,13511911664521488
787089,72357773714653968
1573521,4522304595821328
2622097,18704968516368
3146385,4504712946712848
70801,17691021672753
136337,4521273468129585
267409,72356742855393585
1053841,4521273736560945
2102417,17674109255985
83089,1198347256113
148625,4504780793712945
279697,72340250180976945
1066129,4504781062144305
2114705,1181434839345
197777,4503698463002928
328849,72339167850266928
1115281,4503698731434288
2163857,99104129328
394385,76842750296723760
2229393,4503681550586160
1311889,76842750565155120
2360465,72339150937850160
71825,52875393761553
137361,4556457840218385
268433,72391927227482385
1054865,4556458108649745
2103441,52858481344785
26769,18927971205393
43153,72075697375412496
141457,4521428086952208
272529,72356897474216208
1058961,4521428355383568
2107537,17828728078608
51345,72076504829264145
100497,72075422498554128
166033,76579004945010960
1083537,76579005213442320
2132113,72075405586137360
1181841,13528472991306000
3147921,4521274273497360
28817,18790532251923
45201,72075422497505553
77969,17725381411089
53393,72076367390310675
86161,18721813823763
151697,4522304260280595
282769,72357773647544595
1069201,4522304528711955
2117777,18704901406995
299153,216471930931249425
1183889,13528404271829265
3149969,4521205554020625
57489,72058929823088913
90257,1232706994449
549009,18790532252433
172177,76561429938835728
1089681,76561430207267088
2138257,72057830579962128
204945,4503732822741264
336017,72339202210005264
1122449,4503733091172624
2171025,133463867664
663697,4521290647999248
1187985,13510897985130768
794769,72356760035263248
1581201,4521290916430608
2629777,17691289125648
3154065,4503699267322128
311441,216455438256832785
573585,72076367390311185
606353,18721813824273
671889,4522304260281105
1196177,13511911597412625
802961,72357773647545105
1589393,4522304528712465
2637969,18704901407505
3162257,4504712879603985
360593,216454355926122768
622737,72075285059601168
426129,220957938372579600
688273,76578867506058000
1212561,85568474843189520
1343633,220957938641010960
2392209,216454339013706000
1605777,76578867774489360
2654353,72075268147184400
3178641,76561276125380880
721041,4521221929571088
1245329,13510829266702608
852113,72356691316835088
1638545,4521222198002448
2687121,17622570697488
3211409,4503630548893968
917649,76860273763291920
1441937,85849881100423440
2752657,4521205017154320
1835153,76860274031723280
2883729,72356674404418320
3408017,76842682382614800
3857,72076504896373008
10001,72058929890197776
18193,72060974294630673
263953,216455438323941648
526097,72076367457420048
6929,72111551829508353
11025,72076522076242176
19217,72078566480675073
264977,216473030509986048
37649,216191555533275393
267025,216472961790509313
25361,72060991474499841
74513,72058826812031232
271121,216455455503810816
533265,72076384637289216
82705,72060922756071681
148241,76564505202528513
1065745,76564505470959873
2114321,72060905843654913
99089,216173980528148736
164625,220677562974605568
295697,504685814475653376
1082129,220677563243036928
2130705,216173963615731968
328465,216455386785382656
590609,72076315918861056
394001,220958969231839488
656145,76579898365317888
1180433,85569505702449408
1311505,220958969500270848
2360081,216455369872965888
1573649,76579898633749248
2622225,72076299006444288
3146513,76562306984640768
11537,72075697375412496
19729,72076504829264145
68881,72075422498554128
134417,76579004945010960
1051921,76579005213442320
2100497,72075405586137360
13585,72075422497505553
21777,72076367390310675
267537,216471930931249425
25873,72058929823088913
140561,76561429938835728
1058065,76561430207267088
2106641,72057830579962128
279825,216455438256832785
541969,72076367390311185
328977,216454355926122768
591121,72075285059601168
394513,220957938372579600
656657,76578867506058000
1180945,85568474843189520
1312017,220957938641010960
2360593,216454339013706000
1574161,76578867774489360
2622737,72075268147184400
3147025,76561276125380880
71953,72110469431689473
137489,76614051878146305
1054993,76614052146577665
2103569,72110452519272705
26897,72076522009133313
141585,76579022124880128
1059089,76579022393311488
2107665,72075422766006528
280849,216473030442877185
330001,216471948112167168
395537,220975530558624000
1181969,85586067029233920
1313041,220975530827055360
2361617,216471931199750400
3148049,76578868311425280
28945,72076384570179843
78097,72075319419339009
274705,216471948111118593
86289,72076315851751683
151825,76579898298208515
1069329,76579898566639875
2117905,72076298939334915
102673,216190473135456513
168209,220694055581913345
299281,504702307082961153
1085713,220694055850344705
2134289,216190456223039745
332049,216471879392690433
397585,220975461839147265
1184017,85585998309757185
1315089,220975462107578625
2363665,216471862480273665
3150097,76578799591948545
90385,72058826744922369
286993,216455455436701953
549137,72076384570180353
205073,76561326860669184
1122577,76561327129100544
2171153,72057727501795584
401681,220957955552448768
663825,76578884685927168
1188113,85568492023058688
1319185,220957955820880128
2367761,216454356193575168
1581329,76578884954358528
2629905,72075285327053568
3154193,76561293305250048
114961,216173980461039873
180497,220677562907496705
311569,504685814408544513
1098001,220677563175928065
2146577,216173963548623105
344337,216455386718273793
606481,72076315851752193
409873,220958969164730625
672017,76579898298209025
1196305,85569505635340545
1327377,220958969433161985
2375953,216455369805857025
1589521,76579898566640385
2638097,72076298939335425
3162385,76562306917531905
229649,220676480576786688
360721,504684732077834496
1147153,220676480845218048
2195729,216172881217913088
426257,509188314524291328
2261265,220676463664369920
1343761,509188314792722688
2392337,504684715165417728
459025,220957886834020608
721169,76578815967499008
1245457,85568423304630528
1376529,220957887102451968
2425105,216454287475147008
1638673,76578816235930368
2687249,72075216608625408
3211537,76561224586821888
2490641,220957869921603840
2752785,76578799055082240
11793,19202849112336
36369,72076779707171088
69137,18927972253968
134673,4522510418710800
265745,72357979805974800
1052177,4522510687142160
2100753,18911059837200
13841,18927971205393
38417,72076504829264145
42513,72059204700995856
140817,4504935412535568
271889,72340404799799568
1058321,4504935680966928
2106897,1336053661968
83473,3397370511633
149009,4506979816968465
280081,72342449204232465
1066513,4506980085399825
2115089,3380458094865
99857,72058929824137488
165393,76562512270594320
1082897,76562512539025680
2131473,72058912911720720
591377,18790533301008
656913,4522372979757840
1181201,13511980316889360
787985,72357842367021840
1574417,4522373248189200
2622993,18773620884240
3147281,4504781599080720
72209,53974905389313
137745,4557557351846145
268817,72393026739110145
1055249,4557557620277505
2103825,53957992972545
43537,72076796887040256
141841,4522527598579968
272913,72357996985843968
1059345,4522527867011328
2107921,18928239706368
84497,20989556556033
150033,4524572003012865
281105,72360041390276865
1067537,4524572271444225
2116113,20972644139265
100881,72076522010181888
166417,76580104456638720
1083921,76580104725070080
2132497,72076505097765120
1182225,13529572502933760
3148305,4522373785125120
45585,72076522009133313
78353,18824893038849
299537,216473030442877185
1184273,13529503783457025
3150353,4522305065648385
156177,4506996996837633
287249,72342466384101633
1073681,4506997265268993
2122257,3397637964033
172561,76562529450463488
1090065,76562529718894848
2138641,72058930091589888
205329,4504832334369024
336401,72340301721633024
1122833,4504832602800384
2171409,1232975495424
664081,4522390159627008
1188369,13511997496758528
795153,72357859546891008
1581585,4522390428058368
2630161,18790800753408
3154449,4504798778949888
115217,72060991408439553
180753,76564573854896385
1098257,76564574123327745
2146833,72060974496022785
213521,4506928278409473
344593,72342397665673473
1131025,4506928546840833
2179601,3328919535873
410129,76845980112130305
2245137,4506911365992705
1327633,76845980380561665
2376209,72342380753256705
360977,216455455437750528
623121,72076384571228928
426513,220959037884207360
688657,76579967017685760
1212945,85569574354817280
1344017,220959038152638720
2392593,216455438525333760
1606161,76579967286117120
2654737,72076367658812160
3179025,76562375637008640
721425,4522321441198848
1245713,13511928778330368
852497,72357790828462848
1638929,4522321709630208
2687505,18722082325248
3211793,4504730060521728
918033,76861373274919680
1442321,85850980612051200
2753041,4522304528782080
1835537,76861373543351040
2884113,72357773916046080
3408401,76843781894242560
15377,53287676018961
39953,72110864534077713
72721,53012799160593
138257,4556595245617425
269329,72392064632881425
1055761,4556595514048785
2104337,52995886743825
44049,72076247097671952
76817,18137664717072
298001,216472343214555408
1182737,13528610396705040
3148817,4521411678896400
29713,18927937650963
78865,17862786810129
54289,72076504795709715
300049,216472068336648465
594961,52875360207633
660497,4556457806664465
791569,72391927193928465
1578001,4556458075095825
2626577,52858447790865
91153,1370112393489
549905,18927937651473
107537,72058139516600592
304145,216454768208380176
566289,72075697341858576
205841,4503870228140304
336913,72339339615404304
1123345,4503870496571664
2171921,270869266704
664593,4521428053398288
1188881,13511035390529808
795665,72356897440662288
1582097,4521428321829648
2630673,17828694524688
3154961,4503836672721168
312337,216455575662231825
574481,72076504795710225
361489,216454493331521808
623633,72075422465000208
427025,220958075777978640
689169,76579004911457040
1213457,85568612248588560
1344529,220958076046410000
2393105,216454476419105040
1606673,76579005179888400
2655249,72075405552583440
3179537,76561413530779920
1704977,13528472957752080
3277841,13510881308643600
3671057,4521274239943440
47121,72110881713946881
145425,4556612425486593
276497,72392081812750593
1062929,4556612693917953
2111505,53013066612993
88081,53974871834883
153617,4557557318291715
284689,72393026705555715
1071121,4557557586723075
2119697,53957959418115
104465,72110606837088513
170001,76614189283545345
1087505,76614189551976705
2136081,72110589924671745
595985,123244104385281
661521,4626826550842113
1185809,13563657329840385
792593,72462295938106113
1579025,4626826819273473
2627601,123227191968513
3151889,4556458612031745
92177,18962298437889
108561,72075731702644992
305169,216472360394424576
206865,4521462414184704
337937,72356931801448704
1124369,4521462682616064
2172945,17863055311104
1189905,13528627576574208
3155985,4521428858765568
313361,216473167848276225
608273,53974871835393
673809,4557557318292225
804881,72393026705556225
1591313,4557557586723585
2639889,53957959418625
362513,216472085517566208
428049,220975667964023040
1214481,85586204434632960
1345553,220975668232454400
2394129,216472068605149440
3180561,76579005716824320
722961,4556474987582208
854033,72391944374846208
1640465,4556475256013568
2689041,52875628708608
919569,76895526821303040
2754577,4556458075165440
3278865,13528473494688000
1837073,76895527089734400
2885649,72391927462429440
61457,72076521975578883
94225,18824859484419
110609,72075456824738049
307217,216472085516517633
667665,4556474986533633
798737,72391944373797633
1585169,4556475254964993
2633745,52875627660033
315409,216473030409322755
1200145,13529503749902595
3166225,4522305032093955
626705,72110469398135553
692241,76614051844592385
1609745,76614052113023745
2658321,72110452485718785
725009,4556406268105473
856081,72391875655369473
1642513,4556406536536833
2691089,52806909231873
921617,76895458101826305
2756625,4556389355688705
3280913,13528404775211265
1839121,76895458370257665
2887697,72391858742952705
122897,72058964150321409
319505,216455592842100993
581649,72076521975579393
614417,18824859484929
237585,76561464266068224
1155089,76561464534499584
2203665,72057864907194624
434193,220958092957847808
696337,76579022091326208
1220625,85568629428457728
1351697,220958093226279168
2400273,216454493598974208
1613841,76579022359757568
2662417,72075422732452608
3186705,76561430710649088
729105,4521324975231744
1253393,13510932312363264
860177,72356794362495744
1646609,4521325243663104
2695185,17725616358144
3219473,4503733594554624
1712145,13528490137621248
3285009,13510898488512768
3678225,4521291419812608
835601,216473030409323265
1720337,13529503749903105
3293201,13511912100794625
3686417,4522305032094465
884753,216471948078613248
950289,220975530525070080
1474577,229965137862201600
1736721,85586066995680000
3309585,85568475346571520
1867793,220975530793501440
2916369,216471931166196480
3440657,220957939144392960
3702801,76578868277871360
1769489,13528421419193088
3342353,13510829770084608
3735569,4521222701384448
1966097,85867473252913920
3538961,85849881603805440
3932177,76860274535105280
66017,76579898301350160
524769,76615074081407760
1761,4524563414122800
2785,4559747786211600
4833,4559679066734865
8929,4524572004057360
131809,13531693949391120
1049313,13531694217822480
3297,4557686168355120
9441,4522510386200880
66785,4522372949344560
525537,4557548729402160
10465,4557694758289680
67809,4557557321433360
20705,4559679033180435
69857,4557488601956625
532705,4557557319336720
82145,4524503253123345
540897,4559679033180945
196833,13529503484612880
1114337,13529503753044240
655585,13564679264670480
1573089,13564679533101840
2913,76617341824139520
4961,76617273104662785
9057,76582166041985280
33633,220697345527906560
131937,85589287987319040
263009,220978751785140480
1049441,85589288255750400
10593,76615288796217600
35169,220730468282138880
67937,76615151359361280
20833,76617273071108355
69985,76615082639884545
41313,220695292499984640
532833,76615151357264640
82273,76582097291051265
541025,76617273071108865
98657,220695155063128320
557409,220730330843185920
196961,85587097522540800
328033,220976561320362240
1114465,85587097790972160
655713,85622273302598400
786785,221011737100419840
1573217,85622273571029760
3681,4559885191610640
9825,4524709409456400
67169,4524571972600080
525921,4559747752657680
35425,76617479229538560
133729,13566947007402240
526945,4630116496835328
1051233,13566947275833600
12897,4559756342591745
21089,4564077079691523
135777,13566878287925505
528993,4630047777358593
1053281,13566878556356865
41569,76582303447384320
74337,4524589152469248
139873,13531771225248000
1057377,13531771493679360
82529,4528901299634433
541281,4564077079692033
98913,76582166010528000
557665,76617341790585600
328289,76863572267761920
2163297,4524503521624320
787041,76898748047819520
2622049,4559679301681920
3146337,13531694721204480
11361,4557969619419408
19553,4559885174833425
134241,13564885406322960
527457,4628054895756048
1051745,13564885674754320
13409,4557694741512465
21601,4559747735879955
70753,4557557304656145
25697,4524709392679185
74849,4522527551389968
140385,13529709624168720
1057889,13529709892600080
83041,4524571955822865
541793,4559747735880465
99425,76580104409448720
558177,76615280189506320
197729,13529572187312400
1115233,13529572455743760
656481,13564747967370000
1573985,13564748235801360
14433,4628063485690113
22625,4630116480057603
71777,4627926048833793
530529,4768654945157889
43105,76615563657347328
272481,76896763756151040
2107489,4557695010013440
51297,76617479212761345
149601,13566946990625025
542817,4630116480058113
1067105,13566947259056385
165985,85622479444250880
297057,221011943242072320
559201,76685648933683968
1083489,85622479712682240
329825,76896626319294720
2164833,4557557573157120
657505,13635116711547648
1575009,13635116979979008
3147873,13564748772737280
45153,76615288779440385
77921,4557574484525313
143457,13564756557304065
536673,4627926046737153
1060961,13564756825735425
53345,76617341773807875
282721,76898748031041795
2117729,4559679284904195
102497,76615151342584065
331873,76896557599817985
2166881,4557488853680385
659553,13635047992070913
1577057,13635048260502273
3149921,13564680053260545
57441,76582303430607105
90209,4524589135692033
155745,13531771208470785
1073249,13531771476902145
106593,76580121589317888
172129,85587303662096640
303201,220976767459918080
1089633,85587303930528000
204897,13529589367181568
1122401,13529589635612928
794721,76896626317198080
2629729,4557557571060480
3154017,13529572990583040
114785,76582165993750785
573537,76617341773808385
344161,76863572250984705
2179169,4524503504847105
802913,76898748031042305
2637921,4559679284904705
3162209,13531694704427265
229473,85587166225240320
360545,220976630023061760
1146977,85587166493671680
688225,85622342005297920
819297,221011805803119360
1605729,85622342273729280
458849,85868572482474240
1245281,31543902245753088
2293857,13529503736336640
1376353,85868572750905600
917601,85903748262531840
1704033,31579078025810688
2752609,13564679516394240
1835105,85903748530963200
1953,72060965705744688
9121,72060974295679248
33697,216176153781600528
263073,216457560038834448
525217,72078489172312848
3489,72076496240378160
17825,72060965638635825
263585,216455429667946800
525729,72076358801425200
10657,72076504830312720
35233,216191684316234000
68001,72076367393456400
526753,72111543173514000
20897,72078489105203475
70049,72076298673979665
528801,72111474454037265
24993,72060974228570385
74145,72058792387281168
270753,216455438257881360
532897,72076367391359760
49569,216176153714491665
278945,216457559971725585
541089,72078489105203985
557473,216191546877281040
197025,76562306115309840
1114529,76562306383741200
2163105,72058706756436240
786849,216472953134514960
5793,20963786752305
18081,7769647218993
132769,4506971228082480
263841,72342440615346480
1050273,4506971496513840
2098849,3371869208880
6817,56148158841105
35489,72078695263633680
12961,20972376686865
21153,25293113786643
25249,7778237153553
139937,4506979818017040
271009,72342449205281040
1057441,4506980086448400
2106017,3380459143440
541345,25293113787153
295585,216457628691202320
557729,72078557824680720
656033,4524494694650640
1180321,13514102031782160
787105,72359964081914640
1573537,4524494963082000
2622113,20895335777040
3146401,4506903313973520
7329,54086540984625
11425,19185636737328
19617,21101192151345
13473,18910758830385
21665,20963753197875
70817,18773321974065
529569,53949102031665
42145,72059187488620848
140449,4504918200160560
271521,72340387587424560
1057953,4504918468591920
2106529,1318841286960
50337,72061103044034865
541857,20963753198385
296097,216455567073345840
558241,72076496206824240
197793,4504780763304240
328865,72340250150568240
1115297,4504781031735600
2163873,1181404430640
14497,54095130919185
22689,56148125286675
71841,53957694062865
26785,21109782085905
75937,18927940796688
84129,20972345229585
542881,56148125287185
100513,72076504798855440
559265,72111680578913040
28833,20972343132435
536737,53957691966225
57505,72061111633969425
90273,3397339054353
549025,20972343132945
106657,72058929792680208
303265,216455575663280400
565409,72076504796758800
598177,18790501843728
114849,72060974197113105
213153,4506911067083025
344225,72342380454347025
1130657,4506911335514385
2179233,3311708209425
360609,216455438226424080
622753,72076367359902480
721057,4522304229872400
1245345,13511911567003920
852129,72357773617136400
1638561,4522304498303760
2687137,18704870998800
3211425,4504712849195280
3873,72078695263633680
263969,216457628691202320
526113,72078557824680720
6945,72113742196769025
264993,216475220877246720
13089,72078566414614785
21281,72082887151714563
37665,216193745900536065
267041,216475152157769985
25377,72065372275081473
140065,76564573855944960
1057569,76564574124376320
2106145,72060974497071360
49953,216180551761002753
279329,216461958018236673
541473,72082887151715073
164641,220679753341866240
295713,504688004842914048
1082145,220679753610297600
2130721,216176153982992640
394017,220961159599100160
656161,76582088732578560
1180449,85571696069710080
1311521,220961159867531520
2360097,216457560240226560
1573665,76582089001009920
2622241,72078489373704960
3146529,76564497351901440
68897,72076504798855440
527649,72111680578913040
25889,72061111633969425
42273,216174375564476688
75041,72058929792680208
271649,216455575663280400
533793,72076504796758800
50465,216176291119890705
83233,72060974197113105
558369,216191684282680080
328993,216455438226424080
591137,72076367359902480
14625,72111689168847105
22817,72113742163214595
39201,216226868654768385
71969,72111551731990785
26913,72078703820013825
43297,216191967750521088
76065,72076521978724608
272673,216473167849324800
51489,216193883305935105
84257,72078566383157505
543009,72113742163215105
330017,216473030412468480
788769,216508206192526080
28961,72078566381060355
45345,216191692872614145
536865,72111551729894145
53537,216193745866981635
282913,216475152124215555
102689,216191555435757825
561441,216226731215815425
332065,216472961692991745
790817,216508137473049345
90401,72060991376982273
287009,216457637247582465
549153,72078566381060865
172321,220677700313944320
303393,504685951814992128
1089825,220677700582375680
2138401,216174100955070720
336161,216455455406293248
598305,72076384539771648
794913,216473030410371840
573729,216193745866982145
213281,76564505105010945
1130785,76564505373442305
2179361,72060905746137345
803105,216475152124216065
229665,220677562877088000
360737,504685814378135808
1147169,220677563145519360
2195745,216173963518214400
459041,220958969134321920
721185,76579898267800320
1245473,85569505604931840
1376545,220958969402753280
2425121,216455369775448320
1638689,76579898536231680
2687265,72076298908926720
3211553,76562306887123200
7713,56285564240145
11809,21384659992848
13857,21109782085905
71201,20972345229585
529953,56148125287185
26145,7915642552593
42529,72061386511876368
140833,4507117223416080
271905,72342586610680080
1058337,4507117491847440
2106913,3517864542480
83489,7778205696273
296481,216457766096601360
558625,72078695230079760
198177,4506979786559760
329249,72342449173823760
1115681,4506980054991120
2164257,3380427686160
23073,60546171797763
39457,72113879602168065
530977,126516869464833
27169,25507828596993
43553,72078978697920768
141857,4524709409460480
272929,72360178796724480
1059361,4524709677891840
2107937,21110050586880
84513,25370391740673
543265,60546171798273
297505,216475358282645760
199201,4524571972604160
330273,72360041359868160
1116705,4524572241035520
2165281,20972613730560
657953,4559747752661760
789025,72395217139925760
1575457,4559748021093120
2624033,56148393788160
29217,25370389643523
45601,72078703820013825
78369,20989525098753
102945,72078566383157505
561697,72113742163215105
201249,4524503253127425
332321,72359972640391425
1118753,4524503521558785
2167329,20903894253825
660001,4559679033185025
791073,72395148420449025
1577505,4559679301616385
2626081,56079674311425
57889,72065509680480513
90657,7795385565441
549409,25370389644033
172577,76564711261344000
1090081,76564711529775360
2138657,72061111902470400
205345,4506996966428928
336417,72342466353692928
1122849,4506997234860288
2171425,3397607555328
664097,4524571970507520
1188385,13514179307639040
795169,72360041357771520
1581601,4524572238938880
2630177,20972611633920
3154465,4506980589830400
115233,72065372243624193
213537,4511309113594113
344609,72346778500858113
1131041,4511309382025473
2179617,7709754720513
229921,76564573824487680
1147425,76564574092919040
2196001,72060974465614080
819745,216475220843692800
459297,76845980081721600
2294305,4506911335584000
1376801,76845980350152960
2425377,72342380722848000
1704481,13531694184272640
3277345,13514102535164160
3670561,4524495466464000
15393,54369992048913
531489,124455268385553
27681,21384643215633
44065,72077329413701904
76833,19202801926416
101409,72076779659985168
560161,72111955440042768
199713,4522510371524880
330785,72357979758788880
1117217,4522510639956240
2165793,18911012651280
658465,4557686151582480
789537,72393155538846480
1575969,4557686420013840
2624545,54086792708880
78881,18927924019473
54305,72078695213302035
103457,72076504782078225
562209,72111680562135825
58401,72061386495099153
156705,4507117206638865
287777,72342586593902865
1074209,4507117475070225
2122785,3517847765265
107553,72059204653809936
304161,216455850524410128
566305,72076779657888528
205857,4504935365349648
336929,72340404752613648
1123361,4504935633781008
2171937,1336006476048
664609,4522510369428240
1188897,13512117706559760
795681,72357979756692240
1582113,4522510637859600
2630689,18911010554640
3154977,4504918988751120
312353,216457766079824145
574497,72078695213302545
214049,4506979769782545
345121,72342449157046545
1131553,4506980038213905
2180129,3380410908945
230433,76562512223408400
1147937,76562512491839760
2196513,72058912864534800
820257,216473159242613520
721953,4522372932571920
1246241,13511980269703440
853025,72357842319835920
1639457,4522373201003280
2688033,18773573698320
3212321,4504781551894800
47137,72111964029976833
145441,4557694741516545
276513,72393164128780545
1062945,4557695009947905
2111521,54095382642945
153633,4559747735884035
284705,72395217123148035
1071137,4559748004315395
2119713,56148377010435
301089,216508343614701825
563233,72182049306313473
202785,4557557304660225
333857,72393026691924225
1120289,4557557573091585
2168865,53957945786625
59425,72078978681143553
157729,4524709392683265
288801,72360178779947265
1075233,4524709661114625
2123809,21110033809665
108577,72076796839854336
305185,216473442710454528
206881,4522527551394048
337953,72357996938658048
1124385,4522527819825408
2172961,18928192520448
1189921,13529709892604160
3156001,4522511174795520
313377,216475358265868545
215073,4524571955826945
346145,72360041343090945
1132577,4524572224258305
2181153,20972596953345
673825,4559747735884545
804897,72395217123148545
1591329,4559748004315905
2639905,56148377010945
231457,76580104409452800
1148961,76580104677884160
2197537,72076505050579200
690209,76615280189510400
1607713,76615280457941760
2656289,72111680830636800
1247265,13529572455747840
3213345,4522373737939200
1706017,13564748235805440
3672097,4557549517996800
159777,4524571953729795
290849,72360041340993795
1077281,4524572222161155
2125857,20972594856195
110625,72076521961947393
307233,216473167832547585
667681,4557557302563585
798753,72393026689827585
1585185,4557557570994945
2633761,53957943689985
315425,216475220826915075
1200161,13531694167494915
3166241,4524495449686275
364577,216473030395691265
823329,216508206175748865
1249313,13529503736271105
3215393,4522305018462465
1708065,13564679516328705
3674145,4557480798520065
188449,76564711244566785
1105953,76564711512998145
2154529,72061111885693185
221217,4506996949651713
352289,72342466336915713
1138721,4506997218083073
2187297,3397590778113
679969,4524571953730305
1204257,13514179290861825
811041,72360041340994305
1597473,4524572222161665
2646049,20972594856705
3170337,4506980573053185
237601,76562529403277568
1155105,76562529671708928
2203681,72058930044403968
434209,220959175273877760
696353,76580104407356160
1220641,85569711744487680
1351713,220959175542309120
2400289,216455575915004160
1613857,76580104675787520
2662433,72076505048482560
3186721,76562513026679040
729121,4522390112441088
1253409,13511997449572608
860193,72357859499705088
1646625,4522390380872448
2695201,18790753567488
3219489,4504798731763968
1712161,13529572453651200
3285025,13511980804542720
3678241,4522373735842560
245793,76564573807710465
1163297,76564574076141825
2211873,72060974448836865
835617,216475220826915585
475169,76845980064944385
2310177,4506911318806785
1392673,76845980333375745
2441249,72342380706070785
1720353,13531694167495425
3293217,13514102518386945
3686433,4524495449686785
491553,220959037837021440
753697,76579966970499840
1277985,85569574307631360
1409057,220959038105452800
2457633,216455438478147840
1671201,76579967238931200
2719777,72076367611626240
3244065,76562375589822720
983073,76861373227733760
1507361,85850980564865280
2818081,4522304481596160
1900577,76861373496165120
2949153,72357773868860160
3473441,76843781847056640
3801121,13529495681176320
525249,76615074147468048
5569,76614043288207665
67009,76578867507102000
132545,85586058170863920
263617,220975521968685360
1050049,85586058439295280
68033,76614051879190800
133569,85621242542952720
264641,221010706340774160
526785,76684412032385808
1051073,85621242811384080
12737,76614051878142225
20929,76615074080358675
37313,220729231364063505
70081,76613983159714065
135617,85621173823475985
266689,221010637621297425
528833,76684343312909073
1053121,85621174091907345
139713,85586066760798480
270785,220975530558619920
1057217,85586067029229840
541121,76615074080359185
98753,220694055582957840
164289,229701246246719760
1081793,229701246515151120
197057,85585998042370320
328129,220975461840191760
1114561,85585998310801680
393665,229982652503953680
1311169,229982652772385040
2621889,76613974837232400
3146177,85585990256754960
5825,4557548761907505
18113,4524563413074225
34497,76580095866700080
67265,4522372980801840
132801,13529563644563760
1050305,13529563912995120
19137,4559747785163025
35521,76615280238788880
68289,4557557352890640
133825,13564748016652560
527041,4627917506085648
1051329,13564748285083920
12993,4557557351842065
70337,4557488633413905
135873,13564679297175825
529089,4627848786608913
1053377,13564679565607185
25281,4524572003008785
41665,76580104456634640
139969,13529572234498320
1057473,13529572502929680
82625,4524503284580625
148161,13531693948342545
1065665,13531694216773905
557761,76615142799835920
197313,13529503516070160
1114817,13529503784501520
787137,76896549057069840
2622145,4557480310932240
3146433,13529495730454800
7361,4626955399856433
19649,4557686167306545
36033,76614455571513648
265409,76895655670317360
2100417,4556586924179760
21697,4557548728353075
38081,76614180693606705
70849,4556457807708465
136385,13563648471470385
529601,4626817960903473
1053889,13563648739901745
25793,4522510385152305
42177,76579279789359408
74945,4521428054442288
271553,76860479888163120
2106561,4521411142025520
541889,4557548728353585
99521,76579004912501040
165057,85586195576262960
296129,220975659374084400
1082561,85586195844694320
197825,13528472690364720
1115329,13528472958796080
787649,76895518231364400
2622657,4556449485226800
3146945,13528464904749360
14529,4626963989790993
530625,4767555449258769
26817,4557694757241105
43201,76614464161448208
75969,4556612426531088
272577,76895664260251920
2107585,4556595514114320
100545,76614189284589840
166081,85621379948351760
297153,221010843746173200
559297,76684549437784848
1083585,85621380216783120
198849,13563657062453520
592065,4626826551886608
1116353,13563657330884880
657601,13634017215648528
1575105,13634017484079888
3147969,13563649276838160
28865,4557557318287635
45249,76614189283541265
143553,13563657061404945
536769,4626826550838033
1061057,13563657329836305
86209,4557488599859475
151745,13564679263621395
544961,4627848753054483
1069249,13564679532052755
200897,13563588342976785
594113,4626757832409873
1118401,13563588611408145
659649,13633948496171793
1577153,13633948764603153
3150017,13563580557361425
549057,4557557318288145
172225,85586204166197520
303297,220975667964018960
1089729,85586204434628880
598209,4556474987578128
794817,76895526821298960
2629825,4556458075161360
3154113,13528473494683920
606401,4557488599859985
671937,13564679263621905
1589441,13564679532053265
622785,76614051845636880
688321,85621242509398800
819393,221010706307220240
1605825,85621242777830160
852161,76895458102870800
2687169,4556389356733200
3211457,13528404776255760
917697,85902648766632720
1704129,31577978529911568
2752705,13563580020495120
1835201,85902649035064080
3905,76615280238788880
10049,76580104456634640
34625,220695283942555920
526145,76615142799835920
19265,76617341823090945
68417,76615151390818560
133953,85622342054580480
265025,221011805852401920
527169,76685511544013568
1051457,85622342323011840
13121,76615151389769985
37697,220730330875691265
70465,76615082671341825
136001,85622273335103745
267073,221011737132925185
529217,76685442824536833
1053505,85622273603535105
25409,76582166040936705
140097,85587166272426240
271169,220976630070247680
1057601,85587166540857600
49985,220697345526857985
82753,76582097322508545
148289,85589287986270465
279361,220978751784091905
1065793,85589288254701825
99137,220695155094585600
164673,229702345758347520
1082177,229702346026778880
197441,85587097553998080
328513,220976561351819520
1114945,85587097822429440
394049,229983752015581440
1311553,229983752284012800
2622273,76615074348860160
3146561,85587089768382720
11585,76614464161448208
36161,220729643647369488
68929,76614189284589840
134465,85621379948351760
265537,221010843746173200
527681,76684549437784848
1051969,85621380216783120
13633,76614189283541265
38209,220729368769462545
42305,220694467865215248
140609,85586204166197520
271681,220975667964018960
1058113,85586204434628880
99649,220694192988356880
165185,229701383652118800
1082689,229701383920550160
591169,76614051845636880
656705,85621242509398800
787777,221010706307220240
1574209,85621242777830160
14657,76684558027718913
39233,220799737513640193
530753,76825149487186689
26945,76615288795169025
76097,76614206464459008
2107713,76614189552042240
51521,220730468281090305
297281,509241219897884928
2132289,220729369037963520
198977,85621251100381440
330049,221010714898202880
592193,76684420589814528
1116481,85621251368812800
395585,230017905561964800
657729,85691611253576448
788801,221081075051397888
1313089,230017905830396160
1575233,85691611522007808
3148097,85621243314766080
28993,76615151356215555
143681,85621251099332865
274753,221010714897154305
536897,76684420588765953
1061185,85621251367764225
53569,220730330842136835
86337,76615082637787395
151873,85622273301549315
282945,221011737099370755
545089,76685442790982403
1069377,85622273569980675
102721,220729239921492225
168257,229736430585254145
561473,220799600074687233
1085761,229736430853685505
201025,85621182380904705
332097,221010646178726145
594241,76684351870337793
1118529,85621182649336065
397633,230017836842488065
659777,85691542534099713
790849,221081006331921153
1315137,230017837110919425
1577281,85691542802531073
3150145,85621174595289345
57665,220695292498936065
549185,76615151356216065
106817,220694210168226048
303425,509206044115730688
2138433,220694193255809280
598337,76614069025506048
401729,229982729779810560
1319233,229982730048241920
2629953,76614052113089280
3154241,85586067532611840
573761,220730330842137345
606529,76615082637787905
672065,85622273301549825
803137,221011737099371265
1589569,85622273569981185
229697,229701254804148480
1147201,229701255072579840
819521,509241082458931968
2654529,220729231599010560
3178817,229701247018533120
459073,229982661061382400
1376577,229982661329813760
2687297,76613983394661120
3211585,85585998814183680
1704257,103635572567839488
2752833,85621174058423040
2883905,221010637856244480
3408193,229982653275767040
11841,4557969635148048
20033,4559885190562065
69185,4557694758289680
134721,13564885422051600
527937,4628054911484688
1052225,13564885690482960
13889,4557694757241105
22081,4559747751608595
26177,4524709408407825
140865,13529709639897360
1058369,13529709908328720
542273,4559747751609105
558657,76615280205234960
591425,4557557319336720
656961,13564747983098640
1574465,13564748251530000
14913,4628063501418753
23105,4630116495786243
531009,4768654960886529
43585,76615563673075968
76353,4557711938158848
272961,76896763771879680
2107969,4557695025742080
51777,76617479228489985
84545,4559756342591745
150081,13566947006353665
543297,4630116495786753
1067585,13566947274785025
100929,76615288796217600
166465,85622479459979520
297537,221011943257800960
559681,76685648949412608
1083969,85622479728410880
199233,13564756574081280
592449,4627926063514368
1116737,13564756842512640
657985,13635116727276288
1575489,13635116995707648
3148353,13564748788465920
45633,76615288795169025
143937,13564756573032705
537153,4627926062465793
1061441,13564756841464065
53825,76617341789536515
283201,76898748046770435
2118209,4559679300632835
201281,13564687854604545
594497,4627857344037633
1118785,13564688123035905
660033,13635048007799553
1577537,13635048276230913
3150401,13564680068989185
57921,76582303446335745
156225,13531771224199425
1073729,13531771492630785
172609,85587303677825280
303681,220976767475646720
1090113,85587303946256640
598593,4557574499205888
795201,76896626332926720
2630209,4557557586789120
3154497,13529573006311680
574017,76617341789537025
213569,13531702505771265
1131073,13531702774202625
803393,76898748046770945
2638401,4559679300633345
3162689,13531694720155905
623169,76615151357264640
688705,85622342021026560
819777,221011805818848000
1606209,85622342289457920
852545,76896557614498560
2687553,4557488868360960
3211841,13529504287883520
918081,85903748278260480
1704513,31579078041539328
2753089,13564679532122880
1835585,85903748546691840
15425,4627238850920721
23617,4628054894706963
72769,4626963974062353
138305,13634154637824273
1055809,13634154906255633
27713,4557969618370833
76865,4556887287660816
273473,76895939121381648
2108481,4556870375244048
85057,4557694741512465
150593,13564885405274385
543809,4628054894707473
1068097,13564885673705745
101441,76614464145719568
166977,85621654809481488
298049,221011118607302928
560193,76684824298914576
1084481,85621655077912848
330817,76895664244523280
2165825,4556595498385680
396353,85902854908285200
1182785,31578184671564048
2231361,13563786162147600
789569,76966024397718288
1313857,85902855176716560
2624577,4626955651580688
46145,76614464144670993
78913,4556612409753873
275521,76895664243474705
2110529,4556595497337105
54337,76615280188457235
87105,4557557302558995
152641,13564747966320915
545857,4627917455754003
1070145,13564748234752275
103489,76614189267812625
169025,85621379931574545
300097,221010843729395985
562241,76684549421007633
1086529,85621380200005905
201793,13563657045676305
595009,4626826535109393
1119297,13563657314107665
660545,13634017198871313
1578049,13634017467302673
3150913,13563649260060945
156737,13529709623120145
1074241,13529709891551505
173121,85586479027327248
304193,220975942825148688
1090625,85586479295758608
205889,13528627292410128
1123393,13528627560841488
402497,85867679126130960
1188929,31543008889409808
2237505,13528610379993360
1320001,85867679394562320
574529,76615280188457745
607297,4557557302559505
672833,13564747966321425
1590337,13564748234752785
230465,85586204150468880
361537,220975667948290320
1147969,85586204418900240
427073,229982858612052240
1344577,229982858880483600
2655297,76614180945330960
3179585,85586196364853520
853057,76895526805570320
2688065,4556458059432720
3212353,13528473478955280
918593,85902717469332240
1705025,31578047232611088
2753601,13563648723194640
1836097,85902717737763600
47169,76684832888848641
79937,4626981153931521
276545,76966032987652353
2111553,4626964241514753
55361,76685648932634883
88129,4627926046736643
153665,13635116710498563
1071169,13635116978929923
104513,76684558011990273
170049,85691748675752193
301121,221081212473573633
1087553,85691748944183553
202817,13634025789853953
1120321,13634026058285313
792641,77106624447120129
2627649,4767555700982529
3151937,13634018004238593
59457,76615563656298753
92225,4557711921381633
288833,76896763755102465
2123841,4557695008964865
108609,76614481325588736
2140225,76614464413171968
337985,76895681424392448
2172993,4556612678254848
2369601,76895664511975680
116801,76615288779440385
182337,85622479443202305
313409,221011943241023745
575553,76685648932635393
1099841,85622479711633665
215105,13564756557304065
608321,4627926046737153
1132609,13564756825735425
673857,13635116710499073
1591361,13635116978930433
3164225,13564748771688705
2197569,76614189536313600
1214529,103635778709491968
2263105,85621380200075520
2394177,221010843997896960
2656321,76684549689508608
460865,85902726060314880
1247297,31578055823593728
2295873,13563657314177280
854081,76965895549747968
1378369,85902726328746240
2689089,4626826803610368
919617,85973086213509888
1706049,31648415976788736
2754625,13634017467372288
3278913,31578047769547008
1837121,85973086481941248
3409985,85902718274699520
94273,4557574482428163
290881,76896626316148995
2125889,4557557570011395
110657,76614206447681793
2142273,76614189535265025
208961,13563674225545473
602177,4626843714978561
1126465,13563674493976833
405569,85902726059266305
1192001,31578055822545153
2240577,13563657313128705
798785,76965895548699393
1323073,85902726327697665
2633793,4626826802561793
118849,76615151340486915
184385,85622342004248835
315457,221011805802070275
577601,76685511493681923
1101889,85622342272680195
348225,76896557597720835
2183233,4557488851583235
413761,85903748261482755
1200193,31579078024761603
2248769,13564679515345155
806977,76966917750915843
1331265,85903748529914115
2641985,4627849004778243
233537,85621251083604225
364609,221010714881425665
626753,76684420573037313
1151041,85621251352035585
430145,230017905545187585
692289,85691611236799233
823361,221081075034620673
1347649,230017905813618945
1609793,85691611505230593
3182657,85621243297988865
462913,85902657340838145
1249345,31577987104116993
2297921,13563588594700545
856129,76965826830271233
1380417,85902657609269505
2691137,4626758084133633
921665,85973017494033153
1708097,31648347257312001
2756673,13633948747895553
3280961,31577979050070273
1839169,85973017762464513
3412033,85902649555222785
188481,85587303661048065
319553,220976767458869505
1105985,85587303929479425
614465,4557574482428673
811073,76896626316149505
2646081,4557557570011905
3170369,13529572989534465
237633,85586221330338048
368705,220975685128159488
1155137,85586221598769408
1220673,103600602927337728
2269249,85586204417921280
2400321,220975668215742720
860225,76895543985439488
2695233,4556475239301888
3219521,13528490658824448
3285057,31542871987392768
2891841,76895527073022720
3416129,85867542492545280
639041,76615151340487425
704577,85622342004249345
835649,221011805802070785
1622081,85622342272680705
868417,76896557597721345
2703425,4557488851583745
3227713,13529504271106305
933953,85903748261483265
1720385,31579078024762113
2768961,13564679515345665
1851457,85903748529914625
491585,229982729764081920
1409089,229982730032513280
2719809,76614052097360640
3244097,85586067516883200
1736769,103635641270539008
2785345,85621242761122560
2916417,221010706558944000
3440705,229982721978466560
3342401,31542803268964608
2949185,76895458354594560
3473473,85867473774117120
1966145,103917047527772928
3014721,85902649018356480
3969,72076496306438448
18305,72060965704696113
67457,72058775272423728
264065,216455429734007088
526209,72076358867485488
11137,72076504896373008
35713,216191684382294288
527233,72111543239574288
21377,72078489171263763
529281,72111474520097553
25473,72060974294630673
271233,216455438323941648
533377,72076367457420048
50049,216176153780551953
82817,72060905576202513
279425,216457560037785873
541569,72078489171264273
99201,216173963348279568
557953,216191546943341328
328577,216455369605513488
590721,72076298738991888
787329,216472953200575248
19841,72076496239329585
134529,76578996355076400
1052033,76578996623507760
2100609,72075396996202800
21889,72076358800376115
71041,72075267879731505
267649,216471922341314865
83329,72058775205314865
279937,216455429666898225
542081,72076358800376625
198017,76561275321061680
1115521,76561275589493040
2164097,72057675962188080
394625,220957929782645040
656769,76578858916123440
1181057,85568466253254960
1312129,220957930051076400
2360705,216454330423771440
1574273,76578859184554800
2622849,72075259557249840
3147137,76561267535446320
22913,72111543172464915
72065,72110452251820305
268673,216507106713403665
530817,72180812405015313
27009,72076504829264145
76161,72075422498554128
141697,76579004945010960
1059201,76579005213442320
2107777,72075405586137360
51585,216191684315185425
543105,72111543172465425
166273,220694184430932240
297345,504702435931980048
1083777,220694184699363600
2132353,216190585072058640
330113,216471930932298000
657793,76614043288212240
1575297,76614043556643600
2623873,72110443929338640
29057,72076367390310675
274817,216471930931249425
53633,216191546876231955
86401,72076298671882515
283009,216472953133465875
102785,216190455955587345
332161,216471862212821265
659841,76613974568735505
1577345,76613974837166865
2625921,72110375209861905
287105,216455438256832785
549249,72076367390311185
336257,216454355926122768
598401,72075285059601168
401793,220957938372579600
663937,76578867506058000
1188225,85568474843189520
1319297,220957938641010960
2367873,216454339013706000
1581441,76578867774489360
2630017,72075268147184400
3154305,76561276125380880
115073,216173963281170705
573825,216191546876232465
344449,216455369538404625
606593,72076298671883025
803201,216472953133466385
229761,220676463396917520
360833,504684714897965328
1147265,220676463665348880
2195841,216172864038043920
688513,220694046991979280
1212801,229683654329110800
819585,504702298493027088
1606017,220694047260410640
2654593,216190447633105680
3178881,220676455611302160
459137,220957869654151440
721281,76578798787629840
1245569,85568406124761360
1376641,220957869922582800
2425217,216454270295277840
1638785,76578799056061200
2687361,72075199428756240
3211649,76561207406952720
917889,220975453249213200
1442177,229965060586344720
1704321,85585989719823120
3277185,85568398070714640
1835393,220975453517644560
2883969,216471853890339600
3408257,220957861868536080
3670401,76578791002014480
36481,72076771117236528
134785,4522501828776240
265857,72357971216040240
1052289,4522502097207600
2100865,18902469902640
38529,72076496239329585
71297,18773353431345
149121,4506971227033905
280193,72342440614297905
1066625,4506971495465265
2115201,3371868160305
165505,76562503680659760
1083009,76562503949091120
2131585,72058904321786160
198273,4504780794761520
329345,72340250182025520
1115777,4504781063192880
2164353,1181435887920
657025,4522364389823280
1181313,13511971726954800
788097,72357833777087280
1574529,4522364658254640
2623105,18765030949680
3147393,4504773009146160
39553,72111680611418385
72321,53957725520145
531073,124317878715153
43649,72076779707171088
76417,18927972253968
141953,4522510418710800
273025,72357979805974800
1059457,4522510687142160
2108033,18911059837200
51841,72078695262585105
84609,20972376686865
100993,72076504830312720
297601,216473159291896080
658049,4557548761912080
789121,72393018149176080
1575553,4557549030343440
2624129,53949403038480
45697,72076504829264145
53889,72078557823631635
152193,4524494693601555
283265,72359964080865555
1069697,4524494962032915
2118273,20895334727955
561793,72111543172465425
660097,4557480042435345
791169,72392949429699345
1577601,4557480310866705
2626177,53880683561745
90753,3397370511633
156289,4506979816968465
287361,72342449204232465
1073793,4506980085399825
2122369,3380458094865
107137,72058929824137488
172673,76562512270594320
1090177,76562512539025680
2138753,72058912911720720
598657,18790533301008
664193,4522372979757840
1188481,13511980316889360
795265,72357842367021840
1581697,4522373248189200
2630273,18773620884240
3154561,4504781599080720
115329,72060974228570385
311937,216457628690153745
574081,72078557823632145
213633,4506911098540305
344705,72342380485804305
1131137,4506911366971665
2179713,3311739666705
672385,4524494693602065
1196673,13514102030733585
803457,72359964080866065
1589889,4524494962033425
2638465,20895334728465
3162753,4506903312924945
361089,216455438257881360
623233,72076367391359760
819841,216473021852943120
721537,4522304261329680
1245825,13511911598461200
852609,72357773648593680
1639041,4522304529761040
2687617,18704902456080
3211905,4504712880652560
1704577,13529495193522960
3277441,13511903544414480
3670657,4522296475714320
40065,72110855944143153
138369,4556586655682865
269441,72392056042946865
1055873,4556586924114225
2104449,52987296809265
27777,19185635688753
76929,18103304978736
142465,4521685751435568
273537,72357155138699568
1059969,4521686019866928
2108545,18086392561968
85121,18910758830385
101505,72075680163037488
298113,216472334624620848
199809,4521410874577200
330881,72356880261841200
1117313,4521411143008560
2165889,17811515703600
1182849,13528601806770480
3148929,4521403088961840
46209,72075680161988913
78977,17828427071793
144513,4521410873528625
275585,72356880260792625
1062017,4521411141959985
2110593,17811514655025
54401,72076496205775155
87169,18773319876915
103553,72075405285130545
300161,216472059746713905
660609,4556449216729905
791681,72391918603993905
1578113,4556449485161265
2626689,52849857856305
58497,72059187487572273
91265,1335752655153
156801,4504918199111985
287873,72340387586375985
1074305,4504918467543345
2122881,1318840238385
107649,72058105156862256
173185,76561687603319088
1090689,76561687871750448
2139265,72058088244445488
205953,4503835868401968
337025,72339305255665968
1123457,4503836136833328
2172033,236509528368
402561,76842887702122800
2237569,4503818955985200
1320065,76842887970554160
2368641,72339288343249200
115841,72058912610713905
312449,216455567072297265
574593,72076496205775665
607361,18773319877425
230529,76561412726460720
1148033,76561412994892080
2196609,72057813367587120
427137,220958067188044080
689281,76578996321522480
1213569,85568603658654000
1344641,220958067456475440
2393217,216454467829170480
1606785,76578996589953840
2655361,72075396962648880
3179649,76561404940845360
722049,4521273435624240
1246337,13510880772755760
853121,72356742822888240
1639553,4521273704055600
2688129,17674076750640
3212417,4503682054947120
1705089,13528464367817520
3277953,13510872718709040
3671169,4521265650008880
47233,72110864534077713
80001,53012799160593
145537,4556595245617425
276609,72392064632881425
1063041,4556595514048785
2111617,52995886743825
55425,72111680577863955
88193,53957691965715
546945,124317845160723
104577,72110589657219345
301185,216507244118802705
563329,72180949810414353
596097,123226924516113
305281,216472343214555408
1190017,13528610396705040
3156097,4521411678896400
575617,72111680577864465
608385,53957691966225
362625,216472068337697040
690305,76614180693611280
1607809,76614180962042640
2656385,72110581334737680
723073,4556457807713040
854145,72391927194977040
1640577,4556458076144400
2689153,52858448839440
1706113,13563648739906320
3672193,4556450022097680
61569,72076504795709715
307329,216472068336648465
602241,52875360207633
667777,4556457806664465
798849,72391927193928465
1585281,4556458075095825
2633857,52858447790865
577665,72111543138910995
675969,4557480008880915
807041,72392949396144915
1593473,4557480277312275
2642049,53880650007315
626817,72110452218266385
823425,216507106679849745
725121,4556389088236305
856193,72391858475500305
1642625,4556389356667665
2691201,52789729362705
1708161,13563580020429585
3674241,4556381302620945
319617,216455575662231825
581761,72076504795710225
368769,216454493331521808
630913,72075422465000208
434305,220958075777978640
696449,76579004911457040
1220737,85568612248588560
1351809,220958076046410000
2400385,216454476419105040
1613953,76579005179888400
2662529,72075405552583440
3186817,76561413530779920
1712257,13528472957752080
3285121,13510881308643600
3678337,4521274239943440
884865,216471930898744080
1769601,13528404239323920
3342465,13510812590215440
3735681,4521205521515280
3801217,13528396185277200
7937,72111680611418385
12033,72076779707171088
20225,72078695262585105
36609,216191959193092368
69377,72076504830312720
265985,216473159291896080
14081,72076504829264145
22273,72078557823631635
38657,216191684315185425
530177,72111543172465425
75521,72058929824137488
141057,76562512270594320
1058561,76562512539025680
2107137,72058912911720720
83713,72060974228570385
280321,216457628690153745
542465,72078557823632145
165633,220677691756515600
296705,504685943257563408
1083137,220677692024946960
2131713,216174092397642000
329473,216455438257881360
591617,72076367391359760
788225,216473021852943120
72449,72111551763448065
269057,216508206225031425
531201,72181911916643073
76545,72076522010181888
142081,76580104456638720
1059585,76580104725070080
2108161,72076505097765120
84737,72078566414614785
281345,216475220876198145
166657,220695283942560000
297729,504703535443607808
1084161,220695284210991360
2132737,216191684583686400
330497,216473030443925760
658177,76615142799840000
1575681,76615143068271360
2624257,72111543440966400
275201,216473030442877185
152321,76582088731529475
1069825,76582088999960835
2118401,72078489372655875
103169,216191555467215105
332545,216472961724449025
660225,76615074080363265
1577729,76615074348794625
2626305,72111474721489665
90881,72060991408439553
156417,76564573854896385
1073921,76564574123327745
2122497,72060974496022785
336641,216455455437750528
598785,72076384571228928
402177,220959037884207360
664321,76579967017685760
1188609,85569574354817280
1319681,220959038152638720
2368257,216455438525333760
1581825,76579967286117120
2630401,72076367658812160
3154689,76562375637008640
180993,220679753340817665
312065,504688004841865473
1098497,220679753609249025
2147073,216176153981944065
213761,76564505136468225
1131265,76564505404899585
2179841,72060905777594625
410369,220961159598051585
672513,76582088731529985
1196801,85571696068661505
1327873,220961159866482945
2376449,216457560239177985
1590017,76582088999961345
2638593,72078489372656385
3162881,76564497350852865
230145,220677562908545280
361217,504685814409593088
1147649,220677563176976640
2196225,216173963549671680
688897,220695146503607040
1213185,229684753840738560
819969,504703398004654848
1606401,220695146772038400
2654977,216191547144733440
3179265,220677555122929920
459521,220958969165779200
721665,76579898299257600
1245953,85569505636389120
1377025,220958969434210560
2425601,216455369806905600
1639169,76579898567688960
2687745,72076298940384000
3212033,76562306918580480
918273,220976552760840960
1442561,229966160097972480
1704705,85587089231450880
3277569,85569497582342400
1835777,220976553029272320
2884353,216472953401967360
3408641,220958961380163840
3670785,76579890513642240
15617,72110864534077713
23809,72111680577863955
40193,216226044019998993
72961,72110589657219345
269569,216507244118802705
531713,72180949810414353
273665,216472343214555408
544001,72111680577864465
101633,216190868238893328
331009,216472068337697040
658689,76614180693611280
1576193,76614180962042640
2624769,72110581334737680
29953,72076504795709715
46337,216190868237844753
275713,216472068336648465
54529,216191684281630995
546049,72111543138910995
103681,216190593360986385
595201,72110452218266385
791809,216507106679849745
58625,216174375563428113
288001,216455575662231825
550145,72076504795710225
107777,216173293232718096
173313,220676875679174928
304385,504685127180222736
1090817,220676875947606288
2139393,216173276320301328
337153,216454493331521808
599297,72075422465000208
402689,220958075777978640
664833,76579004911457040
1189121,85568612248588560
1320193,220958076046410000
2368769,216454476419105040
1582337,76579005179888400
2630913,72075405552583440
3155201,76561413530779920
115969,216174100686569745
574721,216191684281631505
230657,220676600802316560
361729,504684852303364368
1148161,220676601070747920
2196737,216173001443442960
689409,220694184397378320
1213697,229683791734509840
820481,504702435898426128
1606913,220694184665809680
2655489,216190585038504720
3179777,220676593016701200
853249,216471930898744080
80129,72110606837088513
145665,76614189283545345
1063169,76614189551976705
2111745,72110589924671745
88321,72111551729893635
284929,216508206191476995
547073,72181911883088643
170241,220729368769466625
301313,504737620270514433
1087745,220729369037897985
2136321,216225769410593025
334081,216507115270832385
596225,72180820962444033
792833,216577475424027393
59649,216191967749472513
289025,216473167848276225
108801,216190885418762496
174337,220694467865219328
305409,504702719366267136
1091841,220694468133650688
2140417,216190868506345728
338177,216472085517566208
403713,220975667964023040
1190145,85586204434632960
1321217,220975668232454400
2369793,216472068605149440
3156225,76579005716824320
116993,216191692872614145
608513,72111551729894145
805121,216508206191477505
231681,220694192988360960
362753,504702444489408768
1149185,220694193256792320
2197761,216190593629487360
1214721,229701383920554240
3180801,220694185202745600
723201,76614051845640960
1640705,76614052114072320
2689281,72110452486767360
919809,221010706307224320
1706241,85621242777834240
1837313,221010706575655680
2885889,216507106948350720
3672321,76614044060025600
291073,216473030409322755
110849,216190610540855553
176385,220694192987312385
307457,504702444488360193
1093889,220694193255743745
2142465,216190593628438785
602369,72110469398135553
667905,76614051844592385
1585409,76614052113023745
2633985,72110452485718785
119041,216191555433660675
348417,216472961690894595
676097,76615074046808835
1593601,76615074315240195
2642177,72111474687935235
692481,220729231330513665
823553,504737482831561473
1609985,220729231598945025
2658561,216225631971640065
725249,76613983126164225
1642753,76613983394595585
2691329,72110383767290625
921857,221010637587747585
1708289,85621174058357505
1839361,221010637856178945
2887937,216507038228873985
3674369,76613975340548865
123137,216174117866438913
188673,220677700312895745
319745,504685951813943553
1106177,220677700581327105
2154753,216174100954022145
811265,216473030409323265
237825,220676617982185728
368897,504684869483233536
1155329,220676618250617088
2203905,216173018623312128
434433,509188451929690368
2269441,220676601069768960
1351937,509188452198121728
2400513,504684852570816768
860417,216471948078613248
925953,220975530525070080
1450241,229965137862201600
1712385,85586066995680000
3285249,85568475346571520
1843457,220975530793501440
2892033,216471931166196480
3416321,220957939144392960
3678465,76578868277871360
639233,216191555433661185
868609,216472961690895105
753921,220694055549408000
1278209,229683662886539520
884993,504702307050455808
1671425,220694055817839360
2720001,216190456190534400
3244289,220676464168730880
1736961,229701246481601280
3309825,229683654832492800
3703041,220694047763792640
983297,220975461806641920
1507585,229965069143773440
1769729,85585998277251840
3342593,85568406628143360
1900801,220975462075073280
2949377,216471862447768320
3473665,220957870425964800
3735809,76578799559443200
1966337,229982652738835200
3539201,229965061089726720
3801345,85585990223205120
3932417,220975454021026560
15873,54370007777553
73217,54095130919185
531969,124455284114193
28161,21384658944273
44545,72077329429430544
85505,21109782085905
560641,72111955455771408
658945,4557686167311120
790017,72393155554575120
1576449,4557686435742480
2625025,54086808437520
54785,72078695229030675
87553,20972343132435
562689,72111680577864465
595457,53957691966225
58881,72061386510827793
91649,3534775910673
157185,4507117222367505
288257,72342586609631505
1074689,4507117490798865
2123265,3517863493905
304641,216455850540138768
566785,72076779673617168
599553,18927938700048
665089,4522510385156880
1189377,13512117722288400
796161,72357979772420880
1582593,4522510653588240
2631169,18911026283280
3155457,4504919004479760
116225,72061111633969425
312833,216457766095552785
574977,72078695229031185
607745,20972343132945
361985,216455575663280400
624129,72076504796758800
820737,216473159258342160
47617,72111964045705473
80385,54112310788353
145921,4557694757245185
276993,72393164144509185
1063425,4557695025676545
2112001,54095398371585
154113,4559747751612675
285185,72395217138876675
1071617,4559748020044035
2120193,56148392739075
104961,72111689168847105
301569,216508343630430465
563713,72182049322042113
596481,124326436143873
59905,72078978696872193
92673,21126961955073
158209,4524709408411905
289281,72360178795675905
1075713,4524709676843265
2124289,21110049538305
305665,216473442726183168
1190401,13529709908332800
3156481,4522511190524160
117249,72078703820013825
313857,216475358281597185
674305,4559747751613185
805377,72395217138877185
1591809,4559748020044545
2640385,56148392739585
363009,216473167849324800
690689,76615280205239040
1608193,76615280473670400
2656769,72111680846365440
723457,4557557319340800
854529,72393026706604800
1640961,4557557587772160
2689537,53957960467200
1706497,13564748251534080
3672577,4557549533725440
94721,20989523001603
160257,4524571969458435
291329,72360041356722435
1077761,4524572237889795
2126337,20972610584835
307713,216473167848276225
602625,53974871835393
668161,4557557318292225
799233,72393026705556225
1585665,4557557586723585
2634241,53957959418625
119297,72078566381060355
315905,216475220842643715
217601,4524503251030275
348673,72359972638294275
1135105,4524503519461635
2183681,20903892156675
1200641,13531694183223555
3166721,4524495465414915
627201,72111551729894145
823809,216508206191477505
725505,4557488599864065
856577,72392957987128065
1643009,4557488868295425
2691585,53889240990465
1708545,13564679532057345
3674625,4557480814248705
123393,72061128813838593
188929,76564711260295425
1106433,76564711528726785
2155009,72061111901421825
614913,20989523002113
680449,4524571969458945
1204737,13514179306590465
811521,72360041356722945
1597953,4524572237890305
2646529,20972610585345
3170817,4506980588781825
369153,216455592843149568
631297,72076521976627968
434689,220959175289606400
696833,76580104423084800
1221121,85569711760216320
1352193,220959175558037760
2400769,216455575930732800
1614337,76580104691516160
2662913,72076505064211200
3187201,76562513042407680
1712641,13529572469379840
3285505,13511980820271360
3678721,4522373751571200
377345,216457637247582465
639489,72078566381060865
836097,216475220842644225
737793,4524503251030785
1262081,13514110588162305
868865,72359972638294785
1655297,4524503519462145
2703873,20903892157185
3228161,4506911870353665
1720833,13531694183224065
3293697,13514102534115585
3686913,4524495465415425
885249,216473030410371840
1769985,13529503750951680
3342849,13511912101843200
3736065,4522305033143040
3801601,13529495696904960
80897,53287660290321
146433,4556870106747153
277505,72392339494011153
1063937,4556870375178513
2112513,53270747873553
56321,72111955438993683
154625,4557686150533395
285697,72393155537797395
1072129,4557686418964755
2120705,54086791659795
105473,72110864518349073
302081,216507518979932433
564225,72181224671544081
203777,4556595229888785
334849,72392064617152785
1121281,4556595498320145
2169857,52995871015185
662529,4626955383083793
1186817,13563786162082065
793601,72462424770347793
1580033,4626955651515153
2628609,123356024210193
3152897,4556587444273425
60417,72077329412653329
109569,72076247081943312
175105,76579829528400144
1092609,76579829796831504
2141185,72076230169526544
1190913,13528885257834768
3156993,4521686540026128
576513,72111955438994193
674817,4557686150533905
805889,72393155537797905
1592321,4557686418965265
2640897,54086791660305
363521,216472343198826768
691201,76614455554741008
1608705,76614455823172368
2657281,72110856195867408
1248257,13528610380976400
3214337,4521411663167760
920577,76895655653544720
2755585,4556586907407120
3279873,13528602326929680
1838081,76895655921976080
2886657,72392056294671120
62465,72076779656839443
95233,18927921922323
160769,4522510368379155
291841,72357979755643155
1078273,4522510636810515
2126849,18911009505555
308225,216472343197778193
1192961,13528610379927825
3159041,4521411662119185
119809,72076504779981075
316417,216473159241564435
676865,4557548711580435
807937,72393018098844435
1594369,4557548980011795
2642945,53949352706835
365569,216472068320919825
693249,76614180676834065
1610753,76614180945265425
2659329,72110581317960465
726017,4556457790935825
857089,72391927178199825
1643521,4556458059367185
2692097,52858432062225
1709057,13563648723129105
3675137,4556450005320465
320513,216455850523361553
582657,72076779656839953
615425,18927921922833
680961,4522510368379665
1205249,13512117705511185
812033,72357979755643665
1598465,4522510636811025
2647041,18911009506065
3171329,4504918987702545
369665,216454768192651536
631809,72075697326129936
435201,220958350639108368
697345,76579279772586768
1221633,85568887109718288
1352705,220958350907539728
2401281,216454751280234768
1614849,76579280041018128
2663425,72075680413713168
3187713,76561688391909648
730113,4521428037669648
1254401,13511035374801168
861185,72356897424933648
1647617,4521428306101008
2696193,17828678796048
3220481,4503836656992528
926721,76860479871390480
1451009,85850087208522000
2761729,4521411125252880
1844225,76860480139821840
2892801,72356880512516880
3417089,76842888490713360
377857,216455575646503185
640001,72076504779981585
836609,216473159241564945
492545,220958075762250000
754689,76579004895728400
1278977,85568612232859920
1410049,220958076030681360
2458625,216454476403376400
1672193,76579005164159760
2720769,72075405536854800
3245057,76561413515051280
951297,220975659357311760
1475585,229965266694443280
1737729,85586195827921680
3310593,85568604178813200
1868801,220975659625743120
2917377,216472059998438160
3441665,220958067976634640
3703809,76578997110113040
1770497,13528472942023440
3343361,13510881292914960
3736577,4521274224214800
3802113,13528464887976720
112641,72110881698218241
178177,76614464144675073
1095681,76614464413106433
2144257,72110864785801473
210945,4556612409757953
342017,72392081797021953
1128449,4556612678189313
2177025,53013050884353
407553,76895664243478785
2242561,4556595497341185
1325057,76895664511910145
2373633,72392064884605185
186369,76615280188461315
1103873,76615280456892675
2152449,72111680829587715
219137,4557557302563075
350209,72393026689827075
1136641,4557557570994435
2185217,53957943689475
677889,4627917455758083
1202177,13564748234756355
808961,72463386843022083
1595393,4627917724189443
2643969,124318096884483
3168257,4557549516947715
235521,76614189267816705
1153025,76614189536248065
2201601,72110589908943105
432129,221010843729400065
694273,76684549421011713
1218561,85621380200009985
1349633,221010843997831425
2398209,216507244370526465
1611777,76684549689443073
2660353,72180950062138113
3184641,76614181482201345
727041,4626826535113473
1251329,13563657314111745
858113,72462295922377473
1644545,4626826803544833
2693121,123227176239873
3217409,4556458596303105
1710081,13634017467306753
3282945,13563649260065025
3676161,4626818749498113
321537,216473442709405953
1206273,13529709891555585
3172353,4522511173746945
370689,216472360378695936
436225,220975942825152768
1222657,85586479295762688
1353729,220975943093584128
2402305,216472343466279168
3188737,76579280577954048
1255425,13528627560845568
3221505,4521428843036928
1452033,85867679394566400
3418113,76860480676757760
378881,216473167832547585
706561,76615280188461825
1624065,76615280456893185
2672641,72111680829588225
739329,4557557302563585
870401,72393026689827585
1656833,4557557570994945
2705409,53957943689985
1722369,13564748234756865
3688449,4557549516948225
493569,220975667948294400
1280001,85586204418904320
1411073,220975668216725760
2459649,216472068589420800
3246081,76579005701095680
1476609,229982858880487680
2787329,76614180945335040
3311617,85586196364857600
3442689,220975660162679040
985089,76895526805574400
2820097,4556458059436800
3344385,13528473478959360
1902593,76895527074005760
2951169,72391927446700800
1968129,85902717737767680
3934209,76895519019959040
126977,72076521959850243
192513,76580104406307075
1110017,76580104674738435
2158593,72076505047433475
1208321,13529572452602115
3174401,4522373734793475
372737,216472085500788993
438273,220975667947245825
1224705,85586204417855745
1355777,220975668215677185
2404353,216472068588372225
3190785,76579005700047105
733185,4556474970804993
864257,72391944358068993
1650689,4556475239236353
2699265,52875611931393
929793,76895526804525825
2764801,4556458058388225
3289089,13528473477910785
1847297,76895527072957185
2895873,72391927445652225
380929,216473030393594115
708609,76615142749508355
1626113,76615143017939715
2674689,72111543390634755
1265665,13529503734173955
3231745,4522305016365315
937985,76896549006742275
2772993,4557480260604675
3297281,13529495680127235
1855489,76896549275173635
2904065,72392949647868675
757761,76614051828863745
1675265,76614052097295105
2723841,72110452469990145
954369,221010706290447105
1740801,85621242761057025
1871873,221010706558878465
2920449,216507106931573505
3706881,76614044043248385
987137,76895458086097665
2822145,4556389339960065
3346433,13528404759482625
1904641,76895458354529025
2953217,72391858727224065
1970177,85902649018290945
3936257,76895450300482305
385025,216455592826372353
647169,72076521959850753
450561,220959175272829185
712705,76580104406307585
1236993,85569711743439105
1368065,220959175541260545
2416641,216455575913955585
1630209,76580104674738945
2678785,72076505047433985
3203073,76562513025630465
1728513,13529572452602625
3301377,13511980803494145
3694593,4522373734793985
499713,220958092942119168
761857,76579022075597568
1286145,85568629412729088
1417217,220958093210550528
2465793,216454493583245568
1679361,76579022344028928
2727937,72075422716723968
3252225,76561430694920448
2531329,220958076029702400
2793473,76579005163180800
1777665,13528490121892608
3350529,13510898472784128
3743745,4521291404083968
1974273,85867541955613440
3547137,85849950306504960
3940353,76860343237804800
901121,216473030393594625
1785857,13529503734174465
3358721,13511912085065985
3751937,4522305016365825
3817473,13529495680127745
1015809,220975530509341440
1540097,229965137846472960
1802241,85586066979951360
3375105,85568475330842880
1933313,220975530777772800
2981889,216471931150467840
3506177,220957939128664320
3768321,76578868262142720
1998849,229982721441534720
3571713,229965129792426240
3833857,85586058925904640
3964929,220975522723726080
2031617,85867473237185280
3604481,85849881588076800
3997697,76860274519376640
4063233,85867465183138560
190,72060896919229200
574,72065294965740288
8254,72060974195086080
32830,216176153681007360
131134,76564496513053440
262206,216457559938241280
2097214,72060897154241280
350,220695077784195840
606,76582088731595520
131166,85587088929534720
414,216173886037889808
670,72060896985289488
1182,72058766614401840
8350,72058775204336400
16542,72060896918180625
32926,216173954690257680
65694,72058706485908240
131230,76562297522303760
262302,216455360947491600
2097310,72058698163491600
1310,216173954690257680
2334,216191546876302080
4382,216191478156825345
33054,504404330841969408
262430,504685737099203328
524574,216191478156826368
1048862,220677485866586880
1566,72060965637657360
2590,72078557823701760
4638,72078489104225025
16926,72065294964691713
524830,72078489104226048
1049118,76564496813986560
9246,72058912609735440
33822,216174092095656720
10270,72076504795779840
34846,216191684281701120
20510,72078489070670595
24606,72060974194037505
139294,76562374798160640
270366,216455438223348480
2105374,72058775439348480
49182,216176153679958785
81950,72060905475609345
147486,76564496512004865
278558,216457559937192705
2113566,72060897153192705
98334,216173963247686400
163870,220677554284081920
2129950,216173954925269760
196638,76562306079732480
327710,216455369504920320
2162718,72058706720920320
393246,220958960541315840
1179678,85569497011925760
2228254,76562297757315840
2359326,216455361182503680
3145758,76562298294178560
366,220697272479978240
2158,76617337478910720
4206,76617268759433985
32878,220697341182677760
65646,76582088684409600
262254,220978747439911680
524398,76617268759435008
1048686,85589283910521600
2097262,76582084655911680
686,72065290670773008
1198,72060961310184240
32942,216176149386040080
65710,72060896887771920
131246,76564492218086160
262318,216457555643274000
2097326,72060892859274000
1326,216176149386040080
2350,216193741572084480
4398,216193672852607745
8494,216176153681007360
16686,216180478713074433
33070,504406525537751808
262446,504687931794985728
524590,216193672852608768
1048878,220679680562369280
16942,72074086730240769
33326,216180547432551168
66094,72065294934283008
131630,76568890264597248
262702,216461953689785088
2097710,72065290905785088
3118,72078690918404880
9262,72061103027327760
66606,72060965590471440
132142,76564560920785680
263214,216457624345973520
2098222,72060961561973520
6190,72113737851540225
10286,72078695213372160
67630,72078557776515840
133166,76582153106830080
264238,216475216532017920
526382,72113737851541248
2099246,72078553748017920
20526,72082882806485763
36910,216193741555307265
69678,72078489057039105
135214,76582084387353345
266286,216475147812541185
528430,72113669132064513
2101294,72078485028541185
139310,76564565215752960
270382,216457628640940800
2105390,72060965856940800
49198,216180547415773953
81966,72065294917505793
147502,76568890247820033
278574,216461953673007873
2113582,72065290889007873
294958,504688000497685248
557102,216193741555308288
1081390,220679749265068800
589870,72078489057040128
1114158,76564496766800640
655406,76582084387354368
786478,216475147812542208
1310766,220961155522302720
2621486,72078485028542208
462,220695073489228560
718,76582084436628240
131278,85587084634567440
2382,220730326547239680
4430,220730257827762945
16718,220697272478929665
524622,220730257827763968
1048910,229702272978850560
2097486,220695073724240640
2638,76617337494639360
4686,76617268775162625
33358,220697341198406400
262734,220978747455640320
524878,76617268775163648
1049166,85589283926250240
2097742,76582084671640320
3150,76615275893560080
33870,220695279597327120
132174,85587153337266960
10318,76615280188527360
18510,76617337477862145
264270,221011801507173120
1050702,85622337977783040
2099278,76615138723173120
36942,220730326530462465
266318,221011732787696385
1052750,85622269258306305
2101326,76615070003696385
41038,220695283892294400
139342,85587157632234240
49230,220697341181629185
278606,220978747438863105
540750,76617268758386433
1065038,85589283909473025
2113614,76582084654863105
557134,220730326530463488
1081422,229702341681550080
2129998,220695142426940160
196686,85587088913806080
1179726,103601483395707648
786510,221011732787697408
1310798,229983747938784000
2359374,220976548684174080
1572942,85622269258307328
2621518,76615070003697408
2446,216191542581334800
4494,216191473861858065
8590,216173954690257680
33166,504404326547002128
65934,216173885971829520
262542,504685732804236048
524686,216191473861859088
1048974,220677481571619600
2702,72078553528734480
4750,72078484809257745
8846,72060965637657360
17038,72065290669724433
66190,72060896919229200
524942,72078484809258768
1049230,76564492519019280
3214,72076491910878000
9358,72058904019800880
17550,72060961309135665
132238,76562361913258800
263310,216455425338446640
2098318,72058762554446640
34958,216191679986733840
20622,72078484775703315
41102,216174092095656720
49294,216176149384991505
147598,76564492217037585
278670,216457555642225425
2113678,72060892858225425
163982,220677549989114640
2130062,216173950630302480
393358,220958956246348560
1179790,85569492716958480
2228366,76562293462348560
2359438,216455356887536400
3145870,76562293999211280
3342,216191679986733840
9486,216174092095656720
17678,216176149384991505
34062,504404463952401168
132366,220677549989114640
2098446,216173950630302480
6414,216226726919869185
10510,216191684281701120
18702,216193741571035905
35086,504422056138445568
133390,220695142175159040
526606,216226726919870208
2099470,216191542816346880
135438,220695073455682305
528654,216226658200393473
2101518,216191474096870145
24846,216176153679958785
41230,504404468247368448
73998,216173963247686400
139534,220677554284081920
2105614,216173954925269760
49422,504406525536703233
82190,216176084961530625
278798,504687931793937153
540942,216193672851560193
1065230,220679680561320705
164110,508907926140826368
295182,1081146553793581824
2130190,504404326782014208
196878,220677485565653760
2162958,216173886206841600
393486,509189332398060288
655630,220695073455683328
2359566,504685733039248128
2621710,216191474096871168
3598,72078690934133520
9742,72061103043056400
132622,76564560936514320
263694,216457624361702160
2098702,72060961577702160
6670,72113737867268865
10766,72078695229100800
133646,76582153122558720
264718,216475216547746560
526862,72113737867269888
2099726,72078553763746560
21006,72082882822214403
37390,216193741571035905
135694,76582084403081985
266766,216475147828269825
528910,72113669147793153
2101774,72078485044269825
74254,72060974195086080
139790,76564565231481600
270862,216457628656669440
2105870,72060965872669440
49678,216180547431502593
147982,76568890263548673
279054,216461953688736513
2114062,72065290904736513
98830,216176153681007360
295438,504688000513413888
557582,216193741571036928
1081870,220679749280797440
197134,76564496513053440
328206,216457559938241280
2163214,72060897154241280
655886,76582084403083008
786958,216475147828270848
1311246,220961155538031360
2621966,72078485044270848
7182,72111676266189585
19470,72078690917356305
35854,216191954847863568
134158,76580091521479440
265230,216473154946667280
527374,72111676266190608
2100238,72076492162667280
21518,72078553478402835
37902,216191679969956625
25614,72061103026279185
41998,216174366956786448
74766,72058912594006800
140302,76562503630402320
271374,216455567055590160
2106382,72058904271590160
148494,76564560919737105
279566,216457624344924945
2114574,72060961560924945
99342,216174092079928080
295950,504685938912334608
558094,216191679969957648
1082382,220677687679718160
394254,220959024949048080
1180686,85569561419658000
2229262,76562362165048080
2360334,216455425590235920
3146766,76562362701910800
14350,72111680561156865
137230,76615138454614785
268302,216508201879802625
2103310,72111539095802625
26638,72078695212323585
43022,216191959142830848
75790,72076504780051200
141326,76580095816446720
272398,216473159241634560
534542,72111680561157888
2107406,72076496457634560
149518,76582153105781505
280590,216475216530969345
542734,72113737850492673
2115598,72078553746969345
100366,216191684265972480
296974,504703531098379008
1083406,220695279865762560
395278,220976617135092480
657422,76615138454615808
1181710,85587153605702400
2230286,76579954351092480
788494,216508201879803648
2361358,216473017776280320
2623502,72111539095803648
3147790,76579954887955200
28686,72078557773370115
45070,216191684264923905
86030,72078489054941955
1069070,76582084654732035
167950,220695142158381825
561166,216226726903092993
2134030,216191542799569665
397326,220976548415615745
659470,76615069735139073
1183758,85587084886225665
2232334,76579885631615745
790542,216508133160326913
2363406,216472949056803585
2625550,72111470376326913
3149838,76579886168478465
90126,72060974178308865
155662,76564565214704385
286734,216457628639892225
2121742,72060965855892225
303118,504685943207301888
565262,216191684264924928
1089550,220677691974685440
204814,76562374782432000
335886,216455438207619840
2170894,72058775423619840
401422,220959029244015360
1187854,85569565714625280
2236430,76562366460015360
2367502,216455429885203200
3153934,76562366996878080
114702,216176153664230145
311310,504688000496636673
573454,216193741554259713
1097742,220679749264020225
213006,76564496496276225
344078,216457559921464065
2179086,72060897137464065
671758,76582084386305793
802830,216475147811493633
1327118,220961155521254145
2637838,72078485027493633
229390,220677554268353280
2195470,216173954909541120
425998,509189401100759808
688142,220695142158382848
2392078,504685801741947648
2654222,216191542799570688
458766,220958960525587200
1245198,85569496996197120
2293774,76562297741587200
2424846,216455361166775040
3211278,76562298278449920
917518,220976548415616768
1703950,85587084886226688
2752526,76579885631616768
2883598,216472949056804608
3670030,76579886168479488
65654,4524503253192960
131190,13531693915910400
524406,4559679033250560
1206,3371600777520
8374,3380190712080
131254,4506902508679440
524470,20895067345680
2097334,3303149867280
8502,72060974228640000
33078,216176153714561280
131382,76564496546607360
262454,216457559971795200
524598,72078489105273600
2097462,72060897187795200
8758,7778237223168
16950,16497020834049
131638,4511300555190528
524854,25293113856768
2097718,7701196378368
9270,3517596111120
66614,3380159254800
10294,21109782155520
67638,20972345299200
526390,56148125356800
69686,20903625822465
528438,56079405880065
41014,72061111634039040
73782,3397339123968
139318,4506979784536320
532534,20972343202560
2105398,3380425724160
81974,7709486289153
98358,72060974197182720
327734,72342380454416640
1114166,4506911335584000
655414,4524494661169920
1179702,13514101998301440
2228278,4506902743691520
2621494,20895302357760
3145782,4506903280554240
131286,13529494925160720
524502,4557480042500880
131414,85587088963088640
524630,76615074080428800
2646,4559747785232640
4694,4559679065755905
8790,4524572003078400
66134,4524503284650240
1049174,13531694216843520
2097750,4524494962233600
10326,4557694757310720
133206,13564747983171840
20566,4559679032201475
135254,13564679263695105
139350,13529572201017600
532566,4557557318357760
147542,13531693914861825
540758,4559679032201985
196694,13529503482589440
589910,4557488599929600
2228310,13529495160172800
1572950,13564679532122880
2621526,4557480277512960
3145814,13529495697035520
918,72060897119506704
1686,3371666837808
8854,3380256772368
66198,3311538344208
131734,4506902574739728
524950,20895133405968
2097814,3303215927568
3222,18902201471280
17558,3371599728945
33942,72058904053354800
66710,1181167456560
132246,4504772203852080
525462,18764762518320
2098326,1172845039920
10390,18910791405840
526486,53949134607120
20630,20895066296595
528534,53880415130385
24726,3380189663505
41110,72058912643289360
139414,4504780793786640
532630,18773352452880
2105494,1181434974480
82070,3311471235345
147606,4506902507630865
540822,20895066297105
2113686,3303148818705
196758,4504712075358480
589974,18704634024720
2162838,1112716546320
655510,4522295670420240
1179798,13511903007551760
2228374,4504703752941840
2621590,18696311608080
3145878,4504704289804560
8982,72060974294700288
33558,216176153780621568
66326,72060905576272128
131862,76564496612667648
262934,216457560037855488
525078,72078489171333888
2097942,72060897253855488
9494,72058912643289360
34070,216174092129210640
10518,72076504829333760
35094,216191684315255040
526614,72111543172535040
20758,72078489104224515
528662,72111474453058305
24854,72060974227591425
139542,76562374831714560
270614,216455438256902400
532758,72076367390380800
2105622,72058775472902400
49430,216176153713512705
82198,72060905509163265
147734,76564496545558785
278806,216457559970746625
540950,72078489104225025
2113814,72060897186746625
98582,216173963281240320
164118,220677554317635840
557334,216191546876302080
2130198,216173954958823680
196886,76562306113286400
327958,216455369538474240
590102,72076298671952640
2162966,72058706754474240
393494,220958960574869760
655638,76579889708348160
1179926,85569497045479680
2228502,76562297790869760
786710,216472953133536000
2359574,216455361216057600
2621718,72076290349536000
3146006,76562298327732480
3606,21101224726800
34326,72061103076610320
67094,3380190712080
132630,4506971227107600
525846,20963785773840
2098710,3371868295440
6678,56148157862145
35350,72078695262654720
68118,20972376756480
133654,4524563413152000
2099734,20964054339840
12822,20972375707905
21014,25293112807683
70166,20903657279745
135702,4524494693675265
2101782,20895334863105
25110,7778236174593
74262,3397370581248
270870,72342449204302080
1057302,4506980085469440
82454,7709517746433
147990,4511300554141953
541206,25293112808193
2114070,7701195329793
98838,72060974228640000
164374,76564565265035520
295446,216457628690223360
557590,72078557823701760
2130454,72060965906223360
328214,72342380485873920
1114646,4506911367041280
393750,76845971522269440
786966,72359964080935680
2359830,72342372163457280
1573398,4524494962103040
527382,54086540006160
25622,3517595062545
140310,4504918199185680
533526,18910757851920
2106390,1318840373520
14358,54095129940225
22550,56148124307715
26646,21109781106945
141334,4522510385230080
2107414,18911026417920
542742,56148124308225
559126,72111680577934080
591894,53957692035840
657430,4557548728431360
2623510,53949369619200
28694,20972342153475
536598,53957690987265
86038,20903623725315
151574,4524494660120835
2117654,20895301308675
593942,53888972559105
659478,4557480008954625
2625558,53880650142465
57366,72061111632990465
155670,4506979783487745
548886,20972342153985
2121750,3380424675585
172054,76562512237113600
303126,216455575662301440
565270,72076504795779840
2138134,72058912878301440
663574,4522372946277120
1187862,13511980283408640
2236438,4504781028798720
2629654,18773587464960
3153942,4504781565661440
213014,4506911065059585
606230,20903623725825
2179094,3311706247425
671766,4524494660121345
1196054,13514101997252865
2244630,4506902742642945
2637846,20895301309185
3162134,4506903279505665
720918,4522304227848960
1245206,13511911564980480
2293782,4504712310370560
2686998,18704869036800
3211286,4504712847233280
1703958,13529495160042240
2752534,4522295905432320
3670038,4522296442295040
131302,13531689620943120
524518,4559674738283280
131430,85589283658871040
524646,76617268776211200
131686,13536087667454208
524902,4564072784794368
3174,4559880879935760
132198,13531758323642640
525414,4559743440982800
10342,4559885174903040
34918,76617474917863680
67686,4559747738046720
526438,4630112185160448
1050726,13566942964158720
2099302,4559743709548800
20582,4564072768016643
69734,4559679018569985
528486,4630043465683713
1052774,13566874244681985
2101350,4559674990072065
73830,4524571955892480
139366,13531762618609920
532582,4559747735950080
147558,13536087650676993
540774,4564072768017153
163942,85589352361570560
557158,76617337478910720
1114214,13531694169657600
2162790,4524494915047680
393318,85870758618804480
1179750,31546088382083328
786534,76898743736144640
1446,72060961343738160
33190,216176149419594000
65958,72060896921325840
131494,76564492251640080
262566,216457555676827920
524710,72078484810306320
2097574,72060892892827920
1702,7765352321328
17062,16492725866769
66214,7700929909008
131750,4511296260223248
524966,25288818889488
2097830,7696901411088
3238,21096897253680
9382,3509006176560
33958,72061098749137200
66726,3371569320240
132262,4506966899634480
525478,20959458300720
2098342,3367540822320
526502,56143830389520
528550,56075110912785
73894,3380159254800
196774,4506902477222160
589990,20895035888400
2162854,3303118410000
655526,4524490366202640
1179814,13514097703334160
2228390,4506898448724240
2621606,20891007390480
3145894,4506898985586960
17190,72074086763794689
33574,216180547466105088
66342,72065294967836928
131878,76568890298151168
262950,216461953723339008
525094,72082882856817408
2097958,72065290939339008
34086,216176286824993040
35110,216193879011037440
526630,72113737868317440
528678,72113669148840705
41254,216176291119960320
74022,72060974197182720
98598,216176153683104000
164134,220679749013418240
557350,216193741572084480
2130214,216176149654606080
196902,76564496515150080
327974,216457559940337920
590118,72078489073816320
2162982,72060897156337920
393510,220961155270652160
655654,76582084404130560
1179942,85571691741262080
2228518,76564492486652160
786726,216475147829318400
2359590,216457555911840000
2621734,72078485045318400
3146022,76564493023514880
526886,60541876900608
21030,34084878356739
528934,60473157423873
74278,7778205765888
82470,16496989376769
148006,4520092319691009
541222,34084878357249
2114086,16492960878849
197158,4511300523733248
590374,25293082399488
2163238,7701164921088
655910,4528888412713728
1180198,13518495749845248
2228774,4511296495235328
2621990,25289053901568
3146278,4511297032098048
7206,56281252565265
68646,21101177540880
134182,4524696507855120
2100262,21097149042960
529446,56143813612305
140326,4507108616778000
533542,21101175444240
2106406,3509257965840
99366,72061103029424400
164902,76564698359738640
295974,216457761784926480
558118,72078690918404880
2130982,72061099000926480
197670,4506971179921680
590886,20963738587920
2163750,3371821109520
656422,4524559068902160
1180710,13514166406033680
2229286,4506967151423760
2622502,20959710090000
3146790,4506967688286480
14374,56285547532545
22566,60541860122883
38950,72113875290493185
71718,56148110676225
137254,4559743440990465
530470,126512557789953
2103334,56144082178305
141350,4524700802822400
2107430,21101444010240
542758,60541860123393
100390,72078695215468800
165926,76582290545783040
296998,216475353970970880
2132006,72078691186970880
198694,4524563365966080
2164774,20964007153920
1181734,13531758592078080
2230310,4524559337468160
788518,72395212828250880
1574950,4559743709418240
3147814,4524559874330880
77862,20972328521985
536614,56148108579585
86054,25293065621763
151590,4528888395936003
2117670,25289037123843
561190,72113737851540225
200742,4524494646489345
2166822,20895287677185
1183782,13531689872601345
2232358,4524490617991425
790566,72395144108774145
1576998,4559674989941505
3149862,4524491154854145
90150,7778188988673
172070,76564702654705920
303142,216457766079893760
565286,72078695213372160
2138150,72061103295893760
335910,72342449157116160
1122342,4506980038283520
663590,4524563363869440
1187878,13514170701000960
2236454,4506971446391040
2629670,20964005057280
3153958,4506971983253760
213030,4511300506956033
606246,25293065622273
2179110,7701148143873
671782,4528888395936513
1196070,13518495733068033
2244646,4511296478458113
2637862,25289037124353
3162150,4511297015320833
229414,76564565217849600
360486,216457628643037440
622630,72078557776515840
2195494,72060965859037440
426022,220961223973351680
688166,76582153106830080
1212454,85571760443961600
2261030,76564561189351680
819238,216475216532017920
2392102,216457624614539520
2654246,72078553748017920
3178534,76564561726214400
458790,76845971475083520
852006,72359964033749760
2424870,72342372116271360
1638438,4524494914917120
917542,76863559364064000
1441830,85853166701195520
2490406,76845967446585600
2883622,72359960005251840
3407910,76845967983448320
131526,85587084668121360
524742,76615069785461520
1734,4524559118176560
2758,4559743490265360
4806,4559674770788625
1049286,13531689921876240
2097862,4524490667266320
3270,4557681872408880
132294,13529559316115760
525510,4557544433455920
133318,13564743688204560
20678,4559674737234195
135366,13564674968727825
147654,13531689619894545
540870,4559674737234705
2228422,13529490865205520
1573062,13564675237155600
2621638,4557475982545680
3145926,13529491402068240
2886,76617337528193280
4934,76617268808716545
33606,220697341231960320
262982,220978747489194240
1049414,85589283959804160
2097990,76582084705194240
35142,220730463986192640
133446,85622337726132480
20806,76617268775162115
135494,85622269006655745
147782,85589283657822465
540998,76617268775162625
164166,229702341429899520
557382,220730326547239680
393542,229983747687133440
2228550,85587084903133440
786758,221011732804473600
1573190,85622269275083520
2621766,76615070020473600
3146054,85587085439996160
3654,4559880895664400
132678,13531758339371280
525894,4559743456711440
10822,4559885190631680
35398,76617474933592320
526918,4630112200889088
1051206,13566942979887360
2099782,4559743725277440
21062,4564072783745283
528966,4630043481412353
1053254,13566874260410625
2101830,4559675005800705
139846,13531762634338560
533062,4559747751678720
148038,13536087666405633
541254,4564072783745793
164422,85589352377299200
557638,76617337494639360
197190,13531693915910400
590406,4559679033250560
393798,85870758634533120
1180230,31546088397811968
787014,76898743751873280
19526,4559880878887185
527430,4628050599809808
1051718,13564881378808080
2100294,4557682124198160
21574,4559743439933715
136262,13564743671427345
140358,13529701033259280
533574,4557686150599440
148550,13531758322594065
541766,4559743439934225
164934,85587290776219920
558150,76615275893560080
2229318,13529559567905040
1573958,13564743939855120
2622534,4557544685245200
3146822,13529560104767760
22598,4630112184111363
137286,13635112415604993
530502,4768650649211649
26694,4559885173854465
75846,4557694741582080
534598,4628054894777088
1058886,13564885673775360
2107462,4557686419165440
51270,76617474916815105
542790,4630112184111873
1067078,13566942963110145
2115654,4559743708500225
297030,221011938946126080
559174,76685644637737728
1083462,85622475416736000
2132038,76615276162126080
198726,13564747967443200
395334,85903812686065920
1181766,31579142449344768
1574982,13635112684032768
2623558,4627913429422848
28742,4559747734900995
143430,13564747966394625
53318,76617337477861635
86086,4559679016472835
282694,76898743735095555
168006,85622337709355265
200774,13564679247966465
397382,85903743966589185
1183814,31579073729868033
1577030,13635043964556033
2625606,4627844709946113
155718,13531762617561345
548934,4559747734901505
172102,85587295071187200
565318,76615280188527360
204870,13529572185288960
598086,4557557302629120
2236486,13529563862872320
1581126,13564748234822400
2629702,4557548980212480
3153990,13529564399735040
180294,85589352360521985
573510,76617337477862145
213062,13531693899133185
606278,4559679016473345
409670,85870758617755905
1196102,31546088381034753
802886,76898743735096065
426054,229983816389832960
2261062,85587153605832960
819270,221011801507173120
1605702,85622337977783040
2654278,76615138723173120
3178566,85587154142695680
2293830,13529495144444160
1638470,13564679516394240
2687046,4557480261784320
3211334,13529495681306880
2490438,85868559863066880
1835078,85903744235016960
2883654,76896544980407040
3407942,85868560399929600
1926,72060961409798448
33670,216176149485654288
131974,76564492317700368
263046,216457555742888208
525190,72078484876366608
2098054,72060892958888208
3462,72076491944431920
9606,72058904053354800
17798,72060961342689585
132486,76562361946812720
263558,216455425372000560
525702,72076354505478960
2098566,72058762588000560
35206,216191680020287760
526726,72111538877567760
20870,72078484809257235
528774,72111470158091025
41350,216174092129210640
49542,216176149418545425
147846,76564492250591505
278918,216457555675779345
541062,72078484809257745
2113926,72060892891779345
164230,220677550022668560
557446,216191542581334800
2130310,216173950663856400
393606,220958956279902480
655750,76579885413380880
1180038,85569492750512400
2228614,76562293495902480
786822,216472948838568720
2359686,216455356921090320
2621830,72076286054568720
3146118,76562294032765200
5766,20959490806065
18054,7765351272753
67206,3371600777520
263814,72342436319400240
1050246,4506967200567600
6790,56143862894865
10886,21101224726800
35462,72078690967687440
133766,4524559118184720
2099846,20959759372560
21126,25288817840403
135814,4524490398707985
2101894,20891039895825
41606,72061103076610320
74374,3380190712080
139910,4506971227107600
533126,20963785773840
2105990,3371868295440
148102,4511296259174673
541318,25288817840913
2114182,7696900362513
164486,76564560970068240
295558,216457624395256080
557702,72078553528734480
2130566,72060961611256080
197254,4506902508679440
590470,20895067345680
2163334,3303149867280
393862,76845967227302160
787078,72359959785968400
2359942,72342367868490000
1573510,4524490667135760
7302,54082245038385
19590,21096896205105
134278,4522497500328240
2100358,18898141516080
21638,20959457251635
529542,53944806085425
25734,3509005127985
74886,1318572855600
140422,4504909609251120
533638,18902167917360
2106502,1310250438960
50310,72061098748088625
148614,4506966898585905
541830,20959457252145
2114694,3367539773745
164998,76562499352211760
296070,216455562777399600
558214,72076491910878000
2131078,72058899993399600
656518,4522360061375280
1180806,13511967398506800
2229382,4504768143896880
2622598,18760702563120
3146886,4504768680759600
22662,56143829340435
534662,54086540006160
542854,56143829340945
559238,72111676282966800
657542,4557544433464080
2623622,53945074651920
151686,4524490365153555
2117766,20891006341395
659590,4557475713987345
2625670,53876355175185
671878,4524490365154065
1196166,13514097702285585
2244742,4506898447675665
2637958,20891006341905
3162246,4506898984538385
1704070,13529490865074960
2752646,4522291610465040
3670150,4522292147327760
3846,72078690967687440
9990,72061103076610320
132870,76564560970068240
263942,216457624395256080
526086,72078553528734480
2098950,72060961611256080
6918,72113737900822785
11014,72078695262654720
133894,76582153156112640
264966,216475216581300480
2099974,72078553797300480
21254,72082882855768323
37638,216193741604589825
135942,76582084436635905
267014,216475147861823745
2102022,72078485077823745
74502,72060974228640000
140038,76564565265035520
271110,216457628690223360
533254,72078557823701760
2106118,72060965906223360
49926,216180547465056513
148230,76568890297102593
279302,216461953722290433
541446,72082882855768833
2114310,72065290938290433
99078,216176153714561280
295686,504688000546967808
1082118,220679749314351360
197382,76564496546607360
328454,216457559971795200
590598,72078489105273600
2163462,72060897187795200
1311494,220961155571585280
1573638,76582084705063680
527622,72111676282966800
50438,216176286823944465
165126,220677687428067600
558342,216191679986733840
2131206,216174088069255440
22790,72113737867268355
39174,216226864358822145
534790,72111680577934080
51462,216193879009988865
542982,72113737867268865
166150,220695279614112000
2132230,216191680255299840
657670,76615138471392000
788742,216508201896579840
2623750,72111539112579840
53510,216193741571035395
151814,76582084403081475
282886,216475147828269315
2117894,72078485044269315
561414,216226726919869185
659718,76615069751915265
790790,216508133177103105
2625798,72111470393103105
57606,216176291118911745
106758,216174100686639360
172294,220677691723034880
565510,216191684281701120
2138374,216174092364222720
180486,220679749012369665
573702,216193741571035905
2146566,216176149653557505
409862,220961155269603585
672006,76582084403081985
1196294,85571691740213505
2244870,76564492485603585
803078,216475147828269825
2375942,216457555910791425
2638086,72078485044269825
3162374,76564493022466305
688390,220695142175159040
1212678,229684749512290560
2261254,220677550257680640
2654470,216191542816346880
3178758,220677550794543360
917766,220976548432392960
1442054,229966155769524480
2490630,220958956514914560
1704198,85587084903002880
2752774,76579885648392960
2883846,216472949073580800
3408134,220958957051777280
3670278,76579886185255680
7686,56281268293905
134662,4524696523583760
2100742,21097164771600
529926,56143829340945
75270,3517596111120
140806,4507108632506640
534022,21101191172880
2106886,3509273694480
165382,76564698375467280
296454,216457761800655120
558598,72078690934133520
2131462,72061099016655120
656902,4524559084630800
1181190,13514166421762320
2229766,4506967167152400
2622982,20959725818640
3147270,4506967704015120
14854,56285563261185
23046,60541875851523
39430,72113875306221825
137734,4559743456719105
530950,126512573518593
2103814,56144097906945
76294,21109782155520
141830,4524700818551040
2107910,21101459738880
543238,60541875852033
166406,76582290561511680
297478,216475353986699520
2132486,72078691202699520
592390,56148125356800
1182214,13531758607806720
2230790,4524559353196800
788998,72395212843979520
1575430,4559743725146880
3148294,4524559890059520
537094,56148124308225
152070,4528888411664643
2118150,25289052852483
561670,72113737867268865
594438,56079405880065
1184262,13531689888329985
2232838,4524490633720065
791046,72395144124502785
1577478,4559675005670145
3150342,4524491170582785
107014,72061111634039040
172550,76564702670434560
303622,216457766095622400
565766,72078695229100800
2138630,72061103311622400
205318,4506979784536320
598534,20972343202560
2171398,3380425724160
664070,4524563379598080
1188358,13514170716729600
2236934,4506971462119680
2630150,20964020785920
3154438,4506971998982400
672262,4528888411665153
1196550,13518495748796673
2245126,4511296494186753
2638342,25289052852993
3162630,4511297031049473
426502,220961223989080320
688646,76582153122558720
1212934,85571760459690240
2261510,76564561205080320
819718,216475216547746560
2392582,216457624630268160
2654726,72078553763746560
3179014,76564561741943040
721414,4524494661169920
1245702,13514101998301440
2294278,4506902743691520
2687494,20895302357760
3211782,4506903280554240
918022,76863559379792640
1442310,85853166716924160
2490886,76845967462314240
2884102,72359960020980480
3408390,76845967999176960
138246,4557681855639825
531462,124450972439313
2104326,54082496827665
535558,54361401135888
150534,4524696506806545
2116614,21097147994385
560134,72111951144096528
592902,54086524277520
1182726,13529697006727440
2231302,4522497752117520
789510,72393151242900240
1575942,4557682124067600
3148806,4522498288980240
29702,21101174395155
537606,54086523228945
54278,72078690917355795
152582,4524559067853075
2118662,20959709040915
562182,72111676266189585
660486,4557544416686865
2626566,53945057874705
91142,3517579333905
156678,4507108615729425
549894,21101174395665
2122758,3509256917265
205830,4504918183457040
599046,18910742123280
2171910,1318824644880
664582,4522501778518800
1188870,13512109115650320
2237446,4504909861040400
2630662,18902419706640
3154950,4504910397903120
181254,76564698358690065
312326,216457761783877905
574470,72078690917356305
2147334,72061098999877905
672774,4524559067853585
1197062,13514166404985105
2245638,4506967150375185
2638854,20959709041425
3163142,4506967687237905
427014,220959162388001040
689158,76580091521479440
1213446,85569698858610960
2262022,76562499604001040
820230,216473154946667280
2393094,216455563029188880
2655238,72076492162667280
3179526,76562500140863760
1704966,13529559567774480
2753542,4522360313164560
3671046,4522360850027280
79878,54095114211585
145414,4557686150607105
538630,124455267406593
2111494,54086791794945
88070,56148108579075
284678,72395212827201795
1071110,4559743708369155
169990,76615275893567745
301062,216508339318755585
563206,72182045010367233
2136070,72111676534755585
661510,4627913160864513
1185798,13564743939862785
2234374,4557544685252865
2627590,124313802052353
3151878,4557545222115585
92166,21109765378305
157702,4524700801773825
2123782,21101442961665
567302,72111955439063808
206854,4522510369501440
2172934,18911010689280
1189894,13529701301694720
2238470,4522502047084800
796678,72393155537867520
1583110,4557686419034880
3155974,4522502583947520
182278,76582290544734465
313350,216475353969922305
2148358,72078691185922305
608262,56148108579585
1198086,13531758591029505
2246662,4524559336419585
804870,72395212827202305
1591302,4559743708369665
3164166,4524559873282305
624646,72111680562205440
428038,220976754574045440
1214470,85587291044655360
2263046,76580091790045440
2394118,216473155215233280
1607686,76615276161995520
3180550,76580092326908160
722950,4557548712702720
2689030,53949353890560
919558,76896613431325440
2885638,72393014072513280
61446,72078695212323075
94214,20972326424835
159750,4524563362820355
2125830,20964004008195
569350,72111680561156865
602118,53957675258625
667654,4557548711654145
2633734,53949352841985
184326,76582153105780995
315398,216475216530968835
2150406,72078553746968835
217094,4524494644392195
2183174,20895285580035
413702,76863559363014915
2379782,72359960004202755
692230,76615138454614785
823302,216508201879802625
2658310,72111539095802625
724998,4557479993225985
2691078,53880634413825
921606,76896544711848705
2887686,72392945353036545
122886,72061111617261825
188422,76564702653657345
319494,216457766078845185
581638,72078695212323585
2154502,72061103294845185
221190,4506979767759105
614406,20972326425345
2187270,3380408946945
679942,4524563362820865
1204230,13514170699952385
2252806,4506971445342465
2646022,20964004008705
3170310,4506971982205185
237574,76562512221384960
368646,216455575646572800
630790,72076504780051200
2203654,72058912862572800
434182,220959166682968320
696326,76580095816446720
1220614,85569703153578240
2269190,76562503898968320
827398,216473159241634560
2400262,216455567324156160
2662406,72076496457634560
3186694,76562504435831040
729094,4522372930548480
1253382,13511980267680000
2301958,4504781013070080
2695174,18773571736320
3219462,4504781549932800
1712134,13529563862741760
2760710,4522364608131840
3678214,4522365144994560
442374,220961223972303105
704518,76582153105781505
1228806,85571760442913025
2277382,76564561188303105
835590,216475216530969345
2408454,216457624613490945
2670598,72078553746969345
3194886,76564561725165825
737286,4524494644392705
1261574,13514101981524225
2310150,4506902726914305
2703366,20895285580545
3227654,4506903263777025
933894,76863559363015425
1458182,85853166700146945
2506758,76845967445537025
2899974,72359960004203265
3424262,76845967982399745
950278,220976617135092480
1474566,229966224472224000
2523142,220959025217614080
1736710,85587153605702400
2785286,76579954351092480
2916358,216473017776280320
3440646,220959025754476800
3702790,76579954887955200
1769478,13529495144313600
2818054,4522295889703680
3735558,4522296426566400
1966086,85868559862936320
3014662,76861360608326400
3932166,76861361145189120
250,76582088732574480
634,76586486779085568
2170,76617341790585600
4218,76617273071108865
8314,76582166008431360
32890,220697345494352640
131194,85589287953765120
262266,220978751751586560
524410,76617273071109888
1048698,85589288222196480
698,72065295032779536
2234,72078557824680720
4282,72078489105203985
16570,72065294965670673
131258,76564496546534160
524474,72078489105205008
1048762,76564496814965520
2097338,72060897187660560
1594,72065363685147408
2618,72082955871191808
4666,72082887151715073
131642,76568894593045248
524858,72082887151716096
1049146,76568894861476608
2097722,72065295234171648
3130,72078695230079760
263226,216457628657648400
6202,72113742163215105
264250,216475220843692800
526394,72113742163216128
12346,72078566381060865
20538,72082887118160643
36922,216193745866982145
266298,216475152124216065
528442,72113673443739393
24634,72065372241527553
139322,76564573822391040
532538,72078566381061888
1056826,76564574090822400
2105402,72060974463517440
49210,216180551727448833
278586,216461957984682753
163898,220679753308312320
294970,504688004809360128
557114,216193745866983168
1081402,220679753576743680
2129978,216176153949438720
393274,220961159565546240
1179706,85571696036156160
786490,216475152124217088
1310778,220961159833977600
2359354,216457560206672640
3145786,76564497318347520
474,220695077851235088
730,76582088798634768
1242,76579958427747120
2266,76615142799835920
4314,76615074080359185
8410,76579967017681680
16602,76582088731525905
32986,220695146503602960
65754,76579898299253520
131290,85587088963015440
262362,220976552760836880
524506,76615074080360208
1048794,85587089231446800
1370,220695146503602960
33114,508925522655314688
262490,509206928912548608
2097498,220695078052627200
1626,76582157451002640
16986,76586486778036993
2097754,76582089000026880
3162,76615280205234960
9306,76580104423080720
33882,220695283909002000
18522,76617341789537025
67674,76615151357264640
133210,85622342021026560
264282,221011805818848000
1050714,85622342289457920
12378,76615151356216065
36954,220730330842137345
69722,76615082637787905
135258,85622273301549825
266330,221011737099371265
1052762,85622273569981185
24666,76582166007382785
139354,85587166238872320
270426,220976630036693760
532570,76615151356217088
1056858,85587166507303680
49242,220697345493304065
82010,76582097288954625
147546,85589287952716545
278618,220978751750537985
540762,76617273070061313
1065050,85589288221147905
98394,220695155061031680
163930,229702345724793600
557146,220730330842138368
1081434,229702345993224960
196698,85587097520444160
327770,220976561318265600
589914,76615082637788928
1114202,85587097788875520
393306,229983751982027520
655450,85622273301550848
786522,221011737099372288
1310810,229983752250458880
1572954,85622273569982208
3145818,85587089734828800
2458,216191546943341328
4506,216191478223864593
33178,504404330909008656
131482,220677485665194768
262554,504685737166242576
524698,216191478223865616
1048986,220677485933626128
2097562,216173886306321168
2714,72078557890741008
4762,72078489171264273
17050,72065295031730961
131738,76564496612594448
524954,72078489171265296
1049242,76564496881025808
2097818,72060897253720848
5274,72076358800376625
132250,76562366241706800
525466,72076358800377648
1049754,76562366510138160
2098330,72058766882833200
6298,72111543172465425
18586,72078557823632145
67738,72076367391359760
264346,216473021852943120
526490,72111543172466448
12442,72076367390311185
37018,216191546876232465
69786,72076298671883025
266394,216472953133466385
528538,72111474452989713
73882,72058792385184528
139418,76562374831641360
532634,72076367390312208
1056922,76562375100072720
2105498,72058775472767760
147610,76564496545485585
540826,72078489104156433
1065114,76564496813916945
2113690,72060897186611985
163994,220677554317562640
295066,504685805818610448
557210,216191546876233488
1081498,220677554585994000
2130074,216173954958689040
196762,76562306113213200
589978,72076298671884048
1114266,76562306381644560
2162842,72058706754339600
393370,220958960574796560
1179802,85569497045406480
786586,216472953133467408
1310874,220958960843227920
2359450,216455361215922960
3145882,76562298327597840
5402,216191546876232465
132378,220677554317562640
263450,504685805818610448
525594,216191546876233488
1049882,220677554585994000
2098458,216173954958689040
133402,220695146503607040
264474,504703398004654848
1050906,220695146772038400
2099482,216191547144733440
37146,504421923027944193
135450,220695077784130305
266522,504703329285178113
1052954,220695078052561665
2101530,216191478425256705
164122,508907930469274368
557338,504421923027945216
1081626,508907930737705728
2130202,504404331110400768
393498,509189336726508288
655642,220695077784131328
2228506,220677485866586880
786714,504703329285179136
1311002,509189336994939648
2359578,504685737367634688
1573146,220695078052562688
2621722,216191478425257728
5658,72078557823632145
17946,72065363684098833
132634,76564565264962320
525850,72078557823633168
1050138,76564565533393680
2098714,72060965906088720
18970,72082955870143233
133658,76582157451006720
1051162,76582157719438080
2099738,72078558092133120
135706,76582088731529985
1053210,76582088999961345
2101786,72078489372656385
147994,76568894591996673
541210,72082887150667521
1065498,76568894860428033
2114074,72065295233123073
655898,76582088731531008
2228762,76564496813986560
1573402,76582088999962368
2621978,72078489372657408
7194,72111680577864465
11290,72076779673617168
19482,72078695229031185
35866,216191959159538448
68634,72076504796758800
265242,216473159258342160
527386,72111680577865488
13338,72076504795710225
21530,72078557790077715
37914,216191684281631505
74778,72058929790583568
140314,76562512237040400
533530,72076504795711248
1057818,76562512505471760
2106394,72058912878166800
82970,72060974195016465
279578,216457628656599825
164890,220677691722961680
295962,504685943224009488
558106,216191684281632528
1082394,220677691991393040
2130970,216174092364088080
328730,216455438224327440
71706,72111551729894145
268314,216508206191477505
75802,72076521976627968
141338,76580104423084800
1058842,76580104691516160
2107418,72076505064211200
83994,72078566381060865
280602,216475220842644225
542746,72113742162167553
165914,220695283909006080
296986,504703535410053888
1083418,220695284177437440
2131994,216191684550132480
329754,216473030410371840
591898,72111551729895168
788506,216508206191478528
274458,216473030409323265
536602,72111551728846593
151578,76582088697975555
1069082,76582088966406915
2117658,72078489339101955
102426,216191555433661185
561178,216226731214767873
331802,216472961690895105
593946,72111483010418433
790554,216508137472001793
90138,72060991374885633
155674,76564573821342465
548890,72078566380013313
1073178,76564574089773825
2121754,72060974462468865
335898,216455455404196608
401434,220959037850653440
1187866,85569574321263360
794650,216473030409324288
1318938,220959038119084800
2367514,216455438491779840
3153946,76562375603454720
180250,220679753307263745
311322,504688004808311553
573466,216193745865934593
1097754,220679753575695105
2146330,216176153948390145
213018,76564505102914305
606234,72078497661585153
1130522,76564505371345665
2179098,72060905744040705
409626,220961159564497665
1196058,85571696035107585
802842,216475152123168513
1327130,220961159832929025
2375706,216457560205624065
3162138,76564497317298945
229402,220677562874991360
360474,504685814376039168
622618,216191555433662208
1146906,220677563143422720
2195482,216173963516117760
1212442,229684753807184640
3178522,220677555089376000
458778,220958969132225280
1245210,85569505602835200
851994,216472961690896128
1376282,220958969400656640
2424858,216455369773351680
3211290,76562306885026560
1441818,229966160064418560
3276826,85569497548788480
3407898,220958961346609920
746,76586482484118288
1258,76582153123529520
2282,76617337495618320
4330,76617268776141585
33002,220697341199385360
65770,76582088701117200
131306,85589283658797840
262378,220978747456619280
524522,76617268776142608
1048810,85589283927229200
1386,220697341199385360
8554,220697345494352640
16746,220701670526419713
33130,508927717351097088
262506,509209123608331008
2097514,220697272748409600
2666,76621735542129408
4714,76621666822652673
17002,76595278543586049
33386,220701739245896448
66154,76586486747628288
131690,85593681705308928
262762,220983145503130368
524906,76621666822653696
1049194,85593681973740288
5226,76617337478841105
9322,76582294840673040
66666,76582157403816720
132202,85589352361497360
263274,220978816159318800
525418,76617337478842128
1049706,85589352629928720
6250,76687706223018753
18538,76621735525352193
526442,76687706223019776
2099306,76617337747342080
12394,76617341773808385
528490,76687637503543041
2101354,76617269027865345
139370,85589356656464640
270442,220978820454286080
532586,76617341773809408
1056874,85589356924896000
49258,220701739229119233
82026,76586486730851073
147562,85593681688531713
278634,220983145486353153
540778,76621666805876481
1065066,85593681956963073
295018,509209192311030528
2130026,220697341451109120
2162794,76582088952840960
1179754,103603682419938048
2228330,85589283910521600
2359402,220978747708343040
2621546,76617269027866368
2730,72082951576224528
4778,72082882856747793
8874,72065363685147408
131754,76568890298077968
524970,72082882856748816
1049258,76568890566509328
2097834,72065290939204368
5290,72078553496159025
17578,72065359356625713
132266,76564560937489200
525482,72078553496160048
1049770,76564561205920560
2098346,72060961578615600
6314,72113737868247825
10410,72078695230079760
67754,72078557793223440
264362,216475216548725520
526506,72113737868248848
20650,72082882823193363
37034,216193741572014865
69802,72078489073746705
266410,216475147829248785
528554,72113669148772113
270506,216457628657648400
49322,216180547432481553
82090,72065294934213393
278698,216461953689715473
164010,220679749013345040
295082,504688000514392848
557226,216193741572015888
1081514,220679749281776400
2130090,216176149654471440
196778,76564496515076880
589994,72078489073747728
1114282,76564496783508240
2162858,72060897156203280
393386,220961155270578960
1179818,85571691741188880
786602,216475147829249808
1310890,220961155539010320
2359466,216457555911705360
3145898,76564493023380240
5418,216193741572014865
17706,216180547432481553
132394,220679749013345040
263466,504688000514392848
525610,216193741572015888
1049898,220679749281776400
2098474,216176149654471440
18730,216198139618525953
133418,220697341199389440
264490,504705592700437248
1050922,220697341467820800
2099498,216193741840515840
12586,216193745866982145
37162,504424117723726593
135466,220697272479912705
266538,504705523980960513
1052970,220697272748344065
2101546,216193673121039105
24874,216180551727448833
139562,220679753308312320
270634,504688004809360128
532778,216193745866983168
1057066,220679753576743680
2105642,216176153949438720
49450,504410923584193281
147754,220684078340379393
278826,504692329841427201
540970,216198070899050241
1065258,220684078608810753
2113834,216180478981505793
164138,508910125165056768
557354,504424117723727616
1081642,508910125433488128
2130218,504406525806183168
393514,509191531422290688
655658,220697272479913728
2228522,220679680562369280
786730,504705523980961536
1311018,509191531690722048
2359594,504687932063417088
1573162,220697272748345088
2621738,216193673121040128
3626,72083088981623568
9770,72065501090546448
17962,72074155449647889
67114,72065363653690128
263722,216462022409192208
6698,72118135914758913
10794,72083093276590848
18986,72091747635692289
68138,72082955839734528
264746,216479614595236608
526890,72118135914759936
37418,216198139618525953
70186,72082887120257793
266794,216479545875759873
528938,72118067195283201
25130,72074159744615169
270890,216462026704159488
148010,76577686357545729
541226,72091678916216577
1065514,76577686625977089
2114090,72074086998672129
164394,220684147059856128
295466,504692398560903936
557610,216198139618526976
1081898,220684147328287488
2130474,216180547700982528
197162,76568894561587968
590378,72082887120258816
1114666,76568894830019328
2163242,72065295202714368
393770,220965553317090048
1180202,85576089787699968
786986,216479545875760896
1311274,220965553585521408
2359850,216461953958216448
3146282,76568891069891328
11306,72078970091209488
19498,72083088964846353
134186,76582290545709840
1051690,76582290814141200
2100266,72078691186836240
13354,72078695213302545
21546,72082951525892883
70698,72078557776446225
267306,216475216531948305
529450,72113737851471633
25642,72065501073769233
140330,76564702654632720
533546,72078695213303568
1057834,76564702923064080
2106410,72061103295759120
82986,72065363636912913
279594,216462022392414993
197674,76564565217776400
590890,72078557776447248
1115178,76564565486207760
2163754,72060965858902800
394282,220961223973278480
1180714,85571760443888400
787498,216475216531949328
1311786,220961224241709840
2360362,216457624614404880
3146794,76564561726079760
137258,76617337478845185
530474,72184106595649281
1054762,76617337747276545
2103338,72113738119971585
26666,72083093259813633
141354,76582294840677120
1058858,76582295109108480
2107434,72078695481803520
84010,72082955822957313
280618,216479614578459393
542762,72118135897982721
198698,76582157403820800
1116202,76582157672252160
2164778,72078558044947200
395306,220978816159322880
657450,76617337478846208
1181738,85589352629932800
1312810,220978816427754240
2361386,216475216800449280
1574954,76617337747277568
2623530,72113738119972608
3147818,76582153912124160
28714,72082955820860163
274474,216475220826915585
536618,72113742146438913
151594,76586482433790723
1069098,76586482702222083
2117674,72082883074917123
167978,220697341182612225
299050,504705592683660033
1085482,220697341451043585
2134058,216193741823738625
200746,76582088684344065
1118250,76582088952775425
2166826,72078489325470465
397354,220978747439846145
659498,76617268759369473
1183786,85589283910456065
1314858,220978747708277505
2363434,216475148080972545
1577002,76617269027800833
2625578,72113669400495873
3149866,76582085192647425
286762,216462026687382273
401450,220961228268245760
1187882,85571764738855680
794666,216475220826916608
1318954,220961228536677120
2367530,216457628909372160
3153962,76564566021047040
180266,220684147043078913
311338,504692398544126721
573482,216198139601749761
1097770,220684147311510273
2146346,216180547684205313
213034,76568894544810753
606250,72082887103481601
1130538,76568894813242113
2179114,72065295185937153
409642,220965553300312833
1196074,85576089770922753
802858,216479545858983681
1327146,220965553568744193
2375722,216461953941439233
3162154,76568891053114113
426026,509191600124990208
688170,220697341182613248
2261034,220679749265068800
819242,504705592683661056
1343530,509191600393421568
2392106,504688000766116608
1605674,220697341451044608
2654250,216193741823739648
720938,76582088684345088
2293802,76564496766800640
1638442,76582088952776448
2687018,72078489325471488
917546,220978747439847168
2490410,220961155522302720
1703978,85589283910457088
1835050,220978747708278528
2883626,216475148080973568
3670058,76582085192648448
8650,220695146503602960
33226,508925518360347408
65994,220695077785174800
262602,509206924617581328
2097610,220695073757659920
8906,76582157451002640
17098,76586482483069713
66250,76582088732574480
2097866,76582084705059600
5322,76615138471314225
9418,76580095833146160
17610,76582153122480945
132298,85587153353970480
263370,220976617151791920
525514,76615138471315248
1049802,85587153622401840
10442,76615280205234960
18634,76617337494569745
133322,85622337726059280
264394,221011801523880720
1050826,85622337994490640
37066,220730326547170065
135370,85622269006582545
266442,221011732804403985
1052874,85622269275013905
41162,220695283909002000
49354,220697341198336785
147658,85589283657749265
278730,220978747455570705
540874,76617268775094033
1065162,85589283926180625
164042,229702341429826320
557258,220730326547171088
1081546,229702341698257680
393418,229983747687060240
655562,85622269006583568
786634,221011732804405008
1310922,229983747955491600
1573066,85622269275014928
3145930,85587085439861520
5450,220730326547170065
9546,220695283909002000
17738,220697341198336785
34122,508925655765746448
132426,229702341429826320
525642,220730326547171088
1049930,229702341698257680
6474,220800695291347713
67914,220730330843185920
264522,509242177675592448
526666,220800695291348736
2099530,220730326815671040
12618,220730330842137345
37194,508960702698881793
69962,220730262123709185
266570,509242108956115713
528714,220800626571872001
2101578,220730258096194305
24906,220697345493304065
41290,508925660060713728
74058,220695155061031680
139594,229702345724793600
532810,220730330842138368
1057098,229702345993224960
49482,508927717350048513
82250,220697276774875905
278858,509209123607282433
2113866,220697272747361025
164170,517932717581538048
295242,1085667745606927104
557386,508960702698882816
1081674,517932717849969408
196938,229702277006365440
590154,220730262123710208
1114442,229702277274796800
393546,518214123838771968
1179978,247716671488267008
2228554,229702272978850560
786762,509242108956116736
1311050,518214124107203328
2621770,220730258096195328
5706,76617337494569745
9802,76582294856401680
132682,85589352377226000
263754,220978816175047440
525898,76617337494570768
1050186,85589352645657360
6730,76687706238747393
19018,76621735541080833
68170,76617341790585600
526922,76687706238748416
2099786,76617337763070720
12874,76617341789537025
70218,76617273071108865
528970,76687637519271681
2101834,76617269043593985
74314,76582166008431360
139850,85589356672193280
270922,220978820470014720
533066,76617341789538048
1057354,85589356940624640
49738,220701739244847873
148042,85593681704260353
279114,220983145502081793
541258,76621666821605121
1065546,85593681972691713
98890,220697345494352640
295498,509209192326759168
2130506,220697341466837760
197194,85589287953765120
328266,220978751751586560
590410,76617273071109888
1114698,85589288222196480
1180234,103603682435666688
2228810,85589283926250240
2359882,220978747724071680
2622026,76617269043595008
7242,76685644637668113
11338,76615555066364688
68682,76615280189506320
527434,76685644637669136
2100298,76615276161991440
13386,76615280188457745
136266,85622337709282065
267338,221011801507103505
1053770,85622337977713425
25674,76582294839624465
42058,220695558770131728
74826,76580104407352080
140362,85587295071114000
271434,220976758868935440
533578,76615280188458768
1057866,85587295339545360
148554,85589352360448785
279626,220978816158270225
541770,76617337477793553
1066058,85589352628880145
99402,220695283893273360
296010,509207130725679888
2131018,220695279865758480
394314,229983816389759760
656458,85622337709283088
787530,221011801507104528
1311818,229983816658191120
1573962,85622337977714448
3146826,85587154142561040
14410,76685648932635393
137290,85692706453459713
268362,221082170251281153
530506,76826244687070977
1054794,85692706721891073
534602,76685648932636416
2107466,76615280456958720
84042,76617341773808385
542794,76687706221971201
2115658,76617337746293505
198730,85622342005297920
329802,221011805803119360
1116234,85622342273729280
657482,85692706453460736
1181770,103636736487199488
2230346,85622337977783040
788554,221082170251282176
2361418,221011801775604480
1574986,85692706721892096
77898,76615151340487425
143434,85622342004249345
274506,221011805802070785
1060938,85622342272680705
102474,220730330826408705
299082,509242177658815233
561226,220800695274571521
2134090,220730326798893825
200778,85622273285821185
331850,221011737083642625
1118282,85622273554252545
659530,85692637733984001
1183818,103636667767722753
2232394,85622269258306305
790602,221082101531805441
2363466,221011733056127745
1577034,85692638002415361
90186,76582165991654145
155722,85589356655416065
286794,220978820453237505
548938,76617341772760833
1073226,85589356923847425
303178,509207135020647168
2138186,220695284160725760
204874,85587166223143680
335946,220976630020965120
598090,76615151340488448
1122378,85587166491575040
401482,229983820684727040
663626,85622342004250368
794698,221011805802071808
1318986,229983820953158400
1581130,85622342272681728
3153994,85587158437528320
114762,220697345477575425
311370,509209192309981953
2146378,220697341450060545
213066,85589287936987905
344138,220978751734809345
606282,76617273054332673
1130570,85589288205419265
1196106,103603682418889473
2244682,85589283909473025
2375754,220978747707294465
2637898,76617269026817793
229450,229702345709064960
622666,220730330826409728
1146954,229702345977496320
426058,518214192541471488
1212490,247716740190966528
2261066,229702341681550080
819274,509242177658816256
1343562,518214192809902848
2654282,220730326798894848
458826,229983751966298880
720970,85622273285822208
852042,221011737083643648
1376330,229983752234730240
1638474,85622273554253568
3211338,85587089719100160
1441866,247998146448200448
2490442,229983747938784000
1704010,103636667767723776
2752586,85622269258307328
3276874,103601483932570368
2883658,221011733056128768
67978,216191546877281040
133514,220695142208639760
264586,504703393709687568
1051018,220695142477071120
2099594,216191542849766160
12682,216191546876232465
37258,504421918732976913
70026,216191478157804305
135562,220695073489163025
266634,504703324990210833
1053066,220695073757594385
2101642,216191474130289425
139658,220677554317562640
270730,504685805818610448
532874,216191546876233488
1057162,220677554585994000
2105738,216173954958689040
98698,504404330842948368
164234,508907926174307088
557450,504421918732977936
1081738,508907926442738448
2130314,504404326815433488
197002,220677485599134480
328074,504685737100182288
590218,216191478157805328
1114506,220677485867565840
2163082,216173886240260880
393610,509189332431541008
655754,220695073489164048
2228618,220677481571619600
786826,504703324990211856
1311114,509189332699972368
2359690,504685733072667408
1573258,220695073757595408
2621834,216191474130290448
19082,72082951575175953
68234,72078557824680720
133770,76582153156039440
1051274,76582153424470800
2099850,72078553797165840
12938,72078557823632145
70282,72078489105203985
135818,76582084436562705
1053322,76582084704994065
2101898,72078485077689105
25226,72065363684098833
139914,76564565264962320
533130,72078557823633168
1057418,76564565533393680
2105994,72060965906088720
82570,72065294965670673
148106,76568890297029393
541322,72082882855700241
1065610,76568890565460753
2114186,72065290938155793
197258,76564496546534160
590474,72078489105205008
1114762,76564496814965520
2163338,72060897187660560
656010,76582084436563728
2228874,76564492519019280
1573514,76582084704995088
2622090,72078485077690128
11402,72076771083682608
68746,72076496206824240
134282,76580091538182960
1051786,76580091806614320
2100362,72076492179309360
13450,72076496205775665
267402,216473017524421425
529546,72111538843944753
140426,76562503647105840
533642,72076496205776688
1057930,76562503915537200
2106506,72058904288232240
83082,72060965605081905
148618,76564560936440625
541834,72078553495111473
1066122,76564561204871985
2114698,72060961577567025
328842,216455429634392880
394378,220959024965751600
1180810,85569561436361520
787594,216473017524422448
1311882,220959025234182960
2360458,216455425606878000
3146890,76562362718552880
14474,72111680577864465
268426,216508201896510225
26762,72078695229031185
43146,216191959159538448
75914,72076504796758800
272522,216473159258342160
534666,72111680577865488
280714,216475216547676945
542858,72113737867200273
100490,216191684282680080
166026,220695279614038800
297098,504703531115086608
1083530,220695279882470160
2132106,216191680255165200
788618,216508201896511248
28810,72078557790077715
45194,216191684281631505
86154,72078489071649555
151690,76582084403008275
1069194,76582084671439635
2117770,72078485044134675
561290,216226726919800593
790666,216508133177034513
90250,72060974195016465
286858,216457628656599825
172170,220677691722961680
303242,504685943224009488
565386,216191684281632528
1089674,220677691991393040
2138250,216174092364088080
336010,216455438224327440
114826,216176153680937745
180362,220679749012296465
311434,504688000513344273
573578,216193741570967313
1097866,220679749280727825
2146442,216176149653422865
344202,216457559938171665
409738,220961155269530385
1196170,85571691740140305
802954,216475147828201233
1327242,220961155537961745
2375818,216457555910656785
3162250,76564493022331665
1212554,229684749512217360
3178634,220677550794408720
1441930,229966155769451280
3276938,85569493253821200
3408010,220958957051642640
11530,216191959159538448
36106,504422331016282896
68874,216191684282680080
134410,220695279614038800
265482,504703531115086608
1051914,220695279882470160
2100490,216191680255165200
13578,216191684281631505
38154,504422056138375953
529674,216226726919800593
42250,504404743125205776
140554,220677691722961680
271626,504685943224009488
533770,216191684281632528
1058058,220677691991393040
2106634,216174092364088080
83210,216176153680937745
148746,220679749012296465
279818,504688000513344273
541962,216193741570967313
1066250,220679749280727825
2114826,216176149653422865
99594,504404468248347408
165130,508908063579706128
558346,504422056138376976
1082634,508908063848137488
2131210,504404464220832528
1180938,229684749512217360
3147018,220677550794408720
71946,216226731215815425
137482,220730326547174145
268554,504738578048221953
530698,216297095663978241
1054986,220730326815605505
2103562,216226727188300545
43274,504422335311250176
141578,220695283909006080
272650,504703535410053888
1059082,220695284177437440
2107658,216191684550132480
84234,216193745866982145
149770,220697341198340865
280842,504705592699388673
1067274,220697341466772225
2115850,216193741839467265
100618,504422060434391808
166154,508925655765750528
1083658,508925656034181888
2132234,504422056406876928
592138,216226731215816448
657674,220730326547175168
1181962,229702341698261760
788746,504738578048222976
1575178,220730326815606528
2623754,216226727188301568
3148042,220695142980453120
45322,504422060433343233
78090,216191555433661185
536842,216226731214767873
299274,1081164145979556609
561418,504457103071512321
594186,216226662496339713
659722,220730257827698433
1184010,229702272978785025
790794,504738509328746241
1577226,220730258096129793
2625802,216226658468824833
3150090,220695074260976385
155914,220679753307263745
286986,504688004808311553
549130,216193745865934593
1073418,220679753575695105
2121994,216176153948390145
172298,508908067874673408
565514,504422060433344256
1089802,508908068143104768
2138378,504404468515799808
205066,220677562874991360
336138,504685814376039168
598282,216191555433662208
1122570,220677563143422720
2171146,216173963516117760
1188106,229684753807184640
3154186,220677555089376000
114954,504406529832649473
180490,508910125164008193
573706,504424117722679041
1097994,508910125432439553
2146570,504406525805134593
213258,220679684588835585
344330,504687936089883393
606474,216193677147506433
1130762,220679684857266945
2179338,216176085229961985
409866,509191531421242113
672010,220697272478865153
2244874,220679680561320705
803082,504705523979912961
1327370,509191531689673473
2375946,504687932062368513
1589514,220697272747296513
2638090,216193673119991553
360714,1081146558089528064
426250,1085650153420886784
1212682,517915125663929088
819466,1081164145979557632
1343754,1085650153689318144
2392330,1081146554062013184
3178762,508907926946120448
1245450,229684685088756480
3211530,220677486370947840
1442058,518196531921163008
1704202,229702272978786048
3408138,509189333203354368
3670282,220695074260977408
11786,72078970106938128
19978,72083088980574993
69130,72078695230079760
134666,76582290561438480
1052170,76582290829869840
2100746,72078691202564880
13834,72078695229031185
22026,72082951541621523
267786,216475216547676945
529930,72113737867200273
26122,72065501089497873
140810,76564702670361360
534026,72078695229032208
1058314,76564702938792720
2106890,72061103311487760
280074,216462022408143633
329226,216457628657648400
394762,220961223989007120
1181194,85571760459617040
787978,216475216547677968
1312266,220961224257438480
2360842,216457624630133520
3147274,76564561741808400
72202,72113742163215105
137738,76617337494573825
530954,72184106611377921
1055242,76617337763005185
2103818,72113738135700225
27146,72083093275542273
141834,76582294856405760
1059338,76582295124837120
2107914,72078695497532160
281098,216479614594188033
543242,72118135913711361
330250,216475220843692800
592394,72113742163216128
395786,220978816175051520
657930,76617337494574848
1182218,85589352645661440
1313290,220978816443482880
2361866,216475216816177920
1575434,76617337763006208
2624010,72113738135701248
3148298,76582153927852800
29194,72082955836588803
78346,72078566381060865
274954,216475220842644225
537098,72113742162167553
86538,72082887118160643
152074,76586482449519363
1069578,76586482717950723
2118154,72082883090645763
102922,216193745866982145
168458,220697341198340865
299530,504705592699388673
1085962,220697341466772225
2134538,216193741839467265
332298,216475152124216065
594442,72113673443739393
397834,220978747455574785
659978,76617268775098113
1184266,85589283926184705
1315338,220978747724006145
2363914,216475148096701185
1577482,76617269043529473
2626058,72113669416224513
3150346,76582085208376065
90634,72065372241527553
287242,216462026703110913
205322,76564573822391040
598538,72078566381061888
1122826,76564574090822400
2171402,72060974463517440
401930,220961228283974400
1188362,85571764754584320
795146,216475220842645248
1319434,220961228552405760
2368010,216457628925100800
3154442,76564566036775680
115210,216180551727448833
180746,220684147058807553
311818,504692398559855361
573962,216198139617478401
1098250,220684147327238913
2146826,216180547699933953
344586,216461957984682753
410122,220965553316041473
1196554,85576089786651393
803338,216479545874712321
1327626,220965553584472833
2376202,216461953957167873
3162634,76568891068842753
229898,220679753308312320
360970,504688004809360128
623114,216193745866983168
1147402,220679753576743680
2195978,216176153949438720
426506,509191600140718848
688650,220697341198341888
2261514,220679749280797440
819722,504705592699389696
1344010,509191600409150208
2392586,504688000781845248
1606154,220697341466773248
2654730,216193741839468288
459274,220961159565546240
1245706,85571696036156160
852490,216475152124217088
1376778,220961159833977600
2425354,216457560206672640
3211786,76564497318347520
918026,220978747455575808
2490890,220961155538031360
1704458,85589283926185728
1835530,220978747724007168
2884106,216475148096702208
3670538,76582085208377088
15370,72111955438994193
72714,72111680562135825
138250,76615275893494545
531466,72182045010298641
1055754,76615276161925905
2104330,72111676534620945
27658,72078970090160913
76810,72076779657888528
273418,216473434119471888
535562,72111955438995216
85002,72078695213302545
150538,76582290544661265
1068042,76582290813092625
2116618,72078691185787665
101386,216191959143809808
166922,220695554475168528
297994,504703805976216336
1084426,220695554743599888
2133002,216191955116294928
330762,216473159242613520
592906,72111680562136848
396298,220976754573972240
658442,76615275893495568
1182730,85587291044582160
1313802,220976754842403600
2362378,216473155215098640
1575946,76615276161926928
2624522,72111676534621968
3148810,76580092326773520
46090,216191959142761233
78858,72076504779981585
275466,216473159241564945
537610,72111680561088273
87050,72078557774349075
152586,76582153105707795
1070090,76582153374139155
2118666,72078553746834195
103434,216191684265902865
168970,220695279597261585
300042,504703531098309393
1086474,220695279865692945
2135050,216191680238387985
791562,216508201879734033
156682,76564702653584145
549898,72078695212254993
1074186,76564702922015505
2122762,72061103294710545
173066,220677966584091408
304138,504686218085139216
566282,216191959142762256
1090570,220677966852522768
2139146,216174367225217808
205834,76562512221311760
599050,72076504779982608
1123338,76562512489743120
2171914,72058912862438160
402442,220959166682895120
1188874,85569703153505040
795658,216473159241565968
1319946,220959166951326480
2368522,216455567324021520
3154954,76562504435696400
345098,216457628640871185
410634,220961223972229905
1197066,85571760442839825
803850,216475216530900753
1328138,220961224240661265
2376714,216457624613356305
3163146,76564561725031185
230410,220677691707233040
361482,504685943208280848
623626,216191684265903888
1147914,220677691975664400
2196490,216174092348359440
427018,509189538539639568
689162,220695279597262608
2262026,220677687679718160
820234,504703531098310416
1344522,509189538808070928
2393098,504685939180765968
1606666,220695279865693968
2655242,216191680238389008
1442826,229966224472150800
3277834,85569561956520720
3408906,220959025754342160
145418,76615280188461825
538634,72182049305265921
1062922,76615280456893185
2111498,72111680829588225
333834,216508206175748865
399370,221011801507107585
1185802,85622337977717505
792586,216578570623911681
1316874,221011801775538945
2365450,216508202148233985
3151882,76615139259908865
157706,76582294839628545
1075210,76582295108059905
2123786,72078695480754945
174090,220695558770135808
305162,504703810271183616
1091594,220695559038567168
2140170,216191959411262208
206858,76580104407356160
1124362,76580104675787520
2172938,72076505048482560
403466,220976758868939520
665610,76615280188462848
1189898,85587295339549440
1320970,220976759137370880
2369546,216473159510065920
1583114,76615280456894208
2631690,72111680829589248
3155978,76580096621740800
346122,216475220826915585
608266,72113742146438913
411658,220978816158274305
673802,76617337477797633
1198090,85589352628884225
1329162,220978816426705665
2377738,216475216799400705
1591306,76617337746228993
2639882,72113738118924033
3164170,76582153911075585
231434,220695283893277440
362506,504703535394325248
1148938,220695284161708800
2197514,216191684534403840
428042,509207130725683968
2263050,220695279865762560
1345546,509207130994115328
2394122,504703531366810368
854026,216508206175749888
919562,221011801507108608
1443850,229983816658195200
1705994,85622337977718528
3278858,85587154142565120
1837066,221011801775539968
2885642,216508202148235008
3409930,220976617940386560
3672074,76615139259909888
159754,76582157400675075
1077258,76582157669106435
2125834,72078558041801475
176138,220695283892228865
307210,504703535393276673
1093642,220695284160660225
2142218,216191684533355265
339978,216473030393594625
602122,72111551713117953
798730,216508206174701313
217098,76582088682246915
1134602,76582088950678275
2183178,72078489323373315
2248714,76582084654732035
626698,216226731199039233
692234,220730326530397953
1216522,229702341681484545
823306,504738578031445761
1609738,220730326798829313
2658314,216226727171524353
3182602,220695142963675905
856074,216508137456273153
921610,221011732787631873
1445898,229983747938718465
1708042,85622269258241793
3280906,85587085423088385
1839114,221011733056063233
2887690,216508133428758273
3411978,220976549220909825
3674122,76615070540433153
221194,76564573805613825
614410,72078566364284673
1138698,76564574074045185
2187274,72060974446740225
417802,220961228267197185
1204234,85571764737807105
811018,216475220825868033
1335306,220961228535628545
2383882,216457628908323585
3170314,76564566019998465
434186,509189542834606848
696330,220695283892229888
2269194,220677691974685440
827402,504703535393277696
1351690,509189543103038208
2400266,504685943475733248
1613834,220695284160661248
2662410,216191684533356288
466954,220959037834924800
1253386,85569574305534720
860170,216473030393595648
1384458,220959038103356160
2433034,216455438476051200
3219466,76562375587726080
1449994,229966228767118080
3285002,85569566251488000
3416074,220959030049309440
245770,220679753291535105
376842,504688004792582913
638986,216193745850205953
1163274,220679753559966465
2211850,216176153932661505
442378,509191600123941633
704522,220697341181564673
2277386,220679749264020225
835594,504705592682612481
1359882,509191600392372993
2408458,504688000765068033
1622026,220697341449996033
2670602,216193741822691073
475146,220961159548769025
1261578,85571696019378945
868362,216475152107439873
1392650,220961159817200385
2441226,216457560189895425
3227658,76564497301570305
933898,220978747438798593
2506762,220961155521254145
1720330,85589283909408513
1851402,220978747707229953
2899978,216475148079924993
3686410,76582085191599873
1277962,229684753791456000
3244042,220677555073647360
1474570,518196600623862528
1736714,229702341681485568
3440650,509189401906053888
3702794,220695142963676928
1507338,229966160048689920
3342346,85569497533059840
3473418,220958961330881280
1966090,229983747938719488
3801098,85587085423089408
3932170,220976549220910848
1266,4524563414122800
2290,4559747786211600
4338,4559679066734865
8434,4524572004057360
131314,13531693949391120
1048818,13531694217822480
2418,76617341824139520
4466,76617273104662785
8562,76582166041985280
33138,220697345527906560
131442,85589287987319040
262514,220978751785140480
1048946,85589288255750400
2674,4564145832722688
4722,4564077113245953
8818,4528970050568448
17010,4537688834179329
131698,13536091995902208
1049202,13536092264333568
3186,4559885191610640
9330,4524709409456400
66674,4524571972600080
525426,4559747752657680
34930,76617479229538560
133234,13566947007402240
526450,4630116496835328
1050738,13566947275833600
12402,4559756342591745
20594,4564077079691523
135282,13566878287925505
528498,4630047777358593
1052786,13566878556356865
41074,76582303447384320
73842,4524589152469248
139378,13531771225248000
1056882,13531771493679360
82034,4528901299634433
540786,4564077079692033
98418,76582166010528000
557170,76617341790585600
327794,76863572267761920
2162802,4524503521624320
786546,76898748047819520
2621554,4559679301681920
3145842,13531694721204480
946,72065295166996752
1458,72060965705744688
8626,72060974295679248
33202,216176153781600528
262578,216457560038834448
524722,72078489172312848
1714,7769714327856
8882,7778304262416
17074,16497087873297
524978,25293180896016
5298,20963786752305
17586,7769647218993
132274,4506971228082480
263346,72342440615346480
1049778,4506971496513840
2098354,3371869208880
6322,56148158841105
34994,72078695263633680
12466,20972376686865
20658,25293113786643
24754,7778237153553
139442,4506979818017040
270514,72342449205281040
1056946,4506980086448400
2105522,3380459143440
540850,25293113787153
295090,216457628691202320
557234,72078557824680720
655538,4524494694650640
1179826,13514102031782160
786610,72359964081914640
1573042,4524494963082000
2621618,20895335777040
3145906,4506903313973520
9010,72065372342190336
17202,72074091125801217
33586,216180551828111616
262962,216461958085345536
525106,72082887218823936
3378,72078695263633680
263474,216457628691202320
525618,72078557824680720
6450,72113742196769025
264498,216475220877246720
12594,72078566414614785
20786,72082887151714563
37170,216193745900536065
266546,216475152157769985
24882,72065372275081473
139570,76564573855944960
1057074,76564574124376320
2105650,72060974497071360
49458,216180551761002753
278834,216461958018236673
540978,72082887151715073
164146,220679753341866240
295218,504688004842914048
1081650,220679753610297600
2130226,216176153982992640
393522,220961159599100160
655666,76582088732578560
1179954,85571696069710080
1311026,220961159867531520
2359602,216457560240226560
1573170,76582089001009920
2621746,72078489373704960
3146034,76564497351901440
3634,25499272216848
17970,16565740241169
34354,72065501124100368
525874,25361833263888
6706,60546205352193
18994,34157926285569
35378,72083093310144768
12850,25370423197953
139826,4511377864528128
270898,72346847251792128
1057330,4511378132959488
2105906,7778505654528
49714,72074159778169089
148018,4520096648139009
279090,72355566035403009
1065522,4520096916570369
2114098,16497289265409
295474,216462026737713408
557618,72082955871191808
655922,4528892741161728
1180210,13518500078293248
786994,72364362128425728
1573426,4528893009593088
2622002,25293382288128
3146290,4511301360484608
7218,56285564240145
11314,21384659992848
13362,21109782085905
70706,20972345229585
529458,56148125287185
25650,7915642552593
42034,72061386511876368
140338,4507117223416080
271410,72342586610680080
1057842,4507117491847440
2106418,3517864542480
82994,7778205696273
295986,216457766096601360
558130,72078695230079760
197682,4506979786559760
328754,72342449173823760
1115186,4506980054991120
2163762,3380427686160
22578,60546171797763
38962,72113879602168065
530482,126516869464833
26674,25507828596993
43058,72078978697920768
141362,4524709409460480
272434,72360178796724480
1058866,4524709677891840
2107442,21110050586880
84018,25370391740673
542770,60546171798273
297010,216475358282645760
198706,4524571972604160
329778,72360041359868160
1116210,4524572241035520
2164786,20972613730560
657458,4559747752661760
788530,72395217139925760
1574962,4559748021093120
2623538,56148393788160
28722,25370389643523
45106,72078703820013825
77874,20989525098753
102450,72078566383157505
561202,72113742163215105
200754,4524503253127425
331826,72359972640391425
1118258,4524503521558785
2166834,20903894253825
659506,4559679033185025
790578,72395148420449025
1577010,4559679301616385
2625586,56079674311425
57394,72065509680480513
90162,7795385565441
548914,25370389644033
172082,76564711261344000
1089586,76564711529775360
2138162,72061111902470400
204850,4506996966428928
335922,72342466353692928
1122354,4506997234860288
2170930,3397607555328
663602,4524571970507520
1187890,13514179307639040
794674,72360041357771520
1581106,4524572238938880
2629682,20972611633920
3153970,4506980589830400
114738,72065372243624193
213042,4511309113594113
344114,72346778500858113
1130546,4511309382025473
2179122,7709754720513
229426,76564573824487680
1146930,76564574092919040
2195506,72060974465614080
819250,216475220843692800
458802,76845980081721600
2293810,4506911335584000
1376306,76845980350152960
2424882,72342380722848000
1703986,13531694184272640
3276850,13514102535164160
3670066,4524495466464000
978,76582088932851984
524754,76615074147468048
1746,4524563480183088
2770,4559747852271888
4818,4559679132795153
8914,4524572070117648
66258,4524503351689488
131794,13531694015451408
1049298,13531694283882768
5330,4557548761907505
17618,4524563413074225
34002,76580095866700080
66770,4522372980801840
132306,13529563644563760
1049810,13529563912995120
18642,4559747785163025
35026,76615280238788880
67794,4557557352890640
133330,13564748016652560
526546,4627917506085648
1050834,13564748285083920
12498,4557557351842065
69842,4557488633413905
135378,13564679297175825
528594,4627848786608913
1052882,13564679565607185
24786,4524572003008785
41170,76580104456634640
139474,13529572234498320
1056978,13529572502929680
82130,4524503284580625
147666,13531693948342545
1065170,13531694216773905
557266,76615142799835920
196818,13529503516070160
1114322,13529503784501520
786642,76896549057069840
2621650,4557480310932240
3145938,13529495730454800
2898,76617341890199808
4946,76617273170723073
9042,76582166108045568
33618,220697345593966848
66386,76582097389617408
131922,85589288053379328
262994,220978751851200768
1049426,85589288321810688
3410,76615280238788880
9554,76580104456634640
34130,220695283942555920
525650,76615142799835920
18770,76617341823090945
67922,76615151390818560
133458,85622342054580480
264530,221011805852401920
526674,76685511544013568
1050962,85622342323011840
12626,76615151389769985
37202,220730330875691265
69970,76615082671341825
135506,85622273335103745
266578,221011737132925185
528722,76685442824536833
1053010,85622273603535105
24914,76582166040936705
139602,85587166272426240
270674,220976630070247680
1057106,85587166540857600
49490,220697345526857985
82258,76582097322508545
147794,85589287986270465
278866,220978751784091905
1065298,85589288254701825
98642,220695155094585600
164178,229702345758347520
1081682,229702346026778880
196946,85587097553998080
328018,220976561351819520
1114450,85587097822429440
393554,229983752015581440
1311058,229983752284012800
2621778,76615074348860160
3146066,85587089768382720
5714,4559747785163025
34386,76582294889955600
67154,4524572004057360
132690,13531762667819280
1050194,13531762936250640
6738,4630116529340673
19026,4564145831674113
264786,76898816799801600
2099794,4559748053664000
37458,76617341823090945
266834,76898748080324865
2101842,4559679334187265
25170,4528970049519873
74322,4524589183926528
270930,76863641017647360
2105938,4524572271509760
82514,4528901331091713
148050,13536091994853633
1065554,13536092263284993
98898,76582166041985280
164434,85589356705747200
295506,220978820503568640
1081938,85589356974178560
328274,76863572299219200
2163282,4524503553081600
393810,85870762962981120
1180242,31546092726259968
2228818,13531694216843520
1311314,85870763231412480
11346,4557969635148048
19538,4559885190562065
68690,4557694758289680
134226,13564885422051600
527442,4628054911484688
1051730,13564885690482960
13394,4557694757241105
21586,4559747751608595
25682,4524709408407825
140370,13529709639897360
1057874,13529709908328720
541778,4559747751609105
558162,76615280205234960
590930,4557557319336720
656466,13564747983098640
1573970,13564748251530000
14418,4628063501418753
22610,4630116495786243
530514,4768654960886529
43090,76615563673075968
75858,4557711938158848
272466,76896763771879680
2107474,4557695025742080
51282,76617479228489985
84050,4559756342591745
149586,13566947006353665
542802,4630116495786753
1067090,13566947274785025
100434,76615288796217600
165970,85622479459979520
297042,221011943257800960
559186,76685648949412608
1083474,85622479728410880
198738,13564756574081280
591954,4627926063514368
1116242,13564756842512640
657490,13635116727276288
1574994,13635116995707648
3147858,13564748788465920
45138,76615288795169025
143442,13564756573032705
536658,4627926062465793
1060946,13564756841464065
53330,76617341789536515
282706,76898748046770435
2117714,4559679300632835
200786,13564687854604545
594002,4627857344037633
1118290,13564688123035905
659538,13635048007799553
1577042,13635048276230913
3149906,13564680068989185
57426,76582303446335745
155730,13531771224199425
1073234,13531771492630785
172114,85587303677825280
303186,220976767475646720
1089618,85587303946256640
598098,4557574499205888
794706,76896626332926720
2629714,4557557586789120
3154002,13529573006311680
573522,76617341789537025
213074,13531702505771265
1130578,13531702774202625
802898,76898748046770945
2637906,4559679300633345
3162194,13531694720155905
622674,76615151357264640
688210,85622342021026560
819282,221011805818848000
1605714,85622342289457920
852050,76896557614498560
2687058,4557488868360960
3211346,13529504287883520
917586,85903748278260480
1704018,31579078041539328
2752594,13564679532122880
1835090,85903748546691840
2962,72078558024958224
5010,72078489305481489
17298,72065295165948177
131986,76564496746811664
1049490,76564497015243024
2098066,72060897387938064
3474,72076496306438448
17810,72060965704696113
66962,72058775272423728
263570,216455429734007088
525714,72076358867485488
10642,72076504896373008
35218,216191684382294288
526738,72111543239574288
20882,72078489171263763
528786,72111474520097553
24978,72060974294630673
270738,216455438323941648
532882,72076367457420048
49554,216176153780551953
82322,72060905576202513
278930,216457560037785873
541074,72078489171264273
98706,216173963348279568
557458,216191546943341328
328082,216455369605513488
590226,72076298738991888
786834,216472953200575248
5778,20963852812593
18066,7769713279281
132754,4506971294142768
263826,72342440681406768
1050258,4506971562574128
2098834,3371935269168
6802,56148224901393
35474,72078695329693968
68242,20972443795728
12946,20972442747153
21138,25293179846931
70290,20903724318993
25234,7778303213841
74386,3397437620496
139922,4506979884077328
270994,72342449271341328
1057426,4506980152508688
2106002,3380525203728
82578,7709584785681
541330,25293179847441
98962,72060974295679248
295570,216457628757262608
557714,72078557890741008
197266,4506911165649168
328338,72342380552913168
1114770,4506911434080528
2163346,3311806775568
656018,4524494760710928
1180306,13514102097842448
787090,72359964147974928
1573522,4524495029142288
2622098,20895401837328
3146386,4506903380033808
35986,72076771117236528
134290,4522501828776240
265362,72357971216040240
1051794,4522502097207600
2100370,18902469902640
38034,72076496239329585
70802,18773353431345
148626,4506971227033905
279698,72342440614297905
1066130,4506971495465265
2114706,3371868160305
165010,76562503680659760
1082514,76562503949091120
2131090,72058904321786160
197778,4504780794761520
328850,72340250182025520
1115282,4504781063192880
2163858,1181435887920
656530,4522364389823280
1180818,13511971726954800
787602,72357833777087280
1574034,4522364658254640
2622610,18765030949680
3146898,4504773009146160
39058,72111680611418385
71826,53957725520145
530578,124317878715153
43154,72076779707171088
75922,18927972253968
141458,4522510418710800
272530,72357979805974800
1058962,4522510687142160
2107538,18911059837200
51346,72078695262585105
84114,20972376686865
100498,72076504830312720
297106,216473159291896080
657554,4557548761912080
788626,72393018149176080
1575058,4557549030343440
2623634,53949403038480
45202,72076504829264145
53394,72078557823631635
151698,4524494693601555
282770,72359964080865555
1069202,4524494962032915
2117778,20895334727955
561298,72111543172465425
659602,4557480042435345
790674,72392949429699345
1577106,4557480310866705
2625682,53880683561745
90258,3397370511633
155794,4506979816968465
286866,72342449204232465
1073298,4506980085399825
2121874,3380458094865
106642,72058929824137488
172178,76562512270594320
1089682,76562512539025680
2138258,72058912911720720
598162,18790533301008
663698,4522372979757840
1187986,13511980316889360
794770,72357842367021840
1581202,4522373248189200
2629778,18773620884240
3154066,4504781599080720
114834,72060974228570385
311442,216457628690153745
573586,72078557823632145
213138,4506911098540305
344210,72342380485804305
1130642,4506911366971665
2179218,3311739666705
671890,4524494693602065
1196178,13514102030733585
802962,72359964080866065
1589394,4524494962033425
2637970,20895334728465
3162258,4506903312924945
360594,216455438257881360
622738,72076367391359760
819346,216473021852943120
721042,4522304261329680
1245330,13511911598461200
852114,72357773648593680
1638546,4522304529761040
2687122,18704902456080
3211410,4504712880652560
1704082,13529495193522960
3276946,13511903544414480
3670162,4522296475714320
3858,72078695329693968
67346,72060974295679248
263954,216457628757262608
526098,72078557890741008
6930,72113742262829313
68370,72078566481723648
264978,216475220943307008
13074,72078566480675073
21266,72082887217774851
37650,216193745966596353
70418,72078497762246913
267026,216475152223830273
25362,72065372341141761
74514,72060991475548416
140050,76564573922005248
1057554,76564574190436608
2106130,72060974563131648
49938,216180551827063041
82706,72065303622713601
279314,216461958084296961
541458,72082887217775361
164626,220679753407926528
295698,504688004908974336
1082130,220679753676357888
2130706,216176154049052928
197394,76564505203577088
1114898,76564505472008448
2163474,72060905844703488
394002,220961159665160448
656146,76582088798638848
1180434,85571696135770368
1311506,220961159933591808
2360082,216457560306286848
1573650,76582089067070208
2622226,72078489439765248
3146514,76564497417961728
7442,72111680611418385
11538,72076779707171088
19730,72078695262585105
36114,216191959193092368
68882,72076504830312720
265490,216473159291896080
13586,72076504829264145
21778,72078557823631635
38162,216191684315185425
529682,72111543172465425
75026,72058929824137488
140562,76562512270594320
1058066,76562512539025680
2106642,72058912911720720
83218,72060974228570385
279826,216457628690153745
541970,72078557823632145
165138,220677691756515600
296210,504685943257563408
1082642,220677692024946960
2131218,216174092397642000
328978,216455438257881360
591122,72076367391359760
787730,216473021852943120
71954,72111551763448065
268562,216508206225031425
530706,72181911916643073
76050,72076522010181888
141586,76580104456638720
1059090,76580104725070080
2107666,72076505097765120
84242,72078566414614785
280850,216475220876198145
166162,220695283942560000
297234,504703535443607808
1083666,220695284210991360
2132242,216191684583686400
330002,216473030443925760
657682,76615142799840000
1575186,76615143068271360
2623762,72111543440966400
274706,216473030442877185
151826,76582088731529475
1069330,76582088999960835
2117906,72078489372655875
102674,216191555467215105
332050,216472961724449025
659730,76615074080363265
1577234,76615074348794625
2625810,72111474721489665
90386,72060991408439553
155922,76564573854896385
1073426,76564574123327745
2122002,72060974496022785
336146,216455455437750528
598290,72076384571228928
401682,220959037884207360
663826,76579967017685760
1188114,85569574354817280
1319186,220959038152638720
2367762,216455438525333760
1581330,76579967286117120
2629906,72076367658812160
3154194,76562375637008640
180498,220679753340817665
311570,504688004841865473
1098002,220679753609249025
2146578,216176153981944065
213266,76564505136468225
1130770,76564505404899585
2179346,72060905777594625
409874,220961159598051585
672018,76582088731529985
1196306,85571696068661505
1327378,220961159866482945
2375954,216457560239177985
1589522,76582088999961345
2638098,72078489372656385
3162386,76564497350852865
229650,220677562908545280
360722,504685814409593088
1147154,220677563176976640
2195730,216173963549671680
688402,220695146503607040
1212690,229684753840738560
819474,504703398004654848
1605906,220695146772038400
2654482,216191547144733440
3178770,220677555122929920
459026,220958969165779200
721170,76579898299257600
1245458,85569505636389120
1376530,220958969434210560
2425106,216455369806905600
1638674,76579898567688960
2687250,72076298940384000
3211538,76562306918580480
917778,220976552760840960
1442066,229966160097972480
1704210,85587089231450880
3277074,85569497582342400
1835282,220976553029272320
2883858,216472953401967360
3408146,220958961380163840
3670290,76579890513642240
19986,25499271168273
36370,72078970140492048
134674,4524700852031760
265746,72360170239295760
1052178,4524701120463120
2100754,21101493158160
22034,25361832214803
38418,72078695262585105
71186,20972376686865
50706,72065501123051793
83474,7778237153553
542226,25361832215313
165394,76564702703915280
1082898,76564702972346640
2131474,72061103345041680
198162,4506979818017040
329234,72342449205281040
1115666,4506980086448400
2164242,3380459143440
656914,4524563413078800
1181202,13514170750210320
787986,72360032800342800
1574418,4524563681510160
2622994,20964054205200
3147282,4506972032401680
137746,4559747785167105
268818,72395217172431105
1055250,4559748053598465
2103826,56148426293505
51730,72083093309096193
84498,25370423197953
166418,76582294889959680
1083922,76582295158391040
2132498,72078695531086080
199186,4524572004061440
330258,72360041391325440
1116690,4524572272492800
2165266,20972645187840
1182226,13531762936254720
3148306,4524564218446080
78354,20989556556033
143890,4524572003012865
274962,72360041390276865
1061394,4524572271444225
2109970,20972644139265
53778,72082955870142723
152082,4528892740112643
283154,72364362127376643
1069586,4528893008544003
2118162,25293381239043
102930,72078566414614785
299538,216475220876198145
201234,4524503284584705
332306,72359972671848705
1118738,4524503553016065
2167314,20903925711105
1184274,13531694216777985
3150354,4524495498969345
90642,7795417022721
156178,4511377863479553
287250,72346847250743553
1073682,4511378131910913
2122258,7778504605953
205330,4506996997886208
336402,72342466385150208
1122834,4506997266317568
2171410,3397639012608
401938,76846048831607040
2236946,4506980085469440
1319442,76846049100038400
2368018,72342449472733440
115218,72065372275081473
311826,216462026736664833
573970,72082955870143233
213522,4511309145051393
344594,72346778532315393
1131026,4511309413482753
2179602,7709786177793
672274,4528892740113153
1196562,13518500077244673
803346,72364362127377153
1589778,4528893008544513
2638354,25293381239553
3162642,4511301359436033
229906,76564573855944960
1147410,76564574124376320
2195986,72060974497071360
426514,220961228317528320
688658,76582157451006720
1212946,85571764788138240
1344018,220961228585959680
2392594,216457628958654720
1606162,76582157719438080
2654738,72078558092133120
3179026,76564566070329600
459282,76845980113178880
2294290,4506911367041280
1376786,76845980381610240
2425362,72342380754305280
918034,76863563708240640
1442322,85853171045372160
2753042,4524494962103040
1835538,76863563976672000
2884114,72359964349367040
3408402,76845972327563520
15378,54370007777553
72722,54095130919185
531474,124455284114193
27666,21384658944273
44050,72077329429430544
85010,21109782085905
560146,72111955455771408
658450,4557686167311120
789522,72393155554575120
1575954,4557686435742480
2624530,54086808437520
54290,72078695229030675
87058,20972343132435
562194,72111680577864465
594962,53957691966225
58386,72061386510827793
91154,3534775910673
156690,4507117222367505
287762,72342586609631505
1074194,4507117490798865
2122770,3517863493905
304146,216455850540138768
566290,72076779673617168
599058,18927938700048
664594,4522510385156880
1188882,13512117722288400
795666,72357979772420880
1582098,4522510653588240
2630674,18911026283280
3154962,4504919004479760
115730,72061111633969425
312338,216457766095552785
574482,72078695229031185
607250,20972343132945
361490,216455575663280400
623634,72076504796758800
820242,216473159258342160
47122,72111964045705473
79890,54112310788353
145426,4557694757245185
276498,72393164144509185
1062930,4557695025676545
2111506,54095398371585
153618,4559747751612675
284690,72395217138876675
1071122,4559748020044035
2119698,56148392739075
104466,72111689168847105
301074,216508343630430465
563218,72182049322042113
595986,124326436143873
59410,72078978696872193
92178,21126961955073
157714,4524709408411905
288786,72360178795675905
1075218,4524709676843265
2123794,21110049538305
305170,216473442726183168
1189906,13529709908332800
3155986,4522511190524160
116754,72078703820013825
313362,216475358281597185
673810,4559747751613185
804882,72395217138877185
1591314,4559748020044545
2639890,56148392739585
362514,216473167849324800
690194,76615280205239040
1607698,76615280473670400
2656274,72111680846365440
722962,4557557319340800
854034,72393026706604800
1640466,4557557587772160
2689042,53957960467200
1706002,13564748251534080
3672082,4557549533725440
94226,20989523001603
159762,4524571969458435
290834,72360041356722435
1077266,4524572237889795
2125842,20972610584835
307218,216473167848276225
602130,53974871835393
667666,4557557318292225
798738,72393026705556225
1585170,4557557586723585
2633746,53957959418625
118802,72078566381060355
315410,216475220842643715
217106,4524503251030275
348178,72359972638294275
1134610,4524503519461635
2183186,20903892156675
1200146,13531694183223555
3166226,4524495465414915
626706,72111551729894145
823314,216508206191477505
725010,4557488599864065
856082,72392957987128065
1642514,4557488868295425
2691090,53889240990465
1708050,13564679532057345
3674130,4557480814248705
122898,72061128813838593
188434,76564711260295425
1105938,76564711528726785
2154514,72061111901421825
614418,20989523002113
679954,4524571969458945
1204242,13514179306590465
811026,72360041356722945
1597458,4524572237890305
2646034,20972610585345
3170322,4506980588781825
368658,216455592843149568
630802,72076521976627968
434194,220959175289606400
696338,76580104423084800
1220626,85569711760216320
1351698,220959175558037760
2400274,216455575930732800
1613842,76580104691516160
2662418,72076505064211200
3186706,76562513042407680
1712146,13529572469379840
3285010,13511980820271360
3678226,4522373751571200
376850,216457637247582465
638994,72078566381060865
835602,216475220842644225
737298,4524503251030785
1261586,13514110588162305
868370,72359972638294785
1654802,4524503519462145
2703378,20903892157185
3227666,4506911870353665
1720338,13531694183224065
3293202,13514102534115585
3686418,4524495465415425
884754,216473030410371840
1769490,13529503750951680
3342354,13511912101843200
3735570,4522305033143040
3801106,13529495696904960
1506,76582153157083440
2530,76617337529172240
4578,76617268809695505
33250,220697341232939280
66018,76582088734671120
131554,85589283692351760
262626,220978747490173200
1049058,85589283960783120
1762,4528957165666608
2786,4564141537755408
4834,4564072818278673
17122,4537684539212049
66274,4528892743254288
131810,13536087700934928
1049314,13536087969366288
5346,4559743457689905
9442,4524700819521840
34018,76582290562482480
66786,4524563382665520
132322,13531758340346160
1049826,13531758608777520
10466,4559885191610640
35042,76617474934571280
67810,4559747754754320
133346,13566942712434960
526562,4630112201868048
1050850,13566942980866320
20706,4564072784724243
69858,4559679035277585
135394,13566873992958225
528610,4630043482391313
1052898,13566874261389585
73954,4524571972600080
532706,4559747752657680
540898,4564072784724753
557282,76617337495618320
196834,13531693917933840
1114338,13531694186365200
786658,76898743752852240
2621666,4559675006714640
3145954,13531690426237200
2914,76621735575683328
4962,76621666856206593
17250,76595278577139969
33634,220701739279450368
66402,76586486781182208
131938,85593681738862848
263010,220983145536684288
1049442,85593682007294208
3426,76617474934571280
34146,220697478638338320
525666,76617337495618320
10594,76617479229538560
67938,76617341792682240
133474,85624536750362880
264546,221014000548184320
526690,76687706239795968
1050978,85624537018794240
20834,76621666822652163
37218,220732525571473665
69986,76617273073205505
135522,85624468030886145
266594,221013931828707585
528738,76687637520319233
1053026,85624468299317505
41314,220697482933305600
74082,76582166010528000
532834,76617341790585600
541026,76621666822652673
98658,220697345496449280
164194,229704540454129920
1081698,229704540722561280
196962,85589287955861760
328034,220978751753683200
1114466,85589288224293120
393570,229985946711363840
1311074,229985946979795200
2621794,76617269044642560
3146082,85589284464165120
3682,4564278943154448
525922,4564141504201488
10850,4564283238121728
19042,4572937597223169
35426,76621872981082368
68194,4564145801265408
133730,13571340758946048
526946,4634510248379136
1051234,13571341027377408
70242,4564077081788673
135778,13571272039469313
528994,4634441528902401
1053282,13571272307900673
74338,4528970019111168
533090,4564145799168768
82530,4537688802722049
148066,13544883760402689
1065570,13544884028834049
557666,76621735542129408
197218,13536091964444928
1114722,13536092232876288
787042,76903141799363328
2622050,4564073053225728
3146338,13536088472748288
7266,4630249624043793
11362,4560160052740368
19554,4564278926377233
35938,76617749795701008
265314,76898949894504720
2100322,4559881148367120
13410,4559885174833425
21602,4564141487423763
37986,76617474917794065
70754,4559747737977105
136290,13566942695657745
529506,4630112185090833
1053794,13566942964089105
140386,13531900057489680
1057890,13531900325921040
541794,4564141487424273
99426,76582294842769680
164962,85589489800450320
296034,220978953598271760
1082466,85589490068881680
197730,13531762620633360
1115234,13531762889064720
787554,76898812455551760
2622562,4559743709414160
3146850,13531759128936720
14434,4630253919011073
22626,4634510231601411
39010,76687843661971713
71778,4630116482154753
137314,13637311439835393
1054818,13637311708266753
26722,4564283221344513
43106,76617754090668288
272482,76898954189472000
2107490,4559885443334400
51298,76621872964305153
84066,4564145784488193
149602,13571340742168833
542818,4634510231601921
1067106,13571341010600193
2132066,76617475186295040
329826,76898816752615680
2164834,4559748006478080
395362,85906011710296320
1181794,31581341473575168
2230370,13566942964158720
788578,76969181199729408
1312866,85906011978727680
2623586,4630112453591808
28770,4564145782391043
45154,76617479212761345
143458,13566946990625025
536674,4630116480058113
1060962,13566947259056385
53346,76621735525351683
282722,76903141782585603
2117730,4564073036448003
102498,76617341775905025
168034,85624536733585665
299106,221014000531407105
561250,76687706223018753
1085538,85624537002017025
331874,76898748033138945
2166882,4559679287001345
397410,85905942990819585
1183842,31581272754098433
2232418,13566874244681985
790626,76969112480252673
1314914,85905943259250945
2625634,4630043734115073
90210,4528970002333953
548962,4564145782391553
172130,85589494095417600
303202,220978957893239040
1089634,85589494363848960
335970,76863640970461440
2170978,4524572224323840
794722,76898816750519040
2629730,4559748004381440
3154018,13531763423904000
573538,76621735525352193
213090,13536091947667713
1130594,13536092216099073
802914,76903141782586113
2637922,4564073036448513
3162210,13536088455971073
229474,85589356658561280
360546,220978820456382720
1146978,85589356926992640
426082,229986015414063360
1343586,229986015682494720
2654306,76617337747342080
3178594,85589353166864640
458850,85870762915795200
1245282,31546092679074048
2293858,13531694169657600
1376354,85870763184226560
3276898,31546088918946048
2883682,76898744004576000
3407970,85870759424098560
1954,72065359457288496
17314,72074086830833937
33698,216180547533144336
66466,72065295034876176
263074,216461953790378256
525218,72082882923856656
5538,72078553529712945
17826,72065359390179633
132514,76564560971043120
1050018,76564561239474480
2098594,72060961612169520
6562,72113737901801745
10658,72078695263633680
68002,72078557826777360
264610,216475216582279440
20898,72082882856747283
37282,216193741605568785
70050,72078489107300625
266658,216475147862802705
270754,216457628691202320
532898,72078557824680720
49570,216180547466035473
82338,72065294967767313
278946,216461953723269393
541090,72082882856747793
164258,220679749046898960
295330,504688000547946768
1081762,220679749315330320
2130338,216176149688025360
197026,76564496548630800
1114530,76564496817062160
2163106,72060897189757200
393634,220961155304132880
655778,76582084437611280
1180066,85571691774742800
1311138,220961155572564240
2359714,216457555945259280
1573282,76582084706042640
2621858,72078485078737680
3146146,76564493056934160
5794,25357538296113
132770,4511364979626288
263842,72346834366890288
1050274,4511365248057648
2098850,7765620752688
6818,60541910384913
10914,25499272216848
19106,34153631318289
35490,72083089015177488
68258,25361835360528
70306,25293115883793
25250,16565740241169
41634,72065501124100368
533154,25361833263888
49826,72074155483201809
148130,4520092353171729
279202,72355561740435729
1065634,4520092621603089
2114210,16492994298129
98978,72065363687244048
295586,216462022442746128
557730,72082951576224528
197282,4511300557213968
328354,72346769944477968
1114786,4511300825645328
2163362,7701198340368
656034,4528888446194448
1180322,13518495783325968
787106,72364357833458448
1573538,4528888714625808
2622114,25289087320848
3146402,4511297065517328
11426,21376070058288
19618,25494943695153
36002,72078965813018928
134306,4524696524558640
265378,72360165911822640
1051810,4524696792990000
2100386,21097165685040
13474,21101192151345
21666,25357504741683
38050,72078690935111985
70818,20963755295025
25762,7907052618033
42146,72061377921941808
140450,4507108633481520
271522,72342578020745520
1057954,4507108901912880
2106530,3509274607920
50338,72065496795578673
83106,7769615761713
541858,25357504742193
165026,76564698376442160
1082530,76564698644873520
2131106,72061099017568560
197794,4506971196625200
328866,72342440583889200
1115298,4506971465056560
2163874,3371837751600
656546,4524559085605680
1180834,13514166422737200
787618,72360028472869680
1574050,4524559354037040
2622626,20959726732080
3146914,4506967704928560
14498,56285564240145
22690,60541876830483
39074,72113875307200785
71842,56148127383825
530594,126512574497553
542882,60541876830993
100514,72078695232176400
297122,216475353987678480
657570,4559743457694480
788642,72395212844958480
1575074,4559743726125840
2623650,56144098820880
77986,20972345229585
536738,56148125287185
86178,25293082329363
561314,72113737868247825
659618,4559674738217745
790690,72395144125481745
1577122,4559675006649105
2625698,56075379344145
90274,7778205696273
303266,216457766096601360
565410,72078695230079760
204962,4506979786559760
336034,72342449173823760
1122466,4506980054991120
2171042,3380427686160
606370,25293082329873
360610,216457628659745040
622754,72078557793223440
819362,216475216548725520
721058,4524494663193360
1245346,13514102000324880
852130,72359964050457360
1638562,4524494931624720
2687138,20895304319760
3211426,4506903282516240
1704098,13531689889305360
3276962,13514098240196880
3670178,4524491171496720
3874,72083089015177488
10018,72065501124100368
18210,72074155483201809
67362,72065363687244048
263970,216462022442746128
526114,72082951576224528
6946,72118135948312833
11042,72083093310144768
19234,72091747669246209
68386,72082955873288448
264994,216479614628790528
37666,216198139652079873
70434,72082887153811713
267042,216479545909313793
25378,72074159778169089
271138,216462026737713408
533282,72082955871191808
148258,76577686391099649
1065762,76577686659531009
2114338,72074087032226049
164642,220684147093410048
295714,504692398594457856
1082146,220684147361841408
2130722,216180547734536448
197410,76568894595141888
1114914,76568894863573248
2163490,72065295236268288
394018,220965553350643968
656162,76586482484122368
1180450,85576089821253888
1311522,220965553619075328
2360098,216461953991770368
1573666,76586482752553728
2622242,72082883125248768
3146530,76568891103445248
7458,72113875307200785
36130,216194153888874768
68898,72078695232176400
265506,216475353987678480
38178,216193879010967825
529698,72113737868247825
42274,216176565997797648
271650,216457766096601360
533794,72078695230079760
50466,216180684871434513
165154,220679886452298000
296226,504688137953345808
1082658,220679886720729360
2131234,216176287093424400
328994,216457628659745040
591138,72078557793223440
787746,216475216548725520
14626,72113879602168065
22818,72118135914758403
71970,72113742165311745
268578,216510400920813825
530722,72184106612425473
43298,216194158183842048
272674,216475358282645760
51490,216198277057478913
543010,72118135914758913
166178,220697478638342400
297250,504705730139390208
1083682,220697478906773760
2132258,216193879279468800
330018,216475220845789440
657698,76617337495622400
1575202,76617337764053760
2623778,72113738136748800
45346,216193883305935105
78114,72078566383157505
536866,72113742163215105
53538,216198139618525443
86306,72082887120257283
282914,216479545875759363
102690,216193745869078785
332066,216475152126312705
659746,76617268776145665
1577250,76617269044577025
2625826,72113669417272065
57634,216180689166401793
90402,72065372243624193
172322,220679890747265280
303394,504688142248313088
1089826,220679891015696640
2138402,216176291388391680
205090,76564573824487680
1122594,76564574092919040
2171170,72060974465614080
794914,216475220843692800
114978,216180551729545473
573730,216198139618525953
344354,216461957986779393
606498,72082887120257793
803106,216479545875759873
229666,220679753310408960
360738,504688004811456768
1147170,220679753578840320
2195746,216176153951535360
688418,220697341199389440
1212706,229686948536520960
819490,504705592700437248
1605922,220697341467820800
2654498,216193741840515840
3178786,220679749818712320
459042,220961159567642880
721186,76582088701121280
1245474,85571696038252800
1376546,220961159836074240
2425122,216457560208769280
1638690,76582088969552640
2687266,72078489342247680
3211554,76564497320444160
917794,220978747456623360
1442082,229968354793754880
1704226,85589283927233280
3277090,85571692278124800
1835298,220978747725054720
2883874,216475148097749760
3408162,220961156075946240
3670306,76582085209424640
7714,60679315783953
20002,34291036717329
69154,25499240759568
22050,34153597763859
529954,60541876830993
26146,16703145640209
534050,25499238662928
50722,72074292888600849
83490,16565708783889
542242,34153597764369
99874,72065501092643088
296482,216462159848145168
558626,72083088981623568
591394,25361801806608
14882,60683610751233
39458,72118273353711873
72226,60546173894913
530978,130910621008641
27170,34295331684609
51746,72091885074645249
84514,34157894828289
100898,72083093278687488
297506,216479752034189568
657954,4564141504205568
789026,72399610891469568
1575458,4564141772636928
2624034,60542145331968
29218,34157892731139
78370,25370391740673
537122,60546171798273
53794,72091747635691779
152098,4537684505661699
283170,72373153892925699
1069602,4537684774093059
2118178,34085146788099
561698,72118135914758913
660002,4564072784728833
791074,72399542171992833
1577506,4564073053160193
2626082,60473425855233
57890,72074297183568129
549410,34157892731649
303650,216462164143112448
565794,72083093276590848
205346,4511377833070848
336418,72346847220334848
1122850,4511378101502208
2171426,7778474197248
115234,72074159746711809
311842,216470818502213889
573986,72091747635692289
213538,4520096616681729
344610,72355566003945729
1131042,4520096885113089
2179618,16497257808129
672290,4537684505662209
1196578,13527291842793729
803362,72373153892926209
1589794,4537684774093569
2638370,34085146788609
3162658,4520093124985089
360994,216462026706256128
623138,72082955839734528
819746,216479614595236608
721442,4528892709704448
1245730,13518500046835968
852514,72364362096968448
1638946,4528892978135808
2687522,25293350830848
3211810,4511301329027328
1704482,13536087935816448
3277346,13518496286707968
3670562,4528889218007808
15394,56560425369873
39970,72114150168330513
138274,4559880879870225
269346,72395350267134225
1055778,4559881148301585
2104354,56281520996625
44066,72079519847022864
85026,25499223982353
101410,72078970093306128
298018,216475628848808208
199714,4524700804845840
330786,72360170192109840
1117218,4524701073277200
2165794,21101445972240
1182754,13531896030957840
3148834,4524697313149200
29730,25499221885203
54306,72083088964845843
87074,25361785028883
103458,72078695215399185
300066,216475353970901265
660514,4559743440917265
791586,72395212828181265
1578018,4559743709348625
2626594,56144082043665
549922,25499221885713
304162,216458040957731088
566306,72078970091209488
664610,4524700802749200
1188898,13514308139880720
795682,72360170190013200
1582114,4524701071180560
2630690,21101443875600
3154978,4507109422072080
115746,72065501075865873
312354,216462159831367953
574498,72083088964846353
607266,25361785029393
230434,76564702656729360
1147938,76564702925160720
2196514,72061103297855760
427042,220961361412231440
689186,76582290545709840
1213474,85571897882841360
1344546,220961361680662800
2393122,216457762053357840
1606690,76582290814141200
2655266,72078691186836240
3179554,76564699165032720
721954,4524563365892880
1246242,13514170703024400
853026,72360032753156880
1639458,4524563634324240
2688034,20964007019280
3212322,4506971985215760
1704994,13531758592004880
3277858,13514166942896400
3671074,4524559874196240
47138,72114154463297793
145442,4559885174837505
276514,72395354562101505
1062946,4559885443268865
2111522,56285815963905
153634,4564141487427843
284706,72399610874691843
1071138,4564141755859203
2119714,60542128554243
170018,76617474917798145
1087522,76617475186229505
2136098,72113875558924545
202786,4559747737981185
333858,72395217125245185
1120290,4559748006412545
2168866,56148379107585
661538,4630112185094913
1185826,13566942964093185
792610,72465581572358913
1579042,4630112453526273
2627618,126512826221313
3151906,4559744246284545
305186,216475633143775488
1189922,13531900325925120
3156002,4524701608116480
116770,72083093261910273
313378,216479752017412353
673826,4564141487428353
804898,72399610874692353
1591330,4564141755859713
2639906,60542128554753
231458,76582294842773760
1148962,76582295111205120
2197538,72078695483900160
428066,220978953598275840
1214498,85589490068885760
1345570,220978953866707200
2394146,216475354239402240
3180578,76582291351077120
1247266,13531762889068800
3213346,4524564171260160
919586,76898812455555840
2754594,4559743709418240
3278882,13531759128940800
1837090,76898812723987200
2885666,72395213096682240
61474,72083093259813123
307234,216475358265868545
208930,4524571955826945
340002,72360041343090945
1126434,4524572224258305
2175010,20972596953345
667682,4559747735884545
798754,72395217123148545
1585186,4559748004315905
2633762,56148377010945
118818,72082955822956803
315426,216479614578458883
217122,4528892692926723
348194,72364362080190723
1134626,4528892961358083
2183202,25293334053123
1200162,13536087919038723
3166242,4528889201230083
364578,216475220829012225
692258,76617337478845185
1609762,76617337747276545
2658338,72113738119971585
1249314,13531694169592065
3215394,4524495451783425
921634,76898743736079105
2756642,4559674989941505
3280930,13531690409464065
1839138,76898744004510465
2887714,72395144377205505
319522,216462164126335233
581666,72083093259813633
221218,4511377816293633
352290,72346847203557633
1138722,4511378084724993
2187298,7778457420033
434210,220961365707198720
696354,76582294840677120
1220642,85571902177808640
1351714,220961365975630080
2400290,216457766348325120
1613858,76582295109108480
2662434,72078695481803520
3186722,76564703460000000
466978,76846048784421120
2301986,4506980038283520
1384482,76846049052852480
2433058,72342449425547520
1712162,13531762886972160
3285026,13514171237863680
3678242,4524564169163520
376866,216462026689478913
639010,72082955822957313
835618,216479614578459393
737314,4528892692927233
1261602,13518500030058753
868386,72364362080191233
1654818,4528892961358593
2703394,25293334053633
3227682,4511301312250113
1720354,13536087919039233
3293218,13518496269930753
3686434,4528889201230593
491554,220961228270342400
753698,76582157403820800
1277986,85571764740952320
1409058,220961228538773760
2457634,216457628911468800
1671202,76582157672252160
2719778,72078558044947200
3244066,76564566023143680
950306,220978816159322880
1474594,229968423496454400
1736738,85589352629932800
3309602,85571760980824320
1867810,220978816427754240
2916386,216475216800449280
3440674,220961224778645760
3702818,76582153912124160
983074,76863563661054720
1507362,85853170998186240
2818082,4524494914917120
1900578,76863563929486080
2949154,72359964302181120
3473442,76845972280377600
1966114,85870758887166720
3538978,85853167238058240
3932194,76863560169358080
1986,76582153223143728
3010,76617337595232528
5058,76617268875755793
33730,220697341298999568
132034,85589283758412048
263106,220978747556233488
1049538,85589284026843408
5570,76615138504868145
9666,76580095866700080
17858,76582153156034865
132546,85587153387524400
263618,220976617185345840
1050050,85587153655955760
10690,76615280238788880
18882,76617337528123665
133570,85622337759613200
264642,221011801557434640
526786,76685507249046288
1051074,85622338028044560
37314,220730326580723985
135618,85622269040136465
266690,221011732837957905
528834,76685438529569553
1053122,85622269308567825
41410,220695283942555920
532930,76615142799835920
49602,220697341231890705
147906,85589283691303185
278978,220978747489124625
1065410,85589283959734545
164290,229702341463380240
1081794,229702341731811600
590274,76615074081407760
393666,229983747720614160
1311170,229983747989045520
2621890,76615070053892880
3146178,85587085473415440
18114,4528957164618033
67266,4524563414122800
263874,76863628132745520
2098882,4524559386607920
6850,4630112234373393
19138,4564141536706833
68290,4559747786211600
264898,76898812504834320
2099906,4559743758696720
12994,4559747785163025
37570,76617337528123665
70338,4559679066734865
266946,76898743785357585
2101954,4559675039219985
41666,76582294889955600
74434,4524572004057360
139970,13531762667819280
1057474,13531762936250640
148162,13536087699886353
1065666,13536087968317713
164546,85589352410779920
295618,220978816208601360
1082050,85589352679211280
197314,13531693949391120
1114818,13531694217822480
393922,85870758668013840
1180354,31546088431292688
2228930,13531689921876240
1311426,85870758936445200
7362,4628050616516913
11458,4557961045213488
36034,76615550788174128
68802,4557686168355120
265410,76896750886977840
2100418,4557682140840240
13506,4557686167306545
38082,76615275910267185
136386,13564743688130865
529602,4627913177563953
1053890,13564743956562225
25794,4524700818473265
74946,4522510386200880
140482,13529701049962800
1057986,13529701318394160
50370,76582290561433905
148674,13531758339297585
1066178,13531758607728945
165058,85587290792923440
296130,220976754590744880
1082562,85587291061354800
591042,4557548729402160
787650,76896613448024880
2622658,4557544701887280
3146946,13529560121409840
22722,4630112200818963
530626,4768650665919249
26818,4559885190562065
75970,4557694758289680
141506,13564885422051600
534722,4628054911484688
1059010,13564885690482960
51394,76617474933522705
149698,13566942711386385
542914,4630112200819473
1067202,13566942979817745
166082,85622475165012240
297154,221011938962833680
559298,76685644654445328
1083586,85622475433443600
657602,13635112432309008
1575106,13635112700740368
3147970,13564744493498640
28866,4559747751608595
53442,76617337494569235
86210,4559679033180435
282818,76898743751803155
2117826,4559675005665555
659650,13635043712832273
1577154,13635043981263633
3150018,13564675774021905
549058,4559747751609105
565442,76615280205234960
598210,4557557319336720
663746,13564747983098640
1581250,13564748251530000
573634,76617337494569745
606402,4559679033180945
803010,76898743751803665
2638018,4559675005666065
3162306,13531690425188625
688322,85622337726059280
819394,221011801523880720
1605826,85622337994490640
721090,13564679264670480
1638594,13564679533101840
917698,85903743983293200
1704130,31579073746572048
2752706,13564675237155600
1835202,85903744251724560
5954,76617337528123665
10050,76582294889955600
132930,85589352410779920
264002,220978816208601360
1050434,85589352679211280
6978,76687706272301313
19266,76621735574634753
68418,76617341824139520
2100034,76617337796624640
13122,76617341823090945
70466,76617273104662785
2102082,76617269077147905
74562,76582166041985280
140098,85589356705747200
271170,220978820503568640
1057602,85589356974178560
49986,220701739278401793
148290,85593681737814273
279362,220983145535635713
1065794,85593682006245633
99138,220697345527906560
295746,509209192360313088
2130754,220697341500391680
197442,85589287987319040
328514,220978751785140480
1114946,85589288255750400
1180482,103603682469220608
2229058,85589283959804160
2360130,220978747757625600
19778,76617474933522705
36162,220730738864029968
134466,85622475165012240
265538,221011938962833680
527682,76685644654445328
1051970,85622475433443600
21826,76617337494569235
38210,220730463986123025
533826,76615280205234960
50498,220697478637289745
542018,76617337494569745
165186,229702478868779280
1082690,229702479137210640
656706,85622337726059280
787778,221011801523880720
1574210,85622337994490640
22850,76687706238746883
39234,220800832730300673
530754,76826244703847169
26946,76617479228489985
43330,220730743158997248
76098,76615288796217600
141634,85622479459979520
272706,221011943257800960
534850,76685648949412608
1059138,85622479728410880
149826,85624536749314305
280898,221014000547135745
543042,76687706238747393
1067330,85624537017745665
100674,220730468282138880
297282,509242315114545408
2132290,220730464254624000
395586,230019000778625280
657730,85692706470236928
788802,221082170268058368
1313090,230019001047056640
1575234,85692706738668288
3148098,85622338531426560
28994,76617341789536515
45378,220730468281090305
86338,76617273071108355
2117954,76617269043593475
168258,229737525801914625
561474,220800695291347713
1085762,229737526070345985
397634,230018932059148545
659778,85692637750760193
790850,221082101548581633
1315138,230018932327579905
1577282,85692638019191553
3150146,85622269811949825
57666,220697482932257025
549186,76617341789537025
106818,220695292499984640
172354,229702483163746560
1089858,229702483432177920
598338,76615151357264640
663874,85622342021026560
794946,221011805818848000
1581378,85622342289457920
180546,229704540453081345
1098050,229704540721512705
606530,76617273071108865
409922,229985946710315265
1327426,229985946978746625
2638146,76617269043593985
3162434,85589284463116545
622914,220730330843185920
819522,509242177675592448
2654530,220730326815671040
3178818,229702342235193600
721218,85622273302598400
852290,221011737100419840
1638722,85622273571029760
1704258,103636667784499968
2752834,85622269275083520
2883906,221011733072904960
3408194,229983748492427520
7746,4630249639772433
11842,4560160068469008
20034,4564278942105873
36418,76617749811429648
69186,4559885191610640
265794,76898949910233360
2100802,4559881164095760
13890,4559885190562065
22082,4564141503152403
38466,76617474933522705
136770,13566942711386385
529986,4630112200819473
1054274,13566942979817745
75330,4524709409456400
140866,13531900073218320
1058370,13531900341649680
542274,4564141503152913
165442,85589489816178960
296514,220978953614000400
1082946,85589490084610320
591426,4559747752657680
788034,76898812471280400
2623042,4559743725142800
3147330,13531759144665360
14914,4630253934739713
23106,4634510247330051
39490,76687843677700353
137794,13637311455564033
1055298,13637311723995393
27202,4564283237073153
43586,76617754106396928
272962,76898954205200640
2107970,4559885459063040
51778,76621872980033793
150082,13571340757897473
543298,4634510247330561
1067586,13571341026328833
100930,76617479229538560
2132546,76617475202023680
199234,13566947007402240
592450,4630116496835328
1116738,13566947275833600
395842,85906011726024960
1182274,31581341489303808
2230850,13566942979887360
789058,76969181215458048
1313346,85906011994456320
2624066,4630112469320448
29250,4564145798119683
45634,76617479228489985
78402,4559756342591745
143938,13566947006353665
537154,4630116495786753
1061442,13566947274785025
53826,76621735541080323
86594,4564077079691523
283202,76903141798314243
2118210,4564073052176643
168514,85624536749314305
299586,221014000547135745
561730,76687706238747393
1086018,85624537017745665
201282,13566878287925505
594498,4630047777358593
1118786,13566878556356865
397890,85905943006548225
1184322,31581272769827073
2232898,13566874260410625
791106,76969112495981313
1315394,85905943274979585
2626114,4630043749843713
549442,4564145798120193
107074,76582303447384320
172610,85589494111146240
303682,220978957908967680
1090114,85589494379577600
205378,13531771225248000
1122882,13531771493679360
795202,76898816766247680
2630210,4559748020110080
3154498,13531763439632640
574018,76621735541080833
606786,4564077079692033
803394,76903141798314753
2638402,4564073052177153
3162690,13536088471699713
623170,76617341790585600
426562,229986015429792000
1344066,229986015698223360
2654786,76617337763070720
3179074,85589353182593280
852546,76898748047819520
2687554,4559679301681920
3211842,13531694721204480
3277378,31546088934674688
2884162,76898744020304640
3408450,85870759439827200
138306,13635249854484753
1055810,13635250122916113
27714,4560160051691793
44098,76616104822178064
76866,4557969619419408
142402,13565160283181328
535618,4628329772614416
1059906,13565160551612688
52290,76617749794652433
85058,4559885174833425
281666,76898949893456145
2116674,4559881147318545
166978,85622750026141968
298050,221012213823963408
560194,76685919515575056
1084482,85622750294573328
199746,13564885406322960
592962,4628054895756048
1117250,13564885674754320
396354,85903950124945680
1182786,31579279888224528
2231362,13564881378808080
789570,76967119614378768
1313858,85903950393377040
2624578,4628050868241168
78914,4557694741512465
144450,13564885405274385
537666,4628054894707473
1061954,13564885673705745
87106,4559747735879955
283714,76898812454502675
2118722,4559743708365075
169026,85622475148235025
300098,221011938946056465
562242,76685644637668113
1086530,85622475416666385
660546,13635112415531793
1578050,13635112683963153
3150914,13564744476721425
91202,4524709392679185
156738,13531900056441105
1074242,13531900324872465
566338,76615555066364688
205890,13529709624168720
1123394,13529709892600080
795714,76896755165168400
2630722,4557686419030800
3155010,13529701838553360
181314,85589489799401745
312386,220978953597223185
1098818,85589490067833105
607298,4559747735880465
803906,76898812454503185
2638914,4559743708365585
3163202,13531759127888145
623682,76615280189506320
427074,229983953828712720
1344578,229983954097144080
2655298,76615276161991440
3179586,85587291581514000
721986,13564747967370000
1639490,13564748235801360
918594,85903812685992720
1705026,31579142449271568
2753602,13564743939855120
1836098,85903812954424080
79938,4628063485690113
145474,13635254149452033
1062978,13635254417883393
88130,4630116480057603
284738,76969181198680323
2119746,4630112452542723
170050,85692843892412673
301122,221082307690234113
1087554,85692844160844033
596034,4768654945157889
792642,77107719663780609
2627650,4768650917643009
3151938,13635113220899073
59458,76617754089619713
288834,76898954188423425
2123842,4559885442285825
108610,76615563657347328
174146,85622754321109248
305218,221012218118930688
567362,76685923810542336
1091650,85622754589540608
337986,76896763756151040
2172994,4557695010013440
403522,85903954419912960
1189954,31579284183191808
2238530,13564885673775360
796738,76967123909346048
1321026,85903954688344320
2631746,4628055163208448
116802,76617479212761345
2148418,76617475185246465
215106,13566946990625025
608322,4630116480058113
1132610,13566947259056385
411714,85906011709247745
1198146,31581341472526593
2246722,13566942963110145
804930,76969181198680833
1329218,85906011977679105
2639938,4630112452543233
231490,85622479444250880
362562,221011943242072320
624706,76685648933683968
1148994,85622479712682240
1214530,103636873926152448
2263106,85622475416736000
2394178,221011939214557440
2656322,76685644906169088
723010,13635116711547648
1640514,13635116979979008
3213378,13564748772737280
919618,85974181430170368
1706050,31649511193449216
2754626,13635112684032768
3278914,31579142986207488
1837122,85974181698601728
3409986,85903813491360000
290882,76898816749469955
2125890,4559748003332355
110658,76615288779440385
176194,85622479443202305
307266,221011943241023745
569410,76685648932635393
1093698,85622479711633665
208962,13564756557304065
602178,4627926046737153
1126466,13564756825735425
667714,13635116710499073
1585218,13635116978930433
3158082,13564748771688705
118850,76617341773807875
2150466,76617337746292995
348226,76898748031041795
2183234,4559679284904195
2379842,76898744003526915
430146,230019000761848065
692290,85692706453459713
823362,221082170251281153
1347650,230019001030279425
1609794,85692706721891073
3182658,85622338514649345
725058,13635047992070913
1642562,13635048260502273
3215426,13564680053260545
921666,85974112710693633
1708098,31649442473972481
2756674,13635043964556033
3280962,31579074266730753
1839170,85974112979124993
3412034,85903744771883265
122946,76582303430607105
188482,85589494094369025
319554,220978957892190465
1105986,85589494362800385
221250,13531771208470785
1138754,13531771476902145
811074,76898816749470465
2646082,4559748003332865
3170370,13531763422855425
237634,85587303662096640
368706,220976767459918080
1155138,85587303930528000
434242,229983958123680000
1351746,229983958392111360
2662466,76615280456958720
3186754,85587295876481280
860226,76896626317198080
2695234,4557557571060480
3219522,13529572990583040
925762,85903816980960000
1712194,31579146744238848
2760770,13564748234822400
1843266,85903817249391360
639042,76617341773808385
442434,229986015413014785
1359938,229986015681446145
2670658,76617337746293505
3194946,85589353165816065
868418,76898748031042305
2703426,4559679284904705
3227714,13531694704427265
3293250,31546088917897473
2900034,76898744003527425
3424322,85870759423049985
753730,85622342005297920
884802,221011805803119360
1671234,85622342273729280
1736770,103636736487199488
2785346,85622337977783040
2916418,221011801775604480
3440706,229983817195127040
983106,85903748262531840
1769538,31579078025810688
2818114,13564679516394240
1900610,85903748530963200
1966146,103918142744433408
3014722,85903744235016960
6018,72078553595773233
18306,72065359456239921
67458,72060965705744688
132994,76564561037103408
1050498,76564561305534768
2099074,72060961678229808
7042,72113737967862033
11138,72078695329693968
265090,216475216648339728
21378,72082882922807571
37762,216193741671629073
267138,216475147928862993
74626,72060974295679248
271234,216457628757262608
533378,72078557890741008
50050,216180547532095761
279426,216461953789329681
541570,72082882922808081
99202,216176153781600528
164738,220679749112959248
295810,504688000614007056
1082242,220679749381390608
2130818,216176149754085648
328578,216457560038834448
590722,72078489172312848
394114,220961155370193168
656258,76582084503671568
1180546,85571691840803088
1311618,220961155638624528
2360194,216457556011319568
1573762,76582084772102928
2622338,72078485144797968
3146626,76564493122994448
11650,72076771117236528
68994,72076496240378160
134530,76580091571736880
1052034,76580091840168240
2100610,72076492212863280
13698,72076496239329585
267650,216473017557975345
140674,76562503680659760
1058178,76562503949091120
2106754,72058904321786160
83330,72060965638635825
148866,76564560969994545
1066370,76564561238425905
2114946,72060961611120945
329090,216455429667946800
591234,72076358801425200
394626,220959024999305520
656770,76579954132783920
1181058,85569561469915440
1312130,220959025267736880
2360706,216455425640431920
1574274,76579954401215280
2622850,72076354773910320
3147138,76562362752106800
14722,72111680611418385
268674,216508201930064145
530818,72181907621675793
27010,72078695262585105
43394,216191959193092368
76162,72076504830312720
272770,216473159291896080
280962,216475216581230865
100738,216191684316234000
166274,220695279647592720
297346,504703531148640528
1083778,220695279916024080
2132354,216191680288719120
592258,72111543173514000
657794,76615138504872720
1575298,76615138773304080
2623874,72111539145999120
29058,72078557823631635
45442,216191684315185425
536962,72111543172465425
86402,72078489105203475
151938,76582084436562195
1069442,76582084704993555
2118018,72078485077688595
594306,72111474454037265
659842,76615069785395985
1577346,76615070053827345
2625922,72111470426522385
90498,72060974228570385
287106,216457628690153745
549250,72078557823632145
172418,220677691756515600
303490,504685943257563408
1089922,220677692024946960
2138498,216174092397642000
336258,216455438257881360
598402,72076367391359760
795010,216473021852943120
115074,216176153714491665
180610,220679749045850385
311682,504688000546898193
1098114,220679749314281745
2146690,216176149686976785
344450,216457559971725585
606594,72078489105203985
409986,220961155303084305
672130,76582084436562705
1196418,85571691773694225
1327490,220961155571515665
2376066,216457555944210705
1589634,76582084704994065
2638210,72078485077689105
3162498,76564493055885585
622978,216191546877281040
688514,220695142208639760
1212802,229684749545771280
819586,504703393709687568
1606018,220695142477071120
2654594,216191542849766160
3178882,220677550827962640
852354,216472953134514960
917890,220976548465873680
1442178,229966155803005200
1704322,85587084936483600
3277186,85569493287375120
1835394,220976548734305040
2883970,216472949107000080
3408258,220958957085196560
3670402,76579886218674960
71298,20963786752305
136834,4524559118111025
267906,72360028505375025
1054338,4524559386542385
2102914,20959759237425
83586,7769647218993
149122,4511364978577713
280194,72346834365841713
1066626,4511365247009073
2115202,7765619704113
198274,4506971228082480
329346,72342440615346480
1115778,4506971496513840
2164354,3371869208880
394882,76846035946705200
2229890,4506967200567600
1312386,76846036215136560
2360962,72342436587831600
72322,56148158841105
137858,4559743490199825
268930,72395212877463825
1055362,4559743758631185
2103938,56144131326225
27266,25499271168273
43650,72078970140492048
141954,4524700852031760
273026,72360170239295760
1059458,4524701120463120
2108034,21101493158160
51842,72083089014128913
100994,72078695263633680
166530,76582290594992400
1084034,76582290863423760
2132610,72078691236118800
1182338,13531758641287440
3148418,4524559923478800
29314,25361832214803
45698,72078695262585105
78466,20972376686865
53890,72082951575175443
86658,25293113786643
152194,4528888445145363
283266,72364357832409363
1069698,4528888713576723
2118274,25289086271763
299650,216475216581230865
1184386,13531689921810705
3150466,4524491204002065
57986,72065501123051793
90754,7778237153553
549506,25361832215313
172674,76564702703915280
1090178,76564702972346640
2138754,72061103345041680
205442,4506979818017040
336514,72342449205281040
1122946,4506980086448400
2171522,3380459143440
664194,4524563413078800
1188482,13514170750210320
795266,72360032800342800
1581698,4524563681510160
2630274,20964054205200
3154562,4506972032401680
311938,216462022441697553
574082,72082951575175953
606850,25293113787153
672386,4528888445145873
1196674,13518495782277393
803458,72364357832409873
1589890,4528888713577233
2638466,25289086272273
3162754,4511297064468753
361090,216457628691202320
623234,72078557824680720
426626,220961224022561040
688770,76582153156039440
1213058,85571760493170960
1344130,220961224290992400
2392706,216457624663687440
1606274,76582153424470800
2654850,72078553797165840
3179138,76564561775362320
721538,4524494694650640
1245826,13514102031782160
852610,72359964081914640
1639042,4524494963082000
2687618,20895335777040
3211906,4506903313973520
918146,76863559413273360
1442434,85853166750404880
2753154,4524490667135760
1835650,76863559681704720
2884226,72359960054399760
3408514,76845968032596240
15490,54361417842993
40066,72111951160803633
72834,54086540984625
138370,4557681872343345
269442,72393151259607345
1055874,4557682140774705
2104450,54082513469745
27778,21376069009713
44162,72077320839495984
76930,19185636737328
52354,72078965811970353
85122,21101192151345
150658,4524696523510065
281730,72360165910774065
1068162,4524696791941425
2116738,21097164636465
298114,216473429841281328
1182850,13529697023430960
3148930,4522498305622320
78978,18910758830385
87170,20963753197875
152706,4524559084556595
283778,72360028471820595
1070210,4524559352987955
2118786,20959725682995
300162,216473154963374385
595074,53949102031665
660610,4557544433390385
791682,72393013820654385
1578114,4557544701821745
2626690,53945074516785
58498,72061377920893233
156802,4507108632432945
287874,72342578019696945
1074306,4507108900864305
2122882,3509273559345
107650,72059187488620848
304258,216455841950204208
566402,72076771083682608
205954,4504918200160560
337026,72340387587424560
1123458,4504918468591920
2172034,1318841286960
664706,4522501795222320
1188994,13512109132353840
795778,72357971182486320
1582210,4522502063653680
2630786,18902436348720
3155074,4504910414545200
115842,72061103044034865
181378,76564698375393585
1098882,76564698643824945
2147458,72061099016519985
607362,20963753198385
672898,4524559084557105
1197186,13514166421688625
803970,72360028471821105
1590402,4524559352988465
2638978,20959725683505
3163266,4506967703879985
361602,216455567073345840
623746,72076496206824240
427138,220959162404704560
689282,76580091538182960
1213570,85569698875314480
1344642,220959162673135920
2393218,216455563045830960
1606786,76580091806614320
2655362,72076492179309360
3179650,76562500157505840
1705090,13529559584478000
3277954,13511967935369520
3671170,4522360866669360
80002,54095130919185
538754,124455284114193
88194,56148125286675
153730,4559743456645395
284802,72395212843909395
1071234,4559743725076755
2119810,56144097771795
301186,216508339335463185
563330,72182045027074833
92290,21109782085905
567426,72111955455771408
665730,4557686167311120
796802,72393155554575120
1583234,4557686435742480
2631810,54086808437520
313474,216475353986629905
608386,56148125287185
673922,4559743456645905
804994,72395212843909905
1591426,4559743725077265
2640002,56144097772305
624770,72111680578913040
690306,76615275910271760
1607810,76615276178703120
2656386,72111676551398160
1706114,13564743956566800
3672194,4557545238758160
61570,72078695229030675
94338,20972343132435
569474,72111680577864465
602242,53957691966225
315522,216475216547676435
1200258,13531689888256275
3166338,4524491170447635
823426,216508201896510225
1708162,13564675237090065
3674242,4557476519281425
123010,72061111633969425
319618,216457766095552785
581762,72078695229031185
614530,20972343132945
368770,216455575663280400
630914,72076504796758800
827522,216473159258342160
835714,216475216547676945
1720450,13531689888256785
3293314,13514098239148305
3686530,4524491170448145
3801218,13529491401937680
12034,72078970140492048
20226,72083089014128913
69378,72078695263633680
134914,76582290594992400
1052418,76582290863423760
2100994,72078691236118800
14082,72078695262585105
22274,72082951575175443
268034,216475216581230865
26370,72065501123051793
141058,76564702703915280
1058562,76564702972346640
2107138,72061103345041680
280322,216462022441697553
542466,72082951575175953
329474,216457628691202320
591618,72078557824680720
395010,220961224022561040
657154,76582153156039440
1181442,85571760493170960
1312514,220961224290992400
2361090,216457624663687440
1574658,76582153424470800
2623234,72078553797165840
3147522,76564561775362320
72450,72113742196769025
137986,76617337528127745
1055490,76617337796559105
2104066,72113738169254145
27394,72083093309096193
142082,76582294889959680
1059586,76582295158391040
2108162,72078695531086080
281346,216479614627741953
330498,216475220877246720
396034,220978816208605440
1182466,85589352679215360
1313538,220978816477036800
2362114,216475216849731840
3148546,76582153961406720
29442,72082955870142723
78594,72078566414614785
275202,216475220876198145
86786,72082887151714563
152322,76586482483073283
1069826,76586482751504643
2118402,72082883124199683
103170,216193745900536065
168706,220697341231894785
299778,504705592732942593
1086210,220697341500326145
2134786,216193741873021185
332546,216475152157769985
398082,220978747489128705
1184514,85589283959738625
1315586,220978747757560065
2364162,216475148130255105
3150594,76582085241929985
90882,72065372275081473
287490,216462026736664833
549634,72082955870143233
205570,76564573855944960
1123074,76564574124376320
2171650,72060974497071360
402178,220961228317528320
664322,76582157451006720
1188610,85571764788138240
1319682,220961228585959680
2368258,216457628958654720
1581826,76582157719438080
2630402,72078558092133120
3154690,76564566070329600
115458,216180551761002753
180994,220684147092361473
312066,504692398593409281
1098498,220684147360792833
2147074,216180547733487873
344834,216461958018236673
606978,72082887151715073
410370,220965553349595393
672514,76586482483073793
1196802,85576089820205313
1327874,220965553618026753
2376450,216461953990721793
1590018,76586482751505153
2638594,72082883124200193
3162882,76568891102396673
230146,220679753341866240
361218,504688004842914048
1147650,220679753610297600
2196226,216176153982992640
426754,509191600174272768
2261762,220679749314351360
1344258,509191600442704128
2392834,504688000815399168
459522,220961159599100160
721666,76582088732578560
1245954,85571696069710080
1377026,220961159867531520
2425602,216457560240226560
1639170,76582089001009920
2687746,72078489373704960
3212034,76564497351901440
2491138,220961155571585280
2753282,76582084705063680
40194,216227139236659473
269570,216508339335463185
531714,72182045027074833
44290,216192508915351824
535810,72111955455771408
52482,216194153887826193
281858,216475353986629905
593154,72111680578913040
658690,76615275910271760
1576194,76615276178703120
2624770,72111676551398160
29954,72078695229030675
537858,72111680577864465
283906,216475216547676435
791810,216508201896510225
58626,216176565996749073
91394,72061111633969425
288002,216457766095552785
550146,72078695229031185
107778,216174375564476688
566530,216191959159538448
337154,216455575663280400
599298,72076504796758800
795906,216473159258342160
115970,216176291119890705
181506,220679886451249425
312578,504688137952297233
1099010,220679886719680785
2147586,216176287092375825
804098,216475216547676945
623874,216191684282680080
689410,220695279614038800
1213698,229684886951170320
820482,504703531115086608
1606914,220695279882470160
2655490,216191680255165200
3179778,220677688233361680
47362,216227143531626753
80130,72111689168847105
276738,216508343630430465
538882,72182049322042113
88322,72113742163214595
153858,76617337494573315
1071362,76617337763004675
2119938,72113738135699715
104706,216226868654768385
170242,220730463986127105
301314,504738715487174913
1087746,220730464254558465
2136322,216226864627253505
792834,216578570640687873
59650,216194158182793473
92418,72078703820013825
289026,216475358281597185
108802,216191967750521088
338178,216473167849324800
665858,76615280205239040
1583362,76615280473670400
2631938,72111680846365440
116994,216193883305935105
182530,220697478637293825
313602,504705730138341633
1100034,220697478905725185
2148610,216193879278420225
608514,72113742163215105
674050,76617337494573825
1591554,76617337763005185
2640130,72113738135700225
1214722,229702479137214720
3180802,220695280419406080
854274,216508206192526080
919810,221011801523884800
1706242,85622337994494720
1837314,221011801792316160
2885890,216508202165011200
3672322,76615139276686080
94466,72078566381060355
291074,216475220842643715
110850,216191692872614145
602370,72111551729894145
798978,216508206191477505
119042,216193745866981635
184578,220697341198340355
315650,504705592699388163
1102082,220697341466771715
2150658,216193741839466755
348418,216475152124215555
413954,220978747455574275
1200386,85589283926184195
1331458,220978747724005635
2380034,216475148096700675
3166466,76582085208375555
626946,216226731215815425
692482,220730326547174145
823554,504738578048221953
1609986,220730326815605505
2658562,216226727188300545
856322,216508137473049345
921858,221011732804408065
1708290,85622269275017985
1839362,221011733072839425
2887938,216508133445534465
3674370,76615070557209345
188674,220679890746216705
319746,504688142247264513
1106178,220679891014648065
2154754,216176291387343105
352514,216457637247582465
614658,72078566381060865
811266,216475220842644225
237826,220677700313944320
368898,504685951814992128
1155330,220677700582375680
2203906,216174100955070720
696578,220695283909006080
1220866,229684891246137600
827650,504703535410053888
1614082,220695284177437440
2662658,216191684550132480
3186946,220677692528328960
860418,216473030410371840
639234,216193745866982145
704770,220697341198340865
1229058,229686948535472385
835842,504705592699388673
1622274,220697341466772225
2670850,216193741839467265
3195138,220679749817663745
868610,216475152124216065
934146,220978747455574785
1458434,229968354792706305
1720578,85589283926184705
3293442,85571692277076225
1851650,220978747724006145
2900226,216475148096701185
3424514,220961156074897665
3686658,76582085208376065
1736962,229702341698261760
3309826,229684750049153280
3703042,220695142980453120
1966338,229983747955495680
3539202,229966156306387200
3801346,85587085439865600
3932418,220976549237687040
15874,56560441098513
40450,72114150184059153
73218,56285564240145
138754,4559880895598865
269826,72395350282862865
1056258,4559881164030225
2104834,56281536725265
44546,72079519862751504
77314,21384659992848
298498,216475628864536848
1183234,13531896046686480
3149314,4524697328877840
30210,25499237613843
79362,21109782085905
54786,72083088980574483
300546,216475353986629905
595458,56148125287185
660994,4559743456645905
792066,72395212843909905
1578498,4559743725077265
2627074,56144097772305
91650,7915642552593
550402,25499237614353
108034,72061386511876368
304642,216458040973459728
566786,72078970106938128
206338,4507117223416080
337410,72342586610680080
1123842,4507117491847440
2172418,3517864542480
665090,4524700818477840
1189378,13514308155609360
796162,72360170205741840
1582594,4524701086909200
2631170,21101459604240
3155458,4507109437800720
312834,216462159847096593
574978,72083088980574993
361986,216457766096601360
624130,72078695230079760
427522,220961361427960080
689666,76582290561438480
1213954,85571897898570000
1345026,220961361696391440
2393602,216457762069086480
1607170,76582290829869840
2655746,72078691202564880
3180034,76564699180761360
1705474,13531758607733520
3278338,13514166958625040
3671554,4524559889924880
47618,72114154479026433
145922,4559885190566145
276994,72395354577830145
1063426,4559885458997505
2112002,56285831692545
88578,60546171797763
154114,4564141503156483
285186,72399610890420483
1071618,4564141771587843
2120194,60542144282883
104962,72113879602168065
170498,76617474933526785
1088002,76617475201958145
2136578,72113875574653185
596482,126516869464833
662018,4630112200823553
1186306,13566942979821825
793090,72465581588087553
1579522,4630112469254913
2628098,126512841949953
3152386,4559744262013185
92674,25507828596993
109058,72078978697920768
305666,216475633159504128
207362,4524709409460480
338434,72360178796724480
1124866,4524709677891840
2173442,21110050586880
1190402,13531900341653760
3156482,4524701623845120
313858,216479752033140993
608770,60546171798273
674306,4564141503156993
805378,72399610890420993
1591810,4564141771588353
2640386,60542144283393
363010,216475358282645760
428546,220978953614004480
1214978,85589490084614400
1346050,220978953882435840
2394626,216475354255130880
3181058,76582291366805760
723458,4559747752661760
854530,72395217139925760
1640962,4559748021093120
2689538,56148393788160
920066,76898812471284480
2755074,4559743725146880
3279362,13531759144669440
1837570,76898812739715840
2886146,72395213112410880
61954,72083093275541763
94722,25370389643523
111106,72078703820013825
307714,216475358281597185
668162,4559747751613185
799234,72395217138877185
1585666,4559748020044545
2634242,56148392739585
315906,216479614594187523
1200642,13536087934767363
3166722,4528889216958723
627202,72113742163215105
692738,76617337494573825
1610242,76617337763005185
2658818,72113738135700225
725506,4559679033185025
856578,72395148420449025
1643010,4559679301616385
2691586,56079674311425
922114,76898743751807745
2757122,4559675005670145
3281410,13531690425192705
1839618,76898744020239105
2888194,72395144392934145
123394,72065509680480513
320002,216462164142063873
582146,72083093275542273
614914,25370389644033
238082,76564711261344000
1155586,76564711529775360
2204162,72061111902470400
434690,220961365722927360
696834,76582294856405760
1221122,85571902193537280
1352194,220961365991358720
2400770,216457766364053760
1614338,76582295124837120
2662914,72078695497532160
3187202,76564703475728640
729602,4524571970507520
1253890,13514179307639040
860674,72360041357771520
1647106,4524572238938880
2695682,20972611633920
3219970,4506980589830400
1712642,13531762902700800
3285506,13514171253592320
3678722,4524564184892160
836098,216479614594188033
1720834,13536087934767873
3293698,13518496285659393
3686914,4528889216959233
885250,216475220843692800
950786,220978816175051520
1475074,229968423512183040
1737218,85589352645661440
3310082,85571760996552960
1868290,220978816443482880
2916866,216475216816177920
3441154,220961224794374400
3703298,76582153927852800
1769986,13531694184272640
3342850,13514102535164160
3736066,4524495466464000
1966594,85870758902895360
3539458,85853167253786880
3932674,76863560185086720
48130,72112505194807569
80898,54369992048913
539650,124730145243921
302082,216508614196592913
564226,72182319888204561
596994,124455268385553
662530,4628050599744273
1186818,13564881378742545
793602,72463519987008273
1580034,4628050868175633
2628610,124451240870673
3152898,4557682660933905
60418,72079519845974289
93186,21384643215633
109570,72077329413701904
306178,216473983875285264
666626,4557961028440848
797698,72393430415704848
1584130,4557961296872208
2632706,54361669567248
314370,216475628847759633
1199106,13531896029909265
3165186,4524697312100625
625666,72111955440042768
691202,76615550771401488
1608706,76615551039832848
2657282,72111951412527888
723970,4557686151582480
855042,72393155538846480
1641474,4557686420013840
2690050,54086792708880
920578,76896750870205200
2755586,4557682124067600
3279874,13529697543590160
1838082,76896751138636560
2886658,72393151511331600
62466,72078970090160403
160770,4524700801700115
291842,72360170188964115
1078274,4524701070131475
2126850,21101442826515
570370,72111955438994193
668674,4557686150533905
799746,72393155537797905
1586178,4557686418965265
2634754,54086791660305
119810,72078695213302035
185346,76582290544660755
1102850,76582290813092115
2151426,72078691185787155
1201154,13531758590955795
3167234,4524559873147155
627714,72111680562135825
693250,76615275893494545
1610754,76615276161925905
2659330,72111676534620945
1709058,13564743939789585
3675138,4557545221980945
123906,72061386495099153
320514,216458040956682513
582658,72078970090160913
222210,4507117206638865
353282,72342586593902865
1139714,4507117475070225
2188290,3517847765265
680962,4524700801700625
1205250,13514308138832145
812034,72360170188964625
1598466,4524701070131985
2647042,21101442827025
3171330,4507109421023505
369666,216455850524410128
631810,72076779657888528
828418,216473434119471888
730114,4522510369428240
1254402,13512117706559760
861186,72357979756692240
1647618,4522510637859600
2696194,18911010554640
3220482,4504918988751120
1713154,13529701301621520
3286018,13512109652513040
3679234,4522502583812880
377858,216457766079824145
640002,72078695213302545
443394,220961361411182865
705538,76582290544661265
1229826,85571897881792785
1360898,220961361679614225
2409474,216457762052309265
1623042,76582290813092625
2671618,72078691185787665
3195906,76564699163984145
1721346,13531758590956305
3294210,13514166941847825
3687426,4524559873147665
885762,216473159242613520
951298,220976754573972240
1475586,229966361911103760
1737730,85587291044582160
3310594,85569699395473680
1868802,220976754842403600
2917378,216473155215098640
3441666,220959163193295120
3703810,76580092326773520
3802114,13529560104637200
112642,72111964029976833
309250,216508618491560193
571394,72182324183171841
210946,4557694741516545
342018,72393164128780545
1128450,4557695009947905
2177026,54095382642945
669698,4628054894711553
1193986,13564885673709825
800770,72463524281975553
1587202,4628055163142913
2635778,124455535837953
3160066,4557686955901185
219138,4559747735884035
350210,72395217123148035
1136642,4559748004315395
2185218,56148377010435
415746,76898812454506755
2250754,4559743708369155
1333250,76898812722938115
2381826,72395213095633155
366594,216508343614701825
628738,72182049306313473
432130,221011938946060545
694274,76685644637672193
1218562,85622475416670465
1349634,221011939214491905
2398210,216508339587186945
1611778,76685644906103553
2660354,72182045278798593
3184642,76615276698861825
1710082,13635112683967233
3282946,13564744476725505
3676162,4627913966158593
124930,72078978681143553
321538,216475633142726913
223234,4524709392683265
354306,72360178779947265
1140738,4524709661114625
2189314,21110033809665
1206274,13531900324876545
3172354,4524701607067905
370690,216473442710454528
698370,76615555066368768
1615874,76615555334800128
2664450,72111955707495168
1255426,13529709892604160
3221506,4522511174795520
927746,76896755165172480
2762754,4557686419034880
3287042,13529701838557440
1845250,76896755433603840
2893826,72393155806298880
378882,216475358265868545
444418,220978953597227265
1230850,85589490067837185
1361922,220978953865658625
2410498,216475354238353665
3196930,76582291350028545
739330,4559747735884545
870402,72395217123148545
1656834,4559748004315905
2705410,56148377010945
935938,76898812454507265
2770946,4559743708369665
3295234,13531759127892225
1853442,76898812722938625
2902018,72395213095633665
755714,76615280189510400
1673218,76615280457941760
2721794,72111680830636800
1476610,229983954097148160
2787330,76615276161995520
3311618,85587291581518080
3442690,220976755379339520
1771522,13564748235805440
3737602,4557549517996800
1968130,85903812954428160
3934210,76896614236619520
192514,76582294839628035
1110018,76582295108059395
2158594,72078695480754435
225282,4524571953729795
356354,72360041340993795
1142786,4524572222161155
2191362,20972594856195
1208322,13531762885923075
3174402,4524564168114435
372738,216473167832547585
700418,76615280188461825
1617922,76615280456893185
2666498,72111680829588225
733186,4557557302563585
864258,72393026689827585
1650690,4557557570994945
2699266,53957943689985
1716226,13564748234756865
3682306,4557549516948225
380930,216475220826915075
446466,220978816158273795
1232898,85589352628883715
1363970,220978816426705155
2412546,216475216799400195
3198978,76582153911075075
1265666,13531694167494915
3231746,4524495449686275
1462274,85870758886117635
3428354,76863560168308995
888834,216508206175748865
954370,221011801507107585
1740802,85622337977717505
1871874,221011801775538945
2920450,216508202148233985
3706882,76615139259908865
1773570,13564679516328705
3739650,4557480798520065
1970178,85903744234951425
3936258,76896545517142785
253954,76564711244566785
1171458,76564711512998145
2220034,72061111885693185
450562,220961365706150145
712706,76582294839628545
1236994,85571902176760065
1368066,220961365974581505
2416642,216457766347276545
1630210,76582295108059905
2678786,72078695480754945
3203074,76564703458951425
745474,4524571953730305
1269762,13514179290861825
876546,72360041340994305
1662978,4524572222161665
2711554,20972594856705
3235842,4506980573053185
1728514,13531762885923585
3301378,13514171236815105
3694594,4524564168114945
499714,220959175273877760
761858,76580104407356160
1286146,85569711744487680
1417218,220959175542309120
2465794,216455575915004160
1679362,76580104675787520
2727938,72076505048482560
3252226,76562513026679040
958466,220976758868939520
1482754,229966366206071040
1744898,85587295339549440
3317762,85569703690440960
1875970,220976759137370880
2924546,216473159510065920
3448834,220959167488262400
3710978,76580096621740800
1777666,13529572453651200
3350530,13511980804542720
3743746,4522373735842560
3809282,13529564399604480
901122,216475220826915585
966658,220978816158274305
1490946,229968423495405825
1753090,85589352628884225
3325954,85571760979775745
1884162,220978816426705665
2932738,216475216799400705
3457026,220961224777597185
3719170,76582153911075585
1785858,13531694167495425
3358722,13514102518386945
3751938,4524495449686785
1982466,85870758886118145
3555330,85853167237009665
3948546,76863560168309505
1998850,229983816658195200
3571714,229966225009086720
3833858,85587154142565120
3964930,220976617940386560
3866626,13529495681176320
4063234,85868560399799040
65724,72058706488004880
828,216176085062193408
8508,216173963281240320
16700,216176084995084545
131388,220677485599207680
524604,216191478157873920
2097468,216173886240395520
8764,72060974228640000
33340,216176153714561280
131644,76564496546607360
262716,216457559971795200
524860,72078489105273600
2097724,72060897187795200
41020,216174100686639360
81980,72060905477705985
98364,216173963249783040
196668,76562306081829120
327740,216455369507016960
589884,72076298640495360
2162748,72058706723016960
131292,85585989451460880
524508,76613974568801040
2396,220729231364133120
4444,220729162644656385
8540,220694055581978880
65884,220693986863550720
1048924,229701177795744000
2097500,220693978541134080
131676,85587088963088640
524892,76615074080428800
10332,76614189283610880
34908,220729368769532160
133212,85621242509472000
135260,85621173789995265
41052,220694192987377920
139356,85586066727317760
532572,76614051844657920
163932,229701246213239040
557148,220729231330579200
196700,85585998008889600
589916,76613983126229760
393308,229982652470472960
2228316,85585989686472960
786524,221010637587813120
1572956,85621174058423040
2621532,76613974803813120
3145820,85585990223335680
924,216173886172107024
1436,216172855245738288
8604,216172863835672848
65948,216172795117244688
131484,220676386153640208
524700,216190378712306448
2097564,216172786794828048
3228,72075396727771440
66716,72057675693756720
132252,76561266730152240
263324,216454330155340080
525468,72075259288818480
2098332,72057667371340080
10396,72075405317706000
34972,216190584803627280
526492,72110443660907280
528540,72110374941430545
139420,76561275320086800
270492,216454338745274640
532636,72075267878753040
2105500,72057675961274640
98460,216172863769612560
163996,220676454806008080
557212,216190447364674320
2130076,216172855447195920
196764,76561206601658640
327836,216454270026846480
589980,72075199160324880
2162844,72057607242846480
393372,220957861063242000
655516,76578790196720400
1179804,85568397533851920
2228380,76561198279242000
786588,216471853621908240
2359452,216454261704429840
2621596,72075190837908240
3145884,76561198816104720
8988,216173963347300608
17180,216176085061144833
66332,216173894628872448
131868,220677485665267968
525084,216191478223934208
2097948,216173886306455808
3356,216190584803627280
34076,504403368769294608
66844,216172863769612560
132380,220676454806008080
525596,216190447364674320
2098460,216172855447195920
6428,216225631736762625
35100,504420960955339008
67868,216190455955656960
133404,220694046992052480
2099484,216190447633240320
12572,216190455954608385
20764,216191478156824835
69916,216190387236180225
135452,220693978272575745
2101532,216190378913763585
24860,216173963280191745
74012,216172880949481728
270620,504684714896986368
1057052,220676463664369920
82204,216173894561763585
147740,220677485598159105
540956,216191478156825345
2113820,216173886239346945
98588,504403239921324288
164124,508906830957719808
295196,1081145458610475264
557340,504420823516386048
2130204,504403231598907648
327964,504684646178558208
1114396,220676394945941760
393500,509188237214953728
786716,504702229773619968
2359580,504684637856141568
1573148,220693978541003520
9756,72058912643289360
34332,216174092129210640
10780,72076504829333760
35356,216191684315255040
526876,72111543172535040
21020,72078489104224515
528924,72111474453058305
25116,72060974227591425
139804,76562374831714560
270876,216455438256902400
533020,72076367390380800
2105884,72058775472902400
49692,216176153713512705
82460,72060905509163265
147996,76564496545558785
279068,216457559970746625
541212,72078489104225025
2114076,72060897186746625
98844,216173963281240320
164380,220677554317635840
557596,216191546876302080
2130460,216173954958823680
197148,76562306113286400
328220,216455369538474240
590364,72076298671952640
2163228,72058706754474240
393756,220958960574869760
655900,76579889708348160
1180188,85569497045479680
2228764,76562297790869760
786972,216472953133536000
2359836,216455361216057600
2621980,72076290349536000
3146268,76562298327732480
527388,72110581066306320
42012,216173276051869968
140316,76561412725485840
271388,216454476150673680
533532,72075405284152080
2106396,72057813366673680
99356,216173001175011600
164892,220676592211407120
558108,216190584770073360
2130972,216172992852594960
14364,72110589656240385
38940,216225769142161665
43036,216190868237914368
141340,76579004911530240
272412,216472068336718080
2107420,72075405552718080
100380,216190593361056000
165916,220694184397451520
2131996,216190585038639360
591900,72110452218336000
657436,76614043254731520
788508,216507106679919360
2623516,72110443895919360
45084,216190593360007425
536604,72110452217287425
544796,72111474419503875
561180,216225631703208705
593948,72110383498859265
659484,76613974535254785
790556,216507037960442625
2625564,72110375176442625
57372,216174100685590785
106524,216173018354880768
303132,504684852302385408
1089564,220676601069768960
401436,220957938339098880
663580,76578867472577280
1187868,85568474809708800
2236444,76561275555098880
794652,216471930897765120
2367516,216454338980286720
2629660,72075268113765120
3153948,76561276091961600
229404,220676463363436800
622620,216190455922103040
2195484,216172864004624640
688156,220694046958498560
1212444,229683654295630080
2261020,220676455041020160
2654236,216190447599686400
3178524,220676455577882880
458780,220957869620670720
720924,76578798754149120
1245212,85568406091280640
2293788,76561206836670720
851996,216471862179336960
2424860,216454270261858560
2687004,72075199395336960
3211292,76561207373533440
917532,220975453215732480
1441820,229965060552864000
2490396,220957861298254080
1703964,85585989686342400
2752540,76578790431732480
2883612,216471853856920320
3407900,220957861835116800
3670044,76578790968595200
876,220697272513532160
131436,229702272711471360
524652,220730257828811520
131692,85589283658871040
524908,76617268776211200
34924,220730463970464000
133228,85622337710403840
20588,76617268759433475
135276,85622268990927105
147564,85589283642093825
540780,76617268759433985
163948,229702341414170880
557164,220730326531511040
196716,85587088915902720
589932,76615074033242880
393324,229983747671404800
2228332,85587084887404800
786540,221011732788744960
1572972,85622269259354880
2621548,76615070004744960
3145836,85587085424267520
940,216176080767226128
1452,216173950396338480
16812,216176080700117265
65964,216173885973926160
131500,220677481304240400
524716,216191473862906640
2097580,216173881945428240
1708,72060961343738160
33452,216176149419594000
66220,72060896921325840
131756,76564492251640080
262828,216457555676827920
524972,72078484810306320
2097836,72060892892827920
33964,216174087801737520
1836,216176149419594000
2860,216193741605638400
4908,216193672886161665
9004,216176153714561280
17196,216180478746628353
33580,504406525571305728
262956,504687931828539648
1049388,220679680595923200
526636,216226726920917760
20780,216193672852607235
528684,216226658201441025
74028,216173963249783040
82220,216176084963627265
147756,220679680293941505
540972,216193672852607745
2113836,216176080935129345
196908,220677485567750400
590124,216191478126416640
2162988,216173886208938240
655660,220695073456730880
1179948,229684680793862400
2228524,220677481539252480
2621740,216191474097918720
3146028,220677482076115200
34348,216176286824993040
35372,216193879011037440
526892,72113737868317440
528940,72113669148840705
41516,216176291119960320
74284,72060974197182720
98860,216176153683104000
164396,220679749013418240
557612,216193741572084480
2130476,216176149654606080
197164,76564496515150080
328236,216457559940337920
590380,72078489073816320
2163244,72060897156337920
393772,220961155270652160
655916,76582084404130560
1180204,85571691741262080
2228780,76564492486652160
786988,216475147829318400
2359852,216457555911840000
2621996,72078485045318400
3146284,76564493023514880
527404,72111676267238160
74796,72058912596103440
50220,216176286808215825
99372,216174092082024720
164908,220677687412338960
558124,216191679971005200
2130988,216174088053526800
22572,72113737851539715
38956,216226864343093505
75820,72076504782147840
534572,72111680562205440
51244,216193878994260225
542764,72113737851540225
100396,216191684268069120
165932,220695279598383360
2132012,216191680239571200
591916,72111543125349120
657452,76615138455663360
788524,216508201880851200
2623532,72111539096851200
53292,216193741555306755
86060,72078489057038595
151596,76582084387352835
282668,216475147812540675
2117676,72078485028540675
561196,216226726904140545
593964,72111474405872385
659500,76615069736186625
790572,216508133161374465
2625580,72111470377374465
57388,216176291103183105
90156,72060974180405505
172076,220677691707306240
565292,216191684265972480
2138156,216174092348494080
204844,76562374784528640
335916,216455438209716480
598060,72076367343194880
2170924,72058775425716480
114732,216176153666326785
180268,220679748996641025
573484,216193741555307265
2146348,216176149637828865
213036,76564496498372865
344108,216457559923560705
606252,72078489057039105
2179116,72060897139560705
409644,220961155253874945
671788,76582084387353345
1196076,85571691724484865
2244652,76564492469874945
802860,216475147812541185
2375724,216457555895062785
2637868,72078485028541185
3162156,76564493006737665
229420,220677554270449920
622636,216191546829116160
2195500,216173954911637760
688172,220695142159430400
1212460,229684749496561920
2261036,220677550241952000
2654252,216191542800618240
3178540,220677550778814720
458796,220958960527683840
720940,76579889661162240
1245228,85569496998293760
2293804,76562297743683840
852012,216472953086350080
2424876,216455361168871680
2687020,72076290302350080
3211308,76562298280546560
917548,220976548416664320
1441836,229966155753795840
2490412,220958956499185920
1703980,85587084887274240
2752556,76579885632664320
2883628,216472949057852160
3407916,220958957036048640
3670060,76579886169527040
1484,220694042697077040
2508,220729227069165840
4556,220729158349689105
1049036,229701173500776720
2097612,220693974246166800
131788,85587084668121360
525004,76615069785461520
3276,76614176398709040
33996,220694180102476080
132300,85586053842415920
525516,76614038959756080
35020,220729364474564880
133324,85621238214504720
135372,85621169495027985
164044,229701241918271760
557260,220729227035611920
393420,229982648175505680
2228428,85585985391505680
786636,221010633292845840
1573068,85621169763455760
2621644,76613970508845840
3145932,85585985928368400
2892,220730326580793600
4940,220730257861316865
17228,220697272512483585
1049420,229702273012404480
2097996,220695073757794560
3404,220729364474564880
132428,229701241918271760
525644,220729227035611920
10572,220729368769532160
35148,508959740626276608
526668,220799595779789568
1050956,229736426558787840
2099532,220729227304177920
20812,220730257827762435
528716,220799527060312833
1053004,229736357839311105
2101580,220729158584701185
139596,229701246213239040
532812,220729231330579200
147788,229702272710422785
541004,220730257827762945
164172,517931618069983488
557388,508959603187323648
196940,229701177494810880
590156,220729162612151040
393548,518213024327217408
1179980,247715571976712448
786764,509241009444557568
35404,220730463986192640
133708,85622337726132480
21068,76617268775162115
135756,85622269006655745
148044,85589283657822465
541260,76617268775162625
164428,229702341429899520
557644,220730326547239680
393804,229983747687133440
2228812,85587084903133440
787020,221011732804473600
1573452,85622269275083520
2622028,76615070020473600
3146316,85587085439996160
35916,220729639335694608
265292,221010839434498320
527436,76684545126109968
1051724,85621375905108240
2100300,76614176650498320
37964,220729364457787665
136268,85621238197727505
140364,85586195559559440
533580,76614180676899600
1082444,229701379608875280
2131020,220694180354265360
394316,229982716878205200
2229324,85586054094205200
787532,221010701995545360
1573964,85621238466155280
2622540,76614039211545360
3146828,85586054631067920
38988,220799733201965313
137292,85691606941905153
530508,76825145175511809
43084,220729643630661888
75852,76614189267882240
272460,221010843729465600
534604,76684549421077248
1058892,85621380200075520
2107468,76614180945465600
51276,220730463969415425
149580,85622337709355265
100428,220729368753803520
297036,509241215586210048
198732,85621242493743360
1181772,103635636975644928
788556,221081070739723008
1312844,230017901518721280
2361420,221010702264111360
1574988,85691607210332928
2623564,76684407955723008
45132,220729368752754945
143436,85621242492694785
53324,220730326530461955
282700,221011732787695875
544844,76685438479307523
1069132,85622269258305795
2117708,76615070003695875
561228,220799595763012353
1085516,229736426542010625
2134092,220729227287400705
200780,85621173774266625
1183820,103635568256168193
790604,221081002020246273
1314892,230017832799244545
2363468,221010633544634625
1577036,85691538490856193
2625612,76684339236246273
106572,220694192971649280
1089612,229701383903842560
2138188,220694184649232640
204876,85586066711589120
598092,76614051828929280
401484,229982721173172480
2236492,85586058389172480
794700,221010706290512640
1581132,85621242761122560
2629708,76614043506512640
3153996,85586058926035200
180300,229702341413122305
573516,220730326530462465
409676,229983747670356225
2244684,85587084886356225
802892,221011732787696385
1589324,85622269258306305
2637900,76615070003696385
3162188,85587085423218945
229452,229701246197510400
622668,220729231314850560
426060,518213093029916928
1212492,247715640679411968
819276,509241078147257088
458828,229982652454744320
2293836,85585989670744320
852044,221010637572084480
1638476,85621174042694400
2687052,76613974788084480
3211340,85585990207607040
1441868,247997046936645888
1932,216173950462398768
17292,216176080766177553
131980,220677481370300688
525196,216191473928966928
2098060,216173882011488528
5516,216190443069706545
17804,216173950395289905
66956,216172855179678000
263564,504684702012084528
1049996,220676450779468080
6540,216225627441795345
10636,216190584803627280
35212,504420956660371728
133516,220694042697085200
2099596,216190443338273040
20876,216191473861857555
135564,220693973977608465
2101644,216190374618796305
41356,504403368769294608
74124,216172863769612560
139660,220676454806008080
532876,216190447364674320
2105740,216172855447195920
147852,220677481303191825
541068,216191473861858065
2113932,216173881944379665
164236,508906826662752528
295308,1081145454315507984
557452,504420819221418768
2130316,504403227303940368
197004,220676386087579920
590220,216190378646246160
2163084,216172786728767760
393612,509188232919986448
786828,504702225478652688
2359692,504684633561174288
1573260,220693974246036240
3724,72076491944431920
9868,72058904053354800
18060,72060961342689585
132748,76562361946812720
263820,216455425372000560
525964,72076354505478960
2098828,72058762588000560
35468,216191680020287760
526988,72111538877567760
21132,72078484809257235
529036,72111470158091025
41612,216174092129210640
49804,216176149418545425
148108,76564492250591505
279180,216457555675779345
541324,72078484809257745
2114188,72060892891779345
164492,220677550022668560
557708,216191542581334800
2130572,216173950663856400
393868,220958956279902480
656012,76579885413380880
1180300,85569492750512400
2228876,76562293495902480
787084,216472948838568720
2359948,216455356921090320
2622092,72076286054568720
3146380,76562294032765200
7308,72110576771338545
35980,216190855353012528
134284,76578992026628400
265356,216472055451816240
2100364,72075392667816240
38028,216190580475105585
529548,72110439332385585
42124,216173267461935408
74892,72057813099155760
140428,76561404135551280
271500,216454467560739120
533644,72075396694217520
2106508,72057804776739120
50316,216174087800688945
99468,216172992585077040
296076,504684839417483568
1082508,220676588184867120
394380,220957925454197040
656524,76578854587675440
1180812,85568461924806960
2229388,76561262670197040
787596,216471918012863280
2360460,216454326095384880
2622604,72075255228863280
3146892,76561263207059760
39052,216225764847194385
534668,72110581066306320
166028,220694180102484240
2132108,216190580743672080
657548,76614038959764240
788620,216507102384952080
2623628,72110439600952080
544908,72111470124536595
561292,216225627408241425
659596,76613970240287505
790668,216507033665475345
2625676,72110370881475345
106636,216173001175011600
172172,220676592211407120
565388,216190584770073360
2138252,216172992852594960
688268,220694042663531280
1212556,229683650000662800
2261132,220676450746052880
2654348,216190443304719120
3178636,220676451282915600
917644,220975448920765200
1441932,229965056257896720
2490508,220957857003286800
1704076,85585985391375120
2752652,76578786136765200
2883724,216471849561953040
3408012,220957857540149520
3670156,76578786673627920
3852,216191680020287760
9996,216174092129210640
18188,216176149418545425
34572,504404463985955088
132876,220677550022668560
526092,216191542581334800
2098956,216173950663856400
6924,216226726953423105
11020,216191684315255040
19212,216193741604589825
35596,504422056171999488
133900,220695142208712960
2099980,216191542849900800
135948,220695073489236225
2102028,216191474130424065
25356,216176153713512705
41740,504404468280922368
74508,216173963281240320
140044,220677554317635840
533260,216191546876302080
2106124,216173954958823680
49932,504406525570257153
82700,216176084995084545
279308,504687931827491073
1065740,220679680594874625
164620,508907926174380288
295692,1081146553827135744
557836,504421918733046528
2130700,504404326815568128
197388,220677485599207680
590604,216191478157873920
2163468,216173886240395520
393996,509189332431614208
787212,504703324990280448
2360076,504685733072802048
1573644,220695073757664000
7436,216225764847194385
134412,220694180102484240
2100492,216190580743672080
529676,216225627408241425
75020,216173001175011600
140556,220676592211407120
533772,216190584770073360
2106636,216172992852594960
165132,508906964068151568
296204,1081145591720907024
558348,504420956626817808
2131212,504403364709339408
656652,220694042663531280
1180940,229683650000662800
2229516,220676450746052880
2622732,216190443304719120
3147020,220676451282915600
14604,216225769142161665
22796,216226726919868675
39180,504456140998906113
137484,220729227035619585
530700,216295996152419073
2103564,216225627676807425
76044,216190593361056000
141580,220694184397451520
2107660,216190585038639360
542988,216226726919869185
166156,508924556254195968
297228,1081163183906951424
2132236,504420956895383808
592140,216225631704257280
1181964,229701242186707200
2230540,220694042932097280
788748,504737478536663808
1575180,220729227304047360
3148044,220694043468960000
536844,216225631703208705
151820,220695073455681795
2117900,216191474096869635
561420,504456003559953153
594188,216225562984780545
1184012,229701173467230465
2232588,220693974212620545
790796,504737409817187073
1577228,220729158584570625
3150092,220693974749483265
106764,504403377326723328
172300,508906968363118848
303372,1081145596015874304
565516,504420960921785088
2138380,504403369004306688
205068,220676463363436800
598284,216190455922103040
2171148,216172864004624640
663820,220694046958498560
1188108,229683654295630080
2236684,220676455041020160
2629900,216190447599686400
3154188,220676455577882880
672012,220695073455682305
1196300,229684680792813825
2244876,220677481538203905
2638092,216191474096870145
3162380,220677482075066625
426252,1085649053909332224
688396,508924418815243008
1212684,517914026152374528
2261260,508906826897764608
819468,1081163046467998464
2392332,1081145454550520064
2654476,504420819456430848
3178764,508906827434627328
721164,220693978240070400
1245452,229683585577201920
2294028,220676386322592000
2687244,216190378881258240
3211532,220676386859454720
917772,509205825072476928
1442060,518195432409608448
2490636,509188233154998528
2883852,504702225713664768
3408140,509188233691861248
527884,72111676282966800
50700,216176286823944465
165388,220677687428067600
558604,216191679986733840
2131468,216174088069255440
23052,72113737867268355
39436,216226864358822145
535052,72111680577934080
51724,216193879009988865
543244,72113737867268865
166412,220695279614112000
2132492,216191680255299840
657932,76615138471392000
789004,216508201896579840
2624012,72111539112579840
53772,216193741571035395
152076,76582084403081475
283148,216475147828269315
2118156,72078485044269315
561676,216226726919869185
659980,76615069751915265
791052,216508133177103105
2626060,72111470393103105
57868,216176291118911745
107020,216174100686639360
172556,220677691723034880
565772,216191684281701120
2138636,216174092364222720
180748,220679749012369665
573964,216193741571035905
2146828,216176149653557505
410124,220961155269603585
672268,76582084403081985
1196556,85571691740213505
2245132,76564492485603585
803340,216475147828269825
2376204,216457555910791425
2638348,72078485044269825
3162636,76564493022466305
688652,220695142175159040
1212940,229684749512290560
2261516,220677550257680640
2654732,216191542816346880
3179020,220677550794543360
918028,220976548432392960
1442316,229966155769524480
2490892,220958956514914560
1704460,85587084903002880
2753036,76579885648392960
2884108,216472949073580800
3408396,220958957051777280
3670540,76579886185255680
23564,72111676266189075
39948,216226039708324113
138252,76614176381939985
269324,216507239807127825
531468,72180945498739473
2104332,72110577023127825
44044,216191409387016464
535564,72110855927436048
543756,72111676266189585
166924,220694454963613968
2133004,216190855604801808
592908,72110581050577680
396300,220975655062417680
1182732,85586191533027600
2231308,76578992278417680
2362380,216472055703605520
1575948,76614176650367760
3148812,76578992815280400
537612,72110581049529105
54284,216191679969956115
545804,72111538827236115
168972,220694180085707025
2135052,216190580726894865
660492,76614038942987025
791564,216507102368174865
2626572,72110439584174865
107532,216173276036141328
173068,220676867072536848
566284,216190859631203088
2139148,216173267713724688
205836,76561412709757200
336908,216454476134945040
599052,72075405268423440
2171916,72057813350945040
402444,220958067171340560
664588,76578996304818960
1188876,85568603641950480
2237452,76561404387340560
795660,216472059730006800
2368524,216454467812528400
2630668,72075396946006800
3154956,76561404924203280
181260,220677687411290385
574476,216191679969956625
2147340,216174088052478225
230412,220676592195678480
623628,216190584754344720
2196492,216172992836866320
427020,509188439028085008
820236,504702431586751248
2393100,504684839669272848
1606668,220694180354134800
918540,220975517623464720
1442828,229965124960596240
2491404,220957925705986320
1704972,85586054094074640
2753548,76578854839464720
2884620,216471918264652560
3408908,220957926242849040
3671052,76578855376327440
30732,72111680561156355
47116,216226044003291393
79884,72110589640511745
145420,76614180676907265
276492,216507244102095105
538636,72180949793706753
2111500,72110581318095105
153612,76615138454614275
284684,216508201879802115
546828,72181907571413763
2119692,72111539095802115
104460,216225769126433025
301068,504737615958839553
1087500,220729364726223105
399372,221010701995553025
661516,76684407687164673
1185804,85621238466162945
2234380,76614039211553025
792588,216577471112352513
2365452,216507102636740865
2627596,72180808328352513
3151884,76614039748415745
550924,72111680561156865
108556,216190868222185728
174092,220694459258581248
2140172,216190859899769088
206860,76579004895801600
337932,216472068320989440
2172940,72075405536989440
403468,220975659357384960
1189900,85586195827994880
2238476,76578996573384960
2369548,216472059998572800
1583116,76614180945335040
3155980,76578997110247680
182284,220695279597334785
2148364,216191680238522625
673804,76615138454614785
804876,216508201879802625
2639884,72111539095802625
231436,220694184381722880
2197516,216190585022910720
428044,509206031214129408
2394124,504702431855317248
722956,76614043239002880
854028,216507106664190720
2689036,72110443880190720
1443852,229982717146640640
2492428,220975517892030720
1837068,221010702263980800
3409932,220975518428893440
61452,216191684264923395
552972,72111543122203395
110604,216190593344278785
176140,220694184380674305
2142220,216190585021862145
602124,72110452201558785
667660,76614043237954305
798732,216507106663142145
2633740,72110443879142145
184332,220695142158381315
2150412,216191542799569155
610316,72111474403775235
413708,220976548415615235
1200140,85587084886225155
2248716,76579885631615235
2379788,216472949056803075
1593356,76615070003565315
3166220,76579886168477955
626700,216225631687480065
1216524,229701242169929985
2265100,220694042915320065
823308,504737478519886593
1609740,220729227287270145
3182604,220694043452182785
725004,76613974519526145
856076,216507037944713985
2691084,72110375160713985
1445900,229982648427163905
2494476,220975449172553985
1839116,221010633544504065
3411980,220975449709416705
122892,216174100669862145
188428,220677691706257665
581644,216191684264923905
2154508,216174092347445505
368652,504684852286656768
1155084,220676601054040320
434188,509188443323052288
827404,504702435881718528
2400268,504684843964240128
1613836,220694184649102080
466956,220957938323370240
729100,76578867456848640
1253388,85568474793980160
2301964,76561275539370240
860172,216471930882036480
2433036,216454338964558080
2695180,72075268098036480
3219468,76561276076232960
925708,220975521918432000
1449996,229965129255563520
2498572,220957930000953600
1712140,85586058389041920
2760716,76578859134432000
2891788,216471922559619840
3416076,220957930537816320
3678220,76578859671294720
704524,220695142158381825
1228812,229684749495513345
2277388,220677550240903425
2670604,216191542799569665
3194892,220677550777766145
933900,220976548415615745
1458188,229966155752747265
2506764,220958956498137345
1720332,85587084886225665
2768908,76579885631615745
2899980,216472949056803585
3424268,220958957035000065
3686412,76579886168478465
753676,220694046942769920
1277964,229683654279901440
2326540,220676455025291520
2719756,216190447583957760
3244044,220676455562154240
950284,509205893775176448
1474572,518195501112307968
2523148,509188301857698048
2916364,504702294416364288
3440652,509188302394560768
983052,220975453200003840
1507340,229965060537135360
2555916,220957861282525440
1769484,85585989670613760
2818060,76578790416003840
2949132,216471853841191680
3473420,220957861819388160
3735564,76578790952866560
65780,4522304263491600
131316,13529494926209040
65908,76579898301419520
131444,85587088964136960
2676,4559747786280960
4724,4559679066804225
8820,4524572004126720
524916,4559679066804480
1049204,13531694217891840
2097780,4524494963281920
10356,4557694758359040
67700,4557557321502720
133236,13564747984220160
20596,4559679033249795
69748,4557488602025985
135284,13564679264743425
139380,13529572202065920
82036,4524503253192705
147572,13531693915910145
589940,4557488602026240
1114228,13529503753113600
2162804,4522304498503680
655476,13564679264743680
2228340,13529495161221120
3145844,13529495698083840
948,72060897120555024
65972,72058706555113488
1716,3371667886128
8884,3380257820688
131764,4506902575788048
2097844,3303216975888
3252,18902202519600
17588,3371600777265
33972,72058904054403120
132276,4504772204900400
2098356,1172846088240
10420,18910792454160
67764,18773355597840
20660,20895067344915
69812,18704636121105
24756,3380190711825
41140,72058912644337680
73908,1198349422608
139444,4504780794834960
2105524,1181436022800
147636,4506902508679185
2113716,3303149867025
98484,72058775207481360
327860,72340181464715280
590004,18704636121360
1114292,4504712345882640
1179828,13511903008600080
2228404,4504703753990160
3145908,4504704290852880
9012,72060974295748608
33588,216176153781669888
131892,76564496613715968
262964,216457560038903808
2097972,72060897254903808
9524,72058912644337680
34100,216174092130258960
66868,72058775207481360
10548,72076504830382080
35124,216191684316303360
67892,72076367393525760
20788,72078489105272835
69940,72076298674049025
24884,72060974228639745
74036,72058792387350528
139572,76562374832762880
270644,216455438257950720
2105652,72058775473950720
49460,216176153714561025
147764,76564496546607105
278836,216457559971794945
2113844,72060897187794945
164148,220677554318684160
2130228,216173954959872000
590132,72076298674049280
1114420,76562306383810560
393524,220958960575918080
1179956,85569497046528000
2228532,76562297791918080
2359604,216455361217105920
3146036,76562298328780800
3636,21101225775120
34356,72061103077658640
132660,4506971228155920
2098740,3371869343760
6708,56148158910465
35380,72078695263703040
133684,4524563414200320
526900,56148158910720
2099764,20964055388160
12852,20972376756225
21044,25293113856003
135732,4524494694723585
528948,56079439433985
2101812,20895335911425
25140,7778237222913
270900,72342449205350400
533044,20972376756480
1057332,4506980086517760
148020,4511300555190273
2114100,7701196378113
164404,76564565266083840
295476,216457628691271680
2130484,72060965907271680
393780,76845971523317760
655924,4524494694723840
2359860,72342372164505600
2622004,20895335911680
68660,18910760996880
25652,3517596110865
74804,1335754821648
140340,4504918200234000
2106420,1318841421840
82996,3380159254545
99380,72058912612880400
197684,4504780763377680
2163764,1181404565520
14388,54095130988545
22580,56148125356035
71732,53957694132225
26676,21109782155265
75828,18927940866048
141364,4522510386278400
534580,54095130988800
2107444,18911027466240
84020,20972345298945
100404,72076504798924800
198708,4522372949422080
591924,53957694132480
2164788,18773590609920
28724,20972343201795
151604,4524494661169155
544820,56079405879555
2117684,20895302356995
200756,4522304229945345
593972,53888974655745
2166836,18704871133185
57396,72061111634038785
90164,3397339123713
155700,4506979784536065
2121780,3380425723905
106548,72058929792749568
172084,76562512238161920
303156,216455575663349760
2138164,72058912879349760
204852,4504797943246848
2170932,1198584434688
1187892,13511980284456960
2236468,4504781029847040
3153972,4504781566709760
114740,72060974197182465
344116,72342380454416385
606260,20903625822465
1130548,4506911335583745
1196084,13514101998301185
2244660,4506902743691265
3162164,4506903280553985
229428,76562374801305600
360500,216455438226493440
2195508,72058775442493440
458804,76843781058539520
720948,4522304229945600
2424884,72340181699727360
2687028,18704871133440
131540,85585989518569488
131796,13529494992269328
5332,4556449250349105
34004,76578996355141680
66772,4521273469243440
525524,4556449250349360
1049812,13528464401436720
2098388,4521265146826800
35028,76614180727230480
67796,4556457841332240
1050836,13563648773525520
2099412,4556449518915600
12500,4556457840283665
20692,4557480042500115
69844,4556389121855505
1052884,13563580054048785
2101460,4556380799438865
41172,76579004945076240
532692,4556457840283920
1056980,13528472991371280
2105556,4521273736761360
147668,13529494925160465
164052,85586058170937360
590036,4556389121855760
1114324,13528404272943120
2162900,4521205018333200
393428,85867464428171280
1179860,31542794191450128
1573076,13563580054049040
2621652,4556380799439120
131924,85587089030197248
3412,76614180727230480
9556,76579004945076240
34132,220694184430997520
132436,85586058170937360
67924,76614051879260160
264532,221010706340843520
1050964,85621242811453440
2099540,76614043556843520
12628,76614051878211585
20820,76615074080428035
37204,220729231364132865
69972,76613983159783425
266580,221010637621366785
1053012,85621174091976705
2101588,76613974837366785
270676,220975530558689280
532820,76614051878211840
1057108,85586067029299200
2105684,76578867774689280
147796,85587088963088385
98644,220694055583027200
557396,220729231364133120
1081684,229701246515220480
2130260,220694047260610560
328020,220975461840261120
590164,76613983159783680
1114452,85585998310871040
2163028,76578799056261120
1179988,103600388229378048
786772,221010637621367040
1311060,229982652772454400
2359636,220975453517844480
1573204,85621174091976960
2621780,76613974837367040
3668,4557686200930320
9812,4522510418776080
132692,13529563644637200
19028,4559747785232385
35412,76615280238858240
68180,4557557352960000
1051220,13564748285153280
2099796,4557549030543360
12884,4557557351911425
70228,4557488633483265
1053268,13564679565676545
2101844,4557480311066625
25172,4524572003078145
41556,76580104456704000
533076,4557557351911680
1057364,13529572502999040
2105940,4522373248389120
82516,4524503284649985
541268,4559679065755905
1065556,13531694216843265
2114132,4524494962233345
164436,85587157682565120
590420,4557488633483520
1114708,13529503784570880
2163284,4522304529960960
393812,85868563939799040
1180244,31543893703077888
1573460,13564679565676800
2622036,4557480311066880
11348,4556870123589648
68692,4556595246731280
1051732,13563786178924560
2100308,4556586924314640
13396,4556595245682705
136276,13563648471543825
533588,4556595245682960
1057876,13528610396770320
2106452,4521411142160400
164948,85586195576336400
197716,13528472690438160
656468,13563648471544080
2229332,13528464368021520
3146836,13528464904884240
14420,4626963989860353
137300,13634017215721473
26708,4557694757310465
43092,76614464161517568
75860,4556612426600448
272468,76895664260321280
534612,4626963989860608
149588,13564747983171585
100436,76614189284659200
297044,221010843746242560
1083476,85621380216852480
2132052,76614180962242560
1116244,13563657330954240
2164820,4556458076344320
395348,85902717486182400
657492,13634017215721728
1181780,31578047249461248
28756,4557557318356995
45140,76614189283610625
1060948,13563657329905665
2109524,4556458075295745
86100,4557488599928835
1069140,13564679532122115
2117716,4557480277512195
168020,85621242509471745
1118292,13563588611477505
2166868,4556389356867585
397396,85902648766705665
659540,13633948496244993
1183828,31577978529984513
155732,13529572201017345
303188,220975667964088320
565332,76614189283610880
1089620,85586204434698240
2138196,76579005180088320
204884,13528489870307328
401492,85867541704028160
1187924,31542871467307008
1581140,13563657329905920
2629716,4556458075296000
213076,13529503482589185
671828,13564679263695105
2244692,13529495160172545
3162196,13529495697035265
229460,85586066728366080
426068,229982721189949440
688212,85621242509472000
2261076,85586058405949440
3178580,85586058942812160
458836,85867472985600000
1245268,31542802748878848
1638484,13563588611477760
2687060,4556389356867840
917588,85902648766705920
2490452,85867464663183360
1704020,31577978529984768
3407956,85867465200046080
1940,72058766815727664
9108,72058775405662224
17300,72060897119506449
33684,216173954891583504
66452,72058706687234064
131988,76562297723629584
263060,216455361148817424
2098068,72058698364817424
3476,72075396794880048
66964,72057675760865328
132500,76561266797260848
263572,216454330222448688
2098580,72057667438448688
10644,72075405384814608
35220,216190584870735888
139668,76561275387195408
270740,216454338812383248
2105748,72057676028383248
98708,216172863836721168
164244,220676454873116688
2130324,216172855514304528
197012,76561206668767248
328084,216454270093955088
2163092,72057607309955088
393620,220957861130350608
1180052,85568397600960528
2228628,76561198346350608
2359700,216454261771538448
3146132,76561198883213328
3732,18902268579888
18068,3371666837553
34452,72058904120463408
67220,1181234565168
132756,4504772270960688
2098836,1172912148528
10900,18910858514448
21140,20895133405203
25236,3380256772113
41620,72058912710397968
139924,4504780860895248
2106004,1181502083088
82580,3311538343953
148116,4506902574739473
2114196,3303215927313
197268,4504712142467088
2163348,1112783654928
1180308,13511903074660368
2228884,4504703820050448
3146388,4504704356913168
19604,18902201471025
35988,72075671605678128
265364,72356871704481840
1051796,4521402585649200
21652,18764762517555
38036,72075396727771185
70804,17673841872945
136340,4521264878268465
529556,52849622978865
2102420,17665519456305
50324,72058904053354545
83092,1181167456305
148628,4504772203851825
2114708,1172845039665
558228,72075396727771440
1082516,76561404437532720
328852,72339150670467120
590996,17673841873200
1115284,4503681551634480
394388,76842741706862640
656532,4521264878268720
2360468,72339142348050480
2622612,17665519456560
22676,53949134606355
39060,72110581099859985
71828,52858213961745
137364,4556449250357265
2103444,52849891545105
26772,18910791405585
43156,72075680195612688
75924,17828460695568
272532,72356880294416400
1058964,4521411175583760
100500,72075405318754320
166036,76578996355149840
297108,216472059780337680
559252,72110581099860240
2132116,72075396996337680
198804,4521273469251600
592020,52858213962000
2164884,17674110439440
657556,4556449250357520
1181844,13528464401444880
2230420,4521265146834960
2623636,52849891545360
3147924,4521265683697680
28820,18773352452115
45204,72075405317705745
143508,4521273468203025
536724,52858212913425
2109588,17674109390865
86164,18704634023955
151700,4522295670419475
544916,53880415129875
2117780,18696311607315
200852,4521204749774865
594068,52789494485265
2166932,17605390962705
659604,4556380530880785
1183892,13528395681968145
2232468,4521196427358225
2625684,52781172068625
3149972,4521196964220945
57492,72058912643289105
155796,4504780793786385
2121876,1181434974225
106644,72057830312579088
565396,72075405317706000
1089684,76561413027467280
204948,4503698463076368
2171028,99104264208
401556,76842750296797200
663700,4521273468203280
2367636,72339150937985040
2629780,17674109391120
213140,4504712075358225
2179220,1112716546065
1196180,13511903007551505
2244756,4504703752941585
3162260,4504704289804305
229524,76561275321135120
360596,216454338746322960
2195604,72057675962322960
426132,220957929782718480
1212564,85568466253328400
2261140,76561266998718480
2392212,216454330423906320
3178644,76561267535581200
458900,76842681578369040
721044,4521204749775120
2424980,72339082219556880
2687124,17605390962960
1441940,85849872510562320
2490516,76842673255952400
1704084,13528395681968400
2752660,4521196427358480
3408020,76842673792815120
3670164,4521196964221200
10004,72058912710397968
34580,216174092196319248
11028,72076504896442368
35604,216191684382363648
21268,72078489171333123
25364,72060974294700033
140052,76562374898823168
271124,216455438324011008
2106132,72058775540011008
49940,216176153780621313
82708,72060905576271873
148244,76564496612667393
279316,216457560037855233
2114324,72060897253855233
99092,216173963348348928
164628,220677554384744448
2130708,216173955025932288
197396,76562306180395008
328468,216455369605582848
2163476,72058706821582848
394004,220958960641978368
1180436,85569497112588288
2229012,76562297857978368
2360084,216455361283166208
3146516,76562298394841088
7444,72110581099859985
11540,72075680195612688
36116,216190859681533968
68884,72075405318754320
134420,76578996355149840
265492,216472059780337680
527636,72110581099860240
2100500,72075396996337680
13588,72075405317705745
38164,216190584803627025
25876,72058912643289105
75028,72057830312579088
533780,72075405317706000
1058068,76561413027467280
50452,216174092129210385
296212,504684843746005008
558356,216190584803627280
1082644,220676592513388560
197908,76561275321135120
328980,216454338746322960
2163988,72057675962322960
394516,220957929782718480
1180948,85568466253328400
2229524,76561266998718480
2360596,216454330423906320
3147028,76561267535581200
22804,72111543172534275
71956,72110452251889665
137492,76614043288285185
268564,216507106713473025
2103572,72110443929473025
26900,72076504829333505
76052,72075422498623488
1059092,76579005213511680
51476,216191684315254785
297236,504702435932049408
1083668,220694184699432960
198932,76578867507179520
330004,216471930932367360
592148,72110452251889920
2165012,72075268148367360
395540,220975521968762880
657684,76614043288285440
1181972,85586058439372800
2230548,76578859184762880
788756,216507106713473280
2361620,216471922609950720
2623764,72110443929473280
3148052,76578859721625600
28948,72076367390380035
143636,76578867506130945
274708,216471930931318785
536852,72110452250841345
2109716,72075268147318785
53524,216191546876301315
86292,72076298671951875
151828,76579889708347395
282900,216472953133535235
545044,72111474453057795
2117908,72076290349535235
102676,216190455955656705
168212,220694046992052225
561428,216225631736762625
2134292,216190447633240065
200980,76578798787702785
332052,216471862212890625
594196,72110383532413185
2167060,72075199428890625
397588,220975453249286145
659732,76613974568808705
1184020,85585989719896065
2232596,76578790465286145
790804,216507037993996545
2363668,216471853890473985
2625812,72110375209996545
3150100,76578791002148865
155924,76562374831714305
286996,216455438256902145
2122004,72058775472902145
205076,76561292501004288
336148,216454355926192128
2171156,72057693142192128
663828,76578867506131200
794900,216471930931319040
1319188,220957938641080320
2629908,72075268147319040
114964,216173963281240065
180500,220677554317635585
2146580,216173954958823425
213268,76562306113286145
344340,216455369538473985
2179348,72058706754473985
409876,220958960574869505
1196308,85569497045479425
2244884,76562297790869505
2375956,216455361216057345
3162388,76562298327732225
360724,504684714898034688
622868,216190455955656960
1147156,220676463665418240
426260,509188305934430208
688404,220694046992052480
2392340,504684706575618048
2654484,216190447633240320
721172,76578798787703040
852244,216471862212890880
1376532,220957869922652160
2687252,72075199428890880
917780,220975453249286400
1704212,85585989719896320
2752788,76578790465286400
2883860,216471853890474240
3670292,76578791002149120
7700,54086573559825
11796,19185669312528
19988,21101224726545
69140,18910792454160
134676,4522501828849680
527892,54086573560080
2100756,18902470037520
13844,18910791405585
22036,20963785773075
42516,72059187521196048
75284,1335786278928
271892,72340387619999760
534036,18910791405840
1058324,4504918501167120
50708,72061103076610065
83476,3380190711825
149012,4506971227107345
2115092,3371868295185
99860,72058912644337680
165396,76562503680733200
296468,216455567105921040
2131476,72058904321921040
198164,4504780794834960
2164244,1181436022800
1181204,13511971727028240
2229780,4504772472418320
3147284,4504773009281040
39444,72111680611487745
72212,53957725589505
137748,4557548761985025
2103828,53949403172865
43540,72076779707240448
76308,18927972323328
272916,72357979806044160
1059348,4522510687211520
51732,72078695262654465
84500,20972376756225
150036,4524563413151745
543252,56148157862145
2116116,20964054339585
100884,72076504830382080
166420,76580095866777600
297492,216473159291965440
559636,72111680611488000
2132500,72076496507965440
199188,4522372980879360
592404,53957725589760
2165268,18773622067200
657940,4557548761985280
1182228,13529563913072640
2230804,4522364658462720
2624020,53949403173120
3148308,4522365195325440
45588,72076504829333505
143892,4522372979830785
537108,53957724541185
2109972,18773621018625
53780,72078557823700995
283156,72359964080934915
1069588,4524494962102275
201236,4522304261402625
594452,53889006113025
2167316,18704902590465
659988,4557480042508545
1184276,13529495193595905
2232852,4522295938985985
2626068,53880683696385
3150356,4522296475848705
90644,3397370580993
287252,72342449204301825
549396,20972375707905
1073684,4506980085469185
107028,72058929824206848
565780,72076504829333760
1090068,76562512539095040
205332,4504797974704128
2171412,1198615891968
401940,76843849808424960
664084,4522372979831040
2368020,72340250449612800
2630164,18773621018880
115220,72060974228639745
180756,76564565265035265
311828,216457628690223105
2146836,72060965906223105
344596,72342380485873665
606740,20903657279745
1131028,4506911367041025
410132,76845971522269185
672276,4524494693675265
2376212,72342372163457025
2638356,20895334863105
229908,76562374832762880
360980,216455438257950720
2195988,72058775473950720
426516,220959029294346240
1212948,85569565764956160
2261524,76562366510346240
2392596,216455429935534080
3179028,76562367047208960
459284,76843781089996800
721428,4522304261402880
2425364,72340181731184640
2687508,18704902590720
1442324,85850972022190080
2490900,76843772767580160
1704468,13529495193596160
2753044,4522295938986240
3408404,76843773304442880
3670548,4522296475848960
15380,53270496219153
23572,54086540005395
72724,52995619360785
138260,4556586655756305
2104340,52987296944145
44052,72076229917872144
142356,4521685751509008
535572,53270496219408
2108436,18086392696848
199700,4521410874650640
592916,52995619361040
2165780,17811515838480
658452,4556586655756560
1182740,13528601806843920
2231316,4521402552234000
2624532,52987296944400
3148820,4521403089096720
29716,18910757851155
144404,4521410873602065
537620,52995618312465
2110484,17811514789905
156692,4504918199185425
2122772,1318840373265
173076,76561687603392528
304148,216454751028580368
2139156,72058088244580368
205844,4503835868475408
2171924,236509663248
402452,76842887702196240
664596,4521410873602320
2368532,72339288343384080
2630676,17811514790160
230420,76561412726534160
361492,216454476151722000
2196500,72057813367722000
427028,220958067188117520
1213460,85568603658727440
2262036,76561404404117520
2393108,216454467829305360
3179540,76561404940980240
1246228,13510880772829200
2294804,4503681518219280
3212308,4503682055082000
47124,72110864534147073
79892,53012799229953
276500,72392064632950785
538644,123364362490113
1062932,4556595514118145
55316,72111680577933315
88084,53957692035075
153620,4557548728430595
2119700,53949369618435
104468,72110589657288705
170004,76614180693684225
301076,216507244118872065
2136084,72110581334872065
202772,4556457807785985
2168852,52858448973825
1185812,13563648739979265
2234388,4556449485369345
3151892,4556450022232065
157716,4522510385229825
550932,54095129940225
2123796,18911026417665
174100,76579279789436928
305172,216472343214624768
567316,72110864534147328
2140180,72075680430624768
206868,4521428054519808
600084,53012799230208
2172948,17828695707648
403476,76860479888240640
796692,72392064632951040
2369556,72356880529428480
1583124,4556595514118400
231444,76579004912578560
362516,216472068337766400
624660,72110589657288960
2197524,72075405553766400
428052,220975659374161920
690196,76614180693684480
1214484,85586195844771840
2263060,76578996590161920
821268,216507244118872320
2394132,216472060015349760
2656276,72110581334872320
3180564,76578997127024640
722964,4556457807786240
1247252,13528472958873600
2295828,4521273704263680
2689044,52858448974080
3213332,4521274241126400
1706004,13563648739979520
2754580,4556449485369600
3672084,4556450022232320
61460,72076504795779075
159764,4522372946276355
552980,53957690986755
2125844,18773587464195
176148,76579004911529985
307220,216472068336717825
569364,72110589656240385
2142228,72075405552717825
667668,4556457806737665
1191956,13528472957825025
2240532,4521273703215105
2633748,52858447925505
3158036,4521274240077825
217108,4522304227848195
610324,53888972558595
2183188,18704869036035
675860,4557480008954115
1200148,13529495160041475
2248724,4522295905431555
2641940,53880650141955
3166228,4522296442294275
725012,4556389088309505
1249300,13528404239396865
2297876,4521204984786945
2691092,52789729497345
3215380,4521205521649665
1708052,13563580020502785
2756628,4556380765892865
3674132,4556381302755585
188436,76562512237113345
319508,216455575662301185
2154516,72058912878301185
1204244,13511980283408385
2252820,4504781028798465
3170324,4504781565661185
237588,76561429906403328
368660,216454493331591168
2203668,72057830547591168
696340,76579004911530240
827412,216472068336718080
1351700,220958076046479360
2662420,72075405552718080
1253396,13510897952698368
2301972,4503698698088448
3219476,4503699234951168
1450004,85849949786419200
2498580,76842750531809280
1712148,13528472957825280
2760724,4521273703215360
3416084,76842751068672000
3678228,4521274240078080
1261588,13511911564980225
2310164,4504712310370305
3227668,4504712847233025
491540,220957938340147200
1277972,85568474810757120
2326548,76561275556147200
2457620,216454338981335040
3244052,76561276093009920
1474580,229965129272340480
2523156,220957930017730560
3440660,220957930554593280
1507348,85849881067991040
2555924,76842681813381120
1769492,13528404239397120
2818068,4521204984787200
3473428,76842682350243840
3735572,4521205521649920
131556,85587084669169680
1764,4524559119224880
2788,4559743491313680
4836,4559674771836945
66276,4524494696812560
525028,4559674771837200
1049316,13531689922924560
2097892,4524490668314640
3300,4557681873457200
132324,13529559317164080
133348,13564743689252880
20708,4559674738282515
135396,13564674969776145
147684,13531689620942865
196836,13529494894751760
655588,13564674969776400
2228452,13529490866253840
3145956,13529491403116560
2916,76617337529241600
4964,76617268809764865
33636,220697341233008640
66404,76582088734740480
263012,220978747490242560
525156,76617268809765120
1049444,85589283960852480
2098020,76582084706242560
35172,220730463987240960
133476,85622337727180800
20836,76617268776210435
135524,85622269007704065
147812,85589283658870785
164196,229702341430947840
196964,85587088932679680
393572,229983747688181760
655716,85622269007704320
2228580,85587084904181760
3146084,85587085441044480
3684,4559880896712720
132708,13531758340419600
10852,4559885191680000
35428,76617474934640640
68196,4559747754823680
1051236,13566942980935680
2099812,4559743726325760
21092,4564072784793603
70244,4559679035346945
1053284,13566874261458945
2101860,4559675006849025
74340,4524571972669440
139876,13531762635386880
148068,13536087667453953
164452,85589352378347520
590436,4559679035347200
1114724,13531694186434560
2163300,4524494931824640
393828,85870758635581440
1180260,31546088398860288
1573476,13566874261459200
2622052,4559675006849280
19556,4559880879935505
68708,4557686153744400
1051748,13564881379856400
2100324,4557682125246480
21604,4559743440982035
136292,13564743672475665
74852,4522510371590160
140388,13529701034307600
148580,13531758323642385
164964,85587290777268240
197732,13529563597451280
656484,13564743672475920
2229348,13529559568953360
3146852,13529560105816080
22628,4630112185159683
137316,13635112416653313
26724,4559885174902785
1058916,13564885674823680
2107492,4557686420213760
51300,76617474917863425
84068,4559747738046465
1067108,13566942964158465
2115684,4559743709548545
100452,76615280191672320
297060,221011938947174400
1083492,85622475417784320
2132068,76615276163174400
1116260,13564748237967360
2164836,4557548983357440
395364,85903812687114240
657508,13635112416653568
1181796,31579142450393088
28772,4559747735949315
77924,4557557304725505
143460,13564747967442945
53348,76617337478909955
282724,76898743736143875
544868,4630043465683203
168036,85622337710403585
1118308,13564679518490625
2166884,4557480263880705
397412,85903743967637505
659556,13635043697176833
1183844,31579073730916353
90212,4524571955892225
155748,13531762618609665
106596,76580104409518080
172132,85587295072235520
598116,4557557304725760
1122404,13529572455813120
2170980,4522373201203200
663652,13564747967443200
2236516,13529563863920640
3154020,13529564400783360
180324,85589352361570305
606308,4559679018569985
1130596,13531694169657345
2179172,4524494915047425
409700,85870758618804225
1196132,31546088382083073
1589348,13566874244681985
2637924,4559674990072065
229476,85587157635379200
426084,229983816390881280
688228,85622337710403840
2261092,85587153606881280
3178596,85587154143744000
458852,85868563892613120
1245284,31543893655891968
1638500,13564679518490880
2687076,4557480263880960
917604,85903743967637760
2490468,85868559864115200
1704036,31579073730916608
3407972,85868560400977920
1956,72060961410846768
33700,216176149486702608
66468,72060896988434448
132004,76564492318748688
263076,216457555743936528
2098084,72060892959936528
3492,72076491945480240
9636,72058904054403120
17828,72060961343737905
66980,72058766617546800
132516,76562361947861040
263588,216455425373048880
2098596,72058762589048880
35236,216191680021336080
20900,72078484810305555
41380,216174092130258960
74148,72058775207481360
49572,216176149419593745
82340,72060896921325585
147876,76564492251639825
278948,216457555676827665
2113956,72060892892827665
98724,216173954693402640
164260,220677550023716880
2130340,216173950664904720
197028,76562297525448720
328100,216455360950636560
2163108,72058698166636560
393636,220958956280950800
1180068,85569492751560720
2228644,76562293496950800
2359716,216455356922138640
3146148,76562294033813520
5796,20959491854385
18084,7765352321073
263844,72342436320448560
525988,20959491854640
1050276,4506967201615920
6820,56143863943185
10916,21101225775120
35492,72078690968735760
68260,20963788918800
133796,4524559119233040
527012,56143863943440
2099876,20959760420880
21156,25288818888723
70308,20895069442065
135844,4524490399756305
529060,56075144466705
2101924,20891040944145
41636,72061103077658640
139940,4506971228155920
2106020,3371869343760
82596,7700929908753
148132,4511296260222993
2114212,7696901410833
98980,72060965640802320
164516,76564560971116560
295588,216457624396304400
2130596,72060961612304400
328356,72342371898036240
590500,20895069442320
1114788,4506902779203600
393892,76845967228350480
656036,4524490399756560
2359972,72342367869538320
2622116,20891040944400
7332,54082246086705
19620,21096897253425
68772,18902171062320
134308,4522497501376560
527524,54082246086960
2100388,18898142564400
21668,20959458299955
25764,3509006176305
140452,4504909610299440
2106532,1310251487280
50340,72061098749136945
83108,3371569319985
148644,4506966899634225
2114724,3367540822065
99492,72058904022945840
165028,76562499353260080
296100,216455562778447920
2131108,72058899994447920
197796,4504772173443120
2163876,1172814630960
1180836,13511967399555120
2229412,4504768144945200
3146916,4504768681807920
22692,56143830388755
75940,18910760996880
86180,20895035887635
151716,4524490366201875
544932,56075110912275
2117796,20891007389715
90276,3380159254545
106660,72058912612880400
204964,4504780763377680
2171044,1181404565520
213156,4506902477221905
2179236,3303118409745
1196196,13514097703333905
2244772,4506898448723985
3162276,4506898985586705
1245348,13511902977142800
2293924,4504703722532880
3211428,4504704259395600
3876,72078690968735760
10020,72061103077658640
67364,72060965640802320
132900,76564560971116560
263972,216457624396304400
2098980,72060961612304400
6948,72113737901871105
11044,72078695263703040
68388,72078557826846720
133924,76582153157160960
264996,216475216582348800
527140,72113737901871360
2100004,72078553798348800
21284,72082882856816643
37668,216193741605638145
70436,72078489107369985
135972,76582084437684225
267044,216475147862872065
529188,72113669182394625
2102052,72078485078872065
140068,76564565266083840
271140,216457628691271680
2106148,72060965907271680
49956,216180547466104833
82724,72065294967836673
148260,76568890298150913
279332,216461953723338753
2114340,72065290939338753
295716,504688000548016128
557860,216193741605638400
1082148,220679749315399680
590628,72078489107370240
1114916,76564496817131520
656164,76582084437684480
787236,216475147862872320
1311524,220961155572633600
2622244,72078485078872320
75044,72058912612880400
50468,216176286824992785
99620,216174092098801680
165156,220677687429115920
2131236,216174088070303760
22820,72113737868316675
39204,216226864359870465
76068,72076504798924800
51492,216193879011037185
100644,216191684284846080
166180,220695279615160320
559396,216226864359870720
2132260,216191680256348160
53540,216193741572083715
86308,72078489073815555
151844,76582084404129795
282916,216475147829317635
545060,72113669148840195
2117924,72078485045317635
57636,216176291119960065
90404,72060974197182465
172324,220677691724083200
2138404,216174092365271040
205092,76562374801305600
336164,216455438226493440
2171172,72058775442493440
114980,216176153683103745
180516,220679749013417985
2146596,216176149654605825
213284,76564496515149825
344356,216457559940337665
2179364,72060897156337665
409892,220961155270651905
1196324,85571691741261825
2244900,76564492486651905
2375972,216457555911839745
3162404,76564493023514625
229668,220677554287226880
2195748,216173954928414720
1212708,229684749513338880
2261284,220677550258728960
3178788,220677550795591680
459044,220958960544460800
1245476,85569497015070720
2294052,76562297760460800
2425124,216455361185648640
3211556,76562298297323520
1442084,229966155770572800
2490660,220958956515962880
3408164,220958957052825600
7716,56281269342225
69156,21101194317840
134692,4524696524632080
527908,56281269342480
2100772,21097165819920
140836,4507108633554960
2106916,3509274742800
99876,72061103046201360
165412,76564698376515600
296484,216457761801703440
2131492,72061099017703440
198180,4506971196698640
2164260,3371837886480
1181220,13514166422810640
2229796,4506967168200720
3147300,4506967705063440
14884,56285564309505
23076,60541876899843
39460,72113875307270145
72228,56148127453185
137764,4559743457767425
2103844,56144098955265
141860,4524700819599360
535076,56285564309760
2107940,21101460787200
100900,72078695232245760
166436,76582290562560000
297508,216475353987747840
559652,72113875307270400
2132516,72078691203747840
199204,4524563382743040
592420,56148127453440
2165284,20964023930880
657956,4559743457767680
1182244,13531758608855040
2230820,4524559354245120
2624036,56144098955520
3148324,4524559891107840
78372,20972345298945
86564,25293082398723
152100,4528888412712963
545316,60473157423363
2118180,25289053900803
201252,4524494663266305
594468,56079407976705
2167332,20895304454145
660004,4559674738290945
1184292,13531689889378305
2232868,4524490634768385
2626084,56075379478785
3150372,4524491171631105
90660,7778205765633
172580,76564702671482880
303652,216457766096670720
2138660,72061103312670720
336420,72342449173893120
598564,20972345299200
1122852,4506980055060480
1188388,13514170717777920
2236964,4506971463168000
3154468,4506972000030720
213540,4511300523732993
2179620,7701164920833
1196580,13518495749844993
2245156,4511296495235073
3162660,4511297032097793
229924,76564565234626560
360996,216457628659814400
2196004,72060965875814400
426532,220961223990128640
1212964,85571760460738560
2261540,76564561206128640
2392612,216457624631316480
3179044,76564561742991360
459300,76845971491860480
721444,4524494663266560
2425380,72342372133048320
2687524,20895304454400
1442340,85853166717972480
2490916,76845967463362560
1704484,13531689889378560
2753060,4524490634768640
3408420,76845968000225280
3670564,4524491171631360
72740,54086526373905
138276,4557681856688145
2104356,54082497875985
76836,19185622126608
85028,21101177540625
150564,4524696507854865
543780,56281252565265
2116644,21097149042705
199716,4522501781663760
592932,54086526374160
2165796,18902422851600
658468,4557681856688400
1182756,13529697007775760
2231332,4522497753165840
2624548,54082497876240
3148836,4522498290028560
29732,21101175443475
78884,18910744219665
54308,72078690918404115
87076,20963738587155
152612,4524559068901395
545828,56143813611795
2118692,20959710089235
156708,4507108616777745
2122788,3509257965585
107556,72059187474010128
336932,72340387572813840
599076,18910744219920
1123364,4504918453981200
1188900,13512109116698640
2237476,4504909862088720
3154980,4504910398951440
115748,72061103029424145
181284,76564698359738385
312356,216457761784926225
2147364,72061099000926225
214052,4506971179921425
2180132,3371821109265
1197092,13514166406033425
2245668,4506967151423505
3163172,4506967688286225
230436,76562503633547280
361508,216455567058735120
2196516,72058904274735120
427044,220959162389049360
1213476,85569698859659280
2262052,76562499605049360
2393124,216455563030237200
3179556,76562500141912080
1246244,13511971679842320
2294820,4504772425232400
3212324,4504772962095120
145444,4557686151655425
2111524,54086792843265
284708,72395212828250115
546852,126512557789443
1071140,4559743709417475
104484,72111680564301825
170020,76615275894616065
301092,216508339319803905
2136100,72111676535803905
202788,4557548714799105
2168868,53949355986945
1185828,13564743940911105
2234404,4557544686301185
3151908,4557545223163905
157732,4524700802822145
550948,56285547532545
2123812,21101444009985
108580,72076779660054528
337956,72357979758858240
1124388,4522510640025600
665636,4557686151655680
1189924,13529701302743040
2238500,4522502048133120
2631716,54086792843520
3156004,4522502584995840
116772,72078695215468545
182308,76582290545782785
313380,216475353970970625
575524,72113875290493185
2148388,72078691186970625
215076,4524563365965825
608292,56148110676225
2181156,20964007153665
673828,4559743440990465
1198116,13531758592077825
2246692,4524559337467905
2639908,56144082178305
3164196,4524559874330625
231460,76580095819591680
362532,216473159244779520
624676,72111680564302080
2197540,72076496460779520
428068,220976754575093760
690212,76615275894616320
1214500,85587291045703680
2263076,76580091791093760
821284,216508339319804160
2394148,216473155216281600
2656292,72111676535804160
3180580,76580092327956480
722980,4557548714799360
1247268,13529563865886720
2295844,4522364611276800
2689060,53949355987200
3213348,4522365148139520
1706020,13564743940911360
2754596,4557544686301440
3672100,4557545223164160
61476,72078695213371395
159780,4524563363868675
552996,56148108579075
2125860,20964005056515
110628,72076504782147585
208932,4522372932644865
602148,53957677355265
2175012,18773573832705
118820,72078557776515075
184356,76582153106829315
315428,216475216532017155
577572,72113737851539715
2150436,72078553748017155
348196,72359964033748995
1134628,4524494914916355
413732,76863559364063235
806948,72395144108773635
2379812,72359960005251075
1593380,4559674989940995
725028,4557479995322625
1249316,13529495146409985
2297892,4522295891800065
2691108,53880636510465
3215396,4522296428662785
1708068,13564675221434625
2756644,4557475966824705
3674148,4557476503687425
188452,76564702654705665
319524,216457766079893505
2154532,72061103295893505
352292,72342449157115905
614436,20972328521985
1138724,4506980038283265
1204260,13514170701000705
2252836,4506971446390785
3170340,4506971983253505
630820,72076504782147840
1155108,76562512491909120
434212,220959166684016640
1220644,85569703154626560
2269220,76562503900016640
2400292,216455567325204480
3186724,76562504436879360
466980,76843849761239040
729124,4522372932645120
2433060,72340250402426880
2695204,18773573832960
245796,76564565217849345
376868,216457628643037185
2211876,72060965859037185
442404,220961223973351425
1228836,85571760443961345
2277412,76564561189351425
2408484,216457624614539265
3194916,76564561726214145
475172,76845971475083265
737316,4524494646489345
2441252,72342372116271105
2703396,20895287677185
1458212,85853166701195265
2506788,76845967446585345
1720356,13531689872601345
2768932,4524490617991425
3424292,76845967983448065
3686436,4524491154854145
491556,220959029247160320
1277988,85569565717770240
2326564,76562366463160320
2457636,216455429888348160
3244068,76562367000023040
1474596,229966224473272320
2523172,220959025218662400
3440676,220959025755525120
1507364,85850971975004160
2555940,76843772720394240
1769508,13529495146410240
2818084,4522295891800320
3473444,76843773257256960
3735588,4522296428663040
132036,85587084735229968
5572,76614038993309745
9668,76578996355141680
263620,220975517673787440
525764,76614038993310000
1050052,85586054144397360
2098628,76578854889787440
10692,76614180727230480
264644,221010702045876240
1051076,85621238516486160
2099652,76614039261876240
20932,76615069785460755
37316,220729227069165585
266692,221010633326399505
1053124,85621169797009425
2101700,76613970542399505
41412,220694184430997520
139716,85586058170937360
147908,85587084668121105
557508,220729227069165840
1081796,229701242220253200
2130372,220694042965643280
197060,85585989452509200
1180100,103600383934410768
786884,221010633326399760
1311172,229982648477487120
2359748,220975449222877200
1573316,85621169797009680
2621892,76613970542399760
5828,4557544467009585
9924,4522501828841520
18116,4524559118176305
34500,76580091571802160
526020,4557544467009840
1050308,13529559618097200
2098884,4522360363487280
10948,4557686200930320
19140,4559743490265105
35524,76615275943890960
1051332,13564743990186000
2099908,4557544735576080
1053380,13564675270709265
2101956,4557476016099345
139972,13529563644637200
541380,4559674770788625
1065668,13531689921875985
2114244,4524490667266065
164548,85587153387597840
197316,13529494926209040
393924,85868559644831760
1180356,31543889408110608
1573572,13564675270709520
2622148,4557476016099600
7364,4626951104958513
11460,4556861533655088
19652,4557681872408625
36036,76614451276615728
68804,4556586656796720
265412,76895651375419440
527556,4626951104958768
13508,4556586655748145
21700,4557544433455155
38084,76614176398708785
1053892,13563644445003825
2102468,4556445190393905
74948,4521410874642480
533700,4556586655748400
1057988,13528601806835760
2106564,4521402552225840
148676,13529559316115505
296132,220975655079186480
558276,76614176398709040
1082564,85586191549796400
2131140,76578992295186480
197828,13528464100503600
394436,85867528819126320
1180868,31542858582405168
1574084,13563644445004080
2622660,4556445190394160
137412,13634012920754193
75972,4556595246731280
1059012,13563786178924560
2107588,4556586924314640
149700,13564743688204305
297156,221010839451275280
1083588,85621375921885200
2132164,76614176667275280
198852,13563648472592400
395460,85902713191215120
657604,13634012920754448
1181892,31578042954493968
143556,13563648471543825
1069252,13564675237154835
2117828,4557475982544915
168132,85621238214504465
200900,13563579753115665
397508,85902644471738385
659652,13633944201277713
1183940,31577974235017233
172228,85586195576336400
204996,13528472690438160
663748,13563648471544080
2236612,13528464368021520
3154116,13528464904884240
671940,13564674968727825
2244804,13529490865205265
3162308,13529491402067985
426180,229982716894982160
688324,85621238214504720
2261188,85586054110982160
3178692,85586054647844880
721092,13563579753115920
2293956,13528395649593360
3211460,13528396186456080
917700,85902644471738640
2490564,85867460368216080
1704132,31577974235017488
3408068,85867460905078800
3908,76615275943890960
34628,220695279647658000
132932,85587153387597840
11076,76615280238858240
19268,76617337528193025
265028,221011801557504000
1051460,85622338028113920
2100036,76615138773504000
37700,220730326580793345
267076,221011732838027265
1053508,85622269308637185
2102084,76615070054027265
41796,220695283942625280
140100,85587157682565120
49988,220697341231960065
279364,220978747489193985
541508,76617268808716545
1065796,85589283959803905
2114372,76582084705193985
557892,220730326580793600
1082180,229702341731880960
2130756,220695142477271040
197444,85587088964136960
1180484,103601483446038528
787268,221011732838027520
1311556,229983747989114880
2360132,220976548734504960
1573700,85622269308637440
2622276,76615070054027520
36164,220729639352471568
265540,221010839451275280
1051972,85621375921885200
2100548,76614176667275280
38212,220729364474564625
136516,85621238214504465
140612,85586195576336400
558404,220729364474564880
1082692,229701379625652240
2131268,220694180371042320
394564,229982716894982160
656708,85621238214504720
2229572,85586054110982160
3147076,85586054647844880
39236,220799733218742273
137540,85691606958682113
43332,220729643647438848
76100,76614189284659200
272708,221010843746242560
1059140,85621380216852480
2107716,76614180962242560
51524,220730463986192385
149828,85622337726132225
100676,220729368770580480
297284,509241215602987008
559428,220799733218742528
198980,85621242510520320
657732,85691606958682368
1182020,103635636992421888
1313092,230017901535498240
2361668,221010702280888320
45380,220729368769531905
143684,85621242509471745
53572,220730326547238915
282948,221011732804472835
1069380,85622269275082755
2117956,76615070020472835
1085764,229736426558787585
2134340,220729227304177665
201028,85621173791043585
659780,85691538239205633
1184068,103635568272945153
1315140,230017832816021505
2363716,221010633561411585
106820,220694192988426240
565572,220729368769532160
1089860,229701383920619520
2138436,220694184666009600
205124,85586066728366080
401732,229982721189949440
663876,85621242509472000
2236740,85586058405949440
3154244,85586058942812160
180548,229702341429899265
409924,229983747687133185
672068,85622269006655745
2244932,85587084903133185
3162436,85587085439995905
229700,229701246214287360
426308,518213093046693888
1212740,247715640696188928
1605956,229736426558787840
2654532,220729227304177920
459076,229982652471521280
721220,85621173791043840
2294084,85585989687521280
3211588,85585990224384000
1442116,247997046953422848
1704260,103635568272945408
1835332,230017832816021760
2883908,221010633561411840
20036,4559880895664145
1052228,13564881395585040
2100804,4557682140975120
22084,4559743456710675
136772,13564743688204305
140868,13529701050036240
149060,13531758339371025
165444,85587290792996880
656964,13564743688204560
2229828,13529559584682000
3147332,13529560121544720
23108,4630112200888323
137796,13635112432381953
27204,4559885190631425
76356,4557694758359040
1059396,13564885690552320
2107972,4557686435942400
51780,76617474933592065
1067588,13566942979887105
2116164,4559743725277185
297540,221011938962903040
1083972,85622475433512960
2132548,76615276178903040
199236,13564747984220160
395844,85903812702842880
657988,13635112432382208
1182276,31579142466121728
29252,4559747751677955
143940,13564747983171585
53828,76617337494638595
86596,4559679033249795
283204,76898743751872515
545348,4630043481411843
168516,85622337726132225
201284,13564679264743425
397892,85903743983366145
660036,13635043712905473
1184324,31579073746644993
156228,13531762634338305
172612,85587295087964160
205380,13529572202065920
664132,13564747983171840
2236996,13529563879649280
3154500,13529564416512000
180804,85589352377298945
213572,13531693915910145
410180,85870758634532865
1196612,31546088397811713
1589828,13566874260410625
2638404,4559675005800705
426564,229983816406609920
688708,85622337726132480
2261572,85587153622609920
3179076,85587154159472640
721476,13564679264743680
2294340,13529495161221120
3211844,13529495698083840
918084,85903743983366400
2490948,85868559879843840
1704516,31579073746645248
3408452,85868560416706560
23620,4628050599809043
531524,4767688576536849
1055812,13634150611357713
2104388,4626951356747793
44100,76615005310619664
76868,4556870107861008
1059908,13564061040054288
2108484,4556861785444368
1068100,13564881378807825
2116676,4557682124197905
298052,221011114312405008
1084484,85621650783014928
2133060,76614451528405008
1117252,13563786163195920
2165828,4556586908586000
1313860,85902850881818640
2362436,76895651627208720
1576004,13634150611357968
2624580,4626951356748048
29764,4557686150598675
78916,4556595229954065
1061956,13563786162147345
2110532,4556586907537425
54340,76615275893559315
1070148,13564743939854355
2118724,4557544685244435
300100,221010839434498065
1086532,85621375905107985
2135108,76614176650498065
201796,13563648455815185
398404,85902713174437905
660548,13634012903977233
1184836,31578042937716753
156740,13529701033259025
173124,85586470437466128
599108,4556595229954320
1123396,13528610381041680
2171972,4521411126431760
402500,85867670536269840
1188932,31543000299548688
1582148,13563786162147600
2630724,4556586907537680
181316,85587290776219665
672836,13564743671427345
2245700,13529559567904785
3163204,13529560104767505
230468,85586195560607760
1213508,103600590042509328
820292,221010839434498320
1344580,229982854585585680
2393156,220975655330975760
1606724,85621375905108240
2655300,76614176650498320
721988,13563648455815440
2294852,13528464352292880
3212356,13528464889155600
918596,85902713174438160
2491460,85867529070915600
1705028,31578042937717008
3408964,85867529607778320
30788,4628054894776323
79940,4626963974131713
538692,4767692871504129
1062980,13634154906324993
2111556,4626955651715073
55364,76685644637736963
546884,4768650649211139
1071172,13635112684032003
2119748,4627913429422083
301124,221081208178675713
563268,76825282614464769
1087556,85691744649285633
2136132,76684545394675713
202820,13634017199992833
399428,85973081918615553
1185860,31648411681894401
1579076,13774750660759809
2627652,4767551406149889
92228,4557694741581825
1075268,13564885673775105
2123844,4557686419165185
108612,76614464145788928
305220,221011118607372288
1091652,85621655077982208
2140228,76614455823372288
337988,76895664244592640
600132,4626963974131968
1321028,85902855176785920
2369604,76895655922176000
1583172,13634154906325248
2631748,4626955651715328
313412,221011938946125825
1099844,85622475416735745
2148420,76615276162125825
215108,13564747967442945
411716,85903812686065665
673860,13635112415604993
1198148,31579142449344513
362564,221010843730513920
1148996,85621380201123840
2197572,76614180946513920
821316,221081208178675968
1607748,85691744649285888
2656324,76684545394675968
460868,85902717470453760
723012,13634017199993088
1247300,31578047233732608
919620,85973081918615808
1443908,103917111952355328
1706052,31648411681894656
61508,76615280188526595
94276,4557557302628355
1077316,13564748234821635
2125892,4557548980211715
110660,76614189267881985
307268,221010843729465345
1093700,85621380200075265
2142276,76614180945465345
1126468,13563657314177025
2175044,4556458059567105
405572,85902717469405185
667716,13634017198944513
1192004,31578047232684033
315460,221011801507172355
1101892,85622337977782275
2150468,76615138723172355
1134660,13564679516393475
2183236,4557480261783555
1331268,85903744235016195
2379844,76896544980406275
1593412,13635043964555523
2641988,4627844709945603
233540,85621242493743105
692292,85691606941905153
1216580,103635636975644673
1347652,230017901518721025
2396228,221010702264111105
462916,85902648750977025
725060,13633948480516353
1249348,31577978514255873
921668,85973013199139073
1445956,103917043232878593
1708100,31648342962417921
188484,85587295071186945
221252,13529572185288705
680004,13564747966394625
2252868,13529563862872065
3170372,13529564399734785
368708,220975667948359680
630852,76614189267882240
1155140,85586204418969600
2203716,76579005164359680
1220676,103600594337476608
827460,221010843729465600
1351748,229982858880552960
2400324,220975659625943040
1613892,85621380200075520
2662468,76614180945465600
467012,85867541688299520
1253444,31542871451578368
1646660,13563657314177280
2695236,4556458059567360
925764,85902717469405440
2498628,85867533365882880
1712196,31578047232684288
3416132,85867533902745600
442436,229983816389832705
704580,85622337709355265
2277444,85587153605832705
3194948,85587154142695425
737348,13564679247966465
2310212,13529495144443905
3227716,13529495681306625
933956,85903743966589185
2506820,85868559863066625
1720388,31579073729868033
3424324,85868560399929345
491588,229982721174220800
753732,85621242493743360
2326596,85586058390220800
3244100,85586058927083520
1474628,247997115656122368
1736772,103635636975644928
1867844,230017901518721280
2916420,221010702264111360
983108,85902648750977280
2555972,85867464647454720
1769540,31577978514256128
3473476,85867465184317440
1966148,103917043232878848
3972,72076492011540528
10116,72058904120463408
18308,72060961409798193
132996,76562362013921328
264068,216455425439109168
2099076,72058762655109168
35716,216191680087396368
21380,72078484876365843
41860,216174092196319248
50052,216176149485654033
148356,76564492317700113
279428,216457555742887953
2114436,72060892958887953
164740,220677550089777168
2130820,216173950730965008
394116,220958956347011088
1180548,85569492817621008
2229124,76562293563011088
2360196,216455356988198928
3146628,76562294099873808
11652,72075671605678128
19844,72076491944431665
68996,72075396728819760
1052036,76578992328609840
13700,72075396727771185
21892,72076354505478195
136580,76578854621229105
267652,216471918046416945
529796,72110439365939505
2102660,72075255262416945
25988,72058904053354545
533892,72075396727771440
1058180,76561404437532720
148868,76562361946812465
279940,216455425372000305
2114948,72058762588000305
198020,76561266731200560
329092,216454330156388400
2164100,72057667372388400
656772,76578854621229360
787844,216471918046417200
1312132,220957925756178480
2622852,72075255262417200
14724,72110581099859985
22916,72111538877566995
137604,76614038993317905
268676,216507102418505745
2103684,72110439634505745
43396,216190859681533968
76164,72075405318754320
141700,76578996355149840
272772,216472059780337680
534916,72110581099860240
2107780,72075396996337680
51588,216191680020287505
100740,216190584804675600
297348,504702431637082128
1083780,220694180404465680
395652,220975517673795600
657796,76614038993318160
1182084,85586054144405520
2230660,76578854889795600
788868,216507102418506000
2361732,216471918314983440
2623876,72110439634506000
3148164,76578855426658320
45444,216190584803627025
53636,216191542581334035
151940,76579885413380115
283012,216472948838567955
545156,72111470158090515
2118020,72076286054567955
168324,220694042697084945
561540,216225627441795345
2134404,216190443338272785
397700,220975448954318865
659844,76613970273841425
1184132,85585985424928785
2232708,76578786170318865
790916,216507033699029265
2363780,216471849595506705
2625924,72110370915029265
3150212,76578786707181585
57732,216174092129210385
303492,504684843746005008
565636,216190584803627280
1089924,220676592513388560
205188,76561275321135120
336260,216454338746322960
2171268,72057675962322960
401796,220957929782718480
1188228,85568466253328400
2236804,76561266998718480
2367876,216454330423906320
3154308,76561267535581200
180612,220677550022668305
2146692,216173950663856145
409988,220958956279902225
1196420,85569492750512145
2244996,76562293495902225
2376068,216455356921090065
3162500,76562294032764945
229764,220676454807056400
2195844,216172855448244240
426372,509188301639462928
688516,220694042697085200
2392452,504684702280650768
2654596,216190443338273040
459140,220957861064290320
1245572,85568397534900240
2294148,76561198280290320
2425220,216454261705478160
3211652,76561198817153040
917892,220975448954319120
1704324,85585985424929040
2752900,76578786170319120
2883972,216471849595506960
3670404,76578786707181840
11908,19177079377968
36484,72076766822338608
69252,18902202519600
265860,72357966921142320
1052292,4522497802309680
13956,18902201471025
38532,72076491944431665
136836,4522360094928945
530052,53944839639345
2102916,18760736116785
42628,72059178931261488
272004,72340379030065200
534148,18902201471280
1058436,4504909911232560
83588,3371600777265
280196,72342436319399985
542340,20959490806065
1066628,4506967200567345
99972,72058904054403120
558724,72076491944431920
1083012,76562499654193200
198276,4504772204900400
2164356,1172846088240
394884,76843836923523120
657028,4522360094929200
2360964,72340237564710960
2623108,18760736117040
14980,54086573559825
39556,72111676316520465
137860,4557544467017745
2103940,53945108205585
27268,21101224726545
76420,18910792454160
141956,4522501828849680
535172,54086573560080
2108036,18902470037520
51844,72078690967687185
150148,4524559118184465
543364,56143862894865
2116228,20959759372305
166532,76580091571810320
297604,216473154996998160
559748,72111676316520720
2132612,72076492212998160
658052,4557544467018000
1182340,13529559618105360
2230916,4522360363495440
2624132,53945108205840
3148420,4522360900358160
29316,20963785773075
53892,72078553528733715
86660,20895067344915
283268,72359959785967635
1069700,4524490667134995
660100,4557475747541265
1184388,13529490898628625
2232964,4522291644018705
2626180,53876388729105
3150468,4522292180881425
57988,72061103076610065
90756,3380190711825
156292,4506971227107345
2122372,3371868295185
107140,72058912644337680
172676,76562503680733200
303748,216455567105921040
2138756,72058904321921040
205444,4504780794834960
2171524,1181436022800
1188484,13511971727028240
2237060,4504772472418320
3154564,4504773009281040
180868,76564560970067985
311940,216457624395255825
2146948,72060961611255825
213636,4506902508679185
2179716,3303149867025
410244,76845967227301905
672388,4524490398707985
2376324,72342367868489745
2638468,20891039895825
426628,220959024999378960
1213060,85569561469988880
2261636,76562362215378960
2392708,216455425640566800
3179140,76562362752241680
1245828,13511903008600080
2294404,4504703753990160
3211908,4504704290852880
1442436,85850967727222800
2491012,76843768472612880
1704580,13529490898628880
2753156,4522291644018960
3408516,76843769009475600
3670660,4522292180881680
15492,53261906284593
40068,72110851649245233
72836,52987029426225
269444,72392051748048945
531588,123351477588273
1055876,4556582629216305
44164,72076221327937584
76932,18086125178928
142468,4521677161574448
535684,53261906284848
2108548,18077802762288
150660,4522497500327985
543876,54082245038385
2116740,18898141515825
167044,76579266904535088
298116,216472330329722928
560260,72110851649245488
2133124,72075667545722928
199812,4521402284716080
593028,52987029426480
2165892,17802925903920
396420,76860467003338800
789636,72392051748049200
2362500,72356867644526640
1576068,4556582629216560
29828,18902167916595
78980,17811247271985
144516,4521402283667505
537732,52987028377905
2110596,17802924855345
54404,72076491910877235
152708,4522360061374515
545924,53944806084915
2118788,18760702562355
169092,76578992026628145
300164,216472055451815985
562308,72110576771338545
2135172,72075392667815985
660612,4556444921835825
1184900,13528460072923185
2233476,4521260818313265
2626692,52845563023665
3150980,4521261355175985
91268,1318572855345
156804,4504909609250865
2122884,1310250438705
107652,72058087977062448
173188,76561679013457968
304260,216454742438645808
2139268,72058079654645808
337028,72339288075866160
599172,17811247272240
1123460,4503818957033520
402564,76842879112261680
664708,4521402283667760
2368644,72339279753449520
2630788,17802924855600
181380,76562499352211505
312452,216455562777399345
2147460,72058899993399345
1197188,13511967398506545
2245764,4504768143896625
3163268,4504768680759345
230532,76561404136599600
361604,216454467561787440
2196612,72057804777787440
689284,76578992026628400
820356,216472055451816240
1344644,220958063161577520
2655364,72075392667816240
1246340,13510872182894640
2294916,4503672928284720
3212420,4503673465147440
1442948,85849936901517360
2491524,76842737646907440
1705092,13528460072923440
2753668,4521260818313520
3409028,76842738183770160
3671172,4521261355176240
30852,54086540005395
80004,52995619360785
145540,4556586655756305
2111620,52987296944145
55428,72111676282966035
153732,4557544433463315
2119812,53945074651155
170116,76614176398716945
301188,216507239823904785
2136196,72110577039904785
1185924,13563644445011985
2234500,4556445190402065
3152004,4556445727264785
206980,4521410874650640
600196,52995619361040
2173060,17811515838480
665732,4556586655756560
1190020,13528601806843920
2238596,4521402552234000
2631812,52987296944400
3156100,4521403089096720
428164,220975655079194640
690308,76614176398717200
1214596,85586191549804560
2263172,76578992295194640
821380,216507239823905040
2394244,216472055720382480
2656388,72110577039905040
3180676,76578992832057360
1706116,13563644445012240
2754692,4556445190402320
3672196,4556445727265040
675972,4557475713986835
1200260,13529490865074195
2248836,4522291610464275
2642052,53876355174675
3166340,4522292147326995
1708164,13563575725535505
2756740,4556376470925585
3674244,4556377007788305
237700,76561412726534160
368772,216454476151722000
2203780,72057813367722000
434308,220958067188117520
1220740,85568603658727440
2269316,76561404404117520
2400388,216454467829305360
3186820,76561404940980240
1253508,13510880772829200
2302084,4503681518219280
3219588,4503682055082000
1474692,229965124977373200
2523268,220957925722763280
3440772,220957926259626000
7940,72111676316520465
20228,72078690967687185
36612,216191954898194448
134916,76580091571810320
265988,216473154996998160
528132,72111676316520720
2100996,72076492212998160
22276,72078553528733715
38660,216191680020287505
26372,72061103076610065
42756,216174367007117328
75524,72058912644337680
141060,76562503680733200
272132,216455567105921040
2107140,72058904321921040
149252,76564560970067985
280324,216457624395255825
2115332,72060961611255825
100100,216174092130258960
296708,504685938962665488
558852,216191680020287760
1083140,220677687730049040
395012,220959024999378960
1181444,85569561469988880
2230020,76562362215378960
2361092,216455425640566800
3147524,76562362752241680
15108,72111680611487745
137988,76615138504945665
269060,216508201930133505
2104068,72111539146133505
27396,72078695262654465
43780,216191959193161728
76548,72076504830382080
142084,76580095866777600
273156,216473159291965440
535300,72111680611488000
2108164,72076496507965440
150276,76582153156112385
281348,216475216581300225
543492,72113737900822785
2116356,72078553797300225
101124,216191684316303360
297732,504703531148709888
1084164,220695279916093440
396036,220976617185423360
658180,76615138504945920
1182468,85587153656033280
2231044,76579954401423360
789252,216508201930133760
2362116,216473017826611200
2624260,72111539146133760
3148548,76579954938286080
29444,72078557823700995
45828,216191684315254785
86788,72078489105272835
1069828,76582084705062915
168708,220695142208712705
561924,216226726953423105
2134788,216191542849900545
398084,220976548465946625
660228,76615069785469185
1184516,85587084936556545
2233092,76579885681946625
791300,216508133210657025
2364164,216472949107134465
2626308,72111470426657025
3150596,76579886218809345
90884,72060974228639745
156420,76564565265035265
287492,216457628690223105
2122500,72060965906223105
303876,504685943257632768
566020,216191684315255040
1090308,220677692025016320
205572,76562374832762880
336644,216455438257950720
2171652,72058775473950720
402180,220959029294346240
1188612,85569565764956160
2237188,76562366510346240
2368260,216455429935534080
3154692,76562367047208960
115460,216176153714561025
312068,504688000546967553
574212,216193741604589825
1098500,220679749314351105
213764,76564496546607105
344836,216457559971794945
2179844,72060897187794945
672516,76582084436635905
803588,216475147861823745
1327876,220961155571585025
2638596,72078485077823745
230148,220677554318684160
2196228,216173954959872000
426756,509189401151090688
688900,220695142208712960
2392836,504685801792278528
2654980,216191542849900800
459524,220958960575918080
1245956,85569497046528000
2294532,76562297791918080
2425604,216455361217105920
3212036,76562298328780800
918276,220976548465946880
1704708,85587084936556800
2753284,76579885681946880
2884356,216472949107134720
3670788,76579886218809600
23812,72111676282966035
40196,216226039725101073
138500,76614176398716945
269572,216507239823904785
2104580,72110577039904785
44292,216191409403793424
167172,220694454980390928
560388,216226039725101328
2133252,216190855621578768
396548,220975655079194640
658692,76614176398717200
1182980,85586191549804560
2231556,76578992295194640
789764,216507239823905040
2362628,216472055720382480
2624772,72110577039905040
3149060,76578992832057360
54532,216191679986733075
169220,220694180102483985
562436,216225764847194385
2135300,216190580743671825
107780,216173276052918288
173316,220676867089313808
2139396,216173267730501648
206084,76561412726534160
337156,216454476151722000
2172164,72057813367722000
402692,220958067188117520
1189124,85568603658727440
2237700,76561404404117520
2368772,216454467829305360
3155204,76561404940980240
181508,220677687428067345
2147588,216174088069255185
230660,220676592212455440
2196740,216172992853643280
427268,509188439044861968
689412,220694180102484240
2393348,504684839686049808
2655492,216190580743672080
1443076,229965124977373200
2491652,220957925722763280
3409156,220957926259626000
30980,72111680577933315
47364,216226044020068353
80132,72110589657288705
145668,76614180693684225
276740,216507244118872065
2111748,72110581334872065
153860,76615138471391235
284932,216508201896579075
2119940,72111539112579075
104708,216225769143209985
301316,504737615975616513
563460,216296133591372033
1087748,220729364743000065
399620,221010702012329985
1186052,85621238482939905
2234628,76614039228329985
2365700,216507102653517825
3152132,76614039765192705
108804,216190868238962688
174340,220694459275358208
567556,216226044020068608
2140420,216190859916546048
207108,76579004912578560
338180,216472068337766400
600324,72110589657288960
2173188,72075405553766400
403716,220975659374161920
665860,76614180693684480
1190148,85586195844771840
2238724,76578996590161920
796932,216507244118872320
2369796,216472060015349760
2631940,72110581334872320
3156228,76578997127024640
182532,220695279614111745
575748,216226864358822145
2148612,216191680255299585
231684,220694184398499840
624900,216225769143210240
2197764,216190585039687680
428292,509206031230906368
821508,504737615975616768
2394372,504702431872094208
1607940,220729364743000320
919812,221010702012330240
1444100,229982717163417600
2492676,220975517908807680
1706244,85621238482940160
2754820,76614039228330240
2885892,216507102653518080
3410180,220975518445670400
3672324,76614039765192960
61700,216191684281700355
110852,216190593361055745
176388,220694184397451265
569604,216225769142161665
2142468,216190585038639105
184580,220695142175158275
577796,216226726919868675
2150660,216191542816346115
413956,220976548432392195
676100,76615069751914755
1200388,85587084903002115
2248964,76579885648392195
807172,216508133177102595
2380036,216472949073580035
2642180,72111470393102595
3166468,76579886185254915
692484,220729227035619585
1216772,229701242186706945
2265348,220694042932097025
2658564,216225627676807425
3182852,220694043468959745
921860,221010633292853505
1446148,229982648443940865
2494724,220975449189330945
1708292,85621169763463425
2756868,76613970508853505
2887940,216507033934041345
3412228,220975449726193665
3674372,76613971045716225
123140,216174100686639105
188676,220677691723034625
2154756,216174092364222465
368900,504684852303433728
631044,216190593361056000
1155332,220676601070817280
434436,509188443339829248
696580,220694184397451520
2400516,504684843981017088
2662660,216190585038639360
467204,220957938340147200
1253636,85568474810757120
2302212,76561275556147200
2433284,216454338981335040
3219716,76561276093009920
1450244,229965129272340480
2498820,220957930017730560
3416324,220957930554593280
1229060,229684749512290305
2277636,220677550257680385
3195140,220677550794543105
1458436,229966155769524225
2507012,220958956514914305
3424516,220958957051777025
1278212,229683654296678400
2326788,220676455042068480
3244292,220676455578931200
1474820,518195501129084928
2523396,509188301874475008
1736964,229701242186707200
2785540,220694042932097280
3440900,509188302411337728
3703044,220694043468960000
1507588,229965060553912320
2556164,220957861299302400
3473668,220957861836165120
1966340,229982648443941120
3014916,220975449189331200
3932420,220975449726193920
138756,4557681872416785
2104836,54082513604625
151044,4524696523583505
544260,56281268293905
2117124,21097164771345
658948,4557681872417040
1183236,13529697023504400
2231812,4522497768894480
2625028,54082513604880
3149316,4522498305757200
30212,21101191172115
54788,72078690934132755
153092,4524559084630035
546308,56143829340435
2119172,20959725817875
91652,3517596110865
157188,4507108632506385
2123268,3509273694225
206340,4504918200234000
2172420,1318841421840
1189380,13512109132427280
2237956,4504909877817360
3155460,4504910414680080
181764,76564698375467025
312836,216457761800654865
2147844,72061099016654865
1197572,13514166421762065
2246148,4506967167152145
3163652,4506967704014865
427524,220959162404778000
1213956,85569698875387920
2262532,76562499620778000
2393604,216455563045965840
3180036,76562500157640720
80388,54095130988545
145924,4557686167384065
2112004,54086808571905
88580,56148125356035
285188,72395212843978755
547332,126512573518083
1071620,4559743725146115
170500,76615275910344705
301572,216508339335532545
2136580,72111676551532545
1186308,13564743956639745
2234884,4557544702029825
3152388,4557545238892545
92676,21109782155265
158212,4524700818550785
551428,56285563261185
2124292,21101459738625
207364,4522510386278400
600580,54095130988800
2173444,18911027466240
666116,4557686167384320
1190404,13529701318471680
2238980,4522502063861760
2632196,54086808572160
3156484,4522502600724480
182788,76582290561511425
313860,216475353986699265
576004,72113875306221825
2148868,72078691202699265
674308,4559743456719105
1198596,13531758607806465
2247172,4524559353196545
2640388,56144097906945
3164676,4524559890059265
428548,220976754590822400
690692,76615275910344960
1214980,85587291061432320
2263556,76580091806822400
821764,216508339335532800
2394628,216473155232010240
2656772,72111676551532800
3181060,76580092343685120
1706500,13564743956640000
2755076,4557544702030080
3672580,4557545238892800
61956,72078695229100035
94724,20972343201795
160260,4524563379597315
553476,56148124307715
2126340,20964020785155
184836,76582153122557955
315908,216475216547745795
578052,72113737867268355
2150916,72078553763745795
217604,4524494661169155
610820,56079405879555
2183684,20895302356995
414212,76863559379791875
807428,72395144124502275
2380292,72359960020979715
1593860,4559675005669635
1708548,13564675237163265
2757124,4557475982553345
3674628,4557476519416065
123396,72061111634038785
188932,76564702670434305
320004,216457766095622145
2155012,72061103311622145
221700,4506979784536065
2187780,3380425723905
1204740,13514170716729345
2253316,4506971462119425
3170820,4506971998982145
238084,76562512238161920
369156,216455575663349760
2204164,72058912879349760
434692,220959166699745280
1221124,85569703170355200
2269700,76562503915745280
2400772,216455567340933120
3187204,76562504452608000
1253892,13511980284456960
2302468,4504781029847040
3219972,4504781566709760
442884,220961223989080065
1229316,85571760459689985
2277892,76564561205080065
2408964,216457624630267905
3195396,76564561741942785
1262084,13514101998301185
2310660,4506902743691265
3228164,4506903280553985
1458692,85853166716923905
2507268,76845967462313985
1720836,13531689888329985
2769412,4524490633720065
3424772,76845967999176705
3686916,4524491170582785
1475076,229966224489000960
2523652,220959025234391040
3441156,220959025771253760
31748,54361401135123
48132,72111405683249169
80900,53270480490513
146436,4556861516886033
2112516,53262158073873
56324,72111951144095763
89092,54086524276755
285700,72393151242899475
547844,124450972438803
1072132,4557682124066835
171012,76614451259846673
302084,216507514685034513
2137092,72110851901034513
203780,4556586640027665
2169860,52987281215505
400388,76895651358650385
662532,4626951088189713
2366468,72392051999838225
2628612,123351729377553
109572,72076229902143504
175108,76579820938539024
306180,216472884363726864
568324,72111405683249424
2141188,72076221579726864
207876,4521685735780368
601092,53270480490768
2173956,18086376968208
666628,4556861516886288
1190916,13528876667973648
2239492,4521677413363728
2632708,53262158074128
3156996,4521677950226448
674820,4557681855639825
1199108,13529697006727185
2247684,4522497752117265
2640900,54082496827665
3165188,4522498288979985
429060,220975929940324368
691204,76614451259846928
1215492,85586466410934288
2264068,76579267156324368
822276,216507514685034768
2395140,216472330581512208
2657284,72110851901034768
3181572,76579267693187088
723972,4556586640027920
1248260,13528601791115280
2296836,4521402536505360
2690052,52987281215760
3214340,4521403073368080
920580,76895651358650640
1444868,85867666509738000
2493444,76860467255128080
2886660,72392051999838480
3410948,76860467791990800
95236,18910742122515
160772,4522501778518035
553988,54086523228435
2126852,18902419705875
209924,4521410857873425
603140,52995602583825
2176004,17811499061265
668676,4556586638979345
1192964,13528601790066705
2241540,4521402535456785
2634756,52987280167185
3159044,4521403072319505
185348,76580091521478675
316420,216473154946666515
578564,72111676266189075
2151428,72076492162666515
676868,4557544416686355
1201156,13529559567773715
2249732,4522360313163795
2642948,53945057874195
3167236,4522360850026515
431108,220975655062417425
693252,76614176381939985
1217540,85586191533027345
2266116,76578992278417425
824324,216507239807127825
2397188,216472055703605265
2659332,72110577023127825
3183620,76578992815280145
1709060,13563644428235025
2757636,4556445173625105
3675140,4556445710487825
222212,4504918183456785
2188292,1318824644625
1205252,13512109115650065
2253828,4504909861040145
3171332,4504910397902865
238596,76561687587663888
369668,216454751012851728
2204676,72058088228851728
435204,220958342049247248
1221636,85568878519857168
2270212,76561679265247248
2401284,216454742690435088
3187716,76561679802109968
467972,76842887686467600
730116,4521410857873680
2434052,72339288327655440
2696196,17811499061520
1451012,85850078618660880
2499588,76842879364050960
1713156,13528601790066960
2761732,4521402535457040
3417092,76842879900913680
3679236,4521403072319760
443396,220959162388000785
1229828,85569698858610705
2278404,76562499604000785
2409476,216455563029188625
3195908,76562500140863505
492548,220958067172388880
1278980,85568603642998800
2327556,76561404388388880
2458628,216454467813576720
3245060,76561404925251600
951300,220975655062417680
1737732,85586191533027600
2786308,76578992278417680
2917380,216472055703605520
3703812,76578992815280400
63492,72111955439063043
292868,72393155537866755
555012,124455267406083
1079300,4557686419034115
112644,72110864518418433
178180,76614455554813953
309252,216507518980001793
2144260,72110856196001793
342020,72392064617222145
604164,123364346761473
1128452,4556595498389505
407556,76895655653617665
669700,4626955383156993
2373636,72392056294805505
2635780,123356024344833
120836,72111680562204675
579588,72182045010366723
1103876,76615276161994755
219140,4557548712701955
2185220,53949353889795
415748,76896613431324675
677892,4627913160864003
2381828,72393014072512515
2643972,124313802051843
235524,76614180677955585
366596,216507244103143425
2201604,72110581319143425
694276,76684545126117633
825348,216577608551305473
1349636,221010839702933505
2660356,72180945767305473
1251332,13563648724250625
2299908,4556449469640705
3217412,4556450006503425
1447940,85902713442873345
2496516,76895514188263425
1710084,13634013172412673
2758660,4626813917802753
3414020,76895514725126145
3676164,4626814454665473
223236,4522510369501185
616452,54095114211585
2189316,18911010689025
681988,4557686150607105
1206276,13529701301694465
2254852,4522502047084545
2648068,54086791794945
3172356,4522502583947265
239620,76579279773708288
370692,216472343198896128
632836,72110864518418688
2205700,72075680414896128
436228,220975934235291648
698372,76614455554814208
1222660,85586470705901568
2271236,76579271451291648
829444,216507518980002048
2402308,216472334876479488
2664452,72110856196002048
3188740,76579271988154368
468996,76860479872512000
862212,72392064617222400
2435076,72356880513699840
1648644,4556595498389760
927748,76895655653617920
1452036,85867670804705280
2500612,76860471550095360
2893828,72392056294805760
3418116,76860472086958080
444420,220976754574045185
706564,76615275893567745
1230852,85587291044655105
2279428,76580091790045185
837636,216508339318755585
2410500,216473155215233025
2672644,72111676534755585
3196932,76580092326907905
1722372,13564743939862785
2770948,4557544685252865
3688452,4557545222115585
493572,220975659358433280
755716,76614180677955840
1280004,85586195829043200
2328580,76578996574433280
886788,216507244103143680
2459652,216472059999621120
2721796,72110581319143680
3246084,76578997111296000
1869828,221010839702933760
1771524,13563648724250880
2820100,4556449469640960
3737604,4556450006503680
1968132,85902713442873600
3016708,76895514188263680
3934212,76895514725126400
126980,72076504780050435
192516,76580095816445955
323588,216473159241633795
585732,72111680561156355
2158596,72076496457633795
225284,4522372930547715
618500,53957675258115
2191364,18773571735555
684036,4557548711653635
1208324,13529563862740995
2256900,4522364608131075
2650116,53949352841475
3174404,4522365144993795
241668,76579004895801345
372740,216472068320989185
634884,72110589640511745
2207748,72075405536989185
438276,220975659357384705
700420,76614180676907265
1224708,85586195827994625
2273284,76578996573384705
831492,216507244102095105
2404356,216472059998572545
2666500,72110581318095105
3190788,76578997110247425
733188,4556457791009025
1257476,13528472942096385
2306052,4521273687486465
2699268,52858432196865
3223556,4521274224349185
1716228,13563648723202305
2764804,4556449468592385
3682308,4556450005455105
446468,220976617135091715
708612,76615138454614275
1232900,85587153605701635
2281476,76579954351091715
839684,216508201879802115
2412548,216473017776279555
2674692,72111539095802115
3198980,76579954887954435
741380,4557479993225475
1265668,13529495144312835
2314244,4522295889702915
2707460,53880634413315
3231748,4522296426565635
937988,76896544711848195
1462276,85868559862935555
2510852,76861360608325635
2904068,72392945353036035
3428356,76861361145188355
954372,221010701995553025
1478660,229982717146640385
2527236,220975517892030465
1740804,85621238466162945
2789380,76614039211553025
2920452,216507102636740865
3444740,220975518428893185
3706884,76614039748415745
1773572,13563580004774145
2822148,4556380750164225
3739652,4556381287026945
1970180,85902644723396865
3018756,76895445468786945
3936260,76895446005649665
253956,76562512221384705
385028,216455575646572545
2220036,72058912862572545
450564,220959166682968065
1236996,85569703153577985
2285572,76562503898968065
2416644,216455567324155905
3203076,76562504435830785
1269764,13511980267679745
2318340,4504781013069825
3235844,4504781549932545
761860,76579004895801600
892932,216472068320989440
1417220,220958076030750720
2727940,72075405536989440
958468,220975659357384960
1744900,85586195827994880
2793476,76578996573384960
2924548,216472059998572800
3710980,76578997110247680
1515524,85849949770690560
2564100,76842750516080640
1777668,13528472942096640
2826244,4521273687486720
3481604,76842751052943360
3743748,4521274224349440
1490948,229966224472223745
2539524,220959025217613825
3457028,220959025754476545
1540100,229965129256611840
2588676,220957930002001920
3506180,220957930538864640
1998852,229982717146640640
3047428,220975517892030720
3964932,220975518428893440
65784,76579898301350160
524536,76615074081407760
888,220697276875538688
2424,220730330876739840
4472,220730262157263105
8568,220695155094585600
16760,220697276808429825
131448,229702277039919360
1048952,229702277308350720
2680,76617341824139520
4728,76617273104662785
8824,76582166041985280
33400,220697345527906560
131704,85589287987319040
262776,220978751785140480
1049208,85589288255750400
10360,76615288796217600
34936,220730468282138880
67704,76615151359361280
20600,76617273071108355
69752,76615082639884545
41080,220695292499984640
532600,76615151357264640
82040,76582097291051265
540792,76617273071108865
98424,220695155063128320
557176,220730330843185920
196728,85587097522540800
327800,220976561320362240
1114232,85587097790972160
655480,85622273302598400
786552,221011737100419840
1572984,85622273571029760
1464,216173954758345008
8632,216173963348279568
16824,216176085062123793
524728,216191478224913168
1720,72060965705744688
8888,72060974295679248
33464,216176153781600528
262840,216457560038834448
524984,72078489172312848
3256,72076496240378160
17592,72060965638635825
263352,216455429667946800
525496,72076358801425200
10424,72076504830312720
35000,216191684316234000
67768,72076367393456400
526520,72111543173514000
20664,72078489105203475
69816,72076298673979665
528568,72111474454037265
24760,72060974228570385
73912,72058792387281168
270520,216455438257881360
532664,72076367391359760
49336,216176153714491665
278712,216457559971725585
540856,72078489105203985
557240,216191546877281040
196792,76562306115309840
1114296,76562306383741200
2162872,72058706756436240
786616,216472953134514960
1848,216176153781600528
2872,216193745967644928
4920,216193677248168193
17208,216180483108634881
33592,504406529933312256
131896,220679684689498368
262968,504687936190546176
1049400,220679684957929728
2097976,216176085330624768
3384,216191684316234000
17720,216176153714491665
34104,504404468281901328
525624,216191546877281040
6456,216226731249369345
18744,216193745900536065
35128,504422060467945728
12600,216191555467215105
139576,220677562908545280
270648,504685814409593088
1057080,220677563176976640
2105656,216173963549671680
49464,504406529866203393
147768,220679684622389505
278840,504687936123437313
1065272,220679684890820865
2113848,216176085263515905
295224,1081146558123081984
557368,504421923028992768
655672,220695077785178880
1179960,229684685122310400
786744,504703329286226688
1573176,220695078053610240
2621752,216191478426305280
3146040,220677486404501760
3640,72078695263633680
263736,216457628691202320
525880,72078557824680720
6712,72113742196769025
264760,216475220877246720
12856,72078566414614785
21048,72082887151714563
37432,216193745900536065
266808,216475152157769985
25144,72065372275081473
139832,76564573855944960
1057336,76564574124376320
2105912,72060974497071360
49720,216180551761002753
279096,216461958018236673
541240,72082887151715073
164408,220679753341866240
295480,504688004842914048
1081912,220679753610297600
2130488,216176153982992640
393784,220961159599100160
655928,76582088732578560
1180216,85571696069710080
1311288,220961159867531520
2359864,216457560240226560
1573432,76582089001009920
2622008,72078489373704960
3146296,76564497351901440
68664,72076504798855440
527416,72111680578913040
25656,72061111633969425
42040,216174375564476688
74808,72058929792680208
271416,216455575663280400
533560,72076504796758800
50232,216176291119890705
83000,72060974197113105
558136,216191684282680080
328760,216455438226424080
590904,72076367359902480
14392,72111689168847105
22584,72113742163214595
38968,216226868654768385
71736,72111551731990785
26680,72078703820013825
43064,216191967750521088
75832,72076521978724608
272440,216473167849324800
51256,216193883305935105
84024,72078566383157505
542776,72113742163215105
329784,216473030412468480
788536,216508206192526080
28728,72078566381060355
45112,216191692872614145
536632,72111551729894145
53304,216193745866981635
282680,216475152124215555
102456,216191555435757825
561208,216226731215815425
331832,216472961692991745
790584,216508137473049345
90168,72060991376982273
286776,216457637247582465
548920,72078566381060865
172088,220677700313944320
303160,504685951814992128
1089592,220677700582375680
2138168,216174100955070720
335928,216455455406293248
598072,72076384539771648
794680,216473030410371840
573496,216193745866982145
213048,76564505105010945
1130552,76564505373442305
2179128,72060905746137345
802872,216475152124216065
229432,220677562877088000
360504,504685814378135808
1146936,220677563145519360
2195512,216173963518214400
458808,220958969134321920
720952,76579898267800320
1245240,85569505604931840
1376312,220958969402753280
2424888,216455369775448320
1638456,76579898536231680
2687032,72076298908926720
3211320,76562306887123200
984,220695077985452304
1496,220694047059083568
2520,220729231431172368
4568,220729162711695633
8664,220694055649018128
66008,220693986930589968
131544,229701177594351888
1049048,229701177862783248
525016,76615074147468048
5336,76614043288207665
66776,76578867507102000
132312,85586058170863920
263384,220975521968685360
1049816,85586058439295280
67800,76614051879190800
133336,85621242542952720
264408,221010706340774160
526552,76684412032385808
1050840,85621242811384080
12504,76614051878142225
20696,76615074080358675
37080,220729231364063505
69848,76613983159714065
135384,85621173823475985
266456,221010637621297425
528600,76684343312909073
1052888,85621174091907345
139480,85586066760798480
270552,220975530558619920
1056984,85586067029229840
540888,76615074080359185
98520,220694055582957840
164056,229701246246719760
1081560,229701246515151120
196824,85585998042370320
327896,220975461840191760
1114328,85585998310801680
393432,229982652503953680
1310936,229982652772385040
2621656,76613974837232400
3145944,85585990256754960
2904,220730330942800128
4952,220730262223323393
9048,220695155160645888
17240,220697276874490113
66392,220695086442217728
131928,229702277105979648
1049432,229702277374411008
5464,220729231364063505
34136,508924560582639888
66904,220694055582957840
132440,229701246246719760
1049944,229701246515151120
6488,220799600108241153
18776,220730330875691265
264536,509241082492485888
2099544,220729231632564480
37208,508959607515775233
266584,509241013773009153
2101592,220729162913087745
24920,220695155093537025
74072,220694072762827008
270680,509205906710331648
2105688,220694055850410240
82264,220695086375108865
147800,229702277038870785
1065304,229702277307302145
98648,508924431734669568
164184,517931622398431488
295256,1085666650423820544
1081688,517931622666862848
328024,509205837991903488
2163032,220693987131982080
393560,518213028655665408
1179992,247715576305160448
2228568,229701177795744000
1311064,518213028924096768
3672,76615280238788880
9816,76580104456634640
34392,220695283942555920
525912,76615142799835920
19032,76617341823090945
68184,76615151390818560
133720,85622342054580480
264792,221011805852401920
526936,76685511544013568
1051224,85622342323011840
12888,76615151389769985
37464,220730330875691265
70232,76615082671341825
135768,85622273335103745
266840,221011737132925185
528984,76685442824536833
1053272,85622273603535105
25176,76582166040936705
139864,85587166272426240
270936,220976630070247680
1057368,85587166540857600
49752,220697345526857985
82520,76582097322508545
148056,85589287986270465
279128,220978751784091905
1065560,85589288254701825
98904,220695155094585600
164440,229702345758347520
1081944,229702346026778880
197208,85587097553998080
328280,220976561351819520
1114712,85587097822429440
393816,229983752015581440
1311320,229983752284012800
2622040,76615074348860160
3146328,85587089768382720
11352,76614464161448208
35928,220729643647369488
68696,76614189284589840
134232,85621379948351760
265304,221010843746173200
527448,76684549437784848
1051736,85621380216783120
13400,76614189283541265
37976,220729368769462545
42072,220694467865215248
140376,85586204166197520
271448,220975667964018960
1057880,85586204434628880
99416,220694192988356880
164952,229701383652118800
1082456,229701383920550160
590936,76614051845636880
656472,85621242509398800
787544,221010706307220240
1573976,85621242777830160
14424,76684558027718913
39000,220799737513640193
530520,76825149487186689
26712,76615288795169025
75864,76614206464459008
2107480,76614189552042240
51288,220730468281090305
297048,509241219897884928
2132056,220729369037963520
198744,85621251100381440
329816,221010714898202880
591960,76684420589814528
1116248,85621251368812800
395352,230017905561964800
657496,85691611253576448
788568,221081075051397888
1312856,230017905830396160
1575000,85691611522007808
3147864,85621243314766080
28760,76615151356215555
143448,85621251099332865
274520,221010714897154305
536664,76684420588765953
1060952,85621251367764225
53336,220730330842136835
86104,76615082637787395
151640,85622273301549315
282712,221011737099370755
544856,76685442790982403
1069144,85622273569980675
102488,220729239921492225
168024,229736430585254145
561240,220799600074687233
1085528,229736430853685505
200792,85621182380904705
331864,221010646178726145
594008,76684351870337793
1118296,85621182649336065
397400,230017836842488065
659544,85691542534099713
790616,221081006331921153
1314904,230017837110919425
1577048,85691542802531073
3149912,85621174595289345
57432,220695292498936065
548952,76615151356216065
106584,220694210168226048
303192,509206044115730688
2138200,220694193255809280
598104,76614069025506048
401496,229982729779810560
1319000,229982730048241920
2629720,76614052113089280
3154008,85586067532611840
573528,220730330842137345
606296,76615082637787905
671832,85622273301549825
802904,221011737099371265
1589336,85622273569981185
229464,229701254804148480
1146968,229701255072579840
819288,509241082458931968
2654296,220729231599010560
3178584,229701247018533120
458840,229982661061382400
1376344,229982661329813760
2687064,76613983394661120
3211352,85585998814183680
1704024,103635572567839488
2752600,85621174058423040
2883672,221010637856244480
3407960,229982653275767040
2968,216191547077558544
5016,216191478358081809
33688,504404331043225872
131992,220677485799411984
263064,504685737300459792
1049496,220677486067843344
2098072,216173886440538384
5528,216190447431713073
17816,216173954757296433
132504,220676454873043248
263576,504684706374091056
1050008,220676455141474608
2098584,216172855514169648
6552,216225631803801873
35224,504420961022378256
67992,216190456022696208
12696,216190456021647633
20888,216191478223864083
70040,216190387303219473
24984,216173963347230993
74136,216172881016520976
139672,220676463462977808
270744,504684714964025616
1057176,220676463731409168
2105752,216172864104104208
82328,216173894628802833
541080,216191478223864593
98712,504403239988363536
295320,1081145458677514512
557464,504420823583425296
197016,220676394744549648
328088,504684646245597456
1114520,220676395012981008
2163096,216172795385676048
655768,220693978339611408
1180056,229683585676742928
786840,504702229840659216
1573272,220693978608042768
2621848,216190378980737808
3146136,220676386958934288
3736,72076496306438448
18072,72060965704696113
67224,72058775272423728
263832,216455429734007088
525976,72076358867485488
10904,72076504896373008
35480,216191684382294288
527000,72111543239574288
21144,72078489171263763
529048,72111474520097553
25240,72060974294630673
271000,216455438323941648
533144,72076367457420048
49816,216176153780551953
82584,72060905576202513
279192,216457560037785873
541336,72078489171264273
98968,216173963348279568
557720,216191546943341328
328344,216455369605513488
590488,72076298738991888
787096,216472953200575248
19608,72076496239329585
134296,76578996355076400
1051800,76578996623507760
2100376,72075396996202800
21656,72076358800376115
70808,72075267879731505
267416,216471922341314865
83096,72058775205314865
279704,216455429666898225
541848,72076358800376625
197784,76561275321061680
1115288,76561275589493040
2163864,72057675962188080
394392,220957929782645040
656536,76578858916123440
1180824,85568466253254960
1311896,220957930051076400
2360472,216454330423771440
1574040,76578859184554800
2622616,72075259557249840
3146904,76561267535446320
22680,72111543172464915
71832,72110452251820305
268440,216507106713403665
530584,72180812405015313
26776,72076504829264145
75928,72075422498554128
141464,76579004945010960
1058968,76579005213442320
2107544,72075405586137360
51352,216191684315185425
542872,72111543172465425
166040,220694184430932240
297112,504702435931980048
1083544,220694184699363600
2132120,216190585072058640
329880,216471930932298000
657560,76614043288212240
1575064,76614043556643600
2623640,72110443929338640
28824,72076367390310675
274584,216471930931249425
53400,216191546876231955
86168,72076298671882515
282776,216472953133465875
102552,216190455955587345
331928,216471862212821265
659608,76613974568735505
1577112,76613974837166865
2625688,72110375209861905
286872,216455438256832785
549016,72076367390311185
336024,216454355926122768
598168,72075285059601168
401560,220957938372579600
663704,76578867506058000
1187992,85568474843189520
1319064,220957938641010960
2367640,216454339013706000
1581208,76578867774489360
2629784,72075268147184400
3154072,76561276125380880
114840,216173963281170705
573592,216191546876232465
344216,216455369538404625
606360,72076298671883025
802968,216472953133466385
229528,220676463396917520
360600,504684714897965328
1147032,220676463665348880
2195608,216172864038043920
688280,220694046991979280
1212568,229683654329110800
819352,504702298493027088
1605784,220694047260410640
2654360,216190447633105680
3178648,220676455611302160
458904,220957869654151440
721048,76578798787629840
1245336,85568406124761360
1376408,220957869922582800
2424984,216454270295277840
1638552,76578799056061200
2687128,72075199428756240
3211416,76561207406952720
917656,220975453249213200
1441944,229965060586344720
1704088,85585989719823120
3276952,85568398070714640
1835160,220975453517644560
2883736,216471853890339600
3408024,220957861868536080
3670168,76578791002014480
3864,216191684382294288
18200,216176153780551953
34584,504404468347961616
67352,216173963348279568
526104,216191546943341328
6936,216226731315429633
19224,216193745966596353
35608,504422060534006016
68376,216191555534323968
13080,216191555533275393
70424,216191486814847233
74520,216173980528148736
140056,220677562974605568
271128,504685814475653376
1057560,220677563243036928
2106136,216173963615731968
49944,504406529932263681
148248,220679684688449793
279320,504687936189497601
1065752,220679684956881153
2114328,216176085329576193
99096,504404339499991296
295704,1081146558189142272
557848,504421923095053056
197400,220677494256177408
328472,504685745757225216
1114904,220677494524608768
2163480,216173894897303808
656152,220695077851239168
1180440,229684685188370688
787224,504703329352286976
1573656,220695078119670528
2622232,216191478492365568
3146520,220677486470562048
19736,216191684315185425
36120,504421235833176336
134424,220694184430932240
265496,504702435931980048
1051928,220694184699363600
2100504,216190585072058640
21784,216191546876231955
38168,504420960955269393
70936,216190455955587345
50456,504404468280852753
83224,216173963281170705
541976,216191546876232465
165144,508906968396599568
1082648,508906968665030928
2131224,504403369037725968
197912,220676463396917520
328984,504684714897965328
1115416,220676463665348880
2163992,216172864038043920
656664,220694046991979280
1180952,229683654329110800
787736,504702298493027088
1574168,220694047260410640
2622744,216190447633105680
3147032,220676455611302160
137496,220729231364067585
268568,504737482865115393
1055000,220729231632498945
2103576,216225632005193985
51480,504422060466897153
84248,216191555467215105
166168,508924560582643968
1083672,508924560851075328
2132248,504420961223770368
198936,220694055582961920
330008,504702307084009728
1116440,220694055851393280
2165016,216190456224088320
1181976,229701246515155200
3148056,220694047797346560
78104,216190473135456513
143640,220694055581913345
274712,504702307082961153
1061144,220694055850344705
2109720,216190456223039745
53528,504421923027943683
151832,220695077784129795
282904,504703329285177603
1069336,220695078052561155
2117912,216191478425256195
102680,504420832107299073
299288,1081163050796450049
200984,220693986863485185
332056,504702238364532993
1118488,220693987131916545
2167064,216190387504611585
1184024,229701177795678465
3150104,220693979077869825
90392,216173980461039873
155928,220677562907496705
287000,504685814408544513
1073432,220677563175928065
2122008,216173963548623105
205080,220676480576786688
336152,504684732077834496
1122584,220676480845218048
2171160,216172881217913088
401688,509188314524291328
2236696,220676463664369920
1319192,509188314792722688
2367768,504684715165417728
114968,504404339432882433
311576,1081146558122033409
573720,504421923027944193
213272,220677494189068545
344344,504685745690116353
1130776,220677494457499905
2179352,216173894830194945
672024,220695077784130305
1196312,229684685121261825
803096,504703329285178113
1589528,220695078052561665
2638104,216191478425256705
3162392,220677486403453185
229656,508906839548629248
1147160,508906839817060608
2195736,504403240189755648
426264,1085649058237780224
688408,508924423143691008
1212696,517914030480822528
1343768,1085649058506211584
2392344,1081145458878906624
1605912,508924423412122368
2654488,504420823784817408
3178776,508906831763013888
459032,509188245805863168
2294040,220676394945941760
1376536,509188246074294528
2425112,504684646446989568
917784,509205829400924928
1442072,518195436738056448
2752792,220693978541003520
1835288,509205829669356288
2883864,504702230042051328
3408152,509188238020247808
7704,72111680611418385
11800,72076779707171088
19992,72078695262585105
36376,216191959193092368
69144,72076504830312720
265752,216473159291896080
13848,72076504829264145
22040,72078557823631635
38424,216191684315185425
529944,72111543172465425
75288,72058929824137488
140824,76562512270594320
1058328,76562512539025680
2106904,72058912911720720
83480,72060974228570385
280088,216457628690153745
542232,72078557823632145
165400,220677691756515600
296472,504685943257563408
1082904,220677692024946960
2131480,216174092397642000
329240,216455438257881360
591384,72076367391359760
787992,216473021852943120
72216,72111551763448065
268824,216508206225031425
530968,72181911916643073
76312,72076522010181888
141848,76580104456638720
1059352,76580104725070080
2107928,72076505097765120
84504,72078566414614785
281112,216475220876198145
166424,220695283942560000
297496,504703535443607808
1083928,220695284210991360
2132504,216191684583686400
330264,216473030443925760
657944,76615142799840000
1575448,76615143068271360
2624024,72111543440966400
274968,216473030442877185
152088,76582088731529475
1069592,76582088999960835
2118168,72078489372655875
102936,216191555467215105
332312,216472961724449025
659992,76615074080363265
1577496,76615074348794625
2626072,72111474721489665
90648,72060991408439553
156184,76564573854896385
1073688,76564574123327745
2122264,72060974496022785
336408,216455455437750528
598552,72076384571228928
401944,220959037884207360
664088,76579967017685760
1188376,85569574354817280
1319448,220959038152638720
2368024,216455438525333760
1581592,76579967286117120
2630168,72076367658812160
3154456,76562375637008640
180760,220679753340817665
311832,504688004841865473
1098264,220679753609249025
2146840,216176153981944065
213528,76564505136468225
1131032,76564505404899585
2179608,72060905777594625
410136,220961159598051585
672280,76582088731529985
1196568,85571696068661505
1327640,220961159866482945
2376216,216457560239177985
1589784,76582088999961345
2638360,72078489372656385
3162648,76564497350852865
229912,220677562908545280
360984,504685814409593088
1147416,220677563176976640
2195992,216173963549671680
688664,220695146503607040
1212952,229684753840738560
819736,504703398004654848
1606168,220695146772038400
2654744,216191547144733440
3179032,220677555122929920
459288,220958969165779200
721432,76579898299257600
1245720,85569505636389120
1376792,220958969434210560
2425368,216455369806905600
1638936,76579898567688960
2687512,72076298940384000
3211800,76562306918580480
918040,220976552760840960
1442328,229966160097972480
1704472,85587089231450880
3277336,85569497582342400
1835544,220976553029272320
2884120,216472953401967360
3408408,220958961380163840
3670552,76579890513642240
15384,72110864534077713
23576,72111680577863955
39960,216226044019998993
72728,72110589657219345
269336,216507244118802705
531480,72180949810414353
273432,216472343214555408
543768,72111680577864465
101400,216190868238893328
330776,216472068337697040
658456,76614180693611280
1575960,76614180962042640
2624536,72110581334737680
29720,72076504795709715
46104,216190868237844753
275480,216472068336648465
54296,216191684281630995
545816,72111543138910995
103448,216190593360986385
594968,72110452218266385
791576,216507106679849745
58392,216174375563428113
287768,216455575662231825
549912,72076504795710225
107544,216173293232718096
173080,220676875679174928
304152,504685127180222736
1090584,220676875947606288
2139160,216173276320301328
336920,216454493331521808
599064,72075422465000208
402456,220958075777978640
664600,76579004911457040
1188888,85568612248588560
1319960,220958076046410000
2368536,216454476419105040
1582104,76579005179888400
2630680,72075405552583440
3154968,76561413530779920
115736,216174100686569745
574488,216191684281631505
230424,220676600802316560
361496,504684852303364368
1147928,220676601070747920
2196504,216173001443442960
689176,220694184397378320
1213464,229683791734509840
820248,504702435898426128
1606680,220694184665809680
2655256,216190585038504720
3179544,220676593016701200
853016,216471930898744080
79896,72110606837088513
145432,76614189283545345
1062936,76614189551976705
2111512,72110589924671745
88088,72111551729893635
284696,216508206191476995
546840,72181911883088643
170008,220729368769466625
301080,504737620270514433
1087512,220729369037897985
2136088,216225769410593025
333848,216507115270832385
595992,72180820962444033
792600,216577475424027393
59416,216191967749472513
288792,216473167848276225
108568,216190885418762496
174104,220694467865219328
305176,504702719366267136
1091608,220694468133650688
2140184,216190868506345728
337944,216472085517566208
403480,220975667964023040
1189912,85586204434632960
1320984,220975668232454400
2369560,216472068605149440
3155992,76579005716824320
116760,216191692872614145
608280,72111551729894145
804888,216508206191477505
231448,220694192988360960
362520,504702444489408768
1148952,220694193256792320
2197528,216190593629487360
1214488,229701383920554240
3180568,220694185202745600
722968,76614051845640960
1640472,76614052114072320
2689048,72110452486767360
919576,221010706307224320
1706008,85621242777834240
1837080,221010706575655680
2885656,216507106948350720
3672088,76614044060025600
290840,216473030409322755
110616,216190610540855553
176152,220694192987312385
307224,504702444488360193
1093656,220694193255743745
2142232,216190593628438785
602136,72110469398135553
667672,76614051844592385
1585176,76614052113023745
2633752,72110452485718785
118808,216191555433660675
348184,216472961690894595
675864,76615074046808835
1593368,76615074315240195
2641944,72111474687935235
692248,220729231330513665
823320,504737482831561473
1609752,220729231598945025
2658328,216225631971640065
725016,76613983126164225
1642520,76613983394595585
2691096,72110383767290625
921624,221010637587747585
1708056,85621174058357505
1839128,221010637856178945
2887704,216507038228873985
3674136,76613975340548865
122904,216174117866438913
188440,220677700312895745
319512,504685951813943553
1105944,220677700581327105
2154520,216174100954022145
811032,216473030409323265
237592,220676617982185728
368664,504684869483233536
1155096,220676618250617088
2203672,216173018623312128
434200,509188451929690368
2269208,220676601069768960
1351704,509188452198121728
2400280,504684852570816768
860184,216471948078613248
925720,220975530525070080
1450008,229965137862201600
1712152,85586066995680000
3285016,85568475346571520
1843224,220975530793501440
2891800,216471931166196480
3416088,220957939144392960
3678232,76578868277871360
639000,216191555433661185
868376,216472961690895105
753688,220694055549408000
1277976,229683662886539520
884760,504702307050455808
1671192,220694055817839360
2719768,216190456190534400
3244056,220676464168730880
1736728,229701246481601280
3309592,229683654832492800
3702808,220694047763792640
983064,220975461806641920
1507352,229965069143773440
1769496,85585998277251840
3342360,85568406628143360
1900568,220975462075073280
2949144,216471862447768320
3473432,220957870425964800
3735576,76578799559443200
1966104,229982652738835200
3538968,229965061089726720
3801112,85585990223205120
3932184,220975454021026560
1000,220697272580571408
1512,220695142209683760
2536,220730326581772560
4584,220730257862295825
16872,220697272513462545
66024,220695077787271440
131560,229702272744952080
1049064,229702273013383440
1768,76582153157083440
2792,76617337529172240
4840,76617268809695505
33512,220697341232939280
66280,76582088734671120
131816,85589283692351760
262888,220978747490173200
1049320,85589283960783120
3304,76615275911315760
34024,220695279615082800
525544,76615138472362800
35048,220730463987171600
20712,76617268776141075
540904,76617268776141585
557288,220730326548218640
590056,76615074049950480
655592,85622269007631120
786664,221011732805452560
1573096,85622269276062480
1896,220697341232939280
9064,220697345527906560
17256,220701670559973633
33640,508927717384651008
263016,509209123641884928
2098024,220697272781963520
3432,220730463987171600
525672,220730326548218640
10600,220730468282138880
18792,220732525571473665
35176,508960840138883328
67944,220730330845282560
133480,229737525802963200
526696,220800695292396288
1050984,229737526071394560
69992,220730262125805825
135528,229737457083486465
528744,220800626572919553
1053032,229737457351917825
74088,220695155063128320
532840,220730330843185920
82280,220697276776972545
147816,229704471734653185
1065320,229704472003084545
557416,508960702699930368
196968,229702277008462080
1114472,229702277276893440
786792,509242108957164288
2621800,220730258097242880
3146088,229702273516765440
3688,76617474934571280
34408,220697478638338320
525928,76617337495618320
10856,76617479229538560
68200,76617341792682240
133736,85624536750362880
264808,221014000548184320
526952,76687706239795968
1051240,85624537018794240
21096,76621666822652163
37480,220732525571473665
70248,76617273073205505
135784,85624468030886145
266856,221013931828707585
529000,76687637520319233
1053288,85624468299317505
41576,220697482933305600
74344,76582166010528000
533096,76617341790585600
541288,76621666822652673
98920,220697345496449280
164456,229704540454129920
1081960,229704540722561280
197224,85589287955861760
328296,220978751753683200
1114728,85589288224293120
393832,229985946711363840
1311336,229985946979795200
2622056,76617269044642560
3146344,85589284464165120
19560,76617474917794065
35944,220730738848301328
68712,76615280191602960
134248,85622475149283600
265320,221011938947105040
527464,76685644638716688
1051752,85622475417714960
21608,76617337478840595
37992,220730463970394385
74856,76580104409448720
533608,76615280189506320
50280,220697478621561105
541800,76617337478841105
99432,220695283895370000
164968,229702478853050640
1082472,229702479121482000
590952,76615142752650000
656488,85622337710330640
787560,221011801508152080
1573992,85622337978762000
22632,76687706223018243
39016,220800832714572033
530536,76826244688118529
26728,76617479212761345
43112,220730743143268608
141416,85622479444250880
272488,221011943242072320
534632,76685648933683968
1058920,85622479712682240
84072,76617341775905025
149608,85624536733585665
280680,221014000531407105
542824,76687706223018753
1067112,85624537002017025
297064,509242315098816768
2132072,220730464238895360
198760,85622342007394560
329832,221011805805216000
591976,76685511496827648
1116264,85622342275825920
395368,230019000762896640
657512,85692706454508288
788584,221082170252329728
1312872,230019001031328000
1575016,85692706722939648
3147880,85622338515697920
28776,76617341773807875
45160,220730468265361665
77928,76615151342584065
2117736,76617269027864835
102504,220730330828505345
168040,229737525786185985
561256,220800695275619073
1085544,229737526054617345
200808,85622273287917825
331880,221011737085739265
594024,76685442777350913
1118312,85622273556349185
397416,230018932043419905
659560,85692637735031553
790632,221082101532852993
1314920,230018932311851265
1577064,85692638003462913
3149928,85622269796221185
57448,220697482916528385
90216,76582165993750785
548968,76617341773808385
172136,229702483148017920
1089640,229702483416449280
204904,85587166225240320
335976,220976630023061760
1122408,85587166493671680
663656,85622342005297920
794728,221011805803119360
1581160,85622342273729280
114792,220697345479672065
180328,229704540437352705
1097832,229704540705784065
213096,85589287939084545
344168,220978751736905985
1130600,85589288207515905
409704,229985946694586625
1327208,229985946963017985
2637928,76617269027865345
3162216,85589284447387905
229480,229702345711161600
1146984,229702345979592960
819304,509242177659863808
2654312,220730326799942400
3178600,229702342219464960
458856,229983751968395520
1376360,229983752236826880
2687080,76615074301674240
3211368,85587089721196800
1704040,103636667768771328
2752616,85622269259354880
2883688,221011733057176320
3407976,229983748476698880
2984,216193741672677648
5032,216193672953200913
9128,216176153781600528
17320,216180478813667601
33704,504406525638344976
132008,220679680394531088
263080,504687931895578896
1049512,220679680662962448
2098088,216176081035657488
5544,216191542582313265
132520,220677550023643440
263592,504685801524691248
1050024,220677550292074800
2098600,216173950664769840
6568,216226726954402065
10664,216191684316234000
18856,216193741605568785
35240,504422056172978448
68008,216191546879377680
70056,216191478159900945
25000,216176153714491665
41384,504404468281901328
532904,216191546877281040
49576,504406525571236113
147880,220679680327422225
278952,504687931828470033
1065384,220679680595853585
2113960,216176080968548625
98728,504404330845045008
295336,1081146553828114704
557480,504421918734025488
197032,220677485601231120
328104,504685737102278928
1114536,220677485869662480
2163112,216173886242357520
655784,220695073490211600
1180072,229684680827343120
786856,504703324991259408
1573288,220695073758642960
2621864,216191474131338000
3146152,220677482109534480
5800,72078553529712945
18088,72065359390179633
132776,76564560971043120
1050280,76564561239474480
2098856,72060961612169520
6824,72113737901801745
10920,72078695263633680
68264,72078557826777360
264872,216475216582279440
21160,72082882856747283
37544,216193741605568785
70312,72078489107300625
266920,216475147862802705
271016,216457628691202320
533160,72078557824680720
49832,216180547466035473
82600,72065294967767313
279208,216461953723269393
541352,72082882856747793
164520,220679749046898960
295592,504688000547946768
1082024,220679749315330320
2130600,216176149688025360
197288,76564496548630800
1114792,76564496817062160
2163368,72060897189757200
393896,220961155304132880
656040,76582084437611280
1180328,85571691774742800
1311400,220961155572564240
2359976,216457555945259280
1573544,76582084706042640
2622120,72078485078737680
3146408,76564493056934160
7336,72111676283945265
19624,72078690935111985
36008,216191954865619248
68776,72076496208920880
265384,216473154964422960
21672,72078553496158515
38056,216191679987712305
529576,72111538844992305
25768,72061103044034865
42152,216174366974542128
271528,216455567073345840
533672,72076496206824240
83112,72060965607178545
279720,216457624362680625
541864,72078553496159025
165032,220677687429042480
296104,504685938930090288
1082536,220677687697473840
2131112,216174088070168880
328872,216455429636489520
591016,72076358769967920
787624,216473017525470000
22696,72113737868247315
39080,216226864359801105
75944,72076504798855440
534696,72111680578913040
51368,216193879010967825
542888,72113737868247825
100520,216191684284776720
592040,72111543142056720
788648,216508201897558800
53416,216193741572014355
86184,72078489073746195
282792,216475147829248275
561320,216226726920848145
594088,72111474422579985
790696,216508133178082065
57512,216176291119890705
90280,72060974197113105
565416,216191684282680080
336040,216455438226424080
598184,72076367359902480
114856,216176153683034385
573608,216193741572014865
344232,216457559940268305
606376,72078489073746705
802984,216475147829248785
622760,216191546845823760
852136,216472953103057680
5928,216193741605568785
18216,216180547466035473
132904,220679749046898960
263976,504688000547946768
1050408,220679749315330320
2098984,216176149688025360
19240,216198139652079873
133928,220697341232943360
265000,504705592733991168
1051432,220697341501374720
2100008,216193741874069760
13096,216193745900536065
37672,504424117757280513
135976,220697272513466625
267048,504705524014514433
1053480,220697272781897985
2102056,216193673154593025
25384,216180551761002753
140072,220679753341866240
271144,504688004842914048
1057576,220679753610297600
2106152,216176153982992640
49960,504410923617747201
148264,220684078373933313
279336,504692329874981121
1065768,220684078642364673
2114344,216180479015059713
164648,508910125198610688
1082152,508910125467042048
2130728,504406525839737088
394024,509191531455844608
2229032,220679680595923200
1311528,509191531724275968
2360104,504687932096971008
7464,216226864359801105
19752,216193879010967825
68904,216191684284776720
21800,216193741572014355
529704,216226726920848145
25896,216176291119890705
533800,216191684282680080
50472,504406662976635153
83240,216176153683034385
541992,216193741572014865
99624,504404468250444048
296232,1081146691233513744
558376,504422056139424528
591144,216191546845823760
14632,216226868654768385
39208,504457240511512833
71976,216226731217912065
530728,216297095665025793
26920,216193883305935105
51496,504424255162679553
84264,216193745869078785
100648,504422060436488448
297256,1081164283419558144
657704,220730326548222720
788776,504738578049270528
1575208,220730326816654080
2623784,216226727189349120
28968,216193745866981635
78120,216191555435757825
536872,216226731215815425
53544,504424117723726083
151848,220697272479912195
282920,504705523980960003
1069352,220697272748343555
2117928,216193673121038595
561448,504457103072559873
659752,220730257828745985
790824,504738509329793793
1577256,220730258097177345
2625832,216226658469872385
57640,504406667271602433
549160,216193745866982145
303400,1081146695528481024
565544,504422060434391808
205096,220677562877088000
336168,504685814378135808
1122600,220677563145519360
2171176,216173963518214400
114984,504406529834746113
311592,1081148752817815809
573736,504424117723726593
213288,220679684590932225
344360,504687936091980033
1130792,220679684859363585
2179368,216176085232058625
672040,220697272479912705
1196328,229686879817044225
803112,504705523980960513
1589544,220697272748344065
2638120,216193673121039105
3162408,220679681099235585
360744,1081146558091624704
622888,504421922997535488
819496,1081164145980605184
721192,220695077753721600
1245480,229684685090853120
852264,504703329254769408
1638696,220695078022152960
2687272,216191478394848000
3211560,220677486373044480
1704232,229702272979833600
3277096,229684681330725120
3670312,220695074262024960
7720,72113875307200785
36392,216194153888874768
69160,72078695232176400
265768,216475353987678480
38440,216193879010967825
529960,72113737868247825
42536,216176565997797648
271912,216457766096601360
534056,72078695230079760
50728,216180684871434513
165416,220679886452298000
296488,504688137953345808
1082920,220679886720729360
2131496,216176287093424400
329256,216457628659745040
591400,72078557793223440
788008,216475216548725520
14888,72113879602168065
23080,72118135914758403
72232,72113742165311745
268840,216510400920813825
530984,72184106612425473
43560,216194158183842048
272936,216475358282645760
51752,216198277057478913
543272,72118135914758913
166440,220697478638342400
297512,504705730139390208
1083944,220697478906773760
2132520,216193879279468800
330280,216475220845789440
657960,76617337495622400
1575464,76617337764053760
2624040,72113738136748800
45608,216193883305935105
78376,72078566383157505
537128,72113742163215105
53800,216198139618525443
86568,72082887120257283
283176,216479545875759363
102952,216193745869078785
332328,216475152126312705
660008,76617268776145665
1577512,76617269044577025
2626088,72113669417272065
57896,216180689166401793
90664,72065372243624193
172584,220679890747265280
303656,504688142248313088
1090088,220679891015696640
2138664,216176291388391680
205352,76564573824487680
1122856,76564574092919040
2171432,72060974465614080
795176,216475220843692800
115240,216180551729545473
573992,216198139618525953
344616,216461957986779393
606760,72082887120257793
803368,216479545875759873
229928,220679753310408960
361000,504688004811456768
1147432,220679753578840320
2196008,216176153951535360
688680,220697341199389440
1212968,229686948536520960
819752,504705592700437248
1606184,220697341467820800
2654760,216193741840515840
3179048,220679749818712320
459304,220961159567642880
721448,76582088701121280
1245736,85571696038252800
1376808,220961159836074240
2425384,216457560208769280
1638952,76582088969552640
2687528,72078489342247680
3211816,76564497320444160
918056,220978747456623360
1442344,229968354793754880
1704488,85589283927233280
3277352,85571692278124800
1835560,220978747725054720
2884136,216475148097749760
3408424,220961156075946240
3670568,76582085209424640
39976,216227139220930833
72744,72111680564232465
269352,216508339319734545
531496,72182045011346193
44072,216192508899623184
76840,72076779659985168
535592,72111955440042768
52264,216194153872097553
85032,72078695215399185
281640,216475353970901265
101416,216191959145906448
330792,216473159244710160
658472,76615275894543120
1575976,76615276162974480
2624552,72111676535669520
29736,72078695213302035
78888,72076504782078225
537640,72111680562135825
87080,72078557776445715
283688,216475216531947795
103464,216191684267999505
594984,72111543125279505
791592,216508201880781585
58408,216176565981020433
287784,216457766079824145
549928,72078695213302545
566312,216191959143809808
205864,76562512223408400
1123368,76562512491839760
2171944,72058912864534800
795688,216473159242613520
181288,220679886435520785
312360,504688137936568593
1098792,220679886703952145
2147368,216176287076647185
345128,216457628642967825
607272,72078557776446225
803880,216475216531948305
230440,220677691709329680
361512,504685943210377488
1147944,220677691977761040
2196520,216174092350456080
689192,220695279598310160
1213480,229684886935441680
820264,504703531099357968
1606696,220695279866741520
2655272,216191680239436560
3179560,220677688217633040
853032,216473021805757200
47144,216227143515898113
276520,216508343614701825
538664,72182049306313473
153640,76617337478844675
1071144,76617337747276035
2119720,72113738119971075
170024,220730463970398465
301096,504738715471446273
1087528,220730464238829825
2136104,216226864611524865
333864,216508206177845505
596008,72181911869457153
792616,216578570624959233
59432,216194158167064833
288808,216475358265868545
206888,76580104409452800
1124392,76580104677884160
2172968,72076505050579200
665640,76615280189510400
1583144,76615280457941760
2631720,72111680830636800
182312,220697478621565185
313384,504705730122612993
1099816,220697478889996545
2148392,216193879262691585
346152,216475220829012225
673832,76617337478845185
1591336,76617337747276545
2639912,72113738119971585
231464,220695283895374080
362536,504703535396421888
1148968,220695284163805440
2197544,216191684536500480
1214504,229702479121486080
3180584,220695280403677440
722984,76615142752654080
1640488,76615143021085440
2689064,72111543393780480
919592,221011801508156160
1706024,85622337978766080
1837096,221011801776587520
2885672,216508202149282560
3672104,76615139260957440
290856,216475220826915075
340008,216473030395691265
798760,216508206175748865
184360,220697341182611715
315432,504705592683659523
1101864,220697341451043075
2150440,216193741823738115
217128,76582088684343555
1134632,76582088952774915
2183208,72078489325469955
413736,220978747439845635
1200168,85589283910455555
1331240,220978747708276995
2379816,216475148080972035
3166248,76582085192646915
692264,220730326531445505
823336,504738578032493313
1609768,220730326799876865
2658344,216226727172571905
725032,76615074033177345
1642536,76615074301608705
2691112,72111474674303745
921640,221011732788679425
1708072,85622269259289345
1839144,221011733057110785
2887720,216508133429805825
3674152,76615070541480705
188456,220679890730488065
319528,504688142231535873
1105960,220679890998919425
2154536,216176291371614465
221224,76564573807710465
1138728,76564574076141825
2187304,72060974448836865
811048,216475220826915585
696360,220695283893277440
1220648,229684891230408960
827432,504703535394325248
1613864,220695284161708800
2662440,216191684534403840
3186728,220677692512600320
466984,220959037837021440
729128,76579966970499840
1253416,85569574307631360
1384488,220959038105452800
2433064,216455438478147840
1646632,76579967238931200
2695208,72076367611626240
3219496,76562375589822720
245800,220679753293631745
376872,504688004794679553
1163304,220679753562063105
2211880,216176153934758145
704552,220697341182612225
1228840,229686948519743745
835624,504705592683660033
1622056,220697341451043585
2670632,216193741823738625
3194920,220679749801935105
475176,220961159550865665
737320,76582088684344065
1261608,85571696021475585
1392680,220961159819297025
2441256,216457560191992065
1654824,76582088952775425
2703400,72078489325470465
3227688,76564497303666945
933928,220978747439846145
1458216,229968354776977665
1720360,85589283910456065
3293224,85571692261347585
1851432,220978747708277505
2900008,216475148080972545
3424296,220961156059169025
3686440,76582085192647425
753704,220695146456421120
1277992,229684753793552640
884776,504703397957468928
1671208,220695146724852480
2719784,216191547097547520
3244072,220677555075744000
1736744,229702341682533120
3309608,229684750033424640
3702824,220695142964724480
983080,220976552713655040
1507368,229966160050786560
1769512,85587089184264960
3342376,85569497535156480
1900584,220976552982086400
2949160,216472953354781440
3473448,220958961332977920
3735592,76579890466456320
1966120,229983747939767040
3538984,229966156290658560
3801128,85587085424136960
3932200,220976549221958400
1992,220695142275744048
3016,220730326647832848
5064,220730257928356113
17352,220697272579522833
132040,229702272811012368
1049544,229702273079443728
17864,220695142208635185
67016,220694046993023280
263624,509205893825429808
2098632,220694042965508400
6600,220799595813273873
18888,220730326580723985
68040,220729231365112080
264648,509241078197518608
2099656,220729227337597200
12744,220729231364063505
37320,508959603220807953
70088,220729162645635345
266696,509241009478041873
2101704,220729158618120465
41416,508924560582639888
74184,220694055582957840
139720,229701246246719760
1057224,229701246515151120
147912,229702272743903505
1065416,229702273012334865
164296,517931618103464208
295368,1085666646128853264
1081800,517931618371895568
197064,229701177528291600
1114568,229701177796722960
393672,518213024360698128
1180104,247715572010193168
2228680,229701173500776720
1311176,518213024629129488
5832,76615138504868145
9928,76580095866700080
18120,76582153156034865
132808,85587153387524400
263880,220976617185345840
1050312,85587153655955760
10952,76615280238788880
19144,76617337528123665
133832,85622337759613200
264904,221011801557434640
527048,76685507249046288
1051336,85622338028044560
37576,220730326580723985
135880,85622269040136465
266952,221011732837957905
529096,76685438529569553
1053384,85622269308567825
41672,220695283942555920
533192,76615142799835920
49864,220697341231890705
148168,85589283691303185
279240,220978747489124625
1065672,85589283959734545
164552,229702341463380240
1082056,229702341731811600
590536,76615074081407760
393928,229983747720614160
1311432,229983747989045520
2622152,76615070053892880
3146440,85587085473415440
7368,76684545142817073
11464,76614455571513648
19656,76615275910267185
68808,76614180694655280
2100424,76614176667140400
13512,76614180693606705
21704,76615138471313715
136392,85621238214431025
267464,221010702012252465
529608,76684407703864113
1053896,85621238482862385
42184,220694459275280688
74952,76579004912501040
140488,85586195576262960
271560,220975659374084400
1057992,85586195844694320
50376,220695279614034225
541896,76615138471314225
99528,220694184398422320
296136,509206031230828848
2131144,220694180370907440
591048,76614043255702320
394440,229982716894908720
1311944,229982717163340080
2622664,76614039228187440
3146952,85586054647710000
39112,220799733218672913
530632,76825145192219409
43208,220729643647369488
75976,76614189284589840
141512,85621379948351760
272584,221010843746173200
534728,76684549437784848
1059016,85621380216783120
51400,220730463986123025
100552,220729368770511120
297160,509241215602917648
2132168,220729364742996240
395464,230017901266997520
657608,85691606958609168
788680,221081070756430608
1312968,230017901535428880
1575112,85691607227040528
3147976,85621239019798800
45256,220729368769462545
53448,220730326547169555
151752,85622269006582035
282824,221011732804403475
544968,76685438496015123
1069256,85622269275013395
168136,229736426290286865
561352,220799595779719953
1085640,229736426558718225
397512,230017832547520785
659656,85691538239132433
790728,221081002036953873
1315016,230017832815952145
1577160,85691538507563793
3150024,85621170300322065
106696,220694192988356880
172232,229701383652118800
1089736,229701383920550160
598216,76614051845636880
663752,85621242509398800
794824,221010706307220240
1581256,85621242777830160
573640,220730326547170065
671944,85622269006582545
803016,221011732804403985
1589448,85622269275013905
622792,220729231331558160
819400,509241078163964688
2654408,220729227304043280
3178696,229701242723565840
721096,85621173790970640
852168,221010637588792080
1638600,85621174059402000
1704136,103635568272872208
2752712,85621169763455760
2883784,221010633561277200
3408072,229982648980799760
5960,220730326580723985
10056,220695283942555920
18248,220697341231890705
34632,508925655799300368
132936,229702341463380240
1050440,229702341731811600
6984,220800695324901633
68424,220730330876739840
265032,509242177709146368
2100040,220730326849224960
13128,220730330875691265
37704,508960702732435713
70472,220730262157263105
267080,509242108989669633
2102088,220730258129748225
25416,220697345526857985
41800,508925660094267648
74568,220695155094585600
140104,229702345758347520
1057608,229702346026778880
49992,508927717383602433
82760,220697276808429825
279368,509209123640836353
2114376,220697272780914945
164680,517932717615091968
295752,1085667745640481024
1082184,517932717883523328
197448,229702277039919360
1114952,229702277308350720
394056,518214123872325888
1180488,247716671521820928
2229064,229702273012404480
1311560,518214124140757248
7496,220799733218672913
11592,220729643647369488
19784,220730463986123025
36168,508960015504113936
68936,220729368770511120
265544,509241215602917648
2100552,220729364742996240
13640,220729368769462545
21832,220730326547169555
38216,508959740626206993
136520,229736426290286865
529736,220799595779719953
1054024,229736426558718225
75080,220694192988356880
140616,229701383652118800
1058120,229701383920550160
542024,220730326547170065
165192,517931755508863248
296264,1085666783534252304
1082696,517931755777294608
591176,220729231331558160
787784,509241078163964688
2622792,220729227304043280
3147080,229701242723565840
14664,220799737513640193
22856,220800695291347203
39240,509030109370384641
137544,229806795034464513
1055048,229806795302895873
26952,220730468281090305
43336,508960019799081216
272712,509241219897884928
2107720,220729369037963520
51528,508960840137834753
149832,229737525801914625
543048,220800695291347713
1067336,229737526070345985
100680,508959744922222848
2132296,508959740894707968
198984,229736430586302720
592200,220799600075735808
1116488,229736430854734080
395592,518248277418709248
1182024,247750825068204288
2230600,229736426558787840
788808,509311446908142336
1313096,518248277687140608
2623816,220799596048220928
29000,220730330842136835
45384,508959744921174273
78152,220729239921492225
143688,229736430585254145
536904,220799600074687233
1061192,229736430853685505
53576,508960702698881283
86344,220730262123708675
282952,509242108956115203
2117960,220730258096193795
168264,517966802441998593
299336,1085701830467387649
561480,509029971931431681
1085768,517966802710429953
201032,229736361866825985
594248,220799531356259073
1118536,229736362135257345
397640,518248208699232513
1184072,247750756348727553
2232648,229736357839311105
790856,509311378188665601
1315144,518248208967663873
2625864,220799527328744193
549192,220730330842137345
106824,508924569140068608
172360,517931759803830528
303432,1085666787829219584
1089864,517931760072261888
205128,229701254804148480
1122632,229701255072579840
794952,509241082458931968
2629960,220729231599010560
3154248,229701247018533120
573768,508960702698881793
606536,220730262123709185
803144,509242108956115713
2638152,220730258096194305
3162440,229702273515716865
622920,508959607483269888
426312,1094673845350043904
1343816,1094673845618475264
2654536,508959603455755008
3178824,517931618875277568
852296,509241013740503808
2687304,220729162880582400
3211592,229701178300104960
3277128,247715572513575168
2883912,509241009712988928
3408200,518213025132511488
20040,76617474933522705
36424,220730738864029968
134728,85622475165012240
265800,221011938962833680
527944,76685644654445328
1052232,85622475433443600
22088,76617337494569235
38472,220730463986123025
534088,76615280205234960
50760,220697478637289745
542280,76617337494569745
165448,229702478868779280
1082952,229702479137210640
656968,85622337726059280
788040,221011801523880720
1574472,85622337994490640
23112,76687706238746883
39496,220800832730300673
531016,76826244703847169
27208,76617479228489985
43592,220730743158997248
76360,76615288796217600
141896,85622479459979520
272968,221011943257800960
535112,76685648949412608
1059400,85622479728410880
150088,85624536749314305
281160,221014000547135745
543304,76687706238747393
1067592,85624537017745665
100936,220730468282138880
297544,509242315114545408
2132552,220730464254624000
395848,230019000778625280
657992,85692706470236928
789064,221082170268058368
1313352,230019001047056640
1575496,85692706738668288
3148360,85622338531426560
29256,76617341789536515
45640,220730468281090305
86600,76617273071108355
2118216,76617269043593475
168520,229737525801914625
561736,220800695291347713
1086024,229737526070345985
397896,230018932059148545
660040,85692637750760193
791112,221082101548581633
1315400,230018932327579905
1577544,85692638019191553
3150408,85622269811949825
57928,220697482932257025
549448,76617341789537025
107080,220695292499984640
172616,229702483163746560
1090120,229702483432177920
598600,76615151357264640
664136,85622342021026560
795208,221011805818848000
1581640,85622342289457920
180808,229704540453081345
1098312,229704540721512705
606792,76617273071108865
410184,229985946710315265
1327688,229985946978746625
2638408,76617269043593985
3162696,85589284463116545
623176,220730330843185920
819784,509242177675592448
2654792,220730326815671040
3179080,229702342235193600
721480,85622273302598400
852552,221011737100419840
1638984,85622273571029760
1704520,103636667784499968
2753096,85622269275083520
2884168,221011733072904960
3408456,229983748492427520
23624,76685644637667603
40008,220800008079802641
138312,85691744380784913
269384,221081208178606353
1055816,85691744649216273
76872,76614464145719568
142408,85621654809481488
273480,221011118607302928
535624,76684824298914576
1059912,85621655077912848
52296,220730738847252753
150600,85622475148235025
281672,221011938946056465
543816,76685644637668113
1068104,85622475416666385
101448,220729643631640848
298056,509241490464047376
2133064,220729639604125968
199752,85621379932623120
330824,221010843730444560
592968,76684549422056208
1117256,85621380201054480
1182792,103635774414524688
2231368,85621375905108240
2362440,221010839702929680
2624584,76684545394541328
29768,76615280188457235
46152,220729643630592273
78920,76614189267812625
144456,85621379931574545
275528,221010843729395985
537672,76684549421007633
1061960,85621380200005905
152648,85622337709281555
283720,221011801507102995
545864,76685507198714643
1070152,85622337977712915
103496,220729368753733905
300104,509241215586140433
2135112,220729364726219025
398408,230017901250220305
660552,85691606941831953
791624,221081070739653393
1315912,230017901518651665
1578056,85691607210263313
3150920,85621239003021585
549960,76615280188457745
107592,220694467849486608
173128,229701658513248528
1090632,229701658781679888
205896,85586204150468880
336968,220975667948290320
1123400,85586204418900240
402504,229982858612052240
1320008,229982858880483600
2630728,76614180945330960
3155016,85586196364853520
181320,229702478852002065
1098824,229702479120433425
672840,85622337709282065
803912,221011801507103505
1590344,85622337977713425
230472,229701383636390160
1147976,229701383904821520
427080,518213230468796688
1213512,247715778118291728
2262088,229701379608875280
1344584,518213230737228048
721992,85621242493670160
853064,221010706291491600
1639496,85621242762101520
1705032,103635636975571728
2753608,85621238466155280
2884680,221010702263976720
3408968,229982717683499280
30792,76685648932634883
47176,220800012374769921
79944,76684558011990273
145480,85691748675752193
276552,221081212473573633
1062984,85691748944183553
153672,85692706453459203
284744,221082170251280643
1071176,85692706721890563
104520,220799737497911553
301128,509311584330318081
2136136,220799733470396673
596040,76825149471458049
399432,230088269994397953
1316936,230088270262829313
2627656,76825145443943169
3151944,85691607747199233
59464,220730743142220033
92232,76615288779440385
157768,85622479443202305
288840,221011943241023745
550984,76685648932635393
1075272,85622479711633665
305224,509241494759014656
2140232,220729643899093248
2173000,76614189536313600
1189960,103635778709491968
2238536,85621380200075520
2369608,221010843997896960
2631752,76684549689508608
116808,220730468265361665
313416,509242315097768193
2148424,220730464237846785
411720,230019000761848065
673864,85692706453459713
804936,221082170251281153
1329224,230019001030279425
1591368,85692706721891073
3164232,85622338514649345
362568,509241219882156288
2197576,220729369022234880
2394184,509241215854641408
460872,230017905546236160
723016,85691611237847808
854088,221081075035669248
1378376,230017905814667520
1640520,85691611506279168
3213384,85621243299037440
1443912,248032300028137728
2492488,230017901518721280
1706056,103706005719749376
2754632,85691607210332928
3278920,103635637512507648
2885704,221081071008154368
94280,76615151340486915
159816,85622342004248835
290888,221011805802070275
553032,76685511493681923
1077320,85622342272680195
307272,509241219881107713
2142280,220729369021186305
208968,85621251083604225
340040,221010714881425665
602184,76684420573037313
1126472,85621251352035585
405576,230017905545187585
667720,85691611236799233
798792,221081075034620673
1323080,230017905813618945
1585224,85691611505230593
3158088,85621243297988865
118856,220730330826408195
315464,509242177658814723
2150472,220730326798893315
217160,85622273285820675
348232,221011737083642115
610376,76685442775253763
1134664,85622273554252035
1200200,103636667767722243
2248776,85622269258305795
2379848,221011733056127235
2641992,76685438747738883
233544,229736430569525505
626760,220799600058958593
1151048,229736430837956865
430152,518248277401932033
1216584,247750825051427073
2265160,229736426542010625
823368,509311446891365121
1347656,518248277670363393
2658376,220799596031443713
462920,230017836826759425
725064,85691542518371073
856136,221081006316192513
1380424,230017837095190785
1642568,85691542786802433
3215432,85621174579560705
1445960,248032231308660993
2494536,230017832799244545
1708104,103705937000272641
2756680,85691538490856193
3280968,103635568793030913
2887752,221081002288677633
122952,220695292483207425
188488,229702483146969345
1105992,229702483415400705
614472,76615151340487425
680008,85622342004249345
811080,221011805802070785
1597512,85622342272680705
368712,509206044100002048
2203720,220694193240080640
434248,518213234763763968
1220680,247715782413259008
2269256,229701383903842560
1351752,518213235032195328
467016,229982729764081920
1384520,229982730032513280
2695240,76614052097360640
3219528,85586067516883200
1712200,103635641270539008
2760776,85621242761122560
2891848,221010706558944000
3416136,229982721978466560
639048,220730330826408705
835656,509242177658815233
2670664,220730326798893825
3194952,229702342218416385
737352,85622273285821185
868424,221011737083642625
1654856,85622273554252545
1720392,103636667767722753
2768968,85622269258306305
2900040,221011733056127745
3424328,229983748475650305
884808,509241082443203328
2719816,220729231583281920
3244104,229701247002804480
3309640,247715641216274688
2916424,509241078415688448
3440712,518213093835211008
1769544,103635572552110848
2818120,85621174042694400
2949192,221010637840515840
3473480,229982653260038400
3539016,247997047473508608
6024,216191542648373553
67464,216173954758345008
133000,220677550089703728
264072,504685801590751536
1050504,220677550358135088
2099080,216173950730830128
7048,216226727020462353
11144,216191684382294288
19336,216193741671629073
35720,504422056239038736
25480,216176153780551953
41864,504404468347961616
74632,216173963348279568
533384,216191546943341328
50056,504406525637296401
82824,216176085062123793
148360,220679680393482513
279432,504687931894530321
1065864,220679680661913873
2114440,216176081034608913
295816,1081146553894174992
557960,504421918800085776
590728,216191478224913168
656264,220695073556271888
1180552,229684680893403408
787336,504703325057319696
1573768,220695073824703248
2622344,216191474197398288
3146632,220677482175594768
71048,216190447365652785
136584,220694042697011505
267656,504702294198059313
1054088,220694042965442865
2102664,216190443338137905
83336,216173954691236145
148872,220677550022594865
279944,504685801523642673
1066376,220677550291026225
2114952,216173950663721265
198024,220676454806982960
329096,504684706308030768
1115528,220676455075414320
2164104,216172855448109360
394632,509188301639389488
2229640,220676450779468080
1312136,509188301907820848
2360712,504684702280515888
72072,216225631737741585
137608,220729227069100305
268680,504737478570148113
1055112,220729227337531665
2103688,216225627710226705
27016,216191684315185425
43400,504421235833176336
141704,220694184430932240
272776,504702435931980048
1059208,220694184699363600
2107784,216190585072058640
51592,504422056171929873
100744,504420960956317968
166280,508924556287676688
1083784,508924556556108048
2132360,504420956928803088
1182088,229701242220187920
3148168,220694043502379280
29064,216191546876231955
45448,504420960955269393
78216,216190455955587345
53640,504421918732976403
86408,216191478157803795
151944,220695073489162515
283016,504703324990210323
1069448,220695073757593875
2118024,216191474130288915
299400,1081163046501482769
1184136,229701173500711185
3150216,220693974782902545
57736,504404468280852753
90504,216173963281170705
549256,216191546876232465
172424,508906968396599568
1089928,508906968665030928
2138504,504403369037725968
205192,220676463396917520
336264,504684714897965328
1122696,220676463665348880
2171272,216172864038043920
663944,220694046991979280
1188232,229683654329110800
795016,504702298493027088
1581448,220694047260410640
2630024,216190447633105680
3154312,220676455611302160
311688,1081146553827066129
573832,504421918732976913
606600,216191478157804305
672136,220695073489163025
1196424,229684680826294545
803208,504703324990210833
1589640,220695073757594385
2638216,216191474130289425
3162504,220677482108485905
360840,1081145458611454224
622984,504420823517365008
426376,1085649053942812944
688520,508924418848723728
1212808,517914026185855248
1343880,1085649054211244304
2392456,1081145454583939344
1606024,508924419117155088
2654600,504420819489850128
3178888,508906827468046608
721288,220693978273551120
1245576,229683585610682640
852360,504702229774598928
1638792,220693978541982480
2687368,216190378914677520
3211656,220676386892874000
917896,509205825105957648
1442184,518195432443089168
2752904,220693974246036240
1835400,509205825374389008
2883976,504702225747084048
3408264,509188233725280528
11912,72076771117236528
69256,72076496240378160
134792,76580091571736880
1052296,76580091840168240
2100872,72076492212863280
13960,72076496239329585
267912,216473017557975345
140936,76562503680659760
1058440,76562503949091120
2107016,72058904321786160
83592,72060965638635825
149128,76564560969994545
1066632,76564561238425905
2115208,72060961611120945
329352,216455429667946800
591496,72076358801425200
394888,220959024999305520
657032,76579954132783920
1181320,85569561469915440
1312392,220959025267736880
2360968,216455425640431920
1574536,76579954401215280
2623112,72076354773910320
3147400,76562362752106800
14984,72111680611418385
268936,216508201930064145
531080,72181907621675793
27272,72078695262585105
43656,216191959193092368
76424,72076504830312720
273032,216473159291896080
281224,216475216581230865
101000,216191684316234000
166536,220695279647592720
297608,504703531148640528
1084040,220695279916024080
2132616,216191680288719120
592520,72111543173514000
658056,76615138504872720
1575560,76615138773304080
2624136,72111539145999120
29320,72078557823631635
45704,216191684315185425
537224,72111543172465425
86664,72078489105203475
152200,76582084436562195
1069704,76582084704993555
2118280,72078485077688595
594568,72111474454037265
660104,76615069785395985
1577608,76615070053827345
2626184,72111470426522385
90760,72060974228570385
287368,216457628690153745
549512,72078557823632145
172680,220677691756515600
303752,504685943257563408
1090184,220677692024946960
2138760,216174092397642000
336520,216455438257881360
598664,72076367391359760
795272,216473021852943120
115336,216176153714491665
180872,220679749045850385
311944,504688000546898193
1098376,220679749314281745
2146952,216176149686976785
344712,216457559971725585
606856,72078489105203985
410248,220961155303084305
672392,76582084436562705
1196680,85571691773694225
1327752,220961155571515665
2376328,216457555944210705
1589896,76582084704994065
2638472,72078485077689105
3162760,76564493055885585
623240,216191546877281040
688776,220695142208639760
1213064,229684749545771280
819848,504703393709687568
1606280,220695142477071120
2654856,216191542849766160
3179144,220677550827962640
852616,216472953134514960
918152,220976548465873680
1442440,229966155803005200
1704584,85587084936483600
3277448,85569493287375120
1835656,220976548734305040
2884232,216472949107000080
3408520,220958957085196560
3670664,76579886218674960
15496,72110855944143153
72840,72110581067284785
138376,76614176398643505
1055880,76614176667074865
2104456,72110577039769905
76936,72075680163037488
273544,216472334624620848
52360,216191954864570673
281736,216473154963374385
101512,216190859648958768
167048,220694454980317488
298120,504702706481365296
1084552,220694455248748848
2133128,216190855621443888
330888,216472059747762480
396424,220975655079121200
1182856,85586191549731120
1313928,220975655347552560
2362504,216472055720247600
3148936,76578992831922480
29832,72076496205775155
46216,216190859647910193
78984,72075405285130545
275592,216472059746713905
283784,216473017524420915
103560,216190584771051825
169096,220694180102410545
300168,504702431603458353
1086600,220694180370841905
2135176,216190580743536945
595080,72110443628331825
660616,76614038959690545
1578120,76614039228121905
2626696,72110439600816945
58504,216174366973493553
91272,72058912610713905
287880,216455567072297265
550024,72076496205775665
173192,220676867089240368
304264,504685118590288176
1090696,220676867357671728
2139272,216173267730366768
205960,76561412726460720
1123464,76561412994892080
2172040,72057813367587120
402568,220958067188044080
664712,76578996321522480
1189000,85568603658654000
1320072,220958067456475440
2368648,216454467829170480
1582216,76578996589953840
2630792,72075396962648880
3155080,76561404940845360
115848,216174092096635185
181384,220677687427993905
312456,504685938929041713
1098888,220677687696425265
2147464,216174088069120305
803976,216473017524421425
230536,220676592212382000
361608,504684843713429808
1148040,220676592480813360
2196616,216172992853508400
427144,509188439044788528
2262152,220676588184867120
1344648,509188439313219888
2393224,504684839685914928
853128,216471922308809520
918664,220975517640168240
1442952,229965124977299760
1705096,85586054110778160
3277960,85568462461669680
1836168,220975517908599600
2884744,216471918281294640
3409032,220957926259491120
3671176,76578855392969520
30856,72111680577863955
47240,216226044019998993
80008,72110589657219345
276616,216507244118802705
538760,72180949810414353
284808,216508201896509715
546952,72181907588121363
104584,216225769143140625
170120,220729364474499345
301192,504737615975547153
1087624,220729364742930705
2136200,216225765115625745
792712,216577471129060113
551048,72111680577864465
108680,216190868238893328
338056,216472068337697040
665736,76614180693611280
1583240,76614180962042640
2631816,72110581334737680
805000,216508201896510225
1214600,229701379625586960
3180680,220694180907778320
854152,216507106680898320
919688,221010702012257040
1706120,85621238482866960
1837192,221010702280688400
2885768,216507102653383440
3672200,76614039765058320
61576,216191684281630995
553096,72111543138910995
110728,216190593360986385
602248,72110452218266385
798856,216507106679849745
610440,72111474420482835
675976,76615069751841555
1593480,76615070020272915
2642056,72111470392967955
626824,216225631704187665
692360,220729227035546385
823432,504737478536594193
1609864,220729227303977745
2658440,216225627676672785
856200,216507037961421585
921736,221010633292780305
1708168,85621169763390225
1839240,221010633561211665
2887816,216507033933906705
3674248,76613971045581585
123016,216174100686569745
581768,216191684281631505
237704,220676600802316560
368776,504684852303364368
1155208,220676601070747920
2203784,216173001443442960
696456,220694184397378320
1220744,229683791734509840
827528,504702435898426128
1613960,220694184665809680
2662536,216190585038504720
3186824,220676593016701200
860296,216471930898744080
1736840,229701242186634000
3309704,229683650537525520
3702920,220694043468825360
1966216,229982648443867920
3539080,229965056794759440
3801224,85585985928237840
3932296,220975449726059280
12040,216191959193092368
36616,504422331049836816
69384,216191684316234000
134920,220695279647592720
265992,504703531148640528
1052424,220695279916024080
2101000,216191680288719120
14088,216191684315185425
38664,504422056171929873
42760,504404743158759696
141064,220677691756515600
272136,504685943257563408
1058568,220677692024946960
2107144,216174092397642000
83720,216176153714491665
149256,220679749045850385
280328,504688000546898193
1066760,220679749314281745
2115336,216176149686976785
100104,504404468281901328
165640,508908063613260048
1083144,508908063881691408
2131720,504404464254386448
591624,216191546877281040
657160,220695142208639760
1181448,229684749545771280
788232,504703393709687568
1574664,220695142477071120
2623240,216191542849766160
3147528,220677550827962640
72456,216226731249369345
137992,220730326580728065
269064,504738578081775873
1055496,220730326849159425
2104072,216226727221854465
43784,504422335344804096
142088,220695283942560000
273160,504703535443607808
1059592,220695284210991360
2108168,216191684583686400
84744,216193745900536065
150280,220697341231894785
281352,504705592732942593
1067784,220697341500326145
2116360,216193741873021185
101128,504422060467945728
166664,508925655799304448
1084168,508925656067735808
2132744,504422056440430848
1182472,229702341731815680
3148552,220695143014007040
45832,504422060466897153
78600,216191555467215105
299784,1081164146013110529
1184520,229702273012338945
3150600,220695074294530305
156424,220679753340817665
287496,504688004841865473
1073928,220679753609249025
2122504,216176153981944065
172808,508908067908227328
1090312,508908068176658688
2138888,504404468549353728
205576,220677562908545280
336648,504685814409593088
1123080,220677563176976640
2171656,216173963549671680
664328,220695146503607040
1188616,229684753840738560
795400,504703398004654848
1581832,220695146772038400
2630408,216191547144733440
3154696,220677555122929920
115464,504406529866203393
181000,508910125197562113
1098504,508910125465993473
2147080,504406525838688513
213768,220679684622389505
344840,504687936123437313
1131272,220679684890820865
2179848,216176085263515905
410376,509191531454796033
2245384,220679680594874625
1327880,509191531723227393
2376456,504687932095922433
361224,1081146558123081984
623368,504421923028992768
426760,1085650153454440704
688904,508925518360351488
1213192,517915125697483008
1344264,1085650153722872064
2392840,1081146554095567104
1606408,508925518628782848
2654984,504421919001477888
3179272,508907926979674368
721672,220695077785178880
1245960,229684685122310400
852744,504703329286226688
1639176,220695078053610240
2687752,216191478426305280
3212040,220677486404501760
918280,509206924617585408
1442568,518196531954716928
2753288,220695073757664000
1835784,509206924886016768
2884360,504703325258711808
3408648,509189333236908288
15624,216226044019998993
40200,504456415876743441
72968,216225769143140625
138504,220729364474499345
269576,504737615975547153
1056008,220729364742930705
2104584,216225765115625745
44296,504421785555435792
77064,216190868238893328
298248,1081163458784788752
1182984,229701379625586960
3149064,220694180907778320
29960,216191684281630995
79112,216190593360986385
54536,504422056138375443
300296,1081163183906881809
595208,216225631704187665
660744,220729227035546385
791816,504737478536594193
1578248,220729227303977745
2626824,216225627676672785
91400,216174100686569745
550152,216191684281631505
107784,504403652204560656
304392,1081145870893711632
566536,504421235799622416
206088,220676600802316560
337160,504684852303364368
1123592,220676601070747920
2172168,216173001443442960
664840,220694184397378320
1189128,229683791734509840
795912,504702435898426128
1582344,220694184665809680
2630920,216190585038504720
3155208,220676593016701200
312584,1081146691232465169
574728,504422056138375953
361736,1081145596016853264
623880,504420960922764048
427272,1085649191348211984
689416,508924556254122768
1213704,517914163591254288
1344776,1085649191616643344
2393352,1081145591989338384
1606920,508924556522554128
2655496,504420956895249168
3179784,508906964873445648
1705224,229701242186634000
3278088,229683650537525520
3671304,220694043468825360
47368,504456420171710721
145672,220729368769466625
276744,504737620270514433
1063176,220729369037897985
2111752,216225769410593025
88328,216226731215814915
153864,220730326547173635
284936,504738578048221443
1071368,220730326815604995
2119944,216226727188300035
104712,504456145294852353
170248,508959740626211073
1087752,508959740894642433
2136328,504456141267337473
596232,216296000448365313
661768,220799595779724033
1186056,229736426558722305
792840,504807847280771841
1579272,220799596048155393
2627848,216295996420850433
3152136,220729227840913665
92424,216191692872614145
108808,504421244390605056
305416,1081163463079756032
207112,220694192988360960
338184,504702444489408768
1124616,220694193256792320
2173192,216190593629487360
1190152,229701383920554240
3156232,220694185202745600
313608,1081164283418509569
608520,216226731215815425
674056,220730326547174145
805128,504738578048221953
1591560,220730326815605505
2640136,216226727188300545
362760,1081163188202897664
428296,1085666783534256384
1214728,517931755777298688
1345800,1085666783802687744
2394376,1081163184175382784
3180808,508924557059490048
723208,220729231331562240
854280,504737482832610048
1640712,220729231599993600
2689288,216225631972688640
919816,509241078163968768
2754824,220729227304047360
3279112,229701242723569920
1837320,509241078432400128
2885896,504737478805095168
61704,504422060433342723
94472,216191555433660675
110856,504420969512698113
307464,1081163188201849089
667912,220729231330513665
798984,504737482831561473
1585416,220729231598945025
2633992,216225631971640065
315656,1081164145979556099
1200392,229702272978784515
3166472,220695074260975875
626952,504456007855899393
692488,508959603187258113
1609992,508959603455689473
2658568,504456003828384513
725256,220729162612085505
856328,504737414113133313
1642760,220729162880516865
2691336,216225563253211905
921864,509241009444492033
2756872,220729158584570625
3281160,229701174004093185
1839368,509241009712923393
2887944,504737410085618433
123144,504404476838281473
319752,1081146695527432449
581896,504422060433343233
614664,216191555433661185
237832,508906976954028288
1155336,508906977222459648
2203912,504403377595154688
434440,1085649195643179264
696584,508924560549090048
1220872,517914167886221568
1351944,1085649195911610624
2400520,1081145596284305664
1614088,508924560817521408
2662664,504420961190216448
3186952,508906969168412928
729352,220694055549408000
1253640,229683662886539520
860424,504702307050455808
1646856,220694055817839360
2695432,216190456190534400
3219720,220676464168730880
1712392,229701246481601280
3285256,229683654832492800
3678472,220694047763792640
835848,1081164145979556609
1720584,229702272978785025
3293448,229684681329676545
3686664,220695074260976385
885000,1081163050763944704
950536,1085666646095303424
1474824,1094656253432434944
1736968,517931618338345728
3309832,517914026689237248
1868040,1085666646363734784
2916616,1081163046736429824
3440904,1085649054714626304
3703048,508924419620537088
1769736,229701177763173120
3342600,229683586114064640
3735816,220693979045364480
1966344,518213024595579648
3539208,518195432946471168
3932424,509205825877771008
40456,216227139236659473
269832,216508339335463185
531976,72182045027074833
44552,216192508915351824
536072,72111955455771408
52744,216194153887826193
282120,216475353986629905
593416,72111680578913040
658952,76615275910271760
1576456,76615276178703120
2625032,72111676551398160
30216,72078695229030675
538120,72111680577864465
284168,216475216547676435
792072,216508201896510225
58888,216176565996749073
91656,72061111633969425
288264,216457766095552785
550408,72078695229031185
108040,216174375564476688
566792,216191959159538448
337416,216455575663280400
599560,72076504796758800
796168,216473159258342160
116232,216176291119890705
181768,220679886451249425
312840,504688137952297233
1099272,220679886719680785
2147848,216176287092375825
804360,216475216547676945
624136,216191684282680080
689672,220695279614038800
1213960,229684886951170320
820744,504703531115086608
1607176,220695279882470160
2655752,216191680255165200
3180040,220677688233361680
47624,216227143531626753
80392,72111689168847105
277000,216508343630430465
539144,72182049322042113
88584,72113742163214595
154120,76617337494573315
1071624,76617337763004675
2120200,72113738135699715
104968,216226868654768385
170504,220730463986127105
301576,504738715487174913
1088008,220730464254558465
2136584,216226864627253505
793096,216578570640687873
59912,216194158182793473
92680,72078703820013825
289288,216475358281597185
109064,216191967750521088
338440,216473167849324800
666120,76615280205239040
1583624,76615280473670400
2632200,72111680846365440
117256,216193883305935105
182792,220697478637293825
313864,504705730138341633
1100296,220697478905725185
2148872,216193879278420225
608776,72113742163215105
674312,76617337494573825
1591816,76617337763005185
2640392,72113738135700225
1214984,229702479137214720
3181064,220695280419406080
854536,216508206192526080
920072,221011801523884800
1706504,85622337994494720
1837576,221011801792316160
2886152,216508202165011200
3672584,76615139276686080
94728,72078566381060355
291336,216475220842643715
111112,216191692872614145
602632,72111551729894145
799240,216508206191477505
119304,216193745866981635
184840,220697341198340355
315912,504705592699388163
1102344,220697341466771715
2150920,216193741839466755
348680,216475152124215555
414216,220978747455574275
1200648,85589283926184195
1331720,220978747724005635
2380296,216475148096700675
3166728,76582085208375555
627208,216226731215815425
692744,220730326547174145
823816,504738578048221953
1610248,220730326815605505
2658824,216226727188300545
856584,216508137473049345
922120,221011732804408065
1708552,85622269275017985
1839624,221011733072839425
2888200,216508133445534465
3674632,76615070557209345
188936,220679890746216705
320008,504688142247264513
1106440,220679891014648065
2155016,216176291387343105
352776,216457637247582465
614920,72078566381060865
811528,216475220842644225
238088,220677700313944320
369160,504685951814992128
1155592,220677700582375680
2204168,216174100955070720
696840,220695283909006080
1221128,229684891246137600
827912,504703535410053888
1614344,220695284177437440
2662920,216191684550132480
3187208,220677692528328960
860680,216473030410371840
639496,216193745866982145
705032,220697341198340865
1229320,229686948535472385
836104,504705592699388673
1622536,220697341466772225
2671112,216193741839467265
3195400,220679749817663745
868872,216475152124216065
934408,220978747455574785
1458696,229968354792706305
1720840,85589283926184705
3293704,85571692277076225
1851912,220978747724006145
2900488,216475148096701185
3424776,220961156074897665
3686920,76582085208376065
1737224,229702341698261760
3310088,229684750049153280
3703304,220695142980453120
1966600,229983747955495680
3539464,229966156306387200
3801608,85587085439865600
3932680,220976549237687040
31752,72111955438993683
80904,72110864518349073
277512,216507518979932433
539656,72181224671544081
89096,72111680562135315
154632,76615275893494035
1072136,76615276161925395
2120712,72111676534620435
105480,216226044004270353
171016,220729639335629073
302088,504737890836676881
1088520,220729639604060433
2137096,216226039976755473
334856,216507244103074065
597000,72180949794685713
400392,221010839434432785
662536,76684545126044433
1186824,85621375905042705
1317896,221010839702864145
2366472,216507240075559185
1580040,76684545394475793
2628616,72180945767170833
3152904,76614177187234065
60424,216192508898574609
551944,72111955438994193
175112,220695009014321424
306184,504703260515369232
1092616,220695009282752784
2141192,216191409655447824
338952,216472343198826768
666632,76614455554741008
1584136,76614455823172368
2632712,72110856195867408
609288,72111680562135825
674824,76615275893494545
1592328,76615276161925905
2640904,72111676534620945
1215496,229701654486716688
3181576,220694455768908048
723976,76614180677882640
1641480,76614180946314000
2690056,72110581319009040
1444872,229982854585520400
2755592,76614176650367760
3279880,85586192069890320
3410952,220975655867711760
62472,216191959142760723
95240,72076504779981075
291848,216473159241564435
111624,216190868222116113
341000,216472068320919825
668680,76614180676834065
1586184,76614180945265425
2634760,72110581317960465
119816,216191684265902355
185352,220695279597261075
316424,504703531098308883
1102856,220695279865692435
2151432,216191680238387475
611336,72111543123182355
676872,76615138454541075
1594376,76615138722972435
2642952,72111539095667475
1217544,229701379608809745
3183624,220694180891001105
857096,216507106664121105
922632,221010701995479825
1709064,85621238466089745
1840136,221010702263911185
2888712,216507102636606225
3675144,76614039748281105
123912,216174375547699473
582664,216191959142761233
353288,216455575646503185
615432,72076504779981585
812040,216473159241564945
238600,220676875663446288
369672,504685127164494096
1156104,220676875931877648
2204680,216173276304572688
697352,220694459258508048
1221640,229684066595639568
828424,504702710759555856
1614856,220694459526939408
2663432,216190859899634448
3187720,220676867877830928
467976,220958075762250000
730120,76579004895728400
1254408,85568612232859920
1385480,220958076030681360
2434056,216454476403376400
1647624,76579005164159760
2696200,72075405536854800
3220488,76561413515051280
926728,220975659357311760
1451016,229965266694443280
1713160,85586195827921680
3286024,85568604178813200
1844232,220975659625743120
2892808,216472059998438160
3417096,220958067976634640
3679240,76578997110113040
640008,216191684265902865
705544,220695279597261585
1229832,229684886934393105
836616,504703531098309393
1623048,220695279865692945
2671624,216191680238387985
3195912,220677688216584465
754696,220694184381649680
1278984,229683791718781200
885768,504702435882697488
1672200,220694184650081040
2720776,216190585022776080
3245064,220676593000972560
951304,509206031214056208
1475592,518195638551187728
2786312,220694180354134800
1868808,509206031482487568
2917384,504702431855182608
3441672,509188439833379088
1967112,229982717146567440
3539976,229965125497458960
3802120,85586054630937360
3933192,220975518428758800
161800,76615280188461315
1079304,76615280456892675
2127880,72111680829587715
178184,220729643630596353
309256,504737895131644161
1095688,220729643899027713
2144264,216226044271722753
210952,76614189267816705
1128456,76614189536248065
2177032,72110589908943105
407560,221010843729400065
669704,76684549421011713
1193992,85621380200009985
1325064,221010843997831425
2373640,216507244370526465
1587208,76684549689443073
2635784,72180950062138113
3160072,76614181482201345
350216,216508206175748355
612360,72181911867360003
415752,221011801507107075
677896,76685507198718723
1202184,85622337977716995
1333256,221011801775538435
2381832,216508202148233475
1595400,76685507467150083
2643976,72181907839845123
3168264,76615139259908355
235528,220729368753737985
366600,504737620254785793
1153032,220729369022169345
2201608,216225769394864385
432136,509241215586144513
2267144,220729364726223105
1349640,509241215854575873
2398216,504737616227270913
858120,216577475408298753
923656,221081070739657473
1447944,230017901518655745
1710088,85691607210267393
3282952,85621239003025665
1841160,221081071008088833
2889736,216577471380783873
3414024,221010702800847105
3676168,76684408492458753
124936,216191967733743873
354312,216473167832547585
681992,76615280188461825
1599496,76615280456893185
2648072,72111680829588225
239624,220694467849490688
370696,504702719350538496
1157128,220694468117922048
2205704,216190868490617088
1222664,229701658781683968
3188744,220694460063875328
469000,220975667948294400
1255432,85586204418904320
1386504,220975668216725760
2435080,216472068589420800
3221512,76579005701095680
1452040,229982858880487680
2762760,76614180945335040
3287048,85586196364857600
3418120,220975660162679040
1230856,229702479120437505
3196936,220695280402628865
870408,216508206175748865
935944,221011801507107585
1722376,85622337977717505
1853448,221011801775538945
2902024,216508202148233985
3688456,76615139259908865
1280008,229701383904825600
3246088,220694185187016960
1476616,518213230737232128
3442696,509206032019423488
985096,221010706291495680
1771528,85621242762105600
1902600,221010706559927040
2951176,216507106932622080
3737608,76614044044296960
3016712,221010702263980800
3541000,229982717683503360
192520,220695283892228355
323592,504703535393276163
1110024,220695284160659715
2158600,216191684533354755
356360,216473030393594115
684040,76615142749508355
1601544,76615143017939715
2650120,72111543390634755
241672,220694192971583745
372744,504702444472631553
1159176,220694193240015105
2207752,216190593612710145
1224712,229701383903777025
3190792,220694185185968385
733192,76614051828863745
1650696,76614052097295105
2699272,72110452469990145
929800,221010706290447105
1716232,85621242761057025
1847304,221010706558878465
2895880,216507106931573505
3682312,76614044043248385
1232904,229702341681484035
3198984,220695142963675395
741384,76615074031080195
1658888,76615074299511555
2707464,72111474672206595
1462280,229983747938717955
2773000,76615070003565315
3297288,85587085423087875
3428360,220976549220909315
757768,220729231314785025
888840,504737482815832833
1675272,220729231583216385
2723848,216225631955911425
954376,509241078147191553
2789384,220729227287270145
3313672,229701242706792705
1871880,509241078415622913
2920456,504737478788317953
987144,221010637572018945
1773576,85621174042628865
1904648,221010637840450305
2953224,216507038213145345
3739656,76613975324820225
3018760,221010633544504065
3543048,229982648964026625
253960,220677700297167105
385032,504685951798214913
1171464,220677700565598465
2220040,216174100938293505
712712,220695283892228865
1237000,229684891229360385
843784,504703535393276673
1630216,220695284160660225
2678792,216191684533355265
3203080,220677692511551745
876552,216473030393594625
499720,509188451913961728
2334728,220676601054040320
1417224,509188452182393088
2465800,504684852555088128
958472,509206035509023488
1482760,518195642846155008
2793480,220694184649102080
1875976,509206035777454848
2924552,504702436150149888
3448840,509188444128346368
991240,220975530509341440
1515528,229965137846472960
1777672,85586066979951360
3350536,85568475330842880
1908744,220975530777772800
2957320,216471931150467840
3481608,220957939128664320
3743752,76578868262142720
1974280,229982721441534720
3547144,229965129792426240
3809288,85586058925904640
3940360,220975522723726080
1753096,229702341681484545
3325960,229684750032376065
3719176,220695142963675905
1982472,229983747938718465
3555336,229966156289609985
3817480,85587085423088385
3948552,220976549220909825
1802248,229701246465872640
3375112,229683654816764160
3768328,220694047748064000
1998856,518213093298279168
3571720,518195501649170688
3964936,509205894580470528
2031624,229982652723106560
3604488,229965061073998080
3866632,85585990207476480
3997704,220975454005297920
1008,76582088933900304
66032,76579898368458768
1776,4524563481231408
2800,4559747853320208
4848,4559679133843473
8944,4524572071165968
131824,13531694016499728
525040,4559679133843728
1049328,13531694284931088
5360,4557548762955825
17648,4524563414122545
34032,76580095867748400
132336,13529563645612080
525552,4557548762956080
1049840,13529563914043440
18672,4559747786211345
35056,76615280239837200
133360,13564748017700880
1050864,13564748286132240
12528,4557557352890385
135408,13564679298224145
1052912,13564679566655505
24816,4524572004057105
41200,76580104457682960
73968,4522390162767888
139504,13529572235546640
532720,4557557352890640
1057008,13529572503978000
147696,13531693949390865
540912,4559679066734865
1065200,13531694217822225
98544,76579967020826640
327920,76861373278060560
2162928,4522304531922960
655600,13564679298224400
1573104,13564679566655760
3145968,13529495731503120
2928,76617341891248128
4976,76617273171771393
9072,76582166109093888
33648,220697345595015168
131952,85589288054427648
263024,220978751852249088
525168,76617273171771648
1049456,85589288322859008
3440,76615280239837200
9584,76580104457682960
34160,220695283943604240
66928,76579967020826640
18800,76617341824139265
133488,85622342055628800
264560,221011805853450240
1050992,85622342324060160
12656,76615151390818305
37232,220730330876739585
135536,85622273336152065
266608,221011737133973505
1053040,85622273604583425
24944,76582166041985025
74096,76579984200695808
139632,85587166273474560
270704,220976630071296000
532848,76615151390818560
1057136,85587166541905920
49520,220697345527906305
147824,85589287987318785
278896,220978751785140225
541040,76617273104662785
1065328,85589288255750145
164208,229702345759395840
557424,220730330876739840
1081712,229702346027827200
2163056,76579898569850880
393584,229983752016629760
655728,85622273336152320
786800,221011737133973760
1311088,229983752285061120
1573232,85622273604583680
3146096,85587089769431040
5744,4559747786211345
34416,76582294891003920
132720,13531762668867600
525936,4559747786211600
1050224,13531762937298960
6768,4630116530388993
19056,4564145832722433
264816,76898816800849920
526960,4630116530389248
2099824,4559748054712320
37488,76617341824139265
266864,76898748081373185
529008,4630047810912513
2101872,4559679335235585
25200,4528970050568193
270960,76863641018695680
2105968,4524572272558080
148080,13536091995901953
541296,4564077113245953
1065584,13536092264333313
164464,85589356706795520
295536,220978820504616960
557680,76617341824139520
1081968,85589356975226880
393840,85870762964029440
1180272,31546092727308288
2228848,13531694217891840
787056,76898748081373440
1311344,85870763232460800
2622064,4559679335235840
11376,4557969636196368
19568,4559885191610385
134256,13564885423099920
1051760,13564885691531280
13424,4557694758289425
21616,4559747752656915
70768,4557557321433105
25712,4524709409456145
74864,4522527568166928
140400,13529709640945680
533616,4557694758289680
1057904,13529709909377040
83056,4524571972599825
99440,76580104426225680
197744,13529572204089360
590960,4557557321433360
1115248,13529572472520720
14448,4628063502467073
22640,4630116496834563
71792,4627926065610753
43120,76615563674124288
272496,76896763772928000
534640,4628063502467328
2107504,4557695026790400
51312,76617479229538305
149616,13566947007401985
1067120,13566947275833345
166000,85622479461027840
297072,221011943258849280
1083504,85622479729459200
329840,76896626336071680
591984,4627926065611008
2164848,4557557589934080
3147888,13564748789514240
45168,76615288796217345
77936,4557574501302273
143472,13564756574081025
1060976,13564756842512385
53360,76617341790584835
282736,76898748047818755
544880,4630047777358083
2117744,4559679301681155
102512,76615151359361025
331888,76896557616594945
594032,4627857346134273
2166896,4557488870457345
3149936,13564680070037505
57456,76582303447384065
90224,4524589152468993
155760,13531771225247745
548976,4559756342591745
1073264,13531771493679105
106608,76580121606094848
172144,85587303678873600
303216,220976767476695040
565360,76615288796217600
1089648,85587303947304960
204912,13529589383958528
598128,4557574501302528
1122416,13529589652389888
663664,13564756574081280
1581168,13564756842512640
3154032,13529573007360000
114800,76582166010527745
344176,76863572267761665
2179184,4524503521624065
671856,13566878287925505
1589360,13566878556356865
3162224,13531694721204225
229488,85587166242017280
360560,220976630039838720
622704,76615151359361280
1146992,85587166510448640
458864,85868572499251200
1245296,31543902262530048
2293872,13529503753113600
852080,76896557616595200
1376368,85868572767682560
2687088,4557488870457600
3670128,13564680070037760
2992,72078558026006544
5040,72078489306529809
17328,72065295166996497
132016,76564496747859984
525232,72078489306530064
1049520,76564497016291344
2098096,72060897388986384
3504,72076496307486768
17840,72060965705744433
263600,216455429735055408
10672,72076504897421328
35248,216191684383342608
68016,72076367460565008
20912,72078489172312083
70064,72076298741088273
25008,72060974295678993
74160,72058792454389776
270768,216455438324989968
49584,216176153781600273
278960,216457560038834193
197040,76562306182418448
590256,72076298741088528
1114544,76562306450849808
2163120,72058706823544848
5808,20963853860913
18096,7769714327601
132784,4506971295191088
263856,72342440682455088
526000,20963853861168
1050288,4506971563622448
2098864,3371936317488
6832,56148225949713
35504,72078695330742288
527024,56148225949968
12976,20972443795473
21168,25293180895251
529072,56079506473233
25264,7778304262161
139952,4506979885125648
271024,72342449272389648
533168,20972443795728
1057456,4506980153557008
2106032,3380526252048
295600,216457628758310928
1180336,13514102098890768
3146416,4506903381082128
36016,72076771118284848
134320,4522501829824560
265392,72357971217088560
1051824,4522502098255920
2100400,18902470950960
38064,72076496240377905
529584,53949135585585
148656,4506971228082225
279728,72342440615346225
541872,20963786752305
1066160,4506971496513585
2114736,3371869208625
165040,76562503681708080
558256,72076496240378160
1082544,76562503950139440
2131120,72058904322834480
1180848,13511971728003120
3146928,4504773010194480
39088,72111680612466705
43184,72076779708219408
141488,4522510419759120
272560,72357979807023120
1058992,4522510688190480
2107568,18911060885520
51376,72078695263633425
542896,56148158841105
297136,216473159292944400
559280,72111680612466960
198832,4522372982902800
329904,72357842370166800
1116336,4522373251334160
2164912,18773624029200
45232,72076504830312465
78000,18790535397393
536752,53957725520145
53424,72078557824679955
151728,4524494694649875
282800,72359964081913875
1069232,4524494963081235
2117808,20895335776275
102576,72076367393456145
200880,4522304263426065
331952,72357773650690065
1118384,4522304531857425
2166960,18704904552465
155824,4506979818016785
286896,72342449205280785
549040,20972376686865
1073328,4506980086448145
2121904,3380459143185
172208,76562512271642640
565424,72076504830312720
1089712,76562512540074000
2138288,72058912912769040
204976,4504797976727568
336048,72340267363991568
598192,18790535397648
1122480,4504798245158928
2171056,1198617853968
1188016,13511980317937680
3154096,4504781600129040
311472,216457628691202065
1196208,13514102031781905
3162288,4506903313973265
229552,76562374834786320
622768,72076367393456400
1147056,76562375103217680
2195632,72058775475912720
458928,76843781092020240
721072,4522304263426320
2293936,4504712345882640
852144,72357773650690320
1376432,76843781360451600
2425008,72340181733146640
1638576,4522304531857680
2687152,18704904552720
3276976,13511903545462800
3888,72078695330742288
263984,216457628758310928
6960,72113742263877633
265008,216475220944355328
527152,72113742263877888
13104,72078566481723393
21296,72082887218823171
37680,216193745967644673
267056,216475152224878593
529200,72113673544401153
25392,72065372342190081
140080,76564573923053568
533296,72078566481723648
1057584,76564574191484928
2106160,72060974564179968
49968,216180551828111361
279344,216461958085345281
164656,220679753408974848
295728,504688004910022656
557872,216193745967644928
1082160,220679753677406208
2130736,216176154050101248
394032,220961159666208768
1180464,85571696136818688
787248,216475152224878848
1311536,220961159934640128
2360112,216457560307335168
3146544,76564497419010048
7472,72111680612466705
11568,72076779708219408
19760,72078695263633425
36144,216191959194140688
265520,216473159292944400
527664,72111680612466960
13616,72076504830312465
21808,72078557824679955
38192,216191684316233745
70960,72076367393456145
140592,76562512271642640
533808,72076504830312720
1058096,76562512540074000
2106672,72058912912769040
279856,216457628691202065
165168,220677691757563920
296240,504685943258611728
558384,216191684316234000
1082672,220677692025995280
2131248,216174092398690320
197936,76562374834786320
591152,72076367393456400
1115440,76562375103217680
2164016,72058775475912720
268592,216508206226079745
141616,76580104457687040
1059120,76580104726118400
2107696,72076505098813440
280880,216475220877246465
543024,72113742196769025
166192,220695283943608320
297264,504703535444656128
1083696,220695284212039680
2132272,216191684584734720
198960,76579967020830720
1116464,76579967289262080
2165040,72076367661957120
788784,216508206226080000
78128,72076384573325313
274736,216473030443925505
536880,72111551763448065
151856,76582088732577795
1069360,76582089001009155
2117936,72078489373704195
561456,216226731249369345
201008,76579898301353985
1118512,76579898569785345
2167088,72076298942480385
790832,216508137506603265
155952,76564573855944705
549168,72078566414614785
1073456,76564574124376065
2122032,72060974497071105
205104,76562392014655488
598320,72076384573325568
1122608,76562392283086848
2171184,72058792655781888
401712,220959037885255680
1188144,85569574355865600
794928,216473030443925760
1319216,220959038153687040
2367792,216455438526382080
3154224,76562375638056960
180528,220679753341865985
311600,504688004842913793
573744,216193745900536065
1098032,220679753610297345
2146608,216176153982992385
409904,220961159599099905
1196336,85571696069709825
803120,216475152157769985
1327408,220961159867531265
2375984,216457560240226305
3162416,76564497351901185
1212720,229684753841786880
3178800,220677555123978240
721200,76579898301354240
2294064,76562306383810560
1638704,76579898569785600
2687280,72076298942480640
1442096,229966160099020800
3277104,85569497583390720
3408176,220958961381212160
20016,25499272216593
36400,72078970141540368
134704,4524700853080080
265776,72360170240344080
1052208,4524701121511440
2100784,21101494206480
22064,25361833263123
38448,72078695263633425
529968,56148158841105
50736,72065501124100113
165424,76564702704963600
558640,72078695263633680
1082928,76564702973394960
2131504,72061103346090000
1181232,13514170751258640
3147312,4506972033450000
137776,4559747786215425
268848,72395217173479425
530992,126516903018753
1055280,4559748054646785
2103856,56148427341825
51760,72083093310144513
543280,60546205352193
166448,76582294891008000
1083952,76582295159439360
2132528,72078695532134400
657968,4559747786215680
1182256,13531762937303040
789040,72395217173479680
1575472,4559748054647040
2624048,56148427342080
3148336,4524564219494400
143920,4524572004061185
274992,72360041391325185
1061424,4524572272492545
2110000,20972645187585
53808,72082955871191043
152112,4528892741160963
283184,72364362128424963
1069616,4528893009592323
2118192,25293382287363
299568,216475220877246465
561712,72113742196769025
660016,4559679066738945
1184304,13531694217826305
791088,72395148454002945
1577520,4559679335170305
2626096,56079707865345
3150384,4524495500017665
156208,4511377864527873
287280,72346847251791873
549424,25370423197953
1073712,4511378132959233
2122288,7778505654273
401968,76846048832655360
664112,4524572004061440
2236976,4506980086517760
795184,72360041391325440
1319472,76846049101086720
2368048,72342449473781760
1581616,4524572272492800
2630192,20972645187840
311856,216462026737713153
1196592,13518500078292993
3162672,4511301360484353
426544,220961228318576640
1212976,85571764789186560
819760,216475220877246720
1344048,220961228587008000
2392624,216457628959703040
3179056,76564566071377920
1442352,85853171046420480
1704496,13531694217826560
3408432,76845972328611840
3670576,4524495500017920
15408,54370008825873
27696,21384659992593
44080,72077329430478864
76848,19202818703376
535600,54370008826128
543792,56285564240145
101424,72076779676762128
199728,4522510388301840
330800,72357979775565840
1117232,4522510656733200
2165808,18911029428240
78896,18927940796433
537648,54095130919185
54320,72078695230078995
545840,56148125286675
103472,72076504798855185
594992,53957694062865
58416,72061386511876113
156720,4507117223415825
287792,72342586610679825
549936,21109782085905
1074224,4507117491847185
2122800,3517864542225
107568,72059204670586896
304176,216455850541187088
205872,4504935382126608
336944,72340404769390608
599088,18927940796688
1123376,4504935650557968
2171952,1336023253008
1188912,13512117723336720
3154992,4504919005528080
312368,216457766096601105
214064,4506979786559505
345136,72342449173823505
607280,20972345229585
1131568,4506980054990865
2180144,3380427685905
230448,76562512240185360
623664,72076504798855440
1147952,76562512508616720
2196528,72058912881311760
1246256,13511980286480400
3212336,4504781568671760
47152,72111964046753793
145456,4557694758293505
276528,72393164145557505
538672,124463875096833
1062960,4557695026724865
2111536,54095399419905
153648,4559747752660995
284720,72395217139924995
546864,126516869464323
1071152,4559748021092355
2119728,56148393787395
301104,216508343631478785
202800,4557557321437185
333872,72393026708701185
596016,124326438240513
1120304,4557557589868545
2168880,53957962563585
59440,72078978697920513
157744,4524709409460225
288816,72360178796724225
1075248,4524709677891585
2123824,21110050586625
108592,72076796856631296
305200,216473442727231488
567344,72111964046754048
206896,4522527568171008
337968,72357996955435008
1124400,4522527836602368
2172976,18928209297408
665648,4557694758293760
1189936,13529709909381120
796720,72393164145557760
1583152,4557695026725120
2631728,54095399420160
3156016,4522511191572480
313392,216475358282645505
575536,72113879602168065
215088,4524571972603905
346160,72360041359867905
1132592,4524572241035265
2181168,20972613730305
231472,76580104426229760
1148976,76580104694661120
2197552,72076505067356160
821296,216508343631479040
722992,4557557321437440
1247280,13529572472524800
854064,72393026708701440
1640496,4557557589868800
2689072,53957962563840
3213360,4522373754716160
159792,4524571970506755
290864,72360041357770755
1077296,4524572238938115
2125872,20972611633155
110640,72076521978724353
307248,216473167849324545
569392,72111689168847105
602160,53974873932033
315440,216475220843692035
577584,72113742163214595
675888,4559679033184515
1200176,13531694184271875
806960,72395148420448515
1593392,4559679301615875
2641968,56079674310915
3166256,4524495466463235
364592,216473030412468225
626736,72111551731990785
725040,4557488601960705
1249328,13529503753048065
856112,72392957989224705
1642544,4557488870392065
2691120,53889243087105
3215408,4522305035239425
188464,76564711261343745
581680,72078703820013825
1105968,76564711529775105
2154544,72061111902470145
221232,4506996966428673
352304,72342466353692673
614448,20989525098753
1138736,4506997234860033
2187312,3397607555073
1204272,13514179307638785
3170352,4506980589830145
237616,76562529420054528
630832,72076521978724608
1155120,76562529688485888
2203696,72058930061180928
434224,220959175290654720
1220656,85569711761264640
827440,216473167849324800
1351728,220959175559086080
2400304,216455575931781120
3186736,76562513043456000
1253424,13511997466349568
3219504,4504798748540928
3285040,13511980821319680
245808,76564573824487425
639024,72078566383157505
1163312,76564574092918785
2211888,72060974465613825
475184,76845980081721345
737328,4524503253127425
2310192,4506911335583745
868400,72359972640391425
1392688,76845980350152705
2441264,72342380722847745
1654832,4524503521558785
2703408,20903894253825
3293232,13514102535163905
491568,220959037853798400
1278000,85569574324408320
884784,216473030412468480
1409072,220959038122229760
2457648,216455438494924800
3244080,76562375606599680
1507376,85850980581642240
1769520,13529503753048320
3473456,76843781863833600
3735600,4522305035239680
2000,76579958629072944
3024,76615143001161744
5072,76615074281685009
9168,76579967219007504
17360,76582088932851729
33744,220695146704928784
66512,76579898500579344
132048,85587089164341264
263120,220976552962162704
525264,76615074281685264
1049552,85587089432772624
5584,76614043355316273
67024,76578867574210608
132560,85586058237972528
263632,220975522035793968
525776,76614043355316528
1050064,85586058506403888
68048,76614051946299408
133584,85621242610061328
264656,221010706407882768
1051088,85621242878492688
12752,76614051945250833
20944,76615074147467283
37328,220729231431172113
70096,76613983226822673
135632,85621173890584593
266704,221010637688406033
1053136,85621174159015953
139728,85586066827907088
270800,220975530625728528
532944,76614051945251088
1057232,85586067096338448
98768,220694055650066448
164304,229701246313828368
557520,220729231431172368
1081808,229701246582259728
197072,85585998109478928
328144,220975461907300368
590288,76613983226822928
1114576,85585998377910288
393680,229982652571062288
655824,85621173890584848
786896,221010637688406288
1311184,229982652839493648
1573328,85621174159016208
3146192,85585990323863568
5840,4557548829016113
18128,4524563480182833
34512,76580095933808688
67280,4522373047910448
132816,13529563711672368
526032,4557548829016368
1050320,13529563980103728
19152,4559747852271633
35536,76615280305897488
68304,4557557419999248
133840,13564748083761168
1051344,13564748352192528
13008,4557557418950673
70352,4557488700522513
135888,13564679364284433
1053392,13564679632715793
25296,4524572070117393
41680,76580104523743248
139984,13529572301606928
533200,4557557418950928
1057488,13529572570038288
82640,4524503351689233
148176,13531694015451153
541392,4559679132795153
1065680,13531694283882513
197328,13529503583178768
590544,4557488700522768
1114832,13529503851610128
656080,13564679364284688
1573584,13564679632716048
3146448,13529495797563408
267472,76895518264918065
529616,4626817994457393
2102480,4556449518780465
50384,76580095866699825
83152,4522372980801585
148688,13529563644563505
541904,4557548761907505
1066192,13529563912994865
2131152,76578996623573040
328912,76860342483812400
2163920,4521273737674800
394448,85867533147574320
1180880,31542862910853168
2229456,13528464401436720
787664,76895518264918320
1311952,85867533416005680
2622672,4556449518780720
22736,4627917506084883
39120,76684549471338513
71888,4626826585440273
137424,13634017249202193
530640,4767555482812689
1054928,13634017517633553
51408,76615280238788625
84176,4557557352890385
149712,13564748016652305
1067216,13564748285083665
559312,76684549471338768
2132176,76614180995661840
329936,76895526855901200
592080,4626826585440528
2164944,4556458109763600
395472,85902717519663120
657616,13634017249202448
1181904,31578047282941968
2230480,13563648773525520
1312976,85902717788094480
1575120,13634017517633808
78032,4556475021131793
274640,76895526854852625
536784,4626826584391953
2109648,4556458108715025
53456,76615142799835155
282832,76896549057069075
544976,4627848786608403
2117840,4557480310931475
102608,76614051879190545
168144,85621242542952465
299216,221010706340773905
1085648,85621242811383825
331984,76895458136424465
594128,4626757865963793
2166992,4556389390286865
397520,85902648800186385
659664,13633948529725713
1183952,31577978563465233
2232528,13563580054048785
1315024,85902649068617745
1577168,13633948798157073
57552,76580104456634385
155856,13529572234498065
549072,4557557351842065
1073360,13529572502929425
106704,76579022125924368
2138320,76579005213507600
205008,13528489903788048
598224,4556475021132048
1122512,13528490172219408
401616,85867541737508880
1188048,31542871500787728
2236624,13528472991371280
794832,76895526854852880
1319120,85867542005940240
2629840,4556458108715280
213200,13529503516069905
606416,4557488633413905
1130704,13529503784501265
671952,13564679297175825
1589456,13564679565607185
3162320,13529495730454545
229584,85586066761846800
360656,220975530559668240
622800,76614051879190800
1147088,85586067030278160
426192,229982721223430160
688336,85621242542952720
819408,221010706340774160
1343696,229982721491861520
1605840,85621242811384080
3178704,85586058976231440
458960,85867473019080720
1245392,31542802782359568
2293968,13528404272943120
852176,76895458136424720
1376464,85867473287512080
2687184,4556389390287120
917712,85902648800186640
1704144,31577978563465488
2752720,13563580054049040
3277008,31542794728312848
1835216,85902649068618000
3408080,85867465233465360
3920,76615280305897488
10064,76580104523743248
34640,220695284009664528
19280,76617341890199553
68432,76615151457927168
133968,85622342121689088
265040,221011805919510528
1051472,85622342390120448
13136,76615151456878593
37712,220730330942799873
70480,76615082738450433
136016,85622273402212353
267088,221011737200033793
1053520,85622273670643713
25424,76582166108045313
140112,85587166339534848
271184,220976630137356288
533328,76615151456878848
1057616,85587166607966208
50000,220697345593966593
82768,76582097389617153
148304,85589288053379073
279376,220978751851200513
541520,76617273170723073
1065808,85589288321810433
99152,220695155161694208
164688,229702345825456128
557904,220730330942800128
1082192,229702346093887488
197456,85587097621106688
328528,220976561418928128
590672,76615082738450688
1114960,85587097889538048
394064,229983752082690048
656208,85622273402212608
787280,221011737200034048
1311568,229983752351121408
1573712,85622273670643968
3146576,85587089835491328
7504,76684549471338513
19792,76615280238788625
527696,76684549471338768
2100560,76614180995661840
21840,76615142799835155
70992,76614051879190545
136528,85621242542952465
267600,221010706340773905
1054032,85621242811383825
25936,76580104456634385
75088,76579022125924368
2106704,76579005213507600
50512,220695283942555665
296272,509206035559350288
2131280,220694184699428880
197968,85586066761846800
329040,220975530559668240
591184,76614051879190800
1115472,85586067030278160
394576,229982721223430160
656720,85621242542952720
787792,221010706340774160
1312080,229982721491861520
1574224,85621242811384080
3147088,85586058976231440
22864,76685511544012803
72016,76684420623368193
137552,85691611287130113
268624,221081075084951553
530768,76825149520740609
1055056,85691611555561473
84304,76615151390818305
149840,85622342054580225
280912,221011805852401665
1067344,85622342323011585
592208,76684420623368448
2165072,76614052147691520
657744,85691611287130368
1182032,103635641320869888
2230608,85621242811453440
788816,221081075084951808
2361680,221010706609274880
1575248,85691611555561728
78160,76614069059059713
536912,76684420622319873
2109776,76614052146642945
545104,76685442824536323
2117968,76615074348859395
299344,509241082492485633
561488,220799600108241153
2134352,220729231632564225
594256,76684351903891713
2167120,76613983428214785
659792,85691542567653633
1184080,103635572601393153
2232656,85621174091976705
790864,221081006365475073
2363728,221010637889798145
1577296,85691542836084993
155984,85587166272425985
287056,220976630070247425
549200,76615151389769985
1073488,85587166540857345
205136,85586083941715968
336208,220975547739537408
598352,76614069059059968
1122640,85586084210147328
1188176,103600465538715648
2236752,85586067029299200
2367824,220975530827120640
2629968,76614052146643200
115024,220695155094585345
180560,229702345758347265
573776,220730330875691265
1098064,229702346026778625
213328,85587097553997825
344400,220976561351819265
606544,76615082671341825
1130832,85587097822429185
409936,229983752015581185
672080,85622273335103745
803152,221011737132925185
1327440,229983752284012545
1589584,85622273603535105
3162448,85587089768382465
360784,509205906711379968
2195792,220694055851458560
426320,518213097375141888
1212752,247715645024636928
2261328,229701246515220480
819536,509241082492485888
1343824,518213097643573248
2654544,220729231632564480
1245520,103600396820287488
2294096,85585998310871040
2425168,220975462108692480
2687312,76613983428215040
1442128,247997051281870848
2490704,229982652772454400
1704272,103635572601393408
2752848,85621174091976960
3277136,103600388766240768
2883920,221010637889798400
7760,4628054945038353
36432,76615555116695568
265808,76896755215499280
527952,4628054945038608
2100816,4557686469361680
38480,76615280238788625
71248,4557557352890385
136784,13564748016652305
1054288,13564748285083665
42576,76580379334541328
75344,4522527599624208
271952,76861579433345040
2106960,4522510687207440
50768,76582294889955345
83536,4524572004057105
149072,13531762667819025
542288,4559747785163025
1066576,13531762936250385
99920,76580104457682960
165456,85587295121444880
296528,220976758919266320
558672,76615280238788880
1082960,85587295389876240
198224,13529572235546640
591440,4557557352890640
1115728,13529572503978000
656976,13564748016652560
1574480,13564748285083920
3147344,13529564449931280
39504,76685648982966273
72272,4627926097068033
137808,13635116760829953
531024,4768654994440449
1055312,13635117029261313
281168,76898816799801345
543312,4630116529340673
2116176,4559748053663745
559696,76685648982966528
2132560,76615280507289600
330320,76896626367528960
592464,4627926097068288
2165328,4557557621391360
395856,85903817031290880
658000,13635116760830208
1182288,31579146794569728
2230864,13564748285153280
1313360,85903817299722240
1575504,13635117029261568
78416,4557574532759553
275024,76896626366480385
537168,4627926096019713
2110032,4557557620342785
102992,76615151390818305
168528,85622342054580225
299600,221011805852401665
1086032,85622342323011585
332368,76896557648052225
594512,4627857377591553
2167376,4557488901914625
397904,85903748311814145
660048,13635048041353473
1184336,31579078075092993
2232912,13564679565676545
1315408,85903748580245505
1577552,13635048309784833
90704,4524589183926273
287312,76863641017647105
2122320,4524572271509505
107088,76580121637552128
2138704,76580104725135360
205392,13529589415415808
598608,4557574532759808
1122896,13529589683847168
402000,85868641249136640
1188432,31543971012415488
2237008,13529572502999040
795216,76896626366480640
1319504,85868641517568000
2630224,4557557620343040
115280,76582166041985025
180816,85589356705746945
311888,220978820503568385
574032,76617341823090945
1098320,85589356974178305
344656,76863572299218945
2179664,4524503553081345
410192,85870762962980865
1196624,31546092726259713
2245200,13531694216843265
803408,76898748080324865
1327696,85870763231412225
2638416,4559679334187265
229968,85587166273474560
361040,220976630071296000
623184,76615151390818560
1147472,85587166541905920
426576,229983820735057920
688720,85622342054580480
819792,221011805852401920
1344080,229983821003489280
1606224,85622342323011840
3179088,85587158487859200
459344,85868572530708480
1245776,31543902293987328
2294352,13529503784570880
852560,76896557648052480
1376848,85868572799139840
2687568,4557488901914880
918096,85903748311814400
1704528,31579078075093248
2753104,13564679565676800
3277392,31543894239940608
1835600,85903748580245760
3408464,85868564745093120
15440,4627238867697681
23632,4628054911483923
72784,4626963990839313
138320,13634154654601233
531536,4767692888211729
1055824,13634154923032593
27728,4557969635147793
76880,4556887304437776
273488,76895939138158608
535632,4627238867697936
2108496,4556870392021008
85072,4557694758289425
150608,13564885422051345
1068112,13564885690482705
101456,76614464162496528
166992,85621654826258448
298064,221011118624079888
1084496,85621655094689808
330832,76895664261300240
592976,4626963990839568
2165840,4556595515162640
396368,85902854925062160
658512,13634154654601488
1182800,31578184688341008
2231376,13563786178924560
1313872,85902855193493520
1576016,13634154923032848
46160,76614464161447953
78928,4556612426530833
275536,76895664260251665
537680,4626963989790993
2110544,4556595514114065
54352,76615280205234195
87120,4557557319335955
152656,13564747983097875
1070160,13564748251529235
103504,76614189284589585
169040,85621379948351505
300112,221010843746172945
1086544,85621380216782865
201808,13563657062453265
1119312,13563657330884625
3150928,13563649276837905
156752,13529709639897105
549968,4557694757241105
1074256,13529709908328465
173136,85586479044104208
304208,220975942841925648
566352,76614464161448208
1090640,85586479312535568
205904,13528627309187088
599120,4556612426531088
1123408,13528627577618448
402512,85867679142907920
1188944,31543008906186768
2237520,13528610396770320
795728,76895664260251920
1320016,85867679411339280
2630736,4556595514114320
230480,85586204167245840
361552,220975667965067280
623696,76614189284589840
1147984,85586204435677200
427088,229982858628829200
689232,85621379948351760
820304,221010843746173200
1344592,229982858897260560
1606736,85621380216783120
3179600,85586196381630480
722000,13563657062453520
1639504,13563657330884880
3212368,13528473495732240
3671120,13563649276838160
47184,76684832905625601
79952,4626981170708481
276560,76966033004429313
2111568,4626964258291713
55376,76685648949411843
88144,4627926063513603
153680,13635116727275523
546896,4768654960886019
1071184,13635116995706883
104528,76684558028767233
170064,85691748692529153
301136,221081212490350593
563280,76825286926139649
1087568,85691748960960513
202832,13634025806630913
596048,4767564040241409
1120336,13634026075062273
661584,13774754704003329
1579088,13774754972434689
3151952,13634018021015553
59472,76615563673075713
92240,4557711938158593
288848,76896763771879425
550992,4628063501418753
2123856,4557695025741825
108624,76614481342365696
567376,76684832905625856
2140240,76614464429948928
338000,76895681441169408
600144,4626981170708736
2173008,4556612695031808
796752,76966033004429568
2369616,76895664528752640
2631760,4626964258291968
116816,76615288796217345
182352,85622479459979265
313424,221011943257800705
1099856,85622479728410625
215120,13564756574081025
1132624,13564756842512385
3164240,13564748788465665
624720,76684558028767488
2197584,76614189553090560
690256,85691748692529408
1214544,103635778726268928
2263120,85621380216852480
821328,221081212490350848
2394192,221010844014673920
1607760,85691748960960768
460880,85902726077091840
723024,13634025806631168
1247312,31578055840370688
2295888,13563657330954240
1378384,85902726345523200
1640528,13634026075062528
3278928,31578047786323968
3410000,85902718291476480
3672144,13634018021015808
94288,4557574499205123
290896,76896626332925955
553040,4627926062465283
2125904,4557557586788355
110672,76614206464458753
569424,76684558027718913
2142288,76614189552041985
208976,13563674242322433
1126480,13563674510753793
405584,85902726076043265
667728,13634025805582593
1192016,31578055839322113
2240592,13563657329905665
1323088,85902726344474625
1585232,13634026074013953
118864,76615151357263875
184400,85622342021025795
315472,221011805818847235
1101904,85622342289457155
348240,76896557614497795
610384,4627857344037123
2183248,4557488868360195
413776,85903748278259715
675920,13635048007799043
1200208,31579078041538563
2248784,13564679532122115
1331280,85903748546691075
1593424,13635048276230403
233552,85621251100381185
364624,221010714898202625
1151056,85621251368812545
430160,230017905561964545
1347664,230017905830395905
3182672,85621243314765825
462928,85902657357615105
725072,13633957087154433
1249360,31577987120893953
2297936,13563588611477505
1380432,85902657626046465
1642576,13633957355585793
3280976,31577979066847233
3412048,85902649571999745
3674192,13633949301539073
188496,85587303677825025
319568,220976767475646465
581712,76615288795169025
1106000,85587303946256385
680016,13564756573032705
1597520,13564756841464065
3170384,13529573006311425
237648,85586221347115008
368720,220975685144936448
630864,76614206464459008
1155152,85586221615546368
1220688,103600602944114688
2269264,85586204434698240
2400336,220975668232519680
2662480,76614189552042240
729168,13563674242322688
1646672,13563674510754048
3219536,13528490675601408
925776,85902726076043520
1712208,31578055839322368
2760784,13563657329905920
3285072,31542872004169728
1843280,85902726344474880
3416144,85867542509322240
737360,13564687854604545
1654864,13564688123035905
3227728,13529504287883265
3686480,13564680068989185
491600,229982729780858880
753744,85621251100381440
884816,221010714898202880
1409104,229982730049290240
1671248,85621251368812800
3244112,85586067533660160
950352,230017905561964800
1867856,230017905830396160
3440720,229982721995243520
3702864,85621243314766080
983120,85902657357615360
1769552,31577987120894208
2818128,13563588611477760
3342416,31542803285741568
1900624,85902657626046720
3473488,85867473790894080
3801168,31577979066847488
3932240,85902649572000000
6032,72076359001702449
133008,76562366443032624
526224,72076359001702704
1050512,76562366711463984
2099088,72058767084159024
7056,72111543373791249
19344,72078558024957969
68496,72076367592685584
265104,216473022054268944
527248,72111543373791504
13200,72076367591637009
37776,216191547077558289
70544,72076298873208849
267152,216472953334792209
529296,72111474654314769
74640,72058792586510352
140176,76562375032967184
533392,72076367591637264
1057680,76562375301398544
2106256,72058775674093584
148368,76564496746811409
541584,72078489305481489
1065872,76564497015242769
2114448,72060897387937809
164752,220677554518888464
295824,504685806019936272
557968,216191547077558544
1082256,220677554787319824
2130832,216173955160014864
197520,76562306314539024
590736,72076298873209104
1115024,76562306582970384
2163600,72058706955665424
394128,220958960776122384
1180560,85569497246732304
787344,216472953334792464
1311632,220958961044553744
2360208,216455361417248784
3146640,76562298528923664
19856,72076496306438193
134544,76578996422185008
1052048,76578996690616368
2100624,72075397063311408
21904,72076358867484723
71056,72075267946840113
267664,216471922408423473
529808,72110443727946033
83344,72058775272423473
279952,216455429734006833
198032,76561275388170288
591248,72075267946840368
1115536,76561275656601648
2164112,72057676029296688
394640,220957929849753648
1181072,85568466320363568
787856,216471922408423728
1312144,220957930118185008
2360720,216454330490880048
3147152,76561267602554928
22928,72111543239573523
72080,72110452318928913
268688,216507106780512273
27024,72076504896372753
76176,72075422565662736
141712,76579005012119568
1059216,76579005280550928
2107792,72075405653245968
51600,216191684382294033
166288,220694184498040848
297360,504702435999088656
1083792,220694184766472208
2132368,216190585139167248
330128,216471930999406608
592272,72110452318929168
788880,216507106780512528
29072,72076367457419283
274832,216471930998358033
536976,72110452317880593
53648,216191546943340563
86416,72076298738991123
283024,216472953200574483
545168,72111474520097043
102800,216190456022695953
561552,216225631803801873
332176,216471862279929873
594320,72110383599452433
790928,216507038061035793
287120,216455438323941393
336272,216454355993231376
401808,220957938439688208
1188240,85568474910298128
795024,216471930998358288
1319312,220957938708119568
2367888,216454339080814608
3154320,76561276192489488
115088,216173963348279313
344464,216455369605513233
229776,220676463464026128
360848,504684714965073936
622992,216190456022696208
1147280,220676463732457488
2195856,216172864105152528
1212816,229683654396219408
3178896,220676455678410768
459152,220957869721260048
1245584,85568406191869968
852368,216471862279930128
1376656,220957869989691408
2425232,216454270362386448
3211664,76561207474061328
1442192,229965060653453328
3277200,85568398137823248
3408272,220957861935644688
36496,72076771184345136
134800,4522501895884848
265872,72357971283148848
1052304,4522502164316208
2100880,18902537011248
38544,72076496306438193
71312,18773420539953
530064,53949201645873
149136,4506971294142513
280208,72342440681406513
542352,20963852812593
1066640,4506971562573873
2115216,3371935268913
165520,76562503747768368
558736,72076496306438448
1083024,76562504016199728
2131600,72058904388894768
198288,4504780861870128
329360,72340250249134128
591504,18773420540208
1115792,4504781130301488
2164368,1181502996528
1181328,13511971794063408
3147408,4504773076254768
39568,72111680678526993
72336,53957792628753
43664,72076779774279696
76432,18928039362576
141968,4522510485819408
273040,72357979873083408
1059472,4522510754250768
2108048,18911126945808
51856,72078695329693713
84624,20972443795473
543376,56148224901393
101008,72076504897421328
297616,216473159359004688
559760,72111680678527248
592528,53957792629008
45712,72076504896372753
537232,53957791580433
53904,72078557890740243
152208,4524494760710163
283280,72359964147974163
1069712,4524495029141523
2118288,20895401836563
594576,53889073152273
90768,3397437620241
156304,4506979884077073
287376,72342449271341073
549520,20972442747153
1073808,4506980152508433
2122384,3380525203473
107152,72058929891246096
172688,76562512337702928
565904,72076504896373008
1090192,76562512606134288
2138768,72058912978829328
1188496,13511980383997968
3154576,4504781666189328
115344,72060974295678993
311952,216457628757262353
213648,4506911165648913
344720,72342380552912913
606864,20903724318993
1131152,4506911434080273
2179728,3311806775313
1196688,13514102097842193
3162768,4506903380033553
361104,216455438324989968
1245840,13511911665569808
3211920,4504712947761168
3277456,13511903611523088
52368,72076771117236273
150672,4522501828775985
281744,72357971216039985
1068176,4522502097207345
2116752,18902469902385
167056,76579271232983088
1084560,76579271501414448
2133136,72075671874109488
396432,76860471331786800
2231440,4521402585649200
1313936,76860471600218160
2362512,72356871972913200
152720,4522364389822515
283792,72357833777086515
1070224,4522364658253875
2118800,18765030948915
169104,76578996355076145
1086608,76578996623507505
2135184,72075396996202545
201872,4521273469177905
332944,72356742856441905
1119376,4521273737609265
2167952,17674110304305
660624,4556449250283825
1184912,13528464401371185
791696,72391918637547825
1578128,4556449518715185
2626704,52849891410225
3150992,4521265683562545
181392,76562503680659505
574608,72076496239329585
1098896,76562503949090865
2147472,72058904321785905
214160,4504780794761265
345232,72340250182025265
607376,18773353431345
1131664,4504781063192625
2180240,1181435887665
1197200,13511971726954545
3163280,4504773009145905
689296,76578996355076400
2262160,76561404437532720
1606800,76578996623507760
2655376,72075396996202800
459920,76842750297772080
722064,4521273469178160
2294928,4503681551634480
853136,72356742856442160
1377424,76842750566203440
2426000,72339150938898480
1639568,4521273737609520
2688144,17674110304560
1442960,85849941229965360
1705104,13528464401371440
3409040,76842742512156720
3671184,4521265683562800
153744,4557548761911315
284816,72393018149175315
546960,124317878714643
1071248,4557549030342675
2119824,53949403037715
170128,76614180727164945
563344,72180949843968273
1087632,76614180995596305
2136208,72110581368291345
202896,4556457841266705
333968,72391927228530705
596112,123226958070033
1120400,4556458109698065
2168976,52858482393105
1185936,13563648773459985
3152016,4556450055651345
59536,72076779707170833
92304,18927972253713
157840,4522510418710545
288912,72357979805974545
1075344,4522510687141905
2123920,18911059836945
108688,72075697376460816
174224,76579279822917648
1091728,76579280091349008
2140304,72075680464044048
206992,4521428088000528
338064,72356897475264528
1124496,4521428356431888
2173072,17828729126928
403600,76860479921721360
2238608,4521411175583760
1321104,76860480190152720
2369680,72356880562847760
116880,72076504830312465
313488,216473159291895825
575632,72111680611418385
608400,53957725520145
231568,76579004946059280
1149072,76579005214490640
2197648,72075405587185680
428176,220975659407642640
690320,76614180727165200
1214608,85586195878252560
1345680,220975659676074000
2394256,216472060048769040
1607824,76614180995596560
2656400,72110581368291600
3180688,76578997160443920
723088,4556457841266960
1247376,13528472992354320
854160,72391927228530960
1640592,4556458109698320
2689168,52858482393360
3213456,4521274274545680
1706128,13563648773460240
3278992,13528464938307600
3672208,4556450055651600
94352,18790533300243
159888,4522372979757075
290960,72357842367021075
1077392,4522373248188435
2125968,18773620883475
110736,72075422498553873
176272,76579004945010705
1093776,76579005213442065
2142352,72075405586137105
602256,52875393761553
667792,4556457840218385
1192080,13528472991305745
798864,72391927227482385
1585296,4556458108649745
2633872,52858481344785
3158160,4521274273497105
118928,72076367391358995
315536,216473021852942355
577680,72111543172464915
217232,4522304261328915
348304,72357773648592915
1134736,4522304529760275
2183312,18704902455315
675984,4557480042434835
1200272,13529495193522195
807056,72392949429698835
1593488,4557480310866195
2642064,53880683561235
3166352,4522296475713555
364688,216471930932297745
626832,72110452251820305
823440,216507106713403665
725136,4556389121790225
1249424,13528404272877585
856208,72391858509054225
1642640,4556389390221585
2691216,52789762916625
3215504,4521205555068945
1708176,13563580053983505
3281040,13528396218830865
3674256,4556381336174865
123024,72058929824137233
188560,76562512270594065
581776,72076504829264145
1106064,76562512539025425
2154640,72058912911720465
1204368,13511980316889105
3170448,4504781599080465
237712,76561429939884048
630928,72075422498554128
1155216,76561430208315408
2203792,72057830581010448
696464,76579004945010960
2269328,76561413027467280
1613968,76579005213442320
2662544,72075405586137360
1253520,13510897986179088
3219600,4503699268370448
1450128,85849949819899920
1712272,13528472991306000
3416208,76842751102091280
3678352,4521274273497360
376976,216455438257881105
1261712,13511911598460945
3227792,4504712880652305
3293328,13511903544414225
491664,220957938373627920
1278096,85568474844237840
884880,216471930932298000
1409168,220957938642059280
2457744,216454339014754320
3244176,76561276126429200
1474704,229965129305821200
3309712,85568466790191120
3440784,220957930588012560
1507472,85849881101471760
1769616,13528404272877840
3473552,76842682383663120
3735696,4521205555069200
3539088,85849873047425040
3801232,13528396218831120
7952,72111680678526993
12048,72076779774279696
20240,72078695329693713
36624,216191959260200976
69392,72076504897421328
266000,216473159359004688
528144,72111680678527248
14096,72076504896372753
22288,72078557890740243
38672,216191684382294033
75536,72058929891246096
141072,76562512337702928
534288,72076504896373008
1058576,76562512606134288
2107152,72058912978829328
83728,72060974295678993
280336,216457628757262353
165648,220677691823624208
296720,504685943324672016
558864,216191684382294288
1083152,220677692092055568
2131728,216174092464750608
329488,216455438324989968
72464,72111551830556673
269072,216508206292140033
76560,72076522077290496
142096,76580104523747328
1059600,76580104792178688
2108176,72076505164873728
84752,72078566481723393
281360,216475220943306753
543504,72113742262829313
166672,220695284009668608
297744,504703535510716416
1084176,220695284278099968
2132752,216191684650795008
330512,216473030511034368
592656,72111551830556928
789264,216508206292140288
275216,216473030509985793
537360,72111551829508353
152336,76582088798638083
1069840,76582089067069443
2118416,72078489439764483
103184,216191555534323713
561936,216226731315429633
332560,216472961791557633
594704,72111483111080193
791312,216508137572663553
90896,72060991475548161
156432,76564573922004993
549648,72078566480675073
1073936,76564574190436353
2122512,72060974563131393
336656,216455455504859136
402192,220959037951315968
1188624,85569574421925888
795408,216473030509986048
1319696,220959038219747328
2368272,216455438592442368
3154704,76562375704117248
181008,220679753407926273
312080,504688004908974081
574224,216193745966596353
1098512,220679753676357633
2147088,216176154049052673
213776,76564505203576833
606992,72078497762246913
1131280,76564505472008193
2179856,72060905844703233
410384,220961159665160193
1196816,85571696135770113
803600,216475152223830273
1327888,220961159933591553
2376464,216457560306286593
3162896,76564497417961473
230160,220677562975653888
361232,504685814476701696
623376,216191555534323968
1147664,220677563244085248
2196240,216173963616780288
1213200,229684753907847168
3179280,220677555190038528
459536,220958969232887808
1245968,85569505703497728
852752,216472961791557888
1377040,220958969501319168
2425616,216455369874014208
3212048,76562306985689088
1442576,229966160165081088
3277584,85569497649451008
3408656,220958961447272448
138512,76614180727164945
531728,72180949843968273
1056016,76614180995596305
2104592,72110581368291345
27920,72076779707170833
77072,72075697376460816
142608,76579279822917648
1060112,76579280091349008
2108688,72075680464044048
52496,216191959193092113
85264,72076504830312465
281872,216473159291895825
544016,72111680611418385
167184,220694459308838928
298256,504702710809886736
1084688,220694459577270288
2133264,216190859949965328
199952,76579004946059280
1117456,76579005214490640
2166032,72075405587185680
396560,220975659407642640
658704,76614180727165200
1182992,85586195878252560
1314064,220975659676074000
2362640,216472060048769040
1576208,76614180995596560
2624784,72110581368291600
3149072,76578997160443920
79120,72075422498553873
144656,76579004945010705
1062160,76579005213442065
2110736,72075405586137105
87312,72076367391358995
283920,216473021852942355
546064,72111543172464915
169232,220694184430931985
300304,504702435931979793
1086736,220694184699363345
2135312,216190585072058385
333072,216471930932297745
595216,72110452251820305
791824,216507106713403665
91408,72058929824137233
156944,76562512270594065
550160,72076504829264145
1074448,76562512539025425
2123024,72058912911720465
206096,76561429939884048
599312,72075422498554128
1123600,76561430208315408
2172176,72057830581010448
664848,76579004945010960
2237712,76561413027467280
1582352,76579005213442320
2630928,72075405586137360
181520,220677691756515345
312592,504685943257563153
574736,216191684315185425
1099024,220677692024946705
2147600,216174092397641745
345360,216455438257881105
427280,509188443373309968
689424,220694184430932240
2262288,220676592513388560
820496,504702435931980048
1344784,509188443641741328
2393360,504684844014436368
1606928,220694184699363600
2655504,216190585072058640
460048,220957938373627920
1246480,85568474844237840
853264,216471930932298000
1377552,220957938642059280
2426128,216454339014754320
3212560,76561276126429200
1443088,229965129305821200
3278096,85568466790191120
3409168,220957930588012560
153872,76615142799839235
547088,72181911916642563
1071376,76615143068270595
2119952,72111543440965635
203024,76614051879194625
596240,72180820995997953
1120528,76614052147625985
2169104,72110452520321025
399632,221010706340777985
1186064,85621242811387905
792848,216577475457581313
1317136,221010706609209345
2365712,216507106981904385
3152144,76614044093579265
92432,72076522010181633
157968,76580104456638465
1075472,76580104725069825
2124048,72076505097764865
207120,76579022125928448
1124624,76579022394359808
2173200,72075422767054848
2238736,76579005213511680
182544,220695283942559745
313616,504703535443607553
1100048,220695284210991105
2148624,216191684583686145
346384,216473030443925505
608528,72111551763448065
805136,216508206225031425
428304,509206035559354368
2263312,220694184699432960
1345808,509206035827785728
2394384,504702436200480768
461072,220975530559672320
723216,76614051879194880
1247504,85586067030282240
1378576,220975530828103680
2427152,216471931200798720
1640720,76614052147626240
2689296,72110452520321280
3213584,76578868312473600
919824,221010706340778240
1444112,229982721491865600
1706256,85621242811388160
3279120,85586058976235520
1837328,221010706609209600
2885904,216507106981904640
3410192,220975522774056960
3672336,76614044093579520
94480,72076384571228163
160016,76579967017684995
1077520,76579967286116355
2126096,72076367658811395
340240,216471948112166913
602384,72110469431689473
405776,220975530558623745
667920,76614051878146305
1192208,85586067029233665
1323280,220975530827055105
2371856,216471931199750145
1585424,76614052146577665
2634000,72110452519272705
3158288,76578868311425025
184592,220695146503606275
315664,504703398004654083
1102096,220695146772037635
2150672,216191547144732675
217360,76579898299256835
1134864,76579898567688195
2183440,72076298940383235
413968,220976552760840195
676112,76615074080362755
1200400,85587089231450115
1331472,220976553029271555
2380048,216472953401966595
1593616,76615074348794115
2642192,72111474721489155
3166480,76579890513641475
233744,220694055582961665
364816,504702307084009473
1151248,220694055851393025
2199824,216190456224088065
692496,220729231364067585
1216784,229701246515154945
823568,504737482865115393
1610000,220729231632498945
2658576,216225632005193985
3182864,220694047797346305
463120,220975461840195585
725264,76613983159718145
1249552,85585998310805505
1380624,220975462108626945
2429200,216471862481321985
1642768,76613983428149505
2691344,72110383800844545
3215632,76578799592996865
921872,221010637621301505
1446160,229982652772388865
1708304,85621174091911425
3281168,85585990256758785
1839376,221010637889732865
2887952,216507038262427905
3412240,220975454054580225
3674384,76613975374102785
352528,216455455437750273
418064,220959037884207105
1204496,85569574354817025
811280,216473030442877185
1335568,220959038152638465
2384144,216455438525333505
3170576,76562375637008385
467216,220957955553497088
1253648,85568492024107008
860432,216471948112167168
1384720,220957955821928448
2433296,216454356194623488
3219728,76561293306298368
925968,220975530558624000
2498832,220957938641080320
1712400,85586067029233920
1843472,220975530827055360
2892048,216471931199750400
3678480,76578868311425280
246032,220677562908545025
377104,504685814409592833
639248,216191555467215105
1163536,220677563176976385
2212112,216173963549671425
1229072,229684753840738305
3195152,220677555122929665
475408,220958969165778945
1261840,85569505636388865
868624,216472961724449025
1392912,220958969434210305
2441488,216455369806905345
3227920,76562306918580225
1458448,229966160097972225
3293456,85569497582342145
3424528,220958961380163585
491792,509188314525339648
753936,220694055582961920
2326800,220676463665418240
885008,504702307084009728
1409296,509188314793771008
2457872,504684715166466048
1671440,220694055851393280
2720016,216190456224088320
1474832,518195505457532928
1736976,229701246515155200
3440912,509188306739724288
3703056,220694047797346560
983312,220975461840195840
2556176,220957869922652160
1769744,85585998310805760
1900816,220975462108627200
2949392,216471862481322240
3735824,76578799592997120
1966352,229982652772389120
3801360,85585990256759040
3932432,220975454054580480
40464,72111955489325073
138768,4557686200864785
269840,72393155588128785
531984,124455317668113
1056272,4557686469296145
2104848,54086841991185
77328,19202850160656
142864,4522785296617488
273936,72358254683881488
1060368,4522785565048848
2108944,19185937743888
52752,72078970140491793
151056,4524700852031505
282128,72360170239295505
1068560,4524701120462865
2117136,21101493157905
101904,72076779708219408
298512,216473434169802768
560656,72111955489325328
200208,4522510419759120
331280,72357979807023120
1117712,4522510688190480
2166288,18911060885520
658960,4557686200865040
1183248,13529701351952400
790032,72393155588129040
1576464,4557686469296400
2625040,54086841991440
3149328,4522502634143760
46608,72076779707170833
79376,18927972253713
144912,4522510418710545
275984,72357979805974545
1062416,4522510687141905
2110992,18911059836945
153104,4524563413078035
284176,72360032800342035
1070608,4524563681509395
2119184,20964054204435
103952,72076504830312465
300560,216473159291895825
562704,72111680611418385
595472,53957725520145
108048,72059204702044176
173584,76562787148501008
566800,72076779707171088
1091088,76562787416932368
2139664,72059187789627408
206352,4504935413583888
337424,72340404800847888
599568,18927972253968
1123856,4504935682015248
2172432,1336054710288
402960,76843987247304720
665104,4522510418710800
2237968,4504918501167120
796176,72357979805974800
1320464,76843987515736080
2369040,72340387888431120
1582608,4522510687142160
2631184,18911059837200
181776,76564702703915025
574992,72078695262585105
1099280,76564702972346385
2147856,72061103345041425
214544,4506979818016785
345616,72342449205280785
607760,20972376686865
1132048,4506980086448145
2180624,3380459143185
1197584,13514170750210065
3163664,4506972032401425
230928,76562512271642640
624144,72076504830312720
1148432,76562512540074000
2197008,72058912912769040
427536,220959166733226000
1213968,85569703203835920
820752,216473159291896080
1345040,220959167001657360
2393616,216455567374352400
3180048,76562504486027280
1246736,13511980317937680
3212816,4504781600129040
3278352,13511972263890960
170512,76615280238792705
563728,72182049355596033
1088016,76615280507224065
2136592,72111680879919105
203280,4557557352894465
334352,72393026740158465
596496,124326469697793
1120784,4557557621325825
2169360,53957994020865
1186320,13564748285087745
3152400,4557549567279105
109072,72076796888088576
174608,76580379334545408
1092112,76580379602976768
2140688,72076779975671808
207376,4522527599628288
338448,72357996986892288
1124880,4522527868059648
2173456,18928240754688
403984,76861579433349120
2238992,4522510687211520
1321488,76861579701780480
2370064,72357980074475520
182800,76582294889959425
1100304,76582295158390785
2148880,72078695531085825
215568,4524572004061185
346640,72360041391325185
1133072,4524572272492545
2181648,20972645187585
674320,4559747785167105
1198608,13531762936254465
805392,72395217172431105
1591824,4559748053598465
2640400,56148426293505
3164688,4524564218445825
231952,76580104457687040
1149456,76580104726118400
2198032,72076505098813440
428560,220976758919270400
690704,76615280238792960
1214992,85587295389880320
1346064,220976759187701760
2394640,216473159560396800
1608208,76615280507224320
2656784,72111680879919360
3181072,76580096672071680
723472,4557557352894720
1247760,13529572503982080
854544,72393026740158720
1640976,4557557621326080
2689552,53957994021120
3213840,4522373786173440
1706512,13564748285088000
3279376,13529564449935360
3672592,4557549567279360
111120,72076522010181633
176656,76580104456638465
1094160,76580104725069825
2142736,72076505097764865
602640,53974905389313
668176,4557557351846145
1192464,13529572502933505
799248,72393026739110145
1585680,4557557620277505
2634256,53957992972545
3158544,4522373785124865
184848,76582157451005955
1102352,76582157719437315
2150928,72078558092132355
414224,76863563708239875
2249232,4524494962102275
1331728,76863563976671235
2380304,72359964349366275
365072,216473030443925505
627216,72111551763448065
823824,216508206225031425
725520,4557488633417985
1249808,13529503784505345
856592,72392958020681985
1643024,4557488901849345
2691600,53889274544385
3215888,4522305066696705
1708560,13564679565611265
3281424,13529495730458625
3674640,4557480847802625
221712,4506996997885953
352784,72342466385149953
614928,20989556556033
1139216,4506997266317313
2187792,3397639012353
418320,76846048831606785
680464,4524572003012865
2253328,4506980085469185
811536,72360041390276865
1335824,76846049100038145
2384400,72342449472733185
1597968,4524572271444225
2646544,20972644139265
238096,76562529451511808
631312,72076522010181888
1155600,76562529719943168
2204176,72058930092638208
696848,76580104456638720
2269712,76562512539095040
1614352,76580104725070080
2662928,72076505097765120
1253904,13511997497806848
3219984,4504798779998208
1450512,85851049331527680
1712656,13529572502933760
3416592,76843850613719040
3678736,4522373785125120
246288,76564573855944705
639504,72078566414614785
1163792,76564574124376065
2212368,72060974497071105
442896,220961228317528065
1229328,85571764788137985
836112,216475220876198145
1360400,220961228585959425
2408976,216457628958654465
3195408,76564566070329345
475664,76845980113178625
737808,4524503284584705
2310672,4506911367041025
868880,72359972671848705
1393168,76845980381609985
2441744,72342380754305025
1655312,4524503553016065
2703888,20903925711105
1458704,85853171045371905
1720848,13531694216777985
3424784,76845972327563265
3686928,4524495498969345
492048,220959037885255680
1278480,85569574355865600
885264,216473030443925760
1409552,220959038153687040
2458128,216455438526382080
3244560,76562375638056960
1475088,229966228817448960
3310096,85569566301818880
3441168,220959030099640320
1507856,85850980613099520
1770000,13529503784505600
3473936,76843781895290880
3736080,4522305066696960
3539472,85850972559052800
3801616,13529495730458880
80912,53287677067281
146448,4556870123524113
277520,72392339510788113
539664,123639240327441
1063952,4556870391955473
2112528,53270764650513
56336,72111955455770643
154640,4557686167310355
285712,72393155554574355
547856,124455284113683
1072144,4557686435741715
2120720,54086808436755
105488,72110864535126033
302096,216507518996709393
203792,4556595246665745
334864,72392064633929745
597008,123364363469073
1121296,4556595515097105
2169872,52995887792145
1186832,13563786178859025
3152912,4556587461050385
60432,72077329429430289
551952,54370007777553
109584,72076247098720272
175120,76579829545177104
1092624,76579829813608464
2141200,72076230186303504
601104,53287677067536
666640,4556870123524368
1190928,13528885274611728
797712,72392339510788368
1584144,4556870391955728
2632720,53270764650768
3157008,4521686556803088
609296,54095130919185
363536,216472343215603728
625680,72110864535126288
822288,216507518996709648
723984,4556595246666000
1248272,13528610397753360
855056,72392064633930000
1641488,4556595515097360
2690064,52995887792400
3214352,4521411679944720
1707024,13563786178859280
3279888,13528602343706640
3673104,4556587461050640
62480,72076779673616403
95248,18927938699283
160784,4522510385156115
291856,72357979772420115
1078288,4522510653587475
2126864,18911026282515
308240,216472343214555153
570384,72110864534077713
603152,53012799160593
668688,4556595245617425
1192976,13528610396704785
799760,72392064632881425
1586192,4556595514048785
2634768,52995886743825
3159056,4521411678896145
119824,72076504796758035
316432,216473159258341395
578576,72111680577863955
611344,53957691965715
365584,216472068337696785
627728,72110589657219345
824336,216507244118802705
320528,216455850540138513
1205264,13512117722288145
3171344,4504919004479505
369680,216454768209428496
435216,220958350655885328
1221648,85568887126495248
828432,216472343214555408
1352720,220958350924316688
2401296,216454751297011728
3187728,76561688408686608
1254416,13511035391578128
3220496,4503836673769488
1451024,85850087225298960
1713168,13528610396705040
3417104,76842888507490320
3679248,4521411678896400
377872,216455575663280145
492560,220958075779026960
1278992,85568612249636880
885776,216472068337697040
1410064,220958076047458320
2458640,216454476420153360
3245072,76561413531828240
1475600,229965266711220240
3310608,85568604195590160
3441680,220958067993411600
3343376,13510881309691920
112656,72110881714995201
178192,76614464161452033
571408,72181233278255361
1095696,76614464429883393
2144272,72110864802578433
210960,4556612426534913
342032,72392081813798913
604176,123381543338241
1128464,4556612694966273
2177040,53013067661313
407568,76895664260255745
669712,4626963989795073
2242576,4556595514118145
800784,72462433377059073
1325072,76895664528687105
2373648,72392064901382145
1587216,4626964258226433
2635792,123364630921473
186384,76615280205238275
579600,72182049322041603
1103888,76615280473669635
2152464,72111680846364675
219152,4557557319340035
350224,72393026706604035
612368,124326436143363
1136656,4557557587771395
2185232,53957960466435
1202192,13564748251533315
3168272,4557549533724675
235536,76614189284593665
628752,72180958401396993
1153040,76614189553025025
2201616,72110589925720065
432144,221010843746177025
1218576,85621380216786945
825360,216577612862980353
1349648,221010844014608385
2398224,216507244387303425
3184656,76614181498978305
1251344,13563657330888705
3217424,4556458613080065
3282960,13563649276841985
321552,216473442726182913
583696,72111964045705473
616464,54112310788353
682000,4557694757245185
1206288,13529709908332545
813072,72393164144509185
1599504,4557695025676545
2648080,54095398371585
3172368,4522511190523905
370704,216472360395472896
632848,72110881714995456
436240,220975942841929728
698384,76614464161452288
1222672,85586479312539648
1353744,220975943110361088
2402320,216472343483056128
1615888,76614464429883648
2664464,72110864802578688
3188752,76579280594731008
731152,4556612426535168
1255440,13528627577622528
862224,72392081813799168
1648656,4556612694966528
2697232,53013067661568
3221520,4521428859813888
927760,76895664260256000
1452048,85867679411343360
2762768,4556595514118400
1845264,76895664528687360
2893840,72392064901382400
3418128,76860480693534720
378896,216473167849324545
641040,72111689168847105
837648,216508343630430465
493584,220975667965071360
755728,76614189284593920
1280016,85586204435681280
1411088,220975668233502720
2459664,216472068606197760
1673232,76614189553025280
2721808,72110589925720320
3246096,76579005717872640
952336,221010843746177280
1476624,229982858897264640
1738768,85621380216787200
3311632,85586196381634560
1869840,221010844014608640
2918416,216507244387303680
3442704,220975660179456000
3704848,76614181498978560
1771536,13563657330888960
3344400,13528473495736320
3737616,4556458613080320
3803152,13563649276842240
126992,72076521976627203
192528,76580104423084035
1110032,76580104691515395
2158608,72076505064210435
618512,53974871834883
684048,4557557318291715
1208336,13529572469379075
815120,72393026705555715
1601552,4557557586723075
2650128,53957959418115
3174416,4522373751570435
372752,216472085517565953
634896,72110606837088513
438288,220975667964022785
700432,76614189283545345
1224720,85586204434632705
1355792,220975668232454145
2404368,216472068605149185
1617936,76614189551976705
2666512,72110589924671745
3190800,76579005716824065
1716240,13563657329840385
3289104,13528473494687745
3682320,4556458612031745
380944,216473030410371075
643088,72111551729893635
839696,216508206191476995
741392,4557488599863555
1265680,13529503750950915
872464,72392957987127555
1658896,4557488868294915
2707472,53889240989955
3231760,4522305033142275
1724432,13564679532056835
3297296,13529495696904195
3690512,4557480814248195
888848,216507115270832385
1773584,13563588611412225
3346448,13528404776259585
3739664,4556389893603585
3805200,13563580557365505
385040,216455592843149313
450576,220959175289606145
1237008,85569711760216065
843792,216473167848276225
1368080,220959175558037505
2416656,216455575930732545
3203088,76562513042407425
3301392,13511980820271105
499728,220958092958896128
1286160,85568629429506048
892944,216472085517566208
1417232,220958093227327488
2465808,216454493600022528
3252240,76561430711697408
958480,220975667964023040
2531344,220958076046479360
1744912,85586204434632960
1875984,220975668232454400
2924560,216472068605149440
3710992,76579005716824320
3350544,13510898489561088
3547152,85849950323281920
3809296,13528473494688000
3358736,13511912101842945
1540112,229965137863249920
3375120,85568475347619840
3506192,220957939145441280
3571728,229965129809203200
3604496,85849881604853760
3866640,13528404776259840
2016,76582153224192048
3040,76617337596280848
5088,76617268876804113
33760,220697341300047888
66528,76582088801779728
132064,85589283759460368
263136,220978747557281808
525280,76617268876804368
1049568,85589284027891728
5600,76615138505916465
9696,76580095867748400
17888,76582153157083185
67040,76579958430892080
132576,85587153388572720
263648,220976617186394160
525792,76615138505916720
1050080,85587153657004080
10720,76615280239837200
18912,76617337529171985
68064,76615142802980880
133600,85622337760661520
264672,221011801558482960
1051104,85622338029092880
37344,220730326581772305
70112,76615074083504145
135648,85622269041184785
266720,221011732839006225
1053152,85622269309616145
41440,220695283943604240
74208,76579967020826640
49632,220697341232939025
82400,76582088734670865
147936,85589283692351505
279008,220978747490172945
541152,76617268809695505
1065440,85589283960782865
98784,220695146506747920
164320,229702341464428560
557536,220730326581772560
1081824,229702341732859920
197088,85587088966160400
328160,220976552763981840
590304,76615074083504400
1114592,85587089234591760
393696,229983747721662480
655840,85622269041185040
786912,221011732839006480
1311200,229983747990093840
1573344,85622269309616400
3146208,85587085474463760
18144,4528957165666353
263904,76863628133793840
2098912,4524559387656240
6880,4630112235421713
19168,4564141537755153
264928,76898812505882640
527072,4630112235421968
2099936,4559743759745040
13024,4559747786211345
37600,76617337529171985
266976,76898743786405905
529120,4630043515945233
2101984,4559675040268305
41696,76582294891003920
140000,13531762668867600
533216,4559747786211600
1057504,13531762937298960
82656,4528892743254033
148192,13536087700934673
541408,4564072818278673
1065696,13536087969366033
99040,76582157454147600
164576,85589352411828240
295648,220978816209649680
557792,76617337529172240
1082080,85589352680259600
328416,76863563711381520
2163424,4524494965243920
393952,85870758669062160
1180384,31546088432341008
2228960,13531689922924560
787168,76898743786406160
1311456,85870758937493520
2622176,4559675040268560
7392,4628050617565233
11488,4557961046261808
36064,76615550789222448
265440,76896750888026160
527584,4628050617565488
2100448,4557682141888560
13536,4557686168354865
38112,76615275911315505
70880,4557548731498545
136416,13564743689179185
1053920,13564743957610545
25824,4524700819521585
140512,13529701051011120
533728,4557686168355120
1058016,13529701319442480
50400,76582290562482225
83168,4524563382665265
148704,13531758340345905
541920,4559743457689905
1066208,13531758608777265
99552,76580095836291120
165088,85587290793971760
296160,220976754591793200
558304,76615275911315760
1082592,85587291062403120
197856,13529563614154800
591072,4557548731498800
1115360,13529563882586160
656608,13564743689179440
1574112,13564743957610800
3146976,13529560122458160
22752,4630112201867283
26848,4559885191610385
141536,13564885423099920
1059040,13564885691531280
51424,76617474934571025
84192,4559747754754065
149728,13566942712434705
1067232,13566942980866065
100576,76615280208379920
166112,85622475166060560
297184,221011938963882000
1083616,85622475434491920
198880,13564747986243600
1116384,13564748254674960
3148000,13564744494546960
28896,4559747752656915
78048,4557557321433105
53472,76617337495617555
282848,76898743752851475
544992,4630043482390803
2117856,4559675006713875
200928,13564679266766865
1118432,13564679535198225
3150048,13564675775070225
90336,4524571972599825
106720,76580104426225680
205024,13529572204089360
598240,4557557321433360
1122528,13529572472520720
213216,13531693917933585
606432,4559679035277585
1130720,13531694186364945
671968,13566873992958225
1589472,13566874261389585
3162336,13531690426236945
721120,13564679266767120
1638624,13564679535198480
3211488,13529495700045840
3670240,13564675775070480
5984,76617337529171985
10080,76582294891003920
67424,76582157454147600
132960,85589352411828240
264032,220978816209649680
526176,76617337529172240
1050464,85589352680259600
7008,76687706273349633
19296,76621735575683073
527200,76687706273349888
2100064,76617337797672960
13152,76617341824139265
529248,76687637553873153
2102112,76617269078196225
140128,85589356706795520
271200,220978820504616960
533344,76617341824139520
1057632,85589356975226880
50016,220701739279450113
82784,76586486781181953
148320,85593681738862593
279392,220983145536684033
541536,76621666856206593
1065824,85593682007293953
295776,509209192361361408
2130784,220697341501440000
2163552,76582089003171840
1180512,103603682470268928
2229088,85589283960852480
2360160,220978747758673920
2622304,76617269078196480
19808,76617474934571025
36192,220730738865078288
68960,76615280208379920
134496,85622475166060560
265568,221011938963882000
1052000,85622475434491920
21856,76617337495617555
38240,220730463987171345
75104,76580104426225680
50528,220697478638338065
99680,220695283912146960
165216,229702478869827600
558432,220730463987171600
1082720,229702479138258960
22880,76687706239795203
39264,220800832731348993
26976,76617479229538305
43360,220730743160045568
141664,85622479461027840
272736,221011943258849280
1059168,85622479729459200
84320,76617341792681985
149856,85624536750362625
280928,221014000548184065
1067360,85624537018793985
297312,509242315115593728
559456,220800832731349248
2132320,220730464255672320
199008,85622342024171520
330080,221011805821992960
1116512,85622342292602880
395616,230019000779673600
1313120,230019001048104960
3148128,85622338532474880
29024,76617341790584835
45408,220730468282138625
78176,76615151359361025
545120,76687637520318723
2117984,76617269044641795
102752,220730330845282305
168288,229737525802962945
1085792,229737526071394305
201056,85622273304694785
332128,221011737102516225
1118560,85622273573126145
397664,230018932060196865
1315168,230018932328628225
3150176,85622269812998145
57696,220697482933305345
90464,76582166010527745
172384,229702483164794880
565600,220730468282138880
1089888,229702483433226240
205152,85587166242017280
336224,220976630039838720
598368,76615151359361280
1122656,85587166510448640
115040,220697345496449025
180576,229704540454129665
573792,220732525571473665
1098080,229704540722561025
213344,85589287955861505
344416,220978751753682945
606560,76617273073205505
1130848,85589288224292865
409952,229985946711363585
672096,85624468030886145
803168,221013931828707585
1327456,229985946979794945
1589600,85624468299317505
3162464,85589284464164865
229728,229702345727938560
622944,220730330845282560
1147232,229702345996369920
688480,229737525802963200
1605984,229737526071394560
3178848,229702342236241920
459104,229983751985172480
721248,85622273304695040
852320,221011737102516480
1376608,229983752253603840
1638752,85622273573126400
3211616,85587089737973760
917856,230018932060197120
1835360,230018932328628480
3408224,229983748493475840
3670368,85622269812998400
7776,4630249640820753
11872,4560160069517328
20064,4564278943154193
36448,76617749812477968
265824,76898949911281680
527968,4630249640821008
2100832,4559881165144080
13920,4559885191610385
22112,4564141504200723
38496,76617474934571025
71264,4559747754754065
136800,13566942712434705
1054304,13566942980866065
140896,13531900074266640
534112,4559885191610640
1058400,13531900342698000
99936,76582294859546640
165472,85589489817227280
296544,220978953615048720
558688,76617474934571280
1082976,85589490085658640
198240,13531762637410320
591456,4559747754754320
1115744,13531762905841680
656992,13566942712434960
1574496,13566942980866320
3147360,13531759145713680
14944,4630253935788033
23136,4634510248378371
39520,76687843678748673
72288,4630116498931713
137824,13637311456612353
531040,4770849690222849
1055328,13637311725043713
27232,4564283238121473
43616,76617754107445248
272992,76898954206248960
535136,4630253935788288
2108000,4559885460111360
51808,76621872981082113
84576,4564145801265153
150112,13571340758945793
1067616,13571341027377153
559712,76687843678748928
2132576,76617475203072000
330336,76898816769392640
592480,4630116498931968
2165344,4559748023255040
395872,85906011727073280
658016,13637311456612608
1182304,31581341490352128
2230880,13566942980935680
1313376,85906011995504640
1575520,13637311725043968
29280,4564145799168003
45664,76617479229538305
143968,13566947007401985
1061472,13566947275833345
53856,76621735542128643
283232,76903141799362563
545376,4634441528901891
2118240,4564073053224963
103008,76617341792681985
168544,85624536750362625
299616,221014000548184065
1086048,85624537018793985
332384,76898748049915905
594528,4630047779455233
2167392,4559679303778305
397920,85905943007596545
660064,13637242737135873
1184352,31581272770875393
2232928,13566874261458945
1315424,85905943276027905
1577568,13637243005567233
90720,4528970019110913
172640,85589494112194560
303712,220978957910016000
565856,76617479229538560
1090144,85589494380625920
336480,76863640987238400
2171488,4524572241100800
664160,13566947007402240
1581664,13566947275833600
3154528,13531763440680960
213600,13536091964444673
606816,4564077081788673
1131104,13536092232876033
672352,13571272039469313
1589856,13571272307900673
3162720,13536088472748033
229984,85589356675338240
361056,220978820473159680
623200,76617341792682240
1147488,85589356943769600
426592,229986015430840320
688736,85624536750362880
819808,221014000548184320
1344096,229986015699271680
1606240,85624537018794240
3179104,85589353183641600
459360,85870762932572160
1245792,31546092695851008
2294368,13531694186434560
852576,76898748049916160
1376864,85870763201003520
2687584,4559679303778560
918112,85905943007596800
1704544,31581272770875648
2753120,13566874261459200
3277408,31546088935723008
1835616,85905943276028160
3408480,85870759440875520
72800,4628054897852433
138336,13635249855533073
531552,4768788089143569
1055840,13635250123964433
27744,4560160052740113
44128,76616104823226384
142432,13565160284229648
1059936,13565160552661008
52320,76617749795700753
281696,76898949894504465
543840,4630249624043793
2116704,4559881148366865
101472,76615555069509648
167008,85622750027190288
298080,221012213825011728
1084512,85622750295621648
330848,76896755168313360
592992,4628054897852688
2165856,4557686422175760
396384,85903950125994000
658528,13635249855533328
1182816,31579279889272848
2231392,13564881379856400
1313888,85903950394425360
1576032,13635250123964688
144480,13564885406322705
1061984,13564885674754065
283744,76898812455550995
545888,4630112185090323
2118752,4559743709413395
103520,76615280191602705
169056,85622475149283345
300128,221011938947104785
1086560,85622475417714705
201824,13564747969466385
1119328,13564748237897745
3150944,13564744477769745
156768,13531900057489425
549984,4559885174833425
1074272,13531900325920785
107616,76580379287355408
336992,76861579386159120
2172000,4522510640021520
664672,13564885406322960
1582176,13564885674754320
3155040,13529701839601680
115808,76582294842769425
181344,85589489800450065
312416,220978953598271505
574560,76617474917794065
1098848,85589490068881425
214112,13531762620633105
607328,4559747737977105
1131616,13531762889064465
672864,13566942695657745
1590368,13566942964089105
3163232,13531759128936465
230496,85587295074258960
361568,220976758872080400
623712,76615280191602960
1148000,85587295342690320
427104,229983953829761040
689248,85622475149283600
820320,221011938947105040
1344608,229983954098192400
1606752,85622475417714960
3179616,85587291582562320
722016,13564747969466640
1639520,13564748237898000
3212384,13529564402745360
3671136,13564744477770000
145504,13635254150500353
538720,4768792384110849
1063008,13635254418931713
284768,76969181199728643
2119776,4630112453591043
104544,76685648935780353
170080,85692843893460993
301152,221082307691282433
563296,76826382127071489
1087584,85692844161892353
202848,13635116713644033
596064,4768654947254529
1120352,13635116982075393
661600,13775849904935169
1579104,13775850173366529
3151968,13635113221947393
59488,76617754090668033
288864,76898954189471745
551008,4630253919011073
2123872,4559885443334145
174176,85622754322157568
305248,221012218119979008
1091680,85622754590588928
403552,85903954420961280
665696,13635254150500608
1189984,31579284184240128
2238560,13564885674823680
1321056,85903954689392640
1583200,13635254418931968
575584,76687843661971713
2148448,76617475186294785
346208,76898816752615425
608352,4630116482154753
2181216,4559748006477825
411744,85906011710296065
673888,13637311439835393
1198176,31581341473574913
2246752,13566942964158465
1329248,85906011978727425
1591392,13637311708266753
624736,76685648935780608
2197600,76615280460103680
690272,85692843893461248
1214560,103636873927200768
2263136,85622475417784320
821344,221082307691282688
2394208,221011939215605760
1607776,85692844161892608
460896,85903816984104960
723040,13635116713644288
1247328,31579146747383808
2295904,13564748237967360
1378400,85903817252536320
1640544,13635116982075648
3278944,31579142987255808
3410016,85903813492408320
3672160,13635113221947648
290912,76898816750518275
553056,4630116480057603
2125920,4559748004380675
176224,85622479444250625
307296,221011943242072065
1093728,85622479712681985
340064,76896626319294465
602208,4627926048833793
2175072,4557557573156865
3158112,13564748772737025
577632,76687706223018243
2150496,76617337747341315
807008,76969112480252163
2379872,76898744004575235
2642016,4630043734114563
233568,85622342007394305
364640,221011805805215745
1151072,85622342275825665
430176,230019000762896385
1347680,230019001031327745
3182688,85622338515697665
462944,85903748264628225
725088,13635047994167553
1249376,31579078027907073
2297952,13564679518490625
1380448,85903748533059585
1642592,13635048262598913
3280992,31579074267779073
3412064,85903744772931585
3674208,13635044502470913
188512,85589494095417345
319584,220978957893238785
581728,76617479212761345
1106016,85589494363848705
352352,76863640970461185
2187360,4524572224323585
680032,13566946990625025
1597536,13566947259056385
3170400,13531763423903745
2203744,76580104677949440
434272,229983958124728320
696416,85622479444250880
827488,221011943242072320
1351776,229983958393159680
1613920,85622479712682240
3186784,85587295877529600
467040,85868641201950720
1253472,31543970965229568
2302048,13529572455813120
860256,76896626319294720
1384544,85868641470382080
2695264,4557557573157120
3678304,13564748772737280
245856,85589356658561025
376928,220978820456382465
639072,76617341775905025
1163360,85589356926992385
442464,229986015414063105
704608,85624536733585665
835680,221014000531407105
1359968,229986015682494465
1622112,85624537002017025
3194976,85589353166864385
475232,85870762915794945
1261664,31546092679073793
2310240,13531694169657345
868448,76898748033138945
1392736,85870763184226305
2703456,4559679287001345
933984,85905942990819585
1720416,31581272754098433
2768992,13566874244681985
3293280,31546088918945793
1851488,85905943259250945
3424352,85870759424098305
491616,229983820687872000
753760,85622342007394560
884832,221011805805216000
1409120,229983820956303360
1671264,85622342275825920
3244128,85587158440673280
950368,230019000762896640
1867872,230019001031328000
3440736,229983817196175360
3702880,85622338515697920
983136,85903748264628480
1769568,31579078027907328
2818144,13564679518490880
3342432,31543894192754688
1900640,85903748533059840
3473504,85868564697907200
3801184,31579074267779328
3932256,85903744772931840
6048,72078553596821553
18336,72065359457288241
133024,76564561038151728
526240,72078553596821808
1050528,76564561306583088
2099104,72060961679278128
7072,72113737968910353
11168,72078695330742288
68512,72078557893885968
265120,216475216649388048
527264,72113737968910608
21408,72082882923855891
37792,216193741672677393
70560,72078489174409233
267168,216475147929911313
529312,72113669249433873
271264,216457628758310928
50080,216180547533144081
82848,72065295034875921
279456,216461953790378001
164768,220679749114007568
295840,504688000615055376
557984,216193741672677648
1082272,220679749382438928
2130848,216176149755133968
197536,76564496615739408
590752,72078489174409488
1115040,76564496884170768
2163616,72060897256865808
394144,220961155371241488
1180576,85571691841851408
787360,216475147929911568
1311648,220961155639672848
2360224,216457556012367888
3146656,76564493124042768
11680,72076771118284848
134560,76580091572785200
1052064,76580091841216560
2100640,72076492213911600
13728,72076496240377905
71072,72076358803521585
267680,216473017559023665
529824,72111538878546225
140704,76562503681708080
533920,72076496240378160
1058208,76562503950139440
2106784,72058904322834480
148896,76564560971042865
542112,72078553529712945
1066400,76564561239474225
2114976,72060961612169265
198048,76562366244851760
591264,72076358803521840
1115552,76562366513283120
2164128,72058766885978160
394656,220959025000353840
1181088,85569561470963760
787872,216473017559023920
1312160,220959025268785200
2360736,216455425641480240
3147168,76562362753155120
14752,72111680612466705
72096,72111543175610385
268704,216508201931112465
27040,72078695263633425
43424,216191959194140688
272800,216473159292944400
534944,72111680612466960
84384,72078557826777105
280992,216475216582279185
543136,72113737901801745
166304,220695279648641040
297376,504703531149688848
1083808,220695279917072400
2132384,216191680289767440
330144,216473021856088080
592288,72111543175610640
788896,216508201931112720
29088,72078557824679955
45472,216191684316233745
78240,72076367393456145
151968,76582084437610515
1069472,76582084706041875
2118048,72078485078736915
102816,216191546879377425
561568,216226726954402065
332192,216472953136611345
594336,72111474456133905
790944,216508133211635985
287136,216457628691202065
172448,220677691757563920
303520,504685943258611728
565664,216191684316234000
1089952,220677692025995280
2138528,216174092398690320
205216,76562374834786320
598432,72076367393456400
1122720,76562375103217680
2171296,72058775475912720
180640,220679749046898705
311712,504688000547946513
573856,216193741605568785
1098144,220679749315330065
2146720,216176149688025105
213408,76564496548630545
606624,72078489107300625
1130912,76564496817061905
2179488,72060897189756945
410016,220961155304132625
1196448,85571691774742545
803232,216475147862802705
1327520,220961155572563985
2376096,216457555945259025
3162528,76564493056933905
229792,220677554320707600
360864,504685805821755408
623008,216191546879377680
1147296,220677554589138960
2195872,216173954961834000
1212832,229684749546819600
3178912,220677550829010960
459168,220958960577941520
1245600,85569497048551440
852384,216472953136611600
1376672,220958960846372880
2425248,216455361219067920
3211680,76562298330742800
1442208,229966155804053520
3277216,85569493288423440
3408288,220958957086244880
136864,4524559119159345
267936,72360028506423345
1054368,4524559387590705
2102944,20959760285745
149152,4511364979626033
280224,72346834366890033
542368,25357538296113
1066656,4511365248057393
2115232,7765620752433
394912,76846035947753520
657056,4524559119159600
2229920,4506967201615920
788128,72360028506423600
1312416,76846036216184880
2360992,72342436588879920
1574560,4524559387590960
2623136,20959760286000
137888,4559743491248145
268960,72395212878512145
531104,126512608051473
1055392,4559743759679505
2103968,56144132374545
27296,25499272216593
43680,72078970141540368
141984,4524700853080080
273056,72360170240344080
1059488,4524701121511440
2108064,21101494206480
51872,72083089015177233
84640,25361835360273
543392,60541910384913
166560,76582290596040720
1084064,76582290864472080
2132640,72078691237167120
199328,4524563416223760
330400,72360032803487760
1116832,4524563684655120
2165408,20964057350160
658080,4559743491248400
1182368,13531758642335760
789152,72395212878512400
1575584,4559743759679760
2624160,56144132374800
3148448,4524559924527120
29344,25361833263123
45728,72078695263633425
537248,56148158841105
53920,72082951576223763
152224,4528888446193683
283296,72364357833457683
1069728,4528888714625043
2118304,25289087320083
103072,72078557826777105
299680,216475216582279185
561824,72113737901801745
201376,4524494696747025
332448,72359964084011025
1118880,4524494965178385
2167456,20895337873425
660128,4559674771771665
1184416,13531689922859025
791200,72395144159035665
1577632,4559675040203025
2626208,56075412898065
3150496,4524491205050385
58016,72065501124100113
172704,76564702704963600
565920,72078695263633680
1090208,76564702973394960
2138784,72061103346090000
1188512,13514170751258640
3154592,4506972033450000
115360,72065363687243793
311968,216462022442745873
213664,4511300557213713
344736,72346769944477713
606880,25293115883793
1131168,4511300825645073
2179744,7701198340113
1196704,13518495783325713
3162784,4511297065517073
230048,76564565268107280
623264,72078557826777360
1147552,76564565536538640
2196128,72060965909233680
426656,220961224023609360
1213088,85571760494219280
819872,216475216582279440
1344160,220961224292040720
2392736,216457624664735760
3179168,76564561776410640
459424,76845971525341200
721568,4524494696747280
2294432,4506902779203600
852640,72359964084011280
1376928,76845971793772560
2425504,72342372166467600
1639072,4524494965178640
2687648,20895337873680
1442464,85853166751453200
1704608,13531689922859280
3408544,76845968033644560
3670688,4524491205050640
15520,54361418891313
40096,72111951161851953
138400,4557681873391665
269472,72393151260655665
531616,124450990194993
1055904,4557682141823025
2104480,54082514518065
27808,21376070058033
44192,72077320840544304
535712,54361418891568
52384,72078965813018673
150688,4524696524558385
281760,72360165911822385
1068192,4524696792989745
2116768,21097165684785
101536,72076771086827568
298144,216473429842329648
560288,72111951161852208
199840,4522501798367280
330912,72357971185631280
1117344,4522502066798640
2165920,18902439493680
658592,4557681873391920
1182880,13529697024479280
789664,72393151260655920
1576096,4557682141823280
2624672,54082514518320
3148960,4522498306670640
537760,54086540984625
152736,4524559085604915
283808,72360028472868915
1070240,4524559354036275
2118816,20959726731315
103584,72076496208920625
300192,216473154964422705
562336,72111676283945265
595104,53949104128305
58528,72061377921941553
156832,4507108633481265
287904,72342578020745265
550048,21101192151345
1074336,4507108901912625
2122912,3509274607665
304288,216455841951252528
1189024,13512109133402160
3155104,4504910415593520
181408,76564698376441905
574624,72078690935111985
1098912,76564698644873265
2147488,72061099017568305
214176,4506971196624945
345248,72342440583888945
607392,20963755295025
1131680,4506971465056305
2180256,3371837751345
1197216,13514166422736945
3163296,4506967704928305
230560,76562503650250800
623776,72076496208920880
1148064,76562503918682160
2196640,72058904291377200
427168,220959162405752880
1213600,85569698876362800
820384,216473154964422960
1344672,220959162674184240
2393248,216455563046879280
3179680,76562500158554160
1246368,13511971696545840
3212448,4504772978737200
3277984,13511967936417840
153760,4559743457693715
284832,72395212844957715
546976,126512574497043
1071264,4559743726125075
2119840,56144098820115
104608,72111680581009425
301216,216508339336511505
551072,56285564240145
108704,72076779676762128
207008,4522510388301840
338080,72357979775565840
1124512,4522510656733200
2173088,18911029428240
116896,72078695232176145
313504,216475353987678225
575648,72113875307200785
608416,56148127383825
362656,216473159261487120
624800,72111680581009680
821408,216508339336511760
61600,72078695230078995
553120,56148125286675
110752,72076504798855185
602272,53957694062865
118944,72078557793222675
315552,216475216548724755
577696,72113737868247315
217248,4524494663192595
348320,72359964050456595
1134752,4524494931623955
2183328,20895304318995
676000,4559674738217235
1200288,13531689889304595
807072,72395144125481235
1593504,4559675006648595
2642080,56075379343635
3166368,4524491171495955
319648,216457766096601105
221344,4506979786559505
352416,72342449173823505
614560,20972345229585
1138848,4506980054990865
2187424,3380427685905
237728,76562512240185360
630944,72076504798855440
1155232,76562512508616720
2203808,72058912881311760
1253536,13511980286480400
3219616,4504781568671760
376992,216457628659744785
1261728,13514102000324625
3227808,4506903282515985
3293344,13514098240196625
3342496,13511903514005520
12064,72078970141540368
20256,72083089015177233
134944,76582290596040720
1052448,76582290864472080
2101024,72078691237167120
14112,72078695263633425
22304,72082951576223763
71456,72078557826777105
268064,216475216582279185
530208,72113737901801745
26400,72065501124100113
141088,76564702704963600
534304,72078695263633680
1058592,76564702973394960
2107168,72061103346090000
83744,72065363687243793
280352,216462022442745873
198432,76564565268107280
591648,72078557826777360
1115936,76564565536538640
2164512,72060965909233680
395040,220961224023609360
1181472,85571760494219280
788256,216475216582279440
1312544,220961224292040720
2361120,216457624664735760
3147552,76564561776410640
138016,76617337529176065
531232,72184106645979393
1055520,76617337797607425
2104096,72113738170302465
27424,72083093310144513
142112,76582294891008000
1059616,76582295159439360
2108192,72078695532134400
84768,72082955873288193
281376,216479614628790273
543520,72118135948312833
199456,76582157454151680
1116960,76582157722583040
2165536,72078558095278080
396064,220978816209653760
658208,76617337529176320
1182496,85589352680263680
1313568,220978816478085120
2362144,216475216850780160
1575712,76617337797607680
2624288,72113738170302720
3148576,76582153962455040
29472,72082955871191043
275232,216475220877246465
537376,72113742196769025
152352,76586482484121603
1069856,76586482752552963
2118432,72082883125248003
168736,220697341232943105
299808,504705592733990913
1086240,220697341501374465
2134816,216193741874069505
201504,76582088734674945
1119008,76582089003106305
2167584,72078489375801345
398112,220978747490177025
660256,76617268809699585
1184544,85589283960786945
1315616,220978747758608385
2364192,216475148131303425
1577760,76617269078130945
2626336,72113669450825985
3150624,76582085242978305
287520,216462026737713153
402208,220961228318576640
1188640,85571764789186560
795424,216475220877246720
1319712,220961228587008000
2368288,216457628959703040
3154720,76564566071377920
181024,220684147093409793
312096,504692398594457601
574240,216198139652079873
1098528,220684147361841153
2147104,216180547734536193
213792,76568894595141633
607008,72082887153811713
1131296,76568894863572993
2179872,72065295236268033
410400,220965553350643713
1196832,85576089821253633
803616,216479545909313793
1327904,220965553619075073
2376480,216461953991770113
3162912,76568891103444993
426784,509191600175321088
688928,220697341232943360
2261792,220679749315399680
820000,504705592733991168
1344288,509191600443752448
2392864,504688000816447488
1606432,220697341501374720
2655008,216193741874069760
721696,76582088734675200
2294560,76564496817131520
1639200,76582089003106560
2687776,72078489375801600
918304,220978747490177280
2491168,220961155572633600
1704736,85589283960787200
1835808,220978747758608640
2884384,216475148131303680
3670816,76582085242978560
40224,216227139237707793
72992,72111680581009425
269600,216508339336511505
44320,216192508916400144
77088,72076779676762128
52512,216194153888874513
85280,72078695232176145
281888,216475353987678225
544032,72113875307200785
101664,216191959162683408
560416,216227139237708048
331040,216473159261487120
593184,72111680581009680
789792,216508339336511760
29984,72078695230078995
79136,72076504798855185
87328,72078557793222675
283936,216475216548724755
546080,72113737868247315
103712,216191684284776465
562464,216226864359801105
58656,216176565997797393
288032,216457766096601105
206112,76562512240185360
599328,72076504798855440
1123616,76562512508616720
2172192,72058912881311760
181536,220679886452297745
312608,504688137953345553
574752,216193879010967825
1099040,220679886720729105
2147616,216176287093424145
345376,216457628659744785
230688,220677691726106640
361760,504685943227154448
623904,216191684284776720
1148192,220677691994538000
2196768,216174092367233040
1213728,229684886952218640
3179808,220677688234410000
47392,216227143532675073
276768,216508343631478785
153888,76617337495621635
547104,72184106612424963
1071392,76617337764052995
2119968,72113738136748035
170272,220730463987175425
301344,504738715488223233
563488,216297233103978753
1087776,220730464255606785
2136352,216226864628301825
334112,216508206194622465
59680,216194158183841793
289056,216475358282645505
551200,72113879602168065
567584,216227143532675328
207136,76580104426229760
1124640,76580104694661120
2173216,72076505067356160
796960,216508343631479040
182560,220697478638342145
313632,504705730139389953
1100064,220697478906773505
2148640,216193879279468545
346400,216475220845789185
608544,72113742165311745
805152,216510400920813825
231712,220695283912151040
362784,504703535413198848
1149216,220695284180582400
2197792,216191684553277440
690464,220730463987175680
1214752,229702479138263040
821536,504738715488223488
1607968,220730464255607040
2656544,216226864628302080
3180832,220695280420454400
854304,216508206194622720
291104,216475220843692035
553248,72113742163214595
569632,216226868654768385
340256,216473030412468225
602400,72111551731990785
184608,220697341199388675
315680,504705592700436483
1102112,220697341467820035
2150688,216193741840515075
217376,76582088701120515
1134880,76582088969551875
2183456,72078489342246915
413984,220978747456622595
676128,76617268776145155
1200416,85589283927232515
1331488,220978747725053955
2380064,216475148097748995
1593632,76617269044576515
2642208,72113669417271555
3166496,76582085209423875
626976,216226731217912065
856352,216508137475145985
188704,220679890747265025
319776,504688142248312833
581920,216193883305935105
1106208,220679891015696385
2154784,216176291388391425
221472,76564573824487425
614688,72078566383157505
1138976,76564574092918785
2187552,72060974465613825
1220896,229684891247185920
3186976,220677692529377280
467232,220959037853798400
1253664,85569574324408320
860448,216473030412468480
1384736,220959038122229760
2433312,216455438494924800
3219744,76562375606599680
246048,220679753310408705
377120,504688004811456513
639264,216193745869078785
1163552,220679753578840065
2212128,216176153951535105
1229088,229686948536520705
3195168,220679749818712065
475424,220961159567642625
1261856,85571696038252545
868640,216475152126312705
1392928,220961159836073985
2441504,216457560208769025
3227936,76564497320443905
1458464,229968354793754625
3293472,85571692278124545
3424544,220961156075945985
1278240,229684753810329600
3244320,220677555092520960
3309856,229684750050201600
1507616,229966160067563520
3342624,85569497551933440
3473696,220958961349754880
3539232,229966156307435520
15904,56560442146833
40480,72114150185107473
138784,4559880896647185
269856,72395350283911185
532000,126650013450513
1056288,4559881165078545
2104864,56281537773585
44576,72079519863799824
536096,56560442147088
85536,25499240759313
544288,60679315783953
101920,72078970110083088
298528,216475628865585168
560672,72114150185107728
200224,4524700821622800
331296,72360170208886800
1117728,4524701090054160
2166304,21101462749200
658976,4559880896647440
1183264,13531896047734800
790048,72395350283911440
1576480,4559881165078800
2625056,56281537773840
3149344,4524697329926160
30240,25499238662163
538144,56285564240145
54816,72083088981622803
87584,25361801805843
546336,60541876830483
103968,72078695232176145
300576,216475353987678225
562720,72113875307200785
595488,56148127383825
304672,216458040974508048
1189408,13514308156657680
3155488,4507109438849040
116256,72065501092642833
312864,216462159848144913
230944,76564702673506320
624160,72078695232176400
1148448,76564702941937680
2197024,72061103314632720
427552,220961361429008400
1213984,85571897899618320
820768,216475353987678480
1345056,220961361697439760
2393632,216457762070134800
3180064,76564699181809680
1246752,13514170719801360
3212832,4506972001992720
3278368,13514166959673360
47648,72114154480074753
145952,4559885191614465
277024,72395354578878465
539168,126654308417793
1063456,4559885460045825
2112032,56285832740865
154144,4564141504204803
285216,72399610891468803
547360,130910621008131
1071648,4564141772636163
2120224,60542145331203
170528,76617474934575105
563744,72184244051378433
1088032,76617475203006465
2136608,72113875575701505
203296,4559747754758145
334368,72395217142022145
596512,126516871561473
1120800,4559748023189505
2169376,56148395884545
1186336,13566942980870145
3152416,4559744263061505
551456,60683610751233
305696,216475633160552448
567840,72114154480075008
666144,4559885191614720
1190432,13531900342702080
797216,72395354578878720
1583648,4559885460046080
2632224,56285832741120
3156512,4524701624893440
117280,72083093278687233
313888,216479752034189313
576032,72118273353711873
608800,60546173894913
231968,76582294859550720
1149472,76582295127982080
2198048,72078695500677120
428576,220978953615052800
690720,76617474934575360
1215008,85589490085662720
1346080,220978953883484160
2394656,216475354256179200
1608224,76617475203006720
2656800,72113875575701760
3181088,76582291367854080
723488,4559747754758400
1247776,13531762905845760
854560,72395217142022400
1640992,4559748023189760
2689568,56148395884800
3213856,4524564188037120
1706528,13566942980870400
3279392,13531759145717760
3672608,4559744263061760
61984,72083093276590083
553504,60546171797763
307744,216475358282645505
569888,72113879602168065
209440,4524571972603905
340512,72360041359867905
1126944,4524572241035265
2175520,20972613730305
119328,72082955839733763
315936,216479614595235843
578080,72118135914758403
217632,4528892709703683
348704,72364362096967683
1135136,4528892978135043
2183712,25293350830083
676384,4564072784728323
1200672,13536087935815683
807456,72399542171992323
1593888,4564073053159683
2642464,60473425854723
3166752,4528889218007043
365088,216475220845789185
627232,72113742165311745
823840,216510400920813825
725536,4559679035281665
1249824,13531694186369025
856608,72395148422545665
1643040,4559679303713025
2691616,56079676408065
3215904,4524495468560385
1708576,13566874261393665
3281440,13531690426241025
3674656,4559675543585025
320032,216462164143112193
221728,4511377833070593
352800,72346847220334593
614944,25370391740673
1139232,4511378101501953
2187808,7778474196993
434720,220961365723975680
1221152,85571902194585600
827936,216475358282645760
1352224,220961365992407040
2400800,216457766365102080
3187232,76564703476776960
467488,76846048801198080
729632,4524571972604160
2302496,4506980055060480
860704,72360041359868160
1384992,76846049069629440
2433568,72342449442324480
1647136,4524572241035520
2695712,20972613730560
3285536,13514171254640640
377376,216462026706255873
1262112,13518500046835713
3228192,4511301329027073
3293728,13518496286707713
492064,220961228287119360
1278496,85571764757729280
885280,216475220845789440
1409568,220961228555550720
2458144,216457628928245760
3244576,76564566039920640
1475104,229968423513231360
3310112,85571760997601280
3441184,220961224795422720
1507872,85853171014963200
1770016,13531694186369280
3473952,76845972297154560
3736096,4524495468560640
3539488,85853167254835200
3801632,13531690426241280
48160,72112505195855889
105504,72111955442139153
302112,216508614197641233
203808,4557686153678865
334880,72393155540942865
597024,124455270482193
1121312,4557686422110225
2169888,54086794805265
1186848,13564881379790865
3152928,4557682661982225
60448,72079519847022609
551968,56560425369873
306208,216473983876333584
568352,72112505195856144
207904,4522785249431568
338976,72358254636695568
1125408,4522785517862928
2173984,19185890557968
117792,72078970093305873
314400,216475628848807953
576544,72114150168330513
216096,4524700804845585
347168,72360170192109585
1133600,4524701073276945
2182176,21101445971985
674848,4559880879870225
1199136,13531896030957585
805920,72395350267134225
1592352,4559881148301585
2640928,56281520996625
3165216,4524697313148945
363552,216473434122616848
625696,72111955442139408
822304,216508614197641488
724000,4557686153679120
1248288,13529701304766480
855072,72393155540943120
1641504,4557686422110480
2690080,54086794805520
3214368,4522502586957840
1707040,13564881379791120
3279904,13529697544638480
3673120,4557682661982480
62496,72078970091208723
160800,4524700802748435
291872,72360170190012435
1078304,4524701071179795
2126880,21101443874835
111648,72076779659984913
209952,4522510371524625
341024,72357979758788625
1127456,4522510639955985
2176032,18911012651025
185376,76582290545709075
1102880,76582290814140435
2151456,72078691186835475
218144,4524563365892115
349216,72360032753156115
1135648,4524563634323475
2184224,20964007018515
676896,4559743440916755
1201184,13531758592004115
807968,72395212828180755
1594400,4559743709348115
2642976,56144082043155
3167264,4524559874195475
365600,216473159244709905
627744,72111680564232465
824352,216508339319734545
320544,216458040957730833
1205280,13514308139880465
3171360,4507109422071825
238624,76562787101315088
631840,72076779659985168
1156128,76562787369746448
2204704,72059187742441488
468000,76843987200118800
730144,4522510371524880
2303008,4504918453981200
861216,72357979758788880
1385504,76843987468550160
2434080,72340387841245200
1647648,4522510639956240
2696224,18911012651280
3286048,13512109653561360
246816,76564702656729105
640032,72078695215399185
1164320,76564702925160465
2212896,72061103297855505
443424,220961361412231185
1229856,85571897882841105
836640,216475353970901265
1360928,220961361680662545
2409504,216457762053357585
3195936,76564699165032465
1262624,13514170703024145
3228704,4506971985215505
3294240,13514166942896145
492576,220959166686040080
1279008,85569703156650000
885792,216473159244710160
1410080,220959166954471440
2458656,216455567327166480
3245088,76562504438841360
1475616,229966361912152080
3310624,85569699396522000
3441696,220959163194343440
3343392,13511972216705040
309280,216508618492608513
1194016,13564885674758145
3160096,4557686956949505
415776,76898812455555075
677920,4630112185094403
2250784,4559743709417475
808992,72465581572358403
1333280,76898812723986435
2381856,72395213096681475
1595424,4630112453525763
2644000,126512826220803
235552,76615280191606785
628768,72182049308410113
1153056,76615280460038145
2201632,72111680832733185
432160,221011938947108865
1218592,85622475417718785
825376,216578708063912193
1349664,221011939215540225
2398240,216508339588235265
3184672,76615276699910145
1251360,13564748237901825
3217440,4557549520093185
3282976,13564744477773825
321568,216475633143775233
583712,72114154463297793
682016,4559885174837505
1206304,13531900325924865
813088,72395354562101505
1599520,4559885443268865
2648096,56285815963905
3172384,4524701608116225
239648,76580379287359488
1157152,76580379555790848
2205728,72076779928485888
829472,216508618492608768
469024,76861579386163200
2304032,4522510640025600
1386528,76861579654594560
2435104,72357980027289600
1714208,13564885674758400
3287072,13529701839605760
3680288,4557686956949760
247840,76582294842773505
1165344,76582295111204865
2213920,72078695483899905
444448,220978953598275585
706592,76617474917798145
1230880,85589490068885505
1361952,220978953866706945
2410528,216475354239401985
1624096,76617475186229505
2672672,72113875558924545
3196960,76582291351076865
739360,4559747737981185
1263648,13531762889068545
870432,72395217125245185
1656864,4559748006412545
2705440,56148379107585
3229728,4524564171259905
1722400,13566942964093185
3295264,13531759128940545
3688480,4559744246284545
493600,220976758872084480
755744,76615280191607040
1280032,85587295342694400
1411104,220976759140515840
2459680,216473159513210880
1673248,76615280460038400
2721824,72111680832733440
3246112,76580096624885760
952352,221011938947109120
1476640,229983954098196480
1738784,85622475417719040
3311648,85587291582566400
1869856,221011939215540480
2918432,216508339588235520
3442720,220976755380387840
3704864,76615276699910400
1771552,13564748237902080
3344416,13529564402749440
3737632,4557549520093440
3803168,13564744477774080
192544,76582294840676355
1110048,76582295109107715
2158624,72078695481802755
684064,4559747735884035
1208352,13531762886971395
815136,72395217123148035
1601568,4559748004315395
2650144,56148377010435
3174432,4524564169162755
241696,76580104409452545
1159200,76580104677883905
2207776,72076505050578945
831520,216508343614701825
733216,4557557304660225
1257504,13529572455747585
864288,72393026691924225
1650720,4557557573091585
2699296,53957945786625
3223584,4522373737938945
249888,76582157403820035
1167392,76582157672251395
2215968,72078558044946435
446496,220978816159322115
708640,76617337478844675
1232928,85589352629932035
1364000,220978816427753475
2412576,216475216800448515
1626144,76617337747276035
2674720,72113738119971075
3199008,76582153912123395
479264,76863563661053955
2314272,4524494914916355
1396768,76863563929485315
2445344,72359964302180355
938016,76898743736078595
1462304,85870758887165955
2773024,4559674989940995
1855520,76898744004509955
2904096,72395144377204995
3428384,76863560169357315
888864,216508206177845505
1773600,13564679518425345
3346464,13529495683272705
3739680,4557480800616705
3805216,13564675758297345
450592,220961365707198465
1237024,85571902177808385
843808,216475358265868545
1368096,220961365975629825
2416672,216457766348324865
3203104,76564703459999745
483360,76846048784420865
745504,4524571955826945
2318368,4506980038283265
876576,72360041343090945
1400864,76846049052852225
2449440,72342449425547265
1663008,4524572224258305
2711584,20972596953345
3301408,13514171237863425
761888,76580104409452800
2334752,76562512491909120
1679392,76580104677884160
2727968,72076505050579200
1482784,229966366207119360
3317792,85569703691489280
3448864,220959167489310720
1515552,85851049284341760
1777696,13529572455747840
3481632,76843850566533120
3743776,4522373737939200
507936,220961228270342145
1294368,85571764740952065
901152,216475220829012225
1425440,220961228538773505
2474016,216457628911468545
3260448,76564566023143425
1490976,229968423496454145
3325984,85571760980824065
3457056,220961224778645505
1523744,85853170998185985
1785888,13531694169592065
3489824,76845972280377345
3751968,4524495451783425
3555360,85853167238057985
3817504,13531690409464065
1540128,229966228770263040
3375136,85569566254632960
3506208,220959030052454400
3571744,229966225010135040
3604512,85850972511866880
3866656,13529495683272960
6080,76615138571976753
10176,76580095933808688
18368,76582153223143473
133056,85587153454633008
264128,220976617252454448
526272,76615138571977008
1050560,85587153723064368
11200,76615280305897488
19392,76617337595232273
134080,85622337826721808
265152,221011801624543248
1051584,85622338095153168
37824,220730326647832593
136128,85622269107245073
267200,221011732905066513
1053632,85622269375676433
41920,220695284009664528
50112,220697341298999313
148416,85589283758411793
279488,220978747556233233
541632,76617268875755793
1065920,85589284026843153
164800,229702341530488848
558016,220730326647832848
1082304,229702341798920208
394176,229983747787722768
656320,85622269107245328
787392,221011732905066768
1311680,229983748056154128
1573824,85622269375676688
3146688,85587085540524048
71104,76614043289255985
529856,76684407737418033
2102720,76614039261741105
26048,76580095866699825
2106816,76578996623573040
148928,85587153387524145
280000,220976617185345585
542144,76615138504868145
1066432,85587153655955505
198080,85586058171912240
329152,220975521969733680
591296,76614043289256240
1115584,85586058440343600
1181120,103600452653813808
2229696,85586054144397360
2360768,220975517942218800
2622912,76614039261741360
14784,76684549471338513
22976,76685507249045523
137664,85691606992162833
268736,221081070789984273
530880,76825145225773329
1055168,85691607260594193
27072,76615280238788625
534976,76684549471338768
2107840,76614180995661840
149952,85622337759612945
281024,221011801557434385
1067456,85622338028044305
199104,85621242544001040
330176,221010706341822480
1116608,85621242812432400
657856,85691606992163088
1182144,103635637025902608
2230720,85621238516486160
788928,221081070789984528
2361792,221010702314307600
1575360,85691607260594448
29120,76615142799835155
78272,76614051879190545
143808,85621242542952465
274880,221010706340773905
1061312,85621242811383825
86464,76615074081406995
545216,76685438529569043
2118080,76615070053892115
102848,220729231365111825
299456,509241078197518353
561600,220799595813273873
2134464,220729227337596945
201152,85621173824524305
332224,221010637622345745
1118656,85621174092955665
659904,85691538272686353
1184192,103635568306425873
2232768,85621169797009425
790976,221081002070507793
2363840,221010633594830865
1577408,85691538541117713
57792,220695283942555665
303552,509206035559350288
2138560,220694184699428880
205248,85586066761846800
336320,220975530559668240
598464,76614051879190800
1122752,85586067030278160
401856,229982721223430160
664000,85621242542952720
795072,221010706340774160
1319360,229982721491861520
1581504,85621242811384080
3154368,85586058976231440
180672,229702341463379985
573888,220730326580723985
1098176,229702341731811345
410048,229983747720613905
672192,85622269040136465
803264,221011732837957905
1327552,229983747989045265
1589696,85622269308567825
3162560,85587085473415185
229824,229701246247768080
623040,220729231365112080
1147328,229701246516199440
426432,518213093080174608
1212864,247715640729669648
2261440,229701242220253200
819648,509241078197518608
1343936,518213093348605968
2654656,220729227337597200
459200,229982652505002000
721344,85621173824524560
852416,221010637622346000
1376704,229982652773433360
1638848,85621174092955920
3211712,85585990257803280
1442240,247997046986903568
2490816,229982648477487120
1704384,103635568306426128
2752960,85621169797009680
3277248,103600384471273488
2884032,221010633594831120
71360,4557548762955825
267968,76896613481578545
530112,4627913211117873
2102976,4557544735440945
42688,76580370744606768
272064,76861570843410480
2107072,4522502097272880
83648,4524563414122545
280256,76863628132745265
2115264,4524559386607665
100032,76580095867748400
2131648,76580091840233520
198336,13529563645612080
591552,4557548762956080
1115840,13529563914043440
394944,85868628364234800
1181376,31543958127513648
2229952,13529559618097200
788160,76896613481578800
1312448,85868628632666160
2623168,4557544735441200
15040,4628054945038353
39616,76685644687998993
137920,13635112465862673
531136,4768650699473169
1055424,13635112734294033
43712,76615555116695568
273088,76896755215499280
535232,4628054945038608
2108096,4557686469361680
84672,4559747786211345
281280,76898812504834065
543424,4630112234373393
2116288,4559743758696465
101056,76615280239837200
559808,76685644687999248
2132672,76615276212322320
199360,13564748017700880
1116864,13564748286132240
395968,85903812736323600
658112,13635112465862928
1182400,31579142499602448
2230976,13564743990186000
1313472,85903813004754960
1575616,13635112734294288
45760,76615280238788625
78528,4557557352890385
144064,13564748016652305
1061568,13564748285083665
168640,85622337759612945
299712,221011801557434385
1086144,85622338028044305
201408,13564679298224145
1118912,13564679566655505
398016,85903744016846865
660160,13635043746386193
1184448,31579073780125713
2233024,13564675270709265
1315520,85903744285278225
1577664,13635044014817553
58048,76582294889955345
90816,4524572004057105
156352,13531762667819025
549568,4559747785163025
1073856,13531762936250385
107200,76580104457682960
172736,85587295121444880
303808,220976758919266320
565952,76615280238788880
1090240,85587295389876240
205504,13529572235546640
598720,4557557352890640
1123008,13529572503978000
664256,13564748016652560
1581760,13564748285083920
3154624,13529564449931280
180928,85589352410779665
312000,220978816208601105
574144,76617337528123665
1098432,85589352679211025
213696,13531693949390865
606912,4559679066734865
1131200,13531694217822225
410304,85870758668013585
1196736,31546088431292433
2245312,13531689921875985
803520,76898743785357585
1327808,85870758936444945
2638528,4559675039219985
426688,229983816440090640
688832,85622337759613200
819904,221011801557434640
1344192,229983816708522000
1606336,85622338028044560
3179200,85587154192891920
721600,13564679298224400
1639104,13564679566655760
3211968,13529495731503120
918208,85903744016847120
1704640,31579073780125968
2753216,13564675270709520
3277504,31543889944973328
1835712,85903744285278480
3408576,85868560450125840
15552,4627230277763121
40128,76684820020723761
72896,4626955400904753
269504,76966020119527473
2104512,4626951373389873
27840,4557961045213233
273600,76895930548224048
535744,4627230277763376
2108608,4556861802086448
52416,76615550788173873
85184,4557686168354865
281792,76896750886977585
543936,4628050616516913
2116800,4557682140839985
101568,76614455572561968
560320,76684820020724016
2133184,76614451545047088
330944,76895655671365680
593088,4626955400905008
2165952,4556586925228080
789696,76966020119527728
2362560,76895651643850800
2624704,4626951373390128
46272,76614455571513393
275648,76895655670317105
537792,4626955399856433
2110656,4556586924179505
87232,4557548729401395
283840,76896613448024115
545984,4627913177563443
2118848,4557544701886515
103616,76614180694655025
562368,76684545142817073
2135232,76614176667140145
201920,13563648472518705
1119424,13563648740950065
398528,85902713191141425
660672,13634012920680753
1184960,31578042954420273
2233536,13563644445003825
1316032,85902713459572785
1578176,13634013189112113
91328,4522510386200625
156864,13529701049962545
550080,4557686167306545
1074368,13529701318393905
107712,76579279790407728
173248,85586470454169648
304320,220975934251991088
566464,76614455571513648
1090752,85586470722601008
337088,76860479889211440
2172096,4521411143073840
402624,85867670552973360
1189056,31543000316252208
2237632,13528601806835760
795840,76895655670317360
1320128,85867670821404720
2630848,4556586924179760
181440,85587290792923185
312512,220976754590744625
574656,76615275910267185
1098944,85587291061354545
672960,13564743688130865
1590464,13564743956562225
3163328,13529560121409585
230592,85586195577311280
361664,220975659375132720
623808,76614180694655280
1148096,85586195845742640
1213632,103600590059212848
2262208,85586191549796400
2393280,220975655347617840
2655424,76614176667140400
722112,13563648472518960
1639616,13563648740950320
3212480,13528464905797680
918720,85902713191141680
1705152,31578042954420528
2753728,13563644445004080
3278016,31542859119267888
1836224,85902713459573040
3409088,85867529624420400
30912,4628054911483923
80064,4626963990839313
145600,13634154654601233
538816,4767692888211729
1063104,13634154923032593
55488,76685644654444563
153792,13635112432308243
547008,4768650665918739
1071296,13635112700739603
170176,85691744397561873
301248,221081208195383313
563392,76825282631172369
1087680,85691744665993233
661696,13774750409036049
1579200,13774750677467409
3152064,13634013726048273
92352,4557694758289425
157888,13564885422051345
1075392,13564885690482705
108736,76614464162496528
174272,85621654826258448
305344,221011118624079888
1091776,85621655094689808
338112,76895664261300240
600256,4626963990839568
2173120,4556595515162640
403648,85902854925062160
665792,13634154654601488
1190080,31578184688341008
2238656,13563786178924560
1321152,85902855193493520
1583296,13634154923032848
182464,85622475165011985
313536,221011938962833425
1099968,85622475433443345
3164352,13564744493498385
231616,85621379949400080
362688,221010843747221520
1149120,85621380217831440
690368,85691744397562128
1214656,103635774431301648
2263232,85621375921885200
821440,221081208195383568
2394304,221010839719706640
1607872,85691744665993488
3213504,13563649277886480
3279040,31578043491356688
3410112,85902713996509200
3672256,13634013726048528
61632,76615280205234195
94400,4557557319335955
159936,13564747983097875
1077440,13564748251529235
110784,76614189284589585
176320,85621379948351505
307392,221010843746172945
1093824,85621380216782865
209088,13563657062453265
1126592,13563657330884625
3158208,13563649276837905
184512,85622337726058515
315584,221011801523879955
1102016,85622337994489875
217280,13564679264669715
1134784,13564679533101075
413888,85903743983292435
676032,13635043712831763
1200320,31579073746571283
2248896,13564675237154835
1331392,85903744251723795
1593536,13635043981263123
430272,230017901266997265
1347776,230017901535428625
3182784,85621239019798545
3215552,13563580558409745
3281088,31577974771879953
3412160,85902645277032465
3674304,13633945006571793
237760,85586204167245840
368832,220975667965067280
630976,76614189284589840
1155264,85586204435677200
434368,229982858628829200
696512,85621379948351760
827584,221010843746173200
1351872,229982858897260560
1614016,85621380216783120
3186880,85586196381630480
729280,13563657062453520
1646784,13563657330884880
3219648,13528473495732240
3678400,13563649276838160
3686592,13564675774021905
950464,230017901266997520
1867968,230017901535428880
3440832,229982717700276240
3702976,85621239019798800
3735744,13563580558410000
3801280,31577974771880208
3932352,85902645277032720
8000,76685644687998993
12096,76615555116695568
69440,76615280239837200
528192,76685644687999248
2101056,76615276212322320
14144,76615280238788625
137024,85622337759612945
268096,221011801557434385
1054528,85622338028044305
26432,76582294889955345
42816,220695558820462608
75584,76580104457682960
141120,85587295121444880
272192,220976758919266320
534336,76615280238788880
1058624,85587295389876240
149312,85589352410779665
280384,220978816208601105
542528,76617337528123665
1066816,85589352679211025
100160,220695283943604240
296768,509207130776010768
2131776,220695279916089360
395072,229983816440090640
657216,85622337759613200
788288,221011801557434640
1312576,229983816708522000
1574720,85622338028044560
3147584,85587154192891920
15168,76685648982966273
138048,85692706503790593
269120,221082170301612033
531264,76826244737401089
1055552,85692706772221953
535360,76685648982966528
2108224,76615280507289600
84800,76617341824139265
543552,76687706272301313
2116416,76617337796624385
199488,85622342055628800
330560,221011805853450240
1116992,85622342324060160
658240,85692706503790848
1182528,103636736537530368
2231104,85622338028113920
789312,221082170301612288
2362176,221011801825935360
1575744,85692706772222208
78656,76615151390818305
144192,85622342054580225
275264,221011805852401665
1061696,85622342323011585
103232,220730330876739585
299840,509242177709146113
561984,220800695324901633
2134848,220730326849224705
201536,85622273336152065
332608,221011737133973505
1119040,85622273604583425
660288,85692637784314113
1184576,103636667818053633
2233152,85622269308637185
791360,221082101582135553
2364224,221011733106458625
1577792,85692638052745473
90944,76582166041985025
156480,85589356705746945
287552,220978820503568385
549696,76617341823090945
1073984,85589356974178305
303936,509207135070978048
2138944,220695284211056640
205632,85587166273474560
336704,220976630071296000
598848,76615151390818560
1123136,85587166541905920
402240,229983820735057920
664384,85622342054580480
795456,221011805852401920
1319744,229983821003489280
1581888,85622342323011840
3154752,85587158487859200
115520,220697345527906305
312128,509209192360312833
2147136,220697341500391425
213824,85589287987318785
344896,220978751785140225
607040,76617273104662785
1131328,85589288255750145
1196864,103603682469220353
2245440,85589283959803905
2376512,220978747757625345
2638656,76617269077147905
230208,229702345759395840
623424,220730330876739840
1147712,229702346027827200
426816,518214192591802368
1213248,247716740241297408
2261824,229702341731880960
820032,509242177709146368
1344320,518214192860233728
2655040,220730326849224960
459584,229983752016629760
721728,85622273336152320
852800,221011737133973760
1377088,229983752285061120
1639232,85622273604583680
3212096,85587089769431040
1442624,247998146498531328
2491200,229983747989114880
1704768,103636667818053888
2753344,85622269308637440
3277632,103601483982901248
2884416,221011733106458880
23872,76685644654444563
40256,220800008096579601
138560,85691744397561873
269632,221081208195383313
531776,76825282631172369
1056064,85691744665993233
77120,76614464162496528
142656,85621654826258448
273728,221011118624079888
1060160,85621655094689808
52544,220730738864029713
150848,85622475165011985
281920,221011938962833425
1068352,85622475433443345
101696,220729643648417808
298304,509241490480824336
560448,220800008096579856
2133312,220729639620902928
200000,85621379949400080
331072,221010843747221520
1117504,85621380217831440
658752,85691744397562128
1183040,103635774431301648
2231616,85621375921885200
789824,221081208195383568
2362688,221010839719706640
1576256,85691744665993488
30016,76615280205234195
46400,220729643647369233
79168,76614189284589585
144704,85621379948351505
275776,221010843746172945
1062208,85621380216782865
152896,85622337726058515
283968,221011801523879955
1070400,85622337994489875
103744,220729368770510865
300352,509241215602917393
562496,220799733218672913
2135360,220729364742995985
398656,230017901266997265
1316160,230017901535428625
3151168,85621239019798545
107840,220694467866263568
173376,229701658530025488
566592,220729643647369488
1090880,229701658798456848
206144,85586204167245840
337216,220975667965067280
599360,76614189284589840
1123648,85586204435677200
402752,229982858628829200
664896,85621379948351760
795968,221010843746173200
1320256,229982858897260560
1582400,85621380216783120
3155264,85586196381630480
181568,229702478868779025
574784,220730463986123025
1099072,229702479137210385
230720,229701383653167120
623936,220729368770511120
1148224,229701383921598480
427328,518213230485573648
1213760,247715778135068688
2262336,229701379625652240
820544,509241215602917648
1344832,518213230754005008
2655552,220729364742996240
918848,230017901266997520
1836352,230017901535428880
3409216,229982717700276240
3671360,85621239019798800
31040,76685648949411843
47424,220800012391546881
80192,76684558028767233
145728,85691748692529153
276800,221081212490350593
538944,76825286926139649
1063232,85691748960960513
153920,85692706470236163
284992,221082170268057603
547136,76826244703846659
1071424,85692706738667523
104768,220799737514688513
301376,509311584347095041
2136384,220799733487173633
399680,230088270011174913
661824,85832344446963969
792896,221221808244785409
1317184,230088270279606273
1579328,85832344715395329
3152192,85691607763976193
59712,220730743158996993
92480,76615288796217345
158016,85622479459979265
289088,221011943257800705
1075520,85622479728410625
305472,509241494775791616
567616,220800012391547136
2140480,220729643915870208
600384,76684558028767488
2173248,76614189553090560
665920,85691748692529408
1190208,103635778726268928
2238784,85621380216852480
796992,221081212490350848
2369856,221010844014673920
1583424,85691748960960768
117056,220730468282138625
313664,509242315114545153
575808,220800832730300673
2148672,220730464254623745
411968,230019000778625025
1329472,230019001047056385
3164480,85622338531426305
362816,509241219898933248
624960,220799737514688768
2197824,220729369039011840
821568,509311584347095296
2394432,509241215871418368
2656576,220799733487173888
461120,230017905563013120
1378624,230017905831444480
3213632,85621243315814400
919872,230088270011175168
1444160,248032300044914688
2492736,230017901535498240
3279168,103635637529284608
1837376,230088270279606528
3672384,85691607763976448
94528,76615151357263875
160064,85622342021025795
291136,221011805818847235
1077568,85622342289457155
307520,509241219897884673
569664,220799737513640193
2142528,220729369037963265
209216,85621251100381185
340288,221010714898202625
1126720,85621251368812545
405824,230017905561964545
1323328,230017905830395905
3158336,85621243314765825
119104,220730330843185155
315712,509242177675591683
577856,220800695291347203
2150720,220730326815670275
217408,85622273302597635
348480,221011737100419075
1134912,85622273571028995
676160,85692637750759683
1200448,103636667784499203
2249024,85622269275082755
807232,221082101548581123
2380096,221011733072904195
1593664,85692638019191043
233792,229736430586302465
1151296,229736430854733825
430400,518248277418708993
692544,229806795034464513
1216832,247750825068204033
2265408,229736426558787585
1347904,518248277687140353
1610048,229806795302895873
463168,230017836843536385
1380672,230017837111967745
3215680,85621174596337665
921920,230088201291698433
1446208,248032231325437953
2494784,230017832816021505
3281216,103635568809807873
1839424,230088201560129793
3674432,85691539044499713
123200,220695292499984385
188736,229702483163746305
581952,220730468281090305
1106240,229702483432177665
368960,509206044116779008
2203968,220694193256857600
434496,518213234780540928
1220928,247715782430035968
2269504,229701383920619520
827712,509241219897884928
1352000,518213235048972288
2662720,220729369037963520
467264,229982729780858880
729408,85621251100381440
860480,221010714898202880
1384768,229982730049290240
1646912,85621251368812800
3219776,85586067533660160
926016,230017905561964800
1843520,230017905830396160
3416384,229982721995243520
3678528,85621243314766080
704832,229737525801914625
1622336,229737526070345985
3195200,229702342235193345
934208,230018932059148545
1851712,230018932327579905
3424576,229983748492427265
3686720,85622269811949825
753984,229736430586302720
1671488,229736430854734080
3244352,229701247019581440
950592,518248277418709248
1737024,247750825068204288
2785600,229736426558787840
3309888,247715641233051648
1868096,518248277687140608
3440960,518213093851987968
983360,230017836843536640
1900864,230017837111968000
3473728,229982653276815360
3735872,85621174596337920
1966400,248032231325438208
3014976,230017832816021760
3539264,247997047490285568
3801408,103635568809808128
138816,13635249871261713
532032,4768788104872209
1056320,13635250139693073
28224,4560160068468753
44608,76616104838955024
77376,4557969636196368
142912,13565160299958288
1060416,13565160568389648
52800,76617749811429393
85568,4559885191610385
282176,76898949910233105
544320,4630249639772433
2117184,4559881164095505
167488,85622750042918928
298560,221012213840740368
1084992,85622750311350288
200256,13564885423099920
1117760,13564885691531280
396864,85903950141722640
659008,13635249871261968
1183296,31579279905001488
2231872,13564881395585040
1314368,85903950410154000
1576512,13635250139693328
79424,4557694758289425
144960,13564885422051345
1062464,13564885690482705
87616,4559747752656915
284224,76898812471279635
546368,4630112200818963
2119232,4559743725142035
169536,85622475165011985
300608,221011938962833425
1087040,85622475433443345
3151424,13564744493498385
91712,4524709409456145
157248,13531900073218065
550464,4559885190562065
1074752,13531900341649425
206400,13529709640945680
599616,4557694758289680
1123904,13529709909377040
665152,13564885422051600
1582656,13564885690482960
3155520,13529701855330320
181824,85589489816178705
312896,220978953614000145
575040,76617474933522705
1099328,85589490084610065
673344,13566942711386385
1590848,13566942979817745
3163712,13531759144665105
427584,229983953845489680
689728,85622475165012240
820800,221011938962833680
1345088,229983954113921040
1607232,85622475433443600
3180096,85587291598290960
3671616,13564744493498640
80448,4628063502467073
145984,13635254166228993
539200,4768792399839489
1063488,13635254434660353
88640,4630116496834563
285248,76969181215457283
2120256,4630112469319683
170560,85692843909189633
301632,221082307707011073
563776,76826382142800129
1088064,85692844177620993
662080,13775849920663809
1579584,13775850189095169
3152448,13635113237676033
59968,76617754106396673
289344,76898954205200385
551488,4630253934739713
2124352,4559885459062785
109120,76615563674124288
174656,85622754337886208
305728,221012218135707648
1092160,85622754606317568
338496,76896763772928000
600640,4628063502467328
2173504,4557695026790400
404032,85903954436689920
666176,13635254166229248
1190464,31579284199968768
2239040,13564885690552320
1321536,85903954705121280
1583680,13635254434660608
117312,76617479229538305
576064,76687843677700353
2148928,76617475202023425
215616,13566947007401985
1133120,13566947275833345
412224,85906011726024705
674368,13637311455564033
1198656,31581341489303553
2247232,13566942979887105
1329728,85906011994456065
1591872,13637311723995393
232000,85622479461027840
363072,221011943258849280
1149504,85622479729459200
690752,85692843909189888
1215040,103636873942929408
2263616,85622475433512960
821824,221082307707011328
2394688,221011939231334400
1608256,85692844177621248
3213888,13564748789514240
3279424,31579143002984448
3410496,85903813508136960
3672640,13635113237676288
291392,76898816766246915
553536,4630116495786243
2126400,4559748020109315
111168,76615288796217345
176704,85622479459979265
307776,221011943257800705
1094208,85622479728410625
209472,13564756574081025
1126976,13564756842512385
3158592,13564748788465665
119360,76617341790584835
578112,76687706238746883
2150976,76617337763069955
348736,76898748047818755
610880,4630047777358083
2183744,4559679301681155
807488,76969112495980803
2380352,76898744020303875
2642496,4630043749843203
430656,230019000778625025
1348160,230019001047056385
3183168,85622338531426305
3215936,13564680070037505
3281472,31579074283507713
3412544,85903744788660225
3674688,13635044518199553
123456,76582303447384065
188992,85589494111145985
320064,220978957908967425
582208,76617479228489985
1106496,85589494379577345
221760,13531771225247745
614976,4559756342591745
1139264,13531771493679105
680512,13566947006353665
1598016,13566947274785025
3170880,13531763439632385
238144,85587303678873600
369216,220976767476695040
631360,76615288796217600
1155648,85587303947304960
434752,229983958140456960
696896,85622479459979520
827968,221011943257800960
1352256,229983958408888320
1614400,85622479728410880
3187264,85587295893258240
729664,13564756574081280
1647168,13564756842512640
3220032,13529573007360000
3678784,13564748788465920
442944,229986015429791745
705088,85624536749314305
836160,221014000547135745
1360448,229986015698223105
1622592,85624537017745665
3195456,85589353182593025
737856,13566878287925505
1655360,13566878556356865
3228224,13531694721204225
934464,85905943006548225
1720896,31581272769827073
2769472,13566874260410625
3293760,31546088934674433
1851968,85905943274979585
3424832,85870759439826945
950848,230019000778625280
1868352,230019001047056640
3441216,229983817211904000
3703360,85622338531426560
3736128,13564680070037760
3801664,31579074283507968
3932736,85903744788660480
31808,4628329772613651
48192,76685374054727697
80960,4627238851969041
146496,13634429515730961
539712,4767967749341457
1064000,13634429784162321
56384,76685919515574291
89152,4628054895755283
285760,76967119614378003
2120768,4628050868240403
171072,85692019258691601
302144,221081483056513041
564288,76825557492302097
1088576,85692019527122961
203840,13634154638872593
597056,4767692872483089
1121344,13634154907303953
400448,85973219357495313
1186880,31648549120774161
2235456,13634150611357713
793664,77106757591105809
1317952,85973219625926673
2628672,4767688844968209
60480,76616104822177809
93248,4557969619419153
158784,13565160283181073
1076288,13565160551612433
568384,76685374054727952
2141248,76615005579051024
339008,76895939122429968
601152,4627238851969296
2174016,4556870376292368
404544,85903129786191888
666688,13634429515731216
1190976,31578459549470736
2239552,13564061040054288
1322048,85903130054623248
1584192,13634429784162576
183360,85622750026141713
314432,221012213823963153
1100864,85622750294573073
216128,13564885406322705
1133632,13564885674754065
412736,85903950124945425
674880,13635249854484753
1199168,31579279888224273
2247744,13564881378807825
1330240,85903950393376785
1592384,13635250122916113
232512,85621654810529808
363584,221011118608351248
1150016,85621655078961168
691264,85692019258691856
1215552,103636049292431376
2264128,85621650783014928
822336,221081483056513296
2395200,221011114580836368
1608768,85692019527123216
461888,85902854909333520
724032,13634154638872848
1248320,31578184672612368
2296896,13563786163195920
1379392,85902855177764880
1641536,13634154907304208
920640,85973219357495568
1444928,103917249391235088
2493504,85902850881818640
1707072,31648549120774416
2755648,13634150611357968
1838144,85973219625926928
62528,76615555066363923
291904,76896755165167635
554048,4628054894706963
2126912,4557686419030035
111680,76614464145719313
177216,85621654809481233
308288,221011118607302673
1094720,85621655077912593
341056,76895664244523025
603200,4626963974062353
2176064,4556595498385425
406592,85902854908284945
668736,13634154637824273
1193024,31578184671563793
2241600,13563786162147345
1324096,85902855176716305
1586240,13634154906255633
119872,76615280189505555
578624,76685644637667603
2151488,76615276161990675
218176,13564747967369235
1135680,13564748235800595
414784,85903812685991955
676928,13635112415531283
1201216,31579142449270803
2249792,13564743939854355
1332288,85903812954423315
1594432,13635112683962643
234560,85621379932622865
365632,221010843730444305
1152064,85621380201054225
693312,85691744380784913
1217600,103635774414524433
2266176,85621375905107985
824384,221081208178606353
2397248,221010839702929425
1610816,85691744649216273
3216448,13563649261109265
3281984,31578043474579473
3413056,85902713979731985
3675200,13634013709271313
222272,13529709624168465
615488,4557694741512465
1139776,13529709892599825
681024,13564885405274385
1598528,13564885673705745
3171392,13529701838553105
238656,85586479028375568
369728,220975942826197008
631872,76614464145719568
1156160,85586479296806928
435264,229983133489958928
697408,85621654809481488
828480,221011118607302928
1352768,229983133758390288
1614912,85621655077912848
3187776,85586471242760208
468032,85867679127179280
1254464,31543008890458128
2303040,13528610381041680
861248,76895664244523280
1385536,85867679395610640
2696256,4556595498385680
926784,85902854908285200
1713216,31578184671564048
2761792,13563786162147600
3286080,31543000836411408
1844288,85902855176716560
3417152,85867671341563920
443456,229983953828712465
705600,85622475148235025
836672,221011938946056465
1360960,229983954097143825
1623104,85622475416666385
3195968,85587291581513745
3687488,13564744476721425
492608,229982858613100560
754752,85621379932623120
885824,221010843730444560
1410112,229982858881531920
1672256,85621380201054480
3245120,85586196365901840
1475648,247997253095002128
2524224,229982854585585680
1737792,103635774414524688
2786368,85621375905108240
3310656,103600590579372048
2917440,221010839702929680
3736640,13563649261109520
3802176,31578043474579728
3933248,85902713979732240
63552,76685923810541571
292928,76967123909345283
2127936,4628055163207683
112704,76684832889896961
178240,85692023553658881
309312,221081487351480321
571456,76825561787269377
1095744,85692023822090241
342080,76966032988700673
2177088,4626964242563073
407616,85973223652462593
1194048,31648553415741441
2242624,13634154906324993
800832,77106761886073089
1325120,85973223920893953
2635840,4767693139935489
120896,76685648933683203
2152512,76685644906168323
219200,13635116711546883
612416,4768654945157379
1136704,13635116979978243
415808,85974181430169603
1202240,31649511193448451
2250816,13635112684032003
809024,77107719663780099
1333312,85974181698600963
2644032,4768650917642499
235584,85691748676800513
366656,221081212474621953
628800,76825286910411009
1153088,85691748945231873
1218624,103706143158702081
2267200,85691744649285633
2398272,221081208447107073
2660416,76825282882896129
727104,13774754688274689
1644608,13774754956706049
3217472,13634018005286913
923712,86113819406897409
1710144,31789149170176257
2758720,13774750660759809
3283008,31648412218757121
1841216,86113819675328769
3414080,85973082723909633
124992,76615563657347073
190528,85622754321108993
321600,221012218118930433
1108032,85622754589540353
354368,76896763756150785
616512,4628063485690113
2189376,4557695010013185
419904,85903954419912705
682048,13635254149452033
1206336,31579284183191553
2254912,13564885673775105
1337408,85903954688344065
1599552,13635254417883393
632896,76684832889897216
2205760,76614464414220288
698432,85692023553659136
1222720,103636053587398656
2271296,85621655077982208
829504,221081487351480576
2402368,221011118875803648
1615936,85692023822090496
862272,76966032988700928
2435136,76895664513024000
2697280,4626964242563328
927808,85973223652462848
1452096,103917253686202368
2500672,85902855176785920
1714240,31648553415741696
2762816,13634154906325248
1845312,85973223920894208
247872,85622479444250625
378944,221011943242072065
1165376,85622479712681985
706624,85692843892412673
1230912,103636873926152193
2279488,85622475416735745
837696,221082307690234113
2410560,221011939214557185
1624128,85692844160844033
3229760,13564748772737025
3295296,31579142986207233
3426368,85903813491359745
3688512,13635113220899073
755776,85691748676800768
1280064,103635778710540288
2328640,85621380201123840
886848,221081212474622208
2459712,221010843998945280
1673280,85691748945232128
1738816,103706143158702336
2787392,85691744649285888
2918464,221081208447107328
3344448,31578047770595328
3475520,85902718275747840
3737664,13634018005287168
3541056,103917112489218048
3803200,31648412218757376
3934272,85973082723909888
585792,76685648932634883
2158656,76615280456957955
356416,76896626317197315
618560,4627926046736643
2191424,4557557571059715
421952,85903816980959235
684096,13635116710498563
1208384,31579146744238083
2256960,13564748234821635
1339456,85903817249390595
1601600,13635116978929923
634944,76684558011990273
2207808,76614189536313345
700480,85691748675752193
1224768,103635778709491713
2273344,85621380200075265
831552,221081212473573633
2404416,221010843997896705
1617984,85691748944183553
471104,85902726060314625
733248,13634025789853953
1257536,31578055823593473
2306112,13563657314177025
1388608,85902726328745985
1650752,13634026058285313
3289152,31578047769546753
3420224,85902718274699265
3682368,13634018004238593
249920,85622342005297155
380992,221011805803118595
1167424,85622342273728515
708672,85692706453459203
1232960,103636736487198723
2281536,85622337977782275
839744,221082170251280643
2412608,221011801775603715
1626176,85692706721890563
479296,85903748262531075
741440,13635047992070403
1265728,31579078025809923
2314304,13564679516393475
1396800,85903748530962435
1658944,13635048260501763
938048,85974112710693123
1462336,103918142744432643
2510912,85903744235016195
1724480,31649442473971971
2773056,13635043964555523
1855552,85974112979124483
495680,230017905546235905
1413184,230017905814667265
3248192,85621243299037185
954432,230088269994397953
1478720,248032300028137473
2527296,230017901518721025
3313728,103635637512507393
1871936,230088270262829313
3706944,85691607747199233
3346496,31577979051118593
3477568,85902649556271105
3739712,13633949285810433
3543104,103917043769741313
3805248,31648343499280641
3936320,85973014004433153
254016,85587303662096385
385088,220976767459917825
647232,76615288779440385
1171520,85587303930527745
450624,229983958123679745
712768,85622479443202305
843840,221011943241023745
1368128,229983958392111105
1630272,85622479711633665
3203136,85587295876481025
745536,13564756557304065
1663040,13564756825735425
3235904,13529572990582785
3694656,13564748771688705
1286208,103600602928386048
2334784,85586204418969600
2465856,220975668216791040
2728000,76614189536313600
1482816,247997257389969408
2531392,229982858880552960
1744960,103635778709491968
2793536,85621380200075520
3317824,103600594874339328
2924608,221010843997896960
991296,85902726060314880
1777728,31578055823593728
2826304,13563657314177280
3350592,31542871988441088
1908800,85902726328746240
3481664,85867542493593600
3809344,31578047769547008
3940416,85902718274699520
966720,230019000761848065
1884224,230019001030279425
3457088,229983817195126785
3719232,85622338514649345
3752000,13564680053260545
3817536,31579074266730753
3948608,85903744771883265
1015872,230017905546236160
1933376,230017905814667520
3506240,229982721979514880
3768384,85621243299037440
1998912,248032300028137728
3047488,230017901518721280
3571776,247997116192985088
3833920,103635637512507648
3866688,31577979051118848
3997760,85902649556271360
4063296,103917043769741568
12160,72076771184345136
69504,72076496307486768
135040,76580091638845488
1052544,76580091907276848
2101120,72076492279971888
14208,72076496306438193
268160,216473017625083953
530304,72111538944606513
141184,76562503747768368
534400,72076496306438448
1058688,76562504016199728
2107264,72058904388894768
83840,72060965705744433
149376,76564561037103153
542592,72078553595773233
1066880,76564561305534513
2115456,72060961678229553
329600,216455429735055408
395136,220959025066414128
1181568,85569561537024048
788352,216473017625084208
1312640,220959025334845488
2361216,216455425707540528
3147648,76562362819215408
15232,72111680678526993
269184,216508201997172753
27520,72078695329693713
43904,216191959260200976
76672,72076504897421328
273280,216473159359004688
535424,72111680678527248
281472,216475216648339473
543616,72113737967862033
101248,216191684383342608
166784,220695279714701328
297856,504703531215749136
1084288,220695279983132688
2132864,216191680355827728
789376,216508201997173008
29568,72078557890740243
45952,216191684382294033
86912,72078489172312083
152448,76582084503670803
1069952,76582084772102163
2118528,72078485144797203
562048,216226727020462353
791424,216508133277696273
91008,72060974295678993
287616,216457628757262353
172928,220677691823624208
304000,504685943324672016
566144,216191684382294288
1090432,220677692092055568
2139008,216174092464750608
336768,216455438324989968
115584,216176153781600273
181120,220679749112958993
312192,504688000614006801
574336,216193741671629073
1098624,220679749381390353
2147200,216176149754085393
344960,216457560038834193
410496,220961155370192913
1196928,85571691840802833
803712,216475147928862993
1328000,220961155638624273
2376576,216457556011319313
3163008,76564493122994193
1213312,229684749612879888
3179392,220677550895071248
1442688,229966155870113808
3277696,85569493354483728
3408768,220958957152305168
28032,72076771117236273
142720,76579271232983088
1060224,76579271501414448
2108800,72075671874109488
85376,72076496240377905
150912,76580091571736625
1068416,76580091840167985
2116992,72076492212863025
200064,76578996356124720
1117568,76578996624556080
2166144,72075396997251120
2231680,76578992328609840
144768,76578996355076145
1062272,76578996623507505
2110848,72075396996202545
87424,72076358801424435
152960,76579954132783155
1070464,76579954401214515
2119040,72076354773909555
333184,216471922342363185
595328,72110443661885745
398720,220975517673721905
660864,76614038993244465
1185152,85586054144331825
1316224,220975517942153265
2364800,216471918314848305
1578368,76614039261675825
2626944,72110439634370865
3151232,76578855426523185
157056,76562503680659505
550272,72076496239329585
1074560,76562503949090865
2123136,72058904321785905
664960,76578996355076400
2237824,76561404437532720
1582464,76578996623507760
2631040,72075396996202800
345472,216455429667946545
411008,220959024999305265
1197440,85569561469915185
804224,216473017557975345
1328512,220959025267736625
2377088,216455425640431665
3163520,76562362752106545
460160,220957929783693360
1246592,85568466254303280
853376,216471922342363440
1377664,220957930052124720
2426240,216454330424819760
3212672,76561267536494640
918912,220975517673722160
2491776,220957925756178480
1705344,85586054144332080
1836416,220975517942153520
2884992,216471918314848560
3671424,76578855426523440
145792,76614180727164945
539008,72180949843968273
1063296,76614180995596305
2111872,72110581368291345
88448,72111543173513235
153984,76615138504871955
547200,72181907621675283
1071488,76615138773303315
2120064,72111539145998355
334208,216507106714451985
399744,221010702045810705
1186176,85621238516420625
792960,216577471162614033
1317248,221010702314242065
2365824,216507102686937105
3152256,76614039798611985
59776,216191959193092113
92544,72076504830312465
289152,216473159291895825
551296,72111680611418385
174464,220694459308838928
305536,504702710809886736
1091968,220694459577270288
2140544,216190859949965328
207232,76579004946059280
1124736,76579005214490640
2173312,72075405587185680
403840,220975659407642640
665984,76614180727165200
1190272,85586195878252560
1321344,220975659676074000
2369920,216472060048769040
1583488,76614180995596560
2632064,72110581368291600
3156352,76578997160443920
117120,216191684316233745
182656,220695279647592465
313728,504703531148640273
1100160,220695279916023825
2148736,216191680288718865
805248,216508201930064145
231808,220694184431980560
362880,504702435933028368
1149312,220694184700411920
2197888,216190585073106960
428416,509206031264387088
2263424,220694180404465680
1345920,509206031532818448
2394496,504702431905513488
854400,216507106714452240
919936,221010702045810960
1444224,229982717196898320
1706368,85621238516420880
3279232,85586054681268240
1837440,221010702314242320
2886016,216507102686937360
3410304,220975518479089680
3672448,76614039798612240
94592,72076367391358995
291200,216473021852942355
553344,72111543172464915
176512,220694184430931985
307584,504702435931979793
1094016,220694184699363345
2142592,216190585072058385
340352,216471930932297745
602496,72110452251820305
799104,216507106713403665
119168,216191546877280275
184704,220695142208638995
315776,504703393709686803
1102208,220695142477070355
2150784,216191542849765395
348544,216472953134514195
610688,72111474454036755
414080,220976548465872915
676224,76615069785395475
1200512,85587084936482835
1331584,220976548734304275
2380160,216472949106999315
1593728,76615070053826835
2642304,72111470426521875
3166592,76579886218674195
627072,216225631737741585
692608,220729227069100305
1216896,229701242220187665
823680,504737478570148113
1610112,220729227337531665
2658688,216225627710226705
3182976,220694043502379025
856448,216507037994975505
921984,221010633326334225
1446272,229982648477421585
1708416,85621169796944145
3281280,85585985961791505
1839488,221010633594765585
2888064,216507033967460625
3412352,220975449759612945
3674496,76613971079135505
188800,220677691756515345
319872,504685943257563153
582016,216191684315185425
1106304,220677692024946705
2154880,216174092397641745
352640,216455438257881105
434560,509188443373309968
696704,220694184430932240
2269568,220676592513388560
827776,504702435931980048
1352064,509188443641741328
2400640,504684844014436368
1614208,220694184699363600
2662784,216190585072058640
467328,220957938373627920
1253760,85568474844237840
860544,216471930932298000
1384832,220957938642059280
2433408,216454339014754320
3219840,76561276126429200
1450368,229965129305821200
3285376,85568466790191120
3416448,220957930588012560
1229184,229684749545771025
3195264,220677550827962385
1458560,229966155803004945
3293568,85569493287374865
3424640,220958957085196305
1278336,229683654330159120
3244416,220676455612350480
1474944,518195501162565648
1737088,229701242220187920
3441024,509188302444757008
3703168,220694043502379280
1507712,229965060587393040
3342720,85568398071762960
3473792,220957861869584400
1966464,229982648477421840
3801472,85585985961791760
3932544,220975449759613200
142976,4522776706682928
274048,72358246093946928
1060480,4522776975114288
2109056,19177347809328
102016,72076771118284848
167552,76580366449643568
1085056,76580366718074928
2133632,72076767090769968
200320,4522501829824560
331392,72357971217088560
1117824,4522502098255920
2166400,18902470950960
396928,76861566548447280
2231936,4522497802309680
1314432,76861566816878640
2363008,72357967189573680
46720,72076771117236273
145024,4522501828775985
276096,72357971216039985
1062528,4522502097207345
2111104,18902469902385
104064,72076496240377905
169600,76580091571736625
1087104,76580091840167985
2135680,72076492212863025
595584,53949135585585
661120,4557544466944305
1185408,13529559618031665
792192,72393013854208305
1578624,4557544735375665
2627200,53945108070705
3151488,4522360900223025
173696,76562778558566448
566912,72076771117236528
1091200,76562778826997808
2139776,72059179199692848
403072,76843978657370160
665216,4522501828776240
2238080,4504909911232560
796288,72357971216040240
1320576,76843978925801520
2369152,72340379298496560
1582720,4522502097207600
2631296,18902469902640
214656,4506971228082225
345728,72342440615346225
607872,20963786752305
1132160,4506971496513585
2180736,3371869208625
411264,76846035946704945
673408,4524559118111025
2246272,4506967200567345
804480,72360028505375025
1328768,76846036215136305
2377344,72342436587831345
1590912,4524559386542385
2639488,20959759237425
231040,76562503681708080
624256,72076496240378160
1148544,76562503950139440
2197120,72058904322834480
689792,76580091571736880
2262656,76562499654193200
1607296,76580091840168240
2655872,72076492212863280
1246848,13511971728003120
3212928,4504773010194480
1443456,85851036446625840
1705600,13529559618031920
3409536,76843837728817200
3671680,4522360900223280
47744,72111955489325073
146048,4557686200864785
277120,72393155588128785
539264,124455317668113
1063552,4557686469296145
2112128,54086841991185
105088,72111680612466705
170624,76615275943825425
563840,72182045060628753
1088128,76615276212256785
2136704,72111676584951825
1186432,13564743990120465
3152512,4557545272311825
60032,72078970140491793
158336,4524700852031505
289408,72360170239295505
1075840,4524701120462865
2124416,21101493157905
109184,72076779708219408
305792,216473434169802768
567936,72111955489325328
207488,4522510419759120
338560,72357979807023120
1124992,4522510688190480
2173568,18911060885520
666240,4557686200865040
1190528,13529701351952400
797312,72393155588129040
1583744,4557686469296400
2632320,54086841991440
3156608,4522502634143760
117376,72078695263633425
182912,76582290594992145
1100416,76582290863423505
2148992,72078691236118545
608896,56148158841105
674432,4559743490199825
1198720,13531758641287185
805504,72395212877463825
1591936,4559743758631185
2640512,56144131326225
3164800,4524559923478545
363136,216473159292944400
625280,72111680612466960
428672,220976754624303120
690816,76615275943825680
1215104,85587291094913040
1346176,220976754892734480
2394752,216473155265429520
1608320,76615276212257040
2656896,72111676584952080
3181184,76580092377104400
1706624,13564743990120720
3279488,13529560154968080
3672704,4557545272312080
160384,4524563413078035
291456,72360032800342035
1077888,4524563681509395
2126464,20964054204435
111232,72076504830312465
307840,216473159291895825
569984,72111680611418385
602752,53957725520145
119424,72078557824679955
184960,76582153156038675
1102464,76582153424470035
2151040,72078553797165075
217728,4524494694649875
348800,72359964081913875
1135232,4524494963081235
2183808,20895335776275
414336,76863559413272595
2249344,4524490667134995
1331840,76863559681703955
2380416,72359960054398995
823936,216508201930064145
1708672,13564675270643985
3281536,13529491435491345
3674752,4557476552835345
189056,76564702703915025
582272,72078695262585105
1106560,76564702972346385
2155136,72061103345041425
221824,4506979818016785
352896,72342449205280785
615040,20972376686865
1139328,4506980086448145
2187904,3380459143185
1204864,13514170750210065
3170944,4506972032401425
238208,76562512271642640
631424,72076504830312720
1155712,76562512540074000
2204288,72058912912769040
434816,220959166733226000
1221248,85569703203835920
828032,216473159291896080
1352320,220959167001657360
2400896,216455567374352400
3187328,76562504486027280
1254016,13511980317937680
3220096,4504781600129040
3285632,13511972263890960
377472,216457628691202065
443008,220961224022560785
1229440,85571760493170705
836224,216475216581230865
1360512,220961224290992145
2409088,216457624663687185
3195520,76564561775362065
1262208,13514102031781905
3228288,4506903313973265
1458816,85853166750404625
1720960,13531689921810705
3424896,76845968032595985
3687040,4524491204002065
1475200,229966224522481680
3310208,85569562006851600
3441280,220959025804673040
3342976,13511903545462800
3539584,85850968264085520
3801728,13529491435491600
146560,4556861533589553
277632,72392330920853553
539776,123630650392881
1064064,4556861802020913
2112640,53262174715953
105600,72110855945191473
171136,76614451276550193
564352,72181220393353521
1088640,76614451544981553
2137216,72110851917676593
203904,4556586656731185
334976,72392056043995185
597120,123355773534513
1121408,4556586925162545
2169984,52987297857585
400512,76895651375353905
662656,4626951104893233
2235520,4556582629216305
793728,72462420492157233
1318016,76895651643785265
2366592,72392052016480305
1580160,4626951373324593
2628736,123351746019633
60544,72077320839495729
93312,19185636737073
552064,54361417842993
175232,76579820955242544
1092736,76579821223673904
2141312,72076221596368944
208000,4521685752483888
339072,72357155139747888
1125504,4521686020915248
2174080,18086393610288
666752,4556861533589808
1191040,13528876684677168
797824,72392330920853808
1584256,4556861802021168
2632832,53262174716208
3157120,4521677966868528
314496,216473429841281073
576640,72111951160803633
609408,54086540984625
674944,4557681872343345
1199232,13529697023430705
806016,72393151259607345
1592448,4557682140774705
2641024,54082513469745
3165312,4522498305622065
363648,216472334625669168
625792,72110855945191728
429184,220975929957027888
691328,76614451276550448
1215616,85586466427637808
1346688,220975930225459248
2395264,216472330598154288
1608832,76614451544981808
2657408,72110851917676848
3181696,76579267709829168
724096,4556586656731440
1248384,13528601807818800
855168,72392056043995440
1641600,4556586925162800
2690176,52987297857840
3214464,4521403090010160
920704,76895651375354160
1444992,85867666526441520
2755712,4556582629216560
1838208,76895651643785520
2886784,72392052016480560
3411072,76860467808632880
62592,72076771083681843
160896,4522501795221555
291968,72357971182485555
1078400,4522502063652915
2126976,18902436347955
111744,72075680163037233
308352,216472334624620593
570496,72110855944143153
210048,4521410874576945
341120,72356880261840945
1127552,4521411143008305
2176128,17811515703345
668800,4556586655682865
1193088,13528601806770225
799872,72392056042946865
1586304,4556586924114225
2634880,52987296809265
3159168,4521403088961585
119936,72076496206823475
185472,76580091538182195
1102976,76580091806613555
2151552,72076492179308595
611456,53949102031155
676992,4557544433389875
1201280,13529559584477235
808064,72393013820653875
1594496,4557544701821235
2643072,53945074516275
3167360,4522360866668595
365696,216472059747762225
627840,72110581067284785
431232,220975655079120945
693376,76614176398643505
1217664,85586191549730865
1348736,220975655347552305
2397312,216472055720247345
1610880,76614176667074865
2659456,72110577039769905
3183744,76578992831922225
1709184,13563644444938545
3282048,13528460609785905
3675264,4556445727129905
124032,72059187488620593
320640,216455841950203953
222336,4504918200160305
353408,72340387587424305
615552,18910758830385
1139840,4504918468591665
2188416,1318841286705
1205376,13512109132353585
3171456,4504910414544945
238720,76561687604367408
631936,72075680163037488
1156224,76561687872798768
2204800,72058088245493808
435328,220958342065950768
1221760,85568878536560688
828544,216472334624620848
1352832,220958342334382128
2401408,216454742707077168
3187840,76561679818752048
468096,76842887703171120
730240,4521410874577200
2303104,4503818957033520
861312,72356880261841200
1385600,76842887971602480
2434176,72339288344297520
1647744,4521411143008560
2696320,17811515703600
1451136,85850078635364400
1713280,13528601806770480
3417216,76842879917555760
3679360,4521403088961840
377984,216455567073345585
443520,220959162404704305
1229952,85569698875314225
836736,216473154963374385
1361024,220959162673135665
2409600,216455563045830705
3196032,76562500157505585
3294336,13511967935369265
492672,220958067189092400
1279104,85568603659702320
885888,216472059747762480
1410176,220958067457523760
2458752,216454467830218800
3245184,76561404941893680
951424,220975655079121200
2524288,220958063161577520
1737856,85586191549731120
1868928,220975655347552560
2917504,216472055720247600
3703936,76578992831922480
3343488,13510872719757360
3540096,85849937438380080
3802240,13528460609786160
63616,72111955455770643
161920,4557686167310355
292992,72393155554574355
555136,124455284113683
1079424,4557686435741715
2128000,54086808436755
112768,72110864535126033
309376,216507518996709393
211072,4556595246665745
342144,72392064633929745
604288,123364363469073
1128576,4556595515097105
2177152,52995887792145
1194112,13563786178859025
3160192,4556587461050385
120960,72111680578912275
186496,76615275910270995
579712,72182045027074323
1104000,76615276178702355
2152576,72111676551397395
1202304,13564743956566035
3168384,4557545238757395
366720,216507244119851025
432256,221010839451209745
1218688,85621375921819665
825472,216577608568013073
1349760,221010839719641105
2398336,216507240092336145
3184768,76614177204011025
3283072,13563644981874705
616576,54095130919185
370816,216472343215603728
632960,72110864535126288
829568,216507518996709648
731264,4556595246666000
1255552,13528610397753360
862336,72392064633930000
1648768,4556595515097360
2697344,52995887792400
3221632,4521411679944720
1714304,13563786178859280
3287168,13528602343706640
3680384,4556587461050640
837760,216508339335463185
886912,216507244119851280
952448,221010839451210000
1476736,229982854602297360
1738880,85621375921819920
3311744,85586192086667280
1869952,221010839719641360
2918528,216507240092336400
3442816,220975655884488720
3704960,76614177204011280
3803264,13563644981874960
127104,72076504796758035
323712,216473159258341395
585856,72111680577863955
618624,53957691965715
372864,216472068337696785
635008,72110589657219345
831616,216507244118802705
839808,216508201896509715
1724544,13564675237089555
3297408,13529491401936915
3690624,4557476519280915
3805312,13563576262398225
385152,216455575663280145
499840,220958075779026960
1286272,85568612249636880
893056,216472068337697040
1417344,220958076047458320
2465920,216454476420153360
3252352,76561413531828240
1482880,229965266711220240
3317888,85568604195590160
3448960,220958067993411600
3350656,13510881309691920
3571840,229965125514235920
16128,72111955489325073
73472,72111680612466705
139008,76615275943825425
532224,72182045060628753
1056512,76615276212256785
2105088,72111676584951825
28416,72078970140491793
77568,72076779708219408
274176,216473434169802768
536320,72111955489325328
85760,72078695263633425
151296,76582290594992145
1068800,76582290863423505
2117376,72078691236118545
102144,216191959194140688
167680,220695554525499408
298752,504703806026547216
1085184,220695554793930768
2133760,216191955166625808
331520,216473159292944400
593664,72111680612466960
397056,220976754624303120
659200,76615275943825680
1183488,85587291094913040
1314560,220976754892734480
2363136,216473155265429520
1576704,76615276212257040
2625280,72111676584952080
3149568,76580092377104400
46848,216191959193092113
79616,72076504830312465
276224,216473159291895825
538368,72111680611418385
87808,72078557824679955
153344,76582153156038675
1070848,76582153424470035
2119424,72078553797165075
104192,216191684316233745
169728,220695279647592465
300800,504703531148640273
1087232,220695279916023825
2135808,216191680288718865
792320,216508201930064145
157440,76564702703915025
550656,72078695262585105
1074944,76564702972346385
2123520,72061103345041425
173824,220677966634422288
304896,504686218135470096
567040,216191959193092368
1091328,220677966902853648
2139904,216174367275548688
206592,76562512271642640
599808,72076504830312720
1124096,76562512540074000
2172672,72058912912769040
403200,220959166733226000
1189632,85569703203835920
796416,216473159291896080
1320704,220959167001657360
2369280,216455567374352400
3155712,76562504486027280
345856,216457628691202065
411392,220961224022560785
1197824,85571760493170705
804608,216475216581230865
1328896,220961224290992145
2377472,216457624663687185
3163904,76564561775362065
231168,220677691757563920
362240,504685943258611728
624384,216191684316234000
1148672,220677692025995280
2197248,216174092398690320
427776,509189538589970448
689920,220695279647592720
2262784,220677687730049040
820992,504703531148640528
1345280,509189538858401808
2393856,504685939231096848
1607424,220695279916024080
2656000,216191680288719120
1443584,229966224522481680
3278592,85569562006851600
3409664,220959025804673040
146176,76615280238792705
539392,72182049355596033
1063680,76615280507224065
2112256,72111680879919105
334592,216508206226079745
400128,221011801557438465
1186560,85622338028048385
793344,216578570674241793
1317632,221011801825869825
2366208,216508202198564865
3152640,76615139310239745
158464,76582294889959425
1075968,76582295158390785
2124544,72078695531085825
174848,220695558820466688
305920,504703810321514496
1092352,220695559088898048
2140928,216191959461593088
207616,76580104457687040
1125120,76580104726118400
2173696,72076505098813440
404224,220976758919270400
666368,76615280238792960
1190656,85587295389880320
1321728,220976759187701760
2370304,216473159560396800
1583872,76615280507224320
2632448,72111680879919360
3156736,76580096672071680
346880,216475220877246465
609024,72113742196769025
412416,220978816208605185
674560,76617337528127745
1198848,85589352679215105
1329920,220978816477036545
2378496,216475216849731585
1592064,76617337796559105
2640640,72113738169254145
3164928,76582153961406465
232192,220695283943608320
363264,504703535444656128
1149696,220695284212039680
2198272,216191684584734720
428800,509207130776014848
2263808,220695279916093440
1346304,509207131044446208
2394880,504703531417141248
854784,216508206226080000
920320,221011801557438720
1444608,229983816708526080
1706752,85622338028048640
3279616,85587154192896000
1837824,221011801825870080
2886400,216508202198565120
3410688,220976617990717440
3672832,76615139310240000
160512,76582157451005955
1078016,76582157719437315
2126592,72078558092132355
176896,220695283942559745
307968,504703535443607553
1094400,220695284210991105
2142976,216191684583686145
340736,216473030443925505
602880,72111551763448065
799488,216508206225031425
217856,76582088732577795
1135360,76582089001009155
2183936,72078489373704195
2249472,76582084705062915
627456,216226731249369345
692992,220730326580728065
1217280,229702341731815425
824064,504738578081775873
1610496,220730326849159425
2659072,216226727221854465
3183360,220695143014006785
856832,216508137506603265
922368,221011732837961985
1446656,229983747989049345
1708800,85622269308571905
3281664,85587085473419265
1839872,221011733106393345
2888448,216508133479088385
3412736,220976549271240705
3674880,76615070590763265
221952,76564573855944705
615168,72078566414614785
1139456,76564574124376065
2188032,72060974497071105
418560,220961228317528065
1204992,85571764788137985
811776,216475220876198145
1336064,220961228585959425
2384640,216457628958654465
3171072,76564566070329345
434944,509189542884937728
697088,220695283942560000
2269952,220677692025016320
828160,504703535443607808
1352448,509189543153369088
2401024,504685943526064128
1614592,220695284210991360
2663168,216191684583686400
467712,220959037885255680
1254144,85569574355865600
860928,216473030443925760
1385216,220959038153687040
2433792,216455438526382080
3220224,76562375638056960
1450752,229966228817448960
3285760,85569566301818880
3416832,220959030099640320
246528,220679753341865985
377600,504688004842913793
639744,216193745900536065
1164032,220679753610297345
2212608,216176153982992385
443136,509191600174272513
705280,220697341231894785
2278144,220679749314351105
836352,504705592732942593
1360640,509191600442703873
2409216,504688000815398913
1622784,220697341500326145
2671360,216193741873021185
475904,220961159599099905
1262336,85571696069709825
869120,216475152157769985
1393408,220961159867531265
2441984,216457560240226305
3228416,76564497351901185
934656,220978747489128705
2507520,220961155571585025
1721088,85589283959738625
1852160,220978747757560065
2900736,216475148130255105
3687168,76582085241929985
1278720,229684753841786880
3244800,220677555123978240
1475328,518196600674193408
1737472,229702341731815680
3441408,509189401956384768
3703552,220695143014007040
1508096,229966160099020800
3343104,85569497583390720
3474176,220958961381212160
1966848,229983747989049600
3801856,85587085473419520
3932928,220976549271240960
32000,72111955455770643
81152,72110864535126033
277760,216507518996709393
89344,72111680578912275
154880,76615275910270995
548096,72182045027074323
1072384,76615276178702355
2120960,72111676551397395
105728,216226044021047313
171264,220729639352406033
302336,504737890853453841
564480,216296408469209361
1088768,220729639620837393
2137344,216226039993532433
335104,216507244119851025
400640,221010839451209745
1187072,85621375921819665
793856,216577608568013073
1318144,221010839719641105
2366720,216507240092336145
3153152,76614177204011025
60672,216192508915351569
175360,220695009031098384
306432,504703260532146192
1092864,220695009299529744
2141440,216191409672224784
339200,216472343215603728
601344,72110864535126288
797952,216507518996709648
576768,216227139236659473
806144,216508339335463185
625920,216226044021047568
691456,220729639352406288
1215744,229701654503493648
822528,504737890853454096
1608960,220729639620837648
2657536,216226039993532688
3181824,220694455785685008
855296,216507244119851280
920832,221010839451210000
1445120,229982854602297360
1707264,85621375921819920
3280128,85586192086667280
1838336,221010839719641360
2886912,216507240092336400
3411200,220975655884488720
3673344,76614177204011280
62720,216191959159537683
95488,72076504796758035
292096,216473159258341395
554240,72111680577863955
111872,216190868238893073
570624,216226044019998993
341248,216472068337696785
603392,72110589657219345
800000,216507244118802705
120064,216191684282679315
185600,220695279614038035
316672,504703531115085843
1103104,220695279882469395
2151680,216191680255164435
808192,216508201896509715
627968,216225769143140625
693504,220729364474499345
1217792,229701379625586705
824576,504737615975547153
1611008,220729364742930705
2659584,216225765115625745
3183872,220694180907778065
124160,216174375564476433
353536,216455575663280145
238848,220676875680223248
369920,504685127181271056
632064,216190868238893328
1156352,220676875948654608
2204928,216173276321349648
1221888,229684066612416528
3187968,220676867894607888
468224,220958075779026960
1254656,85568612249636880
861440,216472068337697040
1385728,220958076047458320
2434304,216454476420153360
3220736,76561413531828240
1451264,229965266711220240
3286272,85568604195590160
3417344,220958067993411600
1230080,229684886951170065
3196160,220677688233361425
1279232,229683791735558160
3245312,220676593017749520
1475840,518195638567964688
1737984,229701379625586960
3441920,509188439850156048
3704064,220694180907778320
3540224,229965125514235920
162048,76615280205238275
555264,72182049322041603
1079552,76615280473669635
2128128,72111680846364675
178432,220729643647373313
309504,504737895148421121
571648,216296412764176641
1095936,220729643915804673
2144512,216226044288499713
211200,76614189284593665
604416,72180958401396993
1128704,76614189553025025
2177280,72110589925720065
407808,221010843746177025
1194240,85621380216786945
801024,216577612862980353
1325312,221010844014608385
2373888,216507244387303425
3160320,76614181498978305
350464,216508206192525315
416000,221011801523884035
1202432,85622337994493955
809216,216578570640687363
1333504,221011801792315395
2382080,216508202165010435
3168512,76615139276685315
235776,220729368770514945
366848,504737620271562753
628992,216296137887318273
1153280,220729369038946305
2201856,216225769411641345
432384,509241215602921473
694528,220799733218676993
2267392,220729364743000065
825600,504807984719724801
1349888,509241215871352833
2398464,504737616244047873
1612032,220799733487108353
2660608,216296133859803393
1448192,230017901535432705
3283200,85621239019802625
3414272,221010702817624065
125184,216191967750520833
583936,216227143531626753
354560,216473167849324545
616704,72111689168847105
813312,216508343630430465
239872,220694467866267648
370944,504702719367315456
1157376,220694468134699008
2205952,216190868507394048
698624,220729643647373568
1222912,229701658798460928
829696,504737895148421376
1616128,220729643915804928
2664704,216226044288499968
3188992,220694460080652288
469248,220975667965071360
731392,76614189284593920
1255680,85586204435681280
1386752,220975668233502720
2435328,216472068606197760
1648896,76614189553025280
2697472,72110589925720320
3221760,76579005717872640
928000,221010843746177280
1452288,229982858897264640
1714432,85621380216787200
3287296,85586196381634560
1845504,221010844014608640
2894080,216507244387303680
3418368,220975660179456000
3680512,76614181498978560
641280,216226868654768385
706816,220730463986127105
1231104,229702479137214465
837888,504738715487174913
1624320,220730464254558465
2672896,216226864627253505
3197184,220695280419405825
755968,220729368770515200
1280256,229701383921602560
887040,504737620271563008
1673472,220729369038946560
2722048,216225769411641600
3246336,220694185203793920
952576,509241215602921728
1476864,518213230754009088
2787584,220729364743000320
1870080,509241215871353088
2918656,504737616244048128
3442944,509206032036200448
1968384,230017901535432960
3541248,229982717700280320
3803392,85621239019802880
3934464,221010702817624320
192768,220695283909005315
323840,504703535410053123
1110272,220695284177436675
2158848,216191684550131715
356608,216473030410371075
618752,72111551729893635
815360,216508206191476995
241920,220694192988360705
372992,504702444489408513
1159424,220694193256792065
2208000,216190593629487105
700672,220729368769466625
1224960,229701383920553985
831744,504737620270514433
1618176,220729369037897985
2666752,216225769410593025
3191040,220694185202745345
864512,216507115270832385
643328,216226731215814915
708864,220730326547173635
1233152,229702341698260995
839936,504738578048221443
1626368,220730326815604995
2674944,216226727188300035
3199232,220695142980452355
872704,216508137473048835
938240,221011732804407555
1462528,229983747955494915
1724672,85622269275017475
3297536,85587085439864835
1855744,221011733072838915
2904320,216508133445533955
3428608,220976549237686275
3690752,76615070557208835
1741056,229736426558722305
3313920,229701242723569665
3707136,220729227840913665
1970432,230017832815956225
3543296,229982648980803585
3805440,85621170300326145
3936512,221010634098147585
254208,220677700313944065
385280,504685951814991873
647424,216191692872614145
1171712,220677700582375425
2220288,216174100955070465
1237248,229684891246137345
3203328,220677692528328705
499968,509188451930738688
762112,220694192988360960
2334976,220676601070817280
893184,504702444489408768
1417472,509188452199170048
2466048,504684852571865088
1679616,220694193256792320
2728192,216190593629487360
1483008,518195642862931968
1745152,229701383920554240
3449088,509188444145123328
3711232,220694185202745600
1515776,229965137863249920
3350784,85568475347619840
3481856,220957939145441280
3547392,229965129809203200
3326208,229684750049153025
3555584,229966156306386945
3375360,229683654833541120
3571968,518195501665947648
3834112,229701242723569920
3604736,229965061090775040
4063488,229982648980803840
48640,72112505211584529
81408,54370008825873
302592,216508614213369873
1187328,13564881395519505
3153408,4557682677710865
60928,72079519862751249
93696,21384659992593
552448,56560441098513
110080,72077329430478864
306688,216473983892062224
568832,72112505211584784
601600,54370008826128
314880,216475628864536593
577024,72114150184059153
609792,56285564240145
675328,4559880895598865
1199616,13531896046686225
806400,72395350282862865
1592832,4559881164030225
2641408,56281536725265
3165696,4524697328877585
822784,216508614213370128
1707520,13564881395519760
3280384,13529697560367120
3673600,4557682677711120
62976,72078970106937363
161280,4524700818477075
292352,72360170205741075
1078784,4524701086908435
2127360,21101459603475
603648,54095130919185
120320,72078695230078995
185856,76582290561437715
1103360,76582290829869075
2151936,72078691202564115
611840,56148125286675
677376,4559743456645395
1201664,13531758607732755
808448,72395212843909395
1594880,4559743725076755
2643456,56144097771795
3167744,4524559889924115
824832,216508339335463185
124416,72061386511876113
321024,216458040973459473
222720,4507117223415825
353792,72342586610679825
615936,21109782085905
1140224,4507117491847185
2188800,3517864542225
1205760,13514308155609105
3171840,4507109437800465
370176,216455850541187088
1254912,13512117723336720
3220992,4504919005528080
3286528,13512109669290000
378368,216457766096601105
443904,220961361427959825
1230336,85571897898569745
837120,216475353986629905
1361408,220961361696391185
2409984,216457762069086225
3196416,76564699180761105
3294720,13514166958624785
1476096,229966361927880720
3311104,85569699412250640
3442176,220959163210072080
113152,72111964046753793
309760,216508618508337153
211456,4557694758293505
342528,72393164145557505
604672,124463875096833
1128960,4557695026724865
2177536,54095399419905
1194496,13564885690486785
3160576,4557686972678145
219648,4559747752660995
350720,72395217139924995
612864,126516869464323
1137152,4559748021092355
2185728,56148393787395
416256,76898812471283715
678400,4630112200823043
2251264,4559743725146115
809472,72465581588087043
1333760,76898812739715075
2382336,72395213112410115
1595904,4630112469254403
2644480,126512841949443
367104,216508343631478785
432640,221011938962837505
1219072,85622475433447425
825856,216578708079640833
1350144,221011939231268865
2398720,216508339603963905
3185152,76615276715638785
3283456,13564744493502465
125440,72078978697920513
322048,216475633159503873
584192,72114154479026433
223744,4524709409460225
354816,72360178796724225
1141248,4524709677891585
2189824,21110050586625
682496,4559885190566145
1206784,13531900341653505
813568,72395354577830145
1600000,4559885458997505
2648576,56285831692545
3172864,4524701623844865
371200,216473442727231488
633344,72111964046754048
829952,216508618508337408
731648,4557694758293760
1255936,13529709909381120
862720,72393164145557760
1649152,4557695026725120
2697728,54095399420160
3222016,4522511191572480
1714688,13564885690487040
3287552,13529701855334400
3680768,4557686972678400
379392,216475358282645505
641536,72113879602168065
444928,220978953614004225
707072,76617474933526785
1231360,85589490084614145
1362432,220978953882435585
2411008,216475354255130625
1624576,76617475201958145
2673152,72113875574653185
3197440,76582291366805505
1722880,13566942979821825
3295744,13531759144669185
3688960,4559744262013185
887296,216508343631479040
952832,221011938962837760
1477120,229983954113925120
1739264,85622475433447680
3312128,85587291598295040
1870336,221011939231269120
2918912,216508339603964160
3443200,220976755396116480
3705344,76615276715639040
3803648,13564744493502720
193024,76582294856404995
1110528,76582295124836355
2159104,72078695497531395
225792,4524571970506755
356864,72360041357770755
1143296,4524572238938115
2191872,20972611633155
684544,4559747751612675
1208832,13531762902700035
815616,72395217138876675
1602048,4559748020044035
2650624,56148392739075
3174912,4524564184891395
373248,216473167849324545
635392,72111689168847105
832000,216508343630430465
381440,216475220843692035
643584,72113742163214595
446976,220978816175050755
709120,76617337494573315
1233408,85589352645660675
1364480,220978816443482115
2413056,216475216816177155
1626624,76617337763004675
2675200,72113738135699715
3199488,76582153927852035
741888,4559679033184515
1266176,13531694184271875
872960,72395148420448515
1659392,4559679301615875
2707968,56079674310915
3232256,4524495466463235
938496,76898743751807235
1462784,85870758902894595
2773504,4559675005669635
1856000,76898744020238595
2904576,72395144392933635
3428864,76863560185085955
3805696,13564675774025985
254464,76564711261343745
647680,72078703820013825
1171968,76564711529775105
2220544,72061111902470145
451072,220961365722927105
1237504,85571902193537025
844288,216475358281597185
1368576,220961365991358465
2417152,216457766364053505
3203584,76564703475728385
1270272,13514179307638785
3236352,4506980589830145
3301888,13514171253592065
500224,220959175290654720
1286656,85569711761264640
893440,216473167849324800
1417728,220959175559086080
2466304,216455575931781120
3252736,76562513043456000
1483264,229966366222848000
3318272,85569703707217920
3449344,220959167505039360
3351040,13511980821319680
1491456,229968423512182785
3326464,85571760996552705
3457536,220961224794374145
3359232,13514102535163905
3555840,85853167253786625
3817984,13531690425192705
3572224,229966225025863680
162816,4557961028440083
293888,72393430415704083
556032,124730145243411
1080320,4557961296871443
2128896,54361669566483
179200,76615005310554129
572416,72181774427357457
1096704,76615005578985489
2145280,72111405951680529
211968,4556870107795473
343040,72392339495059473
605184,123639224598801
1129472,4556870376226833
2178048,53270748921873
1195008,13564061039988753
3161088,4556862322180113
121856,72111955440042003
187392,76615550771400723
580608,72182319888204051
1104896,76615551039832083
2153472,72111951412527123
220160,4557686151581715
351232,72393155538845715
613376,124455268385043
1137664,4557686420013075
2186240,54086792708115
416768,76896750870204435
678912,4628050599743763
2251776,4557682124066835
809984,72463519987007763
1334272,76896751138635795
2382848,72393151511330835
1596416,4628050868175123
2644992,124451240870163
367616,216507518980980753
433152,221011114312339473
1219584,85621650782949393
826368,216577883429142801
1350656,221011114580770833
2399232,216507514953465873
3185664,76614452065140753
1252352,13563786163130385
3218432,4556587445321745
1448960,85902850881753105
1711104,13634150611292433
3415040,76895652163944465
3677184,4626951893483793
125952,72077329413701649
322560,216473983875285009
584704,72112505194807569
617472,54369992048913
240640,76579829529448464
1158144,76579829797879824
2206720,72076230170574864
437248,220976483991031824
699392,76615005310554384
1223680,85587020461641744
1354752,220976484259463184
2403328,216472884632158224
1616896,76615005578985744
2665472,72111405951680784
3189760,76579821743833104
732160,4556870107795728
1256448,13528885258883088
863232,72392339495059728
1649664,4556870376227088
2698240,53270748922128
3222528,4521686541074448
1715200,13564061039989008
3288064,13528877204836368
3681280,4556862322180368
838656,216508614196592913
1723392,13564881378742545
3296256,13529697543589905
3689472,4557682660933905
887808,216507518980981008
953344,221011114312339728
1477632,229983129463427088
1739776,85621650782949648
3312640,85586466947797008
1870848,221011114580771088
2919424,216507514953466128
3443712,220975930745618448
3705856,76614452065141008
1772544,13563786163130640
3345408,13528602327978000
3738624,4556587445322000
1969152,85902850881753360
3542016,85867667046600720
3935232,76895652163944720
128000,72076779657887763
324608,216473434119471123
586752,72111955438993683
226304,4522510369427475
357376,72357979756691475
1143808,4522510637858835
2192384,18911010553875
685056,4557686150533395
1209344,13529701301620755
816128,72393155537797395
1602560,4557686418964755
2651136,54086791659795
3175424,4522502583812115
373760,216472343198826513
635904,72110864518349073
832512,216507518979932433
734208,4556595229888785
1258496,13528610380976145
865280,72392064617152785
1651712,4556595498320145
2700288,52995871015185
3224576,4521411663167505
1717248,13563786162082065
3290112,13528602326929425
3683328,4556587444273425
381952,216473159242612755
644096,72111680562135315
447488,220976754573971475
709632,76615275893494035
1233920,85587291044581395
1364992,220976754842402835
2413568,216473155215097875
1627136,76615276161925395
2675712,72111676534620435
3200000,76580092326772755
1725440,13564743939789075
3298304,13529560104636435
3691520,4557545221980435
889856,216507244103074065
955392,221010839434432785
1479680,229982854585520145
1741824,85621375905042705
3314688,85586192069890065
1872896,221010839702864145
2921472,216507240075559185
3445760,220975655867711505
3707904,76614177187234065
3806208,13563644965097745
386048,216455850524409873
1270784,13512117706559505
3236864,4504918988750865
3302400,13512109652512785
500736,220958350640156688
1287168,85568887110766608
893952,216472343198826768
1418240,220958350908588048
2466816,216454751281283088
3253248,76561688392957968
1483776,229965541572349968
3318784,85568879056719888
3449856,220958342854541328
1516544,85850087209570320
1778688,13528610380976400
3482624,76842888491761680
3744768,4521411663167760
3548160,85850079155523600
3810304,13528602326929680
1491968,229966361911103505
3326976,85569699395473425
3458048,220959163193294865
1541120,229965266695491600
3376128,85568604179861520
3507200,220958067977682960
1999872,229982854585520400
3834880,85586192069890320
3965952,220975655867711760
194560,76615555066368003
587776,72182324183171331
1112064,76615555334799363
2160640,72111955707494403
423936,76896755165171715
686080,4628054894711043
2258944,4557686419034115
817152,72463524281975043
1341440,76896755433603075
2390016,72393155806298115
1603584,4628055163142403
2652160,124455535837443
243712,76614464145723393
636928,72181233262526721
1161216,76614464414154753
2209792,72110864786849793
440320,221011118607306753
1226752,85621655077916673
833536,216577887724110081
1357824,221011118875738113
2406400,216507519248433153
3192832,76614456360108033
473088,76895664244527105
735232,4626963974066433
2308096,4556595498389505
866304,72462433361330433
1390592,76895664512958465
2439168,72392064885653505
1652736,4626964242497793
2701312,123364615192833
1456128,85902855176720385
1718272,13634154906259713
3422208,76895656458911745
3684352,4626956188451073
251904,76615280189509635
645120,72182049306312963
1169408,76615280457940995
2217984,72111680830636035
710656,76685644637671683
2283520,76615276161994755
1628160,76685644906103043
2676736,72182045278798083
1267712,13564748235804675
3233792,4557549517996035
1464320,85903812954427395
1726464,13635112683966723
3430400,76896614236618755
3692544,4627913966158083
497664,221010843730448385
1284096,85621380201058305
890880,216577612847251713
1415168,221010843998879745
2463744,216507244371574785
3250176,76614181483249665
956416,221081208178610433
2529280,221010839702933505
1742848,85691744649220353
1873920,221081208447041793
2922496,216577608819736833
3708928,76684545931411713
3348480,13563649261113345
3545088,85902713979736065
3807232,13634013709275393
387072,216473442710454273
649216,72111964029976833
845824,216508618491560193
747520,4557694741516545
1271808,13529709892603905
878592,72393164128780545
1665024,4557695009947905
2713600,54095382642945
3237888,4522511174795265
1730560,13564885673709825
3303424,13529701838557185
3696640,4557686955901185
501760,220975942826201088
763904,76614464145723648
1288192,85586479296811008
1419264,220975943094632448
2467840,216472343467327488
1681408,76614464414155008
2729984,72110864786850048
3254272,76579280579002368
960512,221011118607307008
1484800,229983133758394368
1746944,85621655077916928
3319808,85586471242764288
1878016,221011118875738368
2926592,216507519248433408
3450880,220975935040585728
3713024,76614456360108288
993280,76895664244527360
1517568,85867679395614720
2828288,4556595498389760
1910784,76895664512958720
2959360,72392064885653760
3483648,76860480677806080
1976320,85902855176720640
3549184,85867671341568000
3942400,76895656458912000
903168,216508343614701825
968704,221011938946060545
1492992,229983954097147905
1755136,85622475416670465
3328000,85587291581517825
1886208,221011939214491905
2934784,216508339587186945
3459072,220976755379339265
3721216,76615276698861825
3819520,13564744476725505
1017856,221010843730448640
1542144,229982858881536000
1804288,85621380201058560
3377152,85586196365905920
1935360,221010843998880000
2983936,216507244371575040
3508224,220975660163727360
3770368,76614181483249920
3049472,221010839702933760
3868672,13563649261113600
4065280,85902713979736320
258048,76580104407355395
1175552,76580104675786755
2224128,72076505048481795
454656,220976758868938755
716800,76615280188461315
1241088,85587295339548675
1372160,220976759137370115
2420736,216473159510065155
1634304,76615280456892675
2682880,72111680829587715
3207168,76580096621740035
749568,4557557302563075
1273856,13529572453650435
880640,72393026689827075
1667072,4557557570994435
2715648,53957943689475
3239936,4522373735841795
1732608,13564748234756355
3305472,13529564399603715
3698688,4557549516947715
503808,220975667948294145
765952,76614189267816705
1290240,85586204418904065
1421312,220975668216725505
2469888,216472068589420545
1683456,76614189536248065
2732032,72110589908943105
3256320,76579005701095425
962560,221010843729400065
1486848,229982858880487425
1748992,85621380200009985
3321856,85586196364857345
1880064,221010843997831425
2928640,216507244370526465
3452928,220975660162678785
3715072,76614181482201345
1781760,13563657314111745
3354624,13528473478959105
3747840,4556458596303105
3813376,13563649260065025
905216,216508206175748355
970752,221011801507107075
1495040,229983816658194435
1757184,85622337977716995
3330048,85587154142564355
1888256,221011801775538435
2936832,216508202148233475
3461120,220976617940385795
3723264,76615139259908355
1789952,13564679516328195
3362816,13529495681175555
3756032,4557480798519555
1986560,85903744234950915
3559424,85868560399798275
3952640,76896545517142275
2002944,230017901518655745
3575808,229982717683503105
3837952,85621239003025665
3969024,221010702800847105
3870720,13563580541636865
4067328,85902645260259585
516096,220959175273877505
1302528,85569711744487425
909312,216473167832547585
1433600,220959175542308865
2482176,216455575915003905
3268608,76562513026678785
1499136,229966366206070785
3334144,85569703690440705
3465216,220959167488262145
3366912,13511980804542465
1024000,220975667948294400
2596864,220958076030750720
1810432,85586204418904320
1941504,220975668216725760
2990080,216472068589420800
3776512,76579005701095680
2007040,229982858880487680
3842048,85586196364857600
3973120,220975660162679040
3612672,85849950307553280
3874816,13528473478959360
3588096,229966225009086465
3637248,229965129793474560
4096000,229982717683503360
