287,216173894560716544
543,72060905508116224
65583,72060905460930304
783,216176084994037504
40975,216174100668815104
183,3311471235856
311,72060905509163776
567,7709517746944
65591,3328619647744
131127,4506911065060096
2097207,3311706247936
599,4524503283602176
131159,13529503481541376
663,3311537296144
1175,1181166408496
16535,3311470187281
131223,4504712074310416
2097303,1112715498256
791,72060905575224064
16663,72060905508115201
33047,216173963280192256
131351,76562306112238336
262423,216455369537426176
2097431,72058706753426176
1559,3380189664016
2583,20972375708416
4631,20903656231681
8727,3397369533184
16919,7709516698369
33303,72060974227591936
66071,3328651105024
262679,72342380484825856
524823,20903656232704
1049111,4506911365993216
20503,20903622677251
147479,4506911064011521
2113559,3311705199361
1179671,13511911563932416
2228247,4504712309322496
3145751,4504712846185216
65639,4524503236416256
131175,13531693899133696
65703,3311439778576
65831,72060905477706496
66087,7709486289664
9255,3517579334416
66599,3380142478096
10279,21109765378816
67623,20972328522496
69671,20903609045761
40999,72061111617262336
73767,3397322347264
139303,4506979767759616
2105383,3380408947456
81959,7709469512449
98343,72060974180406016
327719,72342380437639936
589863,20903609046784
1114151,4506911318807296
1179687,13514101981524736
2228263,4506902726914816
3145767,4506903263777536
131655,13531693914862336
10311,4557694740534016
133191,13564747966395136
20551,4559679015424771
135239,13564679246918401
139335,13529572184240896
147527,13531693898085121
196679,13529503465812736
655431,13564679246919424
2228295,13529495143396096
3145799,13529495680258816
1671,3371599729456
8839,3380189664016
66183,3311471235856
131719,4506902507631376
2097799,3303148819216
9351,1318571807536
8967,72060974227591936
33543,216176153713513216
66311,72060905509163776
131847,76564496545559296
262919,216457559970747136
2097927,72060897186747136
41223,216174100685591296
9735,3517595063056
10759,21109781107456
41479,72061111632990976
139783,4506979783488256
2105863,3380424676096
197127,4506911065060096
2163207,3311706247936
1180167,13514101997253376
2228743,4506902742643456
3146247,4506903279506176
25607,3517578285841
140295,4504918182408976
2106375,1318823596816
14343,54095113163521
22535,56148107531011
26631,21109764330241
141319,4522510368453376
534535,54095113164544
2107399,18911009641216
28679,20972325376771
86023,20903606948611
151559,4524494643344131
544775,56079388055299
2117639,20895284531971
57351,72061111616213761
155655,4506979766711041
2121735,3380407898881
172039,76562512220336896
303111,216455575645524736
2138119,72058912861524736
1187847,13511980266631936
2236423,4504781012022016
3153927,4504781548884736
212999,4506911048282881
2179079,3311689470721
1196039,13514101980476161
2244615,4506902725866241
3162119,4506903262728961
1245191,13511911548203776
2293767,4504712293593856
3211271,4504712830456576
187,72060905509095184
571,72065303555606272
32827,216176162270873344
65595,72060922657507072
262203,216457568528107264
524347,72078497661587200
347,220695086374061824
603,76582097321461504
524379,76615082636742400
411,216173894627755792
667,72060905575155472
1179,72058775204267824
16539,72060905508046609
32923,216173963280123664
262299,216455369537357584
524443,72076298670837520
1307,216173963280123664
2331,216191555466168064
4379,216191486746691329
8475,216173980459992832
33051,504404339431835392
65819,216173911741564672
131355,220677494188021504
262427,504685745689069312
1048859,220677494456452864
2097435,216173894829147904
1563,72060974227523344
2587,72078566413567744
4635,72078497694091009
8731,72060991407392512
16923,72065303554557697
66075,72060922688964352
131611,76564505135421184
1049115,76564505403852544
2097691,72060905776547584
33819,216174100685522704
34843,216191692871567104
526363,72111551728848640
20507,72078497660536579
528411,72111483009371905
40987,216174117865391872
49179,216176162269824769
278555,216457568527058689
540699,72078497660538625
557083,216191555432615680
786459,216472961689849600
65643,76582097274275584
524395,76617273054334720
427,216176084995016464
65707,72060905477637904
811,216180483041527552
8491,216176162270873344
524587,216193677147508480
66091,72065303524148992
9259,72061111617193744
33835,216176291103115024
66603,72060974180337424
10283,72078703803238144
34859,216193883289159424
67627,72078566366381824
526379,72113742146440960
69675,72078497646905089
528427,72113673426964225
73771,72060991360206592
270379,216457637230806784
532523,72078566364286720
81963,72065303507371777
557099,216193745850208000
196651,76564505088235264
1114155,76564505356666624
2162731,72060905729361664
786475,216475152107441920
843,220697276807382784
524619,220730262122663680
524875,76617273070063360
10315,76615288778393344
34891,220730468264314624
20555,76617273053284099
41035,220695292482160384
532555,76615151339441920
540747,76617273053286145
557131,220730330825363200
589899,76615082621013760
655435,85622273284775680
786507,221011737082597120
1572939,85622273553207040
907,216176085061076752
1419,216173954690189104
8587,216173963280123664
16779,216176084993967889
65931,216173894561695504
524683,216191478156758800
1675,72060965637588784
8843,72060974227523344
33419,216176153713444624
66187,72060905509095184
262795,216457559970678544
524939,72078489104158480
9355,72058912609666864
33931,216174092095588144
41099,216174100685522704
1803,216176153713444624
2827,216193745899489024
4875,216193677180012289
17163,216180483040478977
33547,504406529865156352
131851,220679684621342464
262923,504687936122390272
1049355,220679684889773824
2097931,216176085262468864
9483,216174100685522704
10507,216191692871567104
526603,216226731214769920
20747,216193677146457859
528651,216226662495293185
24843,216176162269824769
41227,504404476837234432
532747,216191555432615680
82187,216176093551396609
540939,216193677146459905
590091,216191486714187520
9739,72061111632922384
34315,216176291118843664
10763,72078703818966784
35339,216193883304888064
526859,72113742162169600
528907,72113673442692865
270859,216457637246535424
533003,72078566380015360
98827,216176162270873344
557579,216193745865936640
328203,216457568528107264
590347,72078497661587200
786955,216475152123170560
527371,72111680561090320
25611,72061111616145169
41995,216174375546652432
271371,216455575645456144
533515,72076504778936080
50187,216176291102066449
99339,216174100669794064
558091,216191684264857360
14347,72111689151022849
22539,72113742145390339
38923,216226868636944129
26635,72078703802189569
43019,216191967732696832
272395,216473167831500544
51211,216193883288110849
542731,72113742145392385
100363,216191692855838464
591883,72111551713120000
788491,216508206174703360
28683,72078566363236099
45067,216191692854789889
536587,72111551712071425
53259,216193745849157379
86027,72078497644807939
282635,216475152106391299
561163,216226731197992705
593931,72111482993643265
790539,216508137455226625
286731,216457637229758209
548875,72078566363238145
106507,216174117849663232
172043,220677700296120064
303115,504685951797167872
1089547,220677700564551424
2138123,216174100937246464
794635,216473030392549120
114699,216176162254096129
573451,216193745849159425
344075,216457568511330049
606219,72078497644809985
802827,216475152106393345
622603,216191555416887040
851979,216472961674120960
243,4524503284581136
371,76582097322509056
627,4528901331092224
2163,4559756342592256
4211,4559687623115521
65651,4524520432993024
131187,13531702505771776
524403,4559687623116544
1048691,13531702774203136
435,72060905576203024
691,7709584786192
2227,20972376687376
4275,20903657210641
8371,3397370512144
16563,7709517677329
32947,72060974228570896
131251,4506911098540816
262323,72342380485804816
524467,20903657211664
1048755,4506911366972176
2097331,3311739667216
819,72065303622714112
1331,72060974228570896
2355,72078566414615296
4403,72078497695138561
8499,72060991408440064
16691,72065303555605249
131379,76564505136468736
524595,72078497695139584
1048883,76564505404900096
2097459,72060905777595136
1587,7778237154064
2611,25370423198464
4659,25301703721729
8755,7795417023232
33331,72065372275081984
131635,4511309145051904
262707,72346778532315904
524851,25301703722752
1049139,4511309413483264
2097715,7709786178304
3123,21109782086416
9267,3534775911184
33843,72061111633969936
66611,3397339054864
6195,56156715221761
10291,21126961955584
34867,72078703820014336
67635,20989525099264
526387,56156715222784
20531,25301670167299
69683,20920805622529
528435,56087995746049
41011,72061128813839104
81971,7726666089217
98355,72060991376982784
294963,216457637247582976
196659,4506928246952704
327731,72342397634216704
589875,20920805623552
1114163,4506928515384064
2162739,3328888079104
1179699,13514110588162816
3145779,4506911870354176
723,4524503350641424
1235,4522372979753776
2259,4557557351842576
4307,4557488632365841
16595,4524503283532561
131283,13529503515022096
524499,4557488632366864
1048787,13529503783453456
851,76582097388569344
2387,76615151389770496
4435,76615082670293761
16723,76582097321460481
33107,220695155093537536
131411,85587097552950016
262483,220976561350771456
524627,76615082670294784
1048915,85587097821381376
1619,4524572003009296
8787,4524589182878464
16979,4528901330043649
33363,76582166040937216
66131,4524520464450304
262739,76863572298171136
2097747,4524503552033536
3155,4557694757241616
10323,4557711937110784
18515,4559756341543681
34899,76615288795169536
133203,13564756573033216
1050707,13564756841464576
135251,13564687853556481
1052755,13564688121987841
147539,13531702504723201
540755,4559687622067969
1065043,13531702773154561
655443,13564687853557504
1572947,13564688121988864
3145811,13529504286835456
1427,72058775271375664
16787,72060905575154449
33171,216173963347231504
262547,216455369604465424
2707,20972442747664
4755,20903723270929
8851,3397436572432
17043,7709583737617
33427,72060974294631184
66195,3328718144272
131731,4506911164601104
262803,72342380551865104
524947,20903723271952
1049235,4506911433032464
2097811,3311805727504
5267,18773352383281
66707,1198347256624
132243,4504780793713456
263315,72340250180977456
525459,18773352384304
1049747,4504781062144816
2098323,1181434839856
6291,53957724472081
10387,18927971205904
18579,20972375638801
34963,72076504829264656
526483,53957724473104
528531,53889004996369
24723,3397369463569
41107,72058929823089424
73875,1232706994960
49299,72060974227522321
82067,3328651035409
147603,4506911097492241
278675,72342380484756241
540819,20903656163089
1065107,4506911365923601
2113683,3311738618641
295059,216455438256833296
1179795,13511911597413136
3145875,4504712879604496
1811,72060974294631184
2835,72078566480675584
4883,72078497761198849
8979,72060991474500352
17171,72065303621665537
66323,72060922756072192
131859,76564505202529024
525075,72078497761199872
1049363,76564505470960384
2097939,72060905843655424
3347,72076504829264656
9491,72058929823089424
17683,72060974227522321
263443,216455438256833296
6419,72111551762400001
10515,72076522009133824
18707,72078566413566721
264467,216473030442877696
526611,72111551762401024
37139,216191555466167041
266515,216472961723400961
528659,72111483042924289
24851,72060991407391489
74003,72058826744922880
270611,216455455436702464
82195,72060922688963329
147731,76564505135420161
540947,72078497694091009
1065235,76564505403851521
2113811,72060905776546561
98579,216173980461040384
164115,220677562907497216
295187,504685814408545024
557331,216191555466168064
1081619,220677563175928576
2130195,216173963548623616
327955,216455386718274304
393491,220958969164731136
1179923,85569505635341056
786707,216472961723401984
1310995,220958969433162496
2359571,216455369805857536
3146003,76562306917532416
5651,20972375638801
17939,7778236105489
67091,3397370512144
132627,4506979816968976
263699,72342449204232976
525843,20972375639824
1050131,4506980085400336
2098707,3380458095376
18963,25370422149889
68115,20989556556544
133651,4524572003013376
264723,72360041390277376
1051155,4524572271444736
2099731,20972644139776
12819,20989555507969
37395,72078566413566721
70163,20920837079809
135699,4524503283536641
266771,72359972670800641
1053203,4524503551968001
2101779,20903924663041
25107,7795415974657
139795,4506996996838144
270867,72342466384102144
533011,20989555508992
1057299,4506997265269504
2105875,3397637964544
49683,72065372274033409
82451,7726697546497
147987,4511309144003329
279059,72346778531267329
541203,25301702674177
1065491,4511309412434689
2114067,7709785129729
98835,72060991408440064
164371,76564573854896896
557587,72078566413567744
1081875,76564574123328256
2130451,72060974496023296
197139,4506928278409984
328211,72342397665673984
590355,20920837080832
1114643,4506928546841344
2163219,3328919536384
393747,76845980112130816
655891,4524503283537664
2228755,4506911365993216
786963,72359972670801664
1311251,76845980380562176
2359827,72342380753257216
1573395,4524503551969024
2621971,20903924664064
7187,54095129871121
19475,21109781037841
527379,54095129872144
21523,20972342084371
25619,3534774862609
74771,1370112394000
50195,72061111632921361
295955,216455575662232336
14355,54112309740289
38931,72111689167799041
26643,21126960907009
75795,18962298438400
534547,54112309741312
51219,72078703818965761
542739,56156714174209
296979,216473167848276736
559123,72111689167800064
28691,20989521953539
53267,72078566380012291
86035,20920803525379
151571,4524503249982211
282643,72359972637246211
1069075,4524503518413571
2117651,20903891108611
57363,72061128812790529
90131,3431696696065
106515,72058964150321920
303123,216455592842101504
311315,216457637246534401
1196051,13514110587114241
3162131,4506911869305601
3276819,13511912100795136
65763,4524503253123856
65891,76582097291051776
66147,4528901299634944
3171,4559885174833936
9315,4524709392679696
66659,4524571955823376
34915,76617479212761856
133219,13566946990625536
1050723,13566947259056896
12387,4559756325815041
20579,4564077062914819
135267,13566878271148801
1052771,13566878539580161
41059,76582303430607616
73827,4524589135692544
139363,13531771208471296
532579,4559756325816064
1056867,13531771476902656
82019,4528901282857729
98403,76582165993751296
327779,76863572250985216
2162787,4524503504847616
655459,13566878271149824
1572963,13566878539581184
3145827,13531694704427776
1443,72060965638636336
8611,72060974228570896
33187,216176153714492176
262563,216457559971726096
1699,7769647219504
8867,7778237154064
17059,16497020764945
3235,21101192151856
33955,72061103044035376
10403,21109782086416
67747,20972345230096
69795,20903625753361
41123,72061111633969936
73891,3397339054864
82083,7709486220049
98467,72060974197113616
196771,4506911067083536
327843,72342380454347536
589987,20903625754384
1114275,4506911335514896
2162851,3311708209936
8995,72065372275081984
17187,72074091058692865
33571,216180551761003264
262947,216461958018237184
9507,72061111633969936
34083,216176291119891216
66851,72060974197113616
10531,72078703820014336
35107,216193883305935616
67875,72078566383158016
69923,72078497663681281
74019,72060991376982784
270627,216457637247582976
82211,72065303524147969
196899,76564505105011456
590115,72078497663682304
1114403,76564505373442816
2162979,72060905746137856
9763,7915642553104
67107,7778205696784
10787,25507828597504
68131,25370391741184
21027,34089173254915
70179,25301672264449
25123,16574296621825
41507,72065509680481024
74275,7795385565952
98851,72065372243624704
197155,4511309113594624
328227,72346778500858624
590371,25301672265472
1114659,4511309382025984
2163235,7709754721024
7203,56285547463441
11299,21384643216144
527395,56285547464464
13347,21109765309201
70691,20972328452881
25635,7915625775889
42019,72061386495099664
140323,4507117206639376
271395,72342586593903376
533539,21109765310224
1057827,4507117475070736
2106403,3517847765776
82979,7778188919569
295971,216457766079824656
197667,4506979769783056
328739,72342449157047056
590883,20972328453904
1115171,4506980038214416
2163747,3380410909456
22563,60546155021059
38947,72113879585391361
26659,25507811820289
43043,72078978681144064
141347,4524709392683776
272419,72360178779947776
1058851,4524709661115136
2107427,21110033810176
84003,25370374963969
296995,216475358265869056
559139,72113879585392384
198691,4524571955827456
329763,72360041343091456
1116195,4524572224258816
2164771,20972596953856
28707,25370372866819
45091,72078703803237121
77859,20989508322049
536611,56156698445569
544803,60477435545347
102435,72078566366380801
200739,4524503236350721
331811,72359972623614721
1118243,4524503504782081
2166819,20903877477121
57379,72065509663703809
90147,7795368788737
172067,76564711244567296
565283,72078703803238144
1089571,76564711512998656
2138147,72061111885693696
204835,4506996949652224
335907,72342466336916224
598051,20989508323072
1122339,4506997218083584
2170915,3397590778624
1187875,13514179290862336
3153955,4506980573053696
114723,72065372226847489
213027,4511309096817409
344099,72346778484081409
606243,25301655488257
1130531,4511309365248769
2179107,7709737943809
229411,76564573807710976
622627,72078566366381824
1146915,76564574076142336
2195491,72060974448837376
458787,76845980064944896
720931,4524503236351744
2293795,4506911318807296
852003,72359972623615744
1376291,76845980333376256
2424867,72342380706071296
1638435,4524503504783104
2687011,20903877478144
3276835,13514102518387456
1731,4524563413074736
2755,4559747785163536
4803,4559679065686801
8899,4524572003009296
66243,4524503284581136
131779,13531693948343056
524995,4559679065687824
1049283,13531694216774416
3267,4557686167307056
9411,4522510385152816
10435,4557694757241616
20675,4559679032132371
2883,76617341823091456
4931,76617273103614721
9027,76582166040937216
33603,220697345526858496
66371,76582097322509056
131907,85589287986270976
262979,220978751784092416
525123,76617273103615744
1049411,85589288254702336
10563,76615288795169536
35139,220730468281090816
20803,76617273070060291
41283,220695292498936576
3651,4559885190562576
9795,4524709408408336
35395,76617479228490496
68163,4559756342592256
133699,13566947006354176
1051203,13566947274785536
12867,4559756341543681
21059,4564077078643459
70211,4559687623115521
135747,13566878286877441
1053251,13566878555308801
41539,76582303446336256
139843,13531771224199936
533059,4559756341544704
1057347,13531771492631296
197187,13531702505771776
590403,4559687623116544
1114691,13531702774203136
655939,13566878286878464
1573443,13566878555309824
3146307,13531694720156416
11331,4557969618371344
19523,4559885173785361
68675,4557694741512976
134211,13564885405274896
1051715,13564885673706256
13379,4557694740464401
21571,4559747734831891
25667,4524709391631121
140355,13529709623120656
533571,4557694740465424
1057859,13529709891552016
14403,4628063484642049
22595,4630116479009539
43075,76615563656299264
75843,4557711921382144
272451,76896763755102976
534595,4628063484643072
2107459,4557695008965376
51267,76617479211713281
84035,4559756325815041
149571,13566946989576961
1067075,13566947258008321
100419,76615288779440896
165955,85622479443202816
297027,221011943241024256
1083459,85622479711634176
198723,13564756557304576
1116227,13564756825735936
3147843,13564748771689216
45123,76615288778392321
143427,13564756556256001
1060931,13564756824687361
53315,76617341772759811
282691,76898748029993731
544835,4630047759533827
2117699,4559679283856131
200771,13564687837827841
1118275,13564688106259201
3149891,13564680052212481
57411,76582303429559041
155715,13531771207422721
548931,4559756324767489
1073219,13531771475854081
172099,85587303661048576
303171,220976767458870016
565315,76615288778393344
1089603,85587303929479936
663619,13564756556257024
1581123,13564756824688384
3153987,13529572989534976
213059,13531702488994561
606275,4559687606339329
1130563,13531702757425921
671811,13566878270101249
1589315,13566878538532609
3162179,13531694703379201
720963,13564687837828864
1638467,13564688106260224
3211331,13529504271106816
3670083,13564680052213504
1923,72060965704696624
9091,72060974294631184
33667,216176153780552464
66435,72060905576203024
263043,216457560037786384
3459,72076496239330096
17795,72060965637587761
66947,72058775205315376
263555,216455429666898736
10627,72076504829264656
35203,216191684315185936
20867,72078489104155411
24963,72060974227522321
270723,216455438256833296
49539,216176153713443601
82307,72060905509094161
278915,216457559970677521
98691,216173963281171216
328067,216455369538405136
5763,20963785704241
18051,7769646170929
132739,4506971227034416
263811,72342440614298416
525955,20963785705264
1050243,4506971495465776
2098819,3371868160816
6787,56148157793041
35459,72078695262585616
68227,20972376687376
526979,56148157794064
12931,20972375638801
21123,25293112738579
70275,20903657210641
529027,56079438317329
25219,7778236105489
74371,3397370512144
139907,4506979816968976
270979,72342449204232976
533123,20972375639824
1057411,4506980085400336
2105987,3380458095376
82563,7709517677329
98947,72060974228570896
295555,216457628690154256
197251,4506911098540816
328323,72342380485804816
590467,20903657211664
1114755,4506911366972176
2163331,3311739667216
1180291,13514102030734096
3146371,4506903312925456
7299,54086539936561
11395,19185635689264
19587,21101191103281
68739,18910758830896
527491,54086539937584
13443,18910757782321
21635,20963752149811
42115,72059187487572784
74883,1335752655664
140419,4504918199112496
271491,72340387586376496
533635,18910757783344
1057923,4504918467543856
2106499,1318840238896
50307,72061103042986801
83075,3380157088561
99459,72058912610714416
296067,216455567072297776
14467,54095129871121
22659,56148124238611
26755,21109781037841
534659,54095129872144
28803,20972342084371
86147,20903623656211
544899,56079404762899
57475,72061111632921361
303235,216455575662232336
3843,72078695262585616
67331,72060974228570896
263939,216457628690154256
6915,72113742195720961
68355,72078566414615296
264963,216475220876198656
527107,72113742195721984
13059,72078566413566721
21251,72082887150666499
37635,216193745899488001
70403,72078497695138561
267011,216475152156721921
529155,72113673476245249
25347,72065372274033409
74499,72060991408440064
140035,76564573854896896
533251,72078566413567744
1057539,76564574123328256
2106115,72060974496023296
49923,216180551759954689
82691,72065303555605249
279299,216461958017188609
164611,220679753340818176
295683,504688004841865984
557827,216193745899489024
1082115,220679753609249536
2130691,216176153981944576
197379,76564505136468736
590595,72078497695139584
1114883,76564505404900096
2163459,72060905777595136
393987,220961159598052096
1180419,85571696068662016
787203,216475152156722944
1311491,220961159866483456
2360067,216457560239178496
3146499,76564497350853376
25859,72061111632921361
42243,216174375563428624
271619,216455575662232336
50435,216176291118842641
99587,216174100686570256
14595,72111689167799041
22787,72113742162166531
39171,216226868653720321
26883,72078703818965761
43267,216191967749473024
272643,216473167848276736
534787,72111689167800064
51459,216193883304887041
100611,216191692872614656
559363,216226868653721344
28931,72078566380012291
45315,216191692871566081
53507,216193745865933571
86275,72078497661584131
282883,216475152123167491
545027,72113673442690819
286979,216457637246534401
106755,216174117866439424
172291,220677700312896256
303363,504685951813944064
565507,216191692871567104
1089795,220677700581327616
2138371,216174100954022656
114947,216176162270872321
344323,216457568528106241
7683,56285563192081
11779,21384658944784
69123,21109782086416
527875,56285563193104
13827,21109781037841
26115,7915641504529
42499,72061386510828304
75267,3534775911184
140803,4507117222368016
271875,72342586609632016
534019,21109781038864
1058307,4507117490799376
2106883,3517863494416
99843,72061111633969936
296451,216457766095553296
23043,60546170749699
39427,72113879601120001
72195,56156715221761
27139,25507827548929
43523,72078978696872704
76291,21126961955584
141827,4524709408412416
272899,72360178795676416
1059331,4524709676843776
2107907,21110049538816
100867,72078703820014336
297475,216475358281597696
559619,72113879601121024
592387,56156715222784
29187,25370388595459
45571,72078703818965761
537091,56156714174209
86531,25301670167299
545283,60477451273987
594435,56087995746049
57859,72065509679432449
107011,72061128813839104
172547,76564711260295936
565763,72078703818966784
1090051,76564711528727296
2138627,72061111901422336
1188355,13514179306590976
3154435,4506980588782336
360963,216457637247582976
1245699,13514110588162816
3211779,4506911870354176
3277315,13514102534116096
15363,54369991000849
72707,54095114142481
27651,21384642167569
44035,72077329412653840
535555,54369991001872
84995,21109765309201
543747,56285546415889
592899,54095114143504
537603,54095113094929
54275,72078695212253971
87043,20972326355731
545795,56148107462419
58371,72061386494051089
91139,3534759133969
156675,4507117205590801
287747,72342586592854801
549891,21109764261649
1074179,4507117474022161
2122755,3517846717201
304131,216455850523362064
1188867,13512117705511696
3154947,4504918987703056
115715,72061111617192721
312323,216457766078776081
361475,216455575646503696
47107,72111964028928769
79875,54112294011649
145411,4557694740468481
276483,72393164127732481
538627,124463857272577
1062915,4557695008899841
2111491,54095381594881
153603,4559747734835971
284675,72395217122099971
546819,126516851640067
1071107,4559748003267331
2119683,56148375962371
104451,72111689152070401
301059,216508343613653761
59395,72078978680095489
92163,21126945178369
157699,4524709391635201
288771,72360178778899201
1075203,4524709660066561
2123779,21110032761601
305155,216473442709406464
567299,72111964028929792
600067,54112294012672
665603,4557694740469504
1189891,13529709891556096
796675,72393164127733504
1583107,4557695008900864
2631683,54095381595904
3155971,4522511173747456
116739,72078703803237121
313347,216475358264820481
575491,72113879584343809
608259,56156698445569
362499,216473167832548096
624643,72111689152071424
821251,216508343613654784
94211,20989506224899
159747,4524571952681731
290819,72360041339945731
1077251,4524572221113091
2125827,20972593808131
307203,216473167831499521
569347,72111689151022849
118787,72078566364283651
315395,216475220825867011
577539,72113742145390339
217091,4524503234253571
348163,72359972621517571
1134595,4524503502684931
2183171,20903875379971
675843,4559679015360259
1200131,13531694166446851
806915,72395148402624259
1593347,4559679283791619
2641923,56079656486659
3166211,4524495448638211
122883,72061128797061889
188419,76564711243518721
581635,72078703802189569
1105923,76564711511950081
2154499,72061111884645121
1204227,13514179289813761
3170307,4506980572005121
368643,216455592826372864
434179,220959175272829696
1220611,85569711743439616
827395,216473167831500544
1351683,220959175541261056
2400259,216455575913956096
3186691,76562513025630976
3284995,13511980803494656
376835,216457637230805761
1261571,13514110571385601
3227651,4506911853576961
3293187,13514102517338881
3342339,13511912085066496
317,216173894561764096
573,72060905509163776
349,220693986862502656
131165,85585998007841536
413,216172795116196624
1181,72057675692708656
32925,216172863768564496
131229,76561206600610576
262301,216454270025798416
2097309,72057607241798416
797,216173894627824384
1309,216172863768564496
2333,216190455954608896
4381,216190387235132161
8477,216172880948433664
16669,216173894560715521
33053,504403239920276224
65821,216172812230005504
262429,504684646177510144
524573,216190387235133184
1048861,220676394944893696
16925,72060905508115201
33309,216173963280192256
131613,76562306112238336
262685,216455369537426176
2097693,72058706753426176
33821,216173001173963536
34845,216190593360007936
40989,216173018353832704
163869,220676463362388736
2129949,216172864003576576
393245,220957869619622656
1179677,85568406090232576
2228253,76561206835622656
2359325,216454270260810496
3145757,76561207372485376
813,216176084995085056
65837,216173894530306816
66093,72060905477706496
41005,216174100669862656
81965,72060905460929281
98349,216173963233006336
196653,76562306065052416
327725,216455369490240256
2162733,72058706706240256
131405,229701177493762816
10317,76614189266834176
34893,220729368752755456
133197,85621242492695296
135245,85621173773218561
41037,220694192970601216
139341,85586066710541056
163917,229701246196462336
196685,85585997992112896
393293,229982652453696256
655437,85621173773219584
2228301,85585989669696256
3145805,85585990206558976
1421,216172855178629936
8589,216172863768564496
65933,216172795050136336
131469,220676386086531856
2097549,216172786727719696
9357,72057813098107696
33933,216172992584028976
41101,216173001173963536
8973,216173963280192256
17165,216176084994036481
66317,216173894561764096
131853,220677485598159616
2097933,216173886239347456
9485,216173001173963536
10509,216190593360007936
41229,504403377325675264
139533,220676463362388736
2105613,216172864003576576
196877,220676394643960576
2162957,216172795285148416
1179917,229683585576153856
2228493,220676386321543936
3145997,220676386858406656
41485,216174100685591296
41997,216173276035093264
140301,76561412708709136
271373,216454476133896976
2106381,72057813349896976
99341,216173001158234896
164877,220676592194630416
2130957,216172992835818256
14349,72110589639463681
38925,216225769125384961
43021,216190868221137664
141325,76579004894753536
272397,216472068319941376
534541,72110589639464704
2107405,72075405535941376
100365,216190593344279296
165901,220694184380674816
559117,216225769125385984
2131981,216190585021862656
45069,216190593343230721
57357,216174100668814081
106509,216173018338104064
303117,504684852285608704
565261,216190593343231744
1089549,220676601052992256
401421,220957938322322176
1187853,85568474792932096
2236429,76561275538322176
2367501,216454338963510016
3153933,76561276075184896
229389,220676463346660096
2195469,216172863987847936
1212429,229683654278853376
2261005,220676455024243456
3178509,220676455561106176
458765,220957869603894016
1245197,85568406074503936
2293773,76561206819894016
2424845,216454270245081856
3211277,76561207356756736
1441805,229965060536087296
2490381,220957861281477376
3407885,220957861818340096
66101,3328653201664
131637,4506911098614016
524853,20903657280256
2097717,3311739801856
131285,13528404003467536
524501,4556389120807696
131413,85585998041395456
524629,76613983158735616
131669,13529503515095296
524885,4557488632435456
133205,13563657061478656
135253,13563588342001921
2228309,13528404238479616
1572949,13563588610429696
2621525,4556389355819776
3145813,13528404775342336
3221,17811279778096
9365,236273602864
33941,72057813131661616
132245,4503681282158896
525461,17673840825136
2098325,81923346736
526485,52858212913936
528533,52789493437201
655509,4521204748727056
1179797,13510812085858576
2228373,4503612831248656
2621589,17605389914896
3145877,4503613368111376
34069,216173001207517456
35093,216190593393561856
526613,72110452250841856
528661,72110383531365121
41237,216173018387386624
164117,220676463395942656
557333,216190455954608896
2130197,216172864037130496
393493,220957869653176576
655637,76578798786654976
1179925,85568406123786496
2228501,76561206869176576
786709,216471862211842816
2359573,216454270294364416
2621717,72075199427842816
3146005,76561207406039296
526869,53957724541696
21013,20903656231171
528917,53889005064961
147989,4506911097565441
541205,20903656231681
2114069,3311738753281
655893,4522304260354816
1180181,13511911597486336
2228757,4504712342876416
2621973,18704901542656
3146261,4504712879739136
527381,52995618312976
534549,53012798182144
559125,72110589656240896
657429,4556457806738176
2623509,52858447926016
544789,53888971510531
659477,4556389087261441
2625557,52789728449281
1703957,13528404238349056
2752533,4521204983739136
3670037,4521205520601856
196709,13529503467909376
589925,4557488585249536
655461,13564679247966976
66213,3311473332496
66341,72060905511260416
197157,4506911067156736
590373,20903625822976
2163237,3311708344576
534565,54095114212096
591909,53957677355776
86053,20903609045251
544805,56079389102851
593957,53888957879041
213029,4506911050379521
606245,20903609045761
2179109,3311691567361
720933,4522304213168896
1245221,13511911550300416
2293797,4504712295690496
2687013,18704854356736
3211301,4504712832553216
3276837,13511903495270656
655557,13563579752067856
655685,85621173789995776
655941,13564679263695616
134213,13563785893720336
140357,13528610111566096
533573,4556595228906256
656453,13563648454767376
534597,4626963973083904
1058885,13563794752082176
2107461,4556595497472256
165957,85621379931648256
198725,13563657045750016
657477,13634017198945024
2230341,13563648723333376
3147845,13563649260196096
143429,13563657044701441
151621,13564679246917891
200773,13563588326273281
659525,13633948479468289
2232389,13563580003856641
3149893,13563580540719361
172101,85586204149494016
565317,76614189266834176
2236485,13528472941179136
1581125,13563657313129216
2629701,4556458058519296
3153989,13528473478041856
671813,13564679246918401
688197,85621242492695296
2293829,13528404222750976
1638469,13563588594701056
2687045,4556389340091136
3211333,13528404759613696
917573,85902648749929216
1704005,31577978513208064
3276869,31542794678120704
9605,72057813131661616
34181,216172992617582896
41349,216173001207517456
9861,1318605361456
527493,52987028378416
140421,4503818687557936
533637,17811246224176
2106501,219328745776
534661,52995618312976
3276933,13510803999371536
41733,216174100719145216
534789,72110589656240896
559365,216225769142162176
172293,220676600801341696
565509,216190593360007936
2138373,216173001442529536
3277061,85568398037299456
535045,54095129940736
545285,56079404831491
3277317,13511903510999296
535557,53270479442704
592901,52995602584336
658437,4556586638979856
2624517,52987280167696
537605,52995601535761
664581,4521410856825616
1188869,13511018193957136
2237445,4503818939347216
2630661,17811498013456
3154949,4503819476209936
3277829,13510872702071056
30725,54095113163011
145413,4556595228913921
538629,123364345713409
2111493,52995870101761
550917,54095113163521
567301,72110864517370624
600069,53012782453504
1189893,13528610380001536
2238469,4521411125391616
796677,72392064616174336
1583109,4556595497341696
3155973,4521411662254336
624645,72110589640512256
690181,76614180676907776
821253,216507244102095616
2656261,72110581318095616
722949,4556457791009536
2689029,52858432197376
1705989,13563648723202816
2754565,4556449468592896
3278853,13528464888115456
3672069,4556450005455616
552965,53957674210051
569349,72110589639463681
667653,4556457789960961
2633733,52858431148801
610309,53888955781891
675845,4557479992177411
2641925,53880633365251
724997,4556389071532801
2691077,52789712720641
1708037,13563580003726081
2756613,4556380749116161
3280901,13528396168638721
3674117,4556381285978881
434181,220958075761275136
696325,76579004894753536
1220613,85568612231885056
2269189,76561412977275136
827397,216472068319941376
2400261,216454476402462976
2662405,72075405535941376
3186693,76561413514137856
1712133,13528472941048576
2760709,4521273686438656
3678213,4521274223301376
3293189,13511903494222081
3309573,85568466739998976
1769477,13528404222620416
2818053,4521204968010496
3735557,4521205504873216
3538949,85849872997232896
377,220695086375109376
633,76582097322509056
441,216173894628803344
697,72060905576203024
1209,72058775205315376
16569,72060905509094161
32953,216173963281171216
65721,72058723667804944
262329,216455369538405136
1337,216173963281171216
2361,216191555467215616
4409,216191486747738881
8505,216173980461040384
33081,504404339432882944
131385,220677494189069056
262457,504685745690116864
524601,216191486747739904
1048889,220677494457500416
2097465,216173894830195456
1593,72060974228570896
2617,72078566414615296
4665,72078497695138561
8761,72060991408440064
16953,72065303555605249
131641,76564505136468736
524857,72078497695139584
1049145,76564505404900096
2097721,72060905777595136
33849,216174100686570256
34873,216191692872614656
20537,72078497661584131
41017,216174117866439424
73785,72058826713465600
49209,216176162270872321
81977,72060922657506049
278585,216457568528106241
98361,216173980429583104
327737,216455386686817024
473,220693986929541904
1241,76578867506053936
2265,76614051878142736
4313,76613983158666001
32985,220694055581909776
131289,85585998041322256
262361,220975461839143696
524505,76613983158667024
1048793,85585998309753616
857,220695086441169664
1369,220694055581909776
8537,220694072761778944
16729,220695086374060801
33113,508924431733621504
65881,220694004043350784
262489,509205837990855424
2097497,220693987130934016
2649,76615151389770496
4697,76615082670293761
16985,76582097321460481
33369,220695155093537536
131673,85587097552950016
262745,220976561350771456
524889,76615082670294784
1049177,85587097821381376
3161,76614189283541776
33881,220694192987308816
10329,76614206463410944
133209,85621251099333376
264281,221010714897154816
1050713,85621251367764736
20569,76615082636739331
36953,220729239920444161
135257,85621182379856641
266329,221010646177678081
1052761,85621182648288001
41049,220694210167177984
163929,229701254803100416
557145,220729239920445184
1081433,229701255071531776
393305,229982661060334336
655449,85621182379857664
786521,221010646177679104
1310809,229982661328765696
1572953,85621182648289024
3145817,85585998813135616
2457,216190456021648144
4505,216190387302171409
8601,216172881015472912
16793,216173894627754769
33177,504403239987315472
65945,216172812297044752
131481,220676394743501584
262553,504684646244549392
524697,216190387302172432
1048985,220676395011932944
2097561,216172795384627984
1689,72058775271375664
17049,72060905575154449
33433,216173963347231504
262809,216455369604465424
5273,72075267878683441
17561,72058775204266801
66713,72057692873556784
132249,76561275320013616
525465,72075267878684464
1049753,76561275588444976
2098329,72057675961140016
6297,72110452250772241
10393,72075422497506064
264345,216471930931249936
526489,72110452250773264
20633,72076298670834451
37017,216190455954539281
266393,216471862211773201
528537,72110383531296529
73881,72057727233295120
270489,216454355925074704
49305,216173963280122641
278681,216455369537356561
98457,216172880949412624
163993,220676463395869456
295065,504684714896917264
557209,216190455954540304
1081497,220676463664300816
2130073,216172864036995856
327833,216454287206646544
393369,220957869653103376
1179801,85568406123713296
786585,216471862211774224
1310873,220957869921534736
2359449,216454270294229776
3145881,76561207405904656
1817,216173963347231504
2841,216191555533275904
4889,216191486813799169
8985,216173980527100672
33561,504404339498943232
66329,216173911808672512
131865,220677494255129344
262937,504685745756177152
525081,216191486813800192
1049369,220677494523560704
2097945,216173894896255744
5401,216190455954539281
17689,216173963280122641
66841,216172880949412624
132377,220676463395869456
263449,504684714896917264
525593,216190455954540304
1049881,220676463664300816
2098457,216172864036995856
18713,216191555466167041
67865,216190473135457024
133401,220694055581913856
264473,504702307082961664
1050905,220694055850345216
2099481,216190456223040256
12569,216190473134408449
37145,504420832106251009
69913,216190404415980289
135449,220693986862437121
266521,504702238363484929
1052953,220693987130868481
2101529,216190387503563521
24857,216173980459991809
139545,220676480575738624
270617,504684732076786432
532761,216190473134409472
1057049,220676480844169984
2105625,216172881216865024
49433,504404339431834369
82201,216173911741563649
147737,220677494188020481
278809,504685745689068289
540953,216191486746691329
1065241,220677494456451841
2113817,216173894829146881
98585,504403257101124352
164121,508906839547581184
557337,504420832106252032
1081625,508906839816012544
2130201,504403240188707584
196889,220676411857310464
327961,504684663358358272
590105,216190404415981312
1114393,220676412125741824
2162969,216172812498436864
393497,509188245804815104
655641,220693986862438144
2228505,220676394944893696
786713,504702238363485952
1311001,509188246073246464
2359577,504684646445941504
1573145,220693987130869504
2621721,216190387503564544
3609,72076504829264656
9753,72058929823089424
17945,72060974227522321
263705,216455438256833296
6681,72111551762400001
10777,72076522009133824
18969,72078566413566721
264729,216473030442877696
526873,72111551762401024
37401,216191555466167041
266777,216472961723400961
528921,72111483042924289
25113,72060991407391489
74265,72058826744922880
270873,216455455436702464
82457,72060922688963329
147993,76564505135420161
541209,72078497694091009
1065497,76564505403851521
2114073,72060905776546561
98841,216173980461040384
164377,220677562907497216
295449,504685814408545024
557593,216191555466168064
1081881,220677563175928576
2130457,216173963548623616
328217,216455386718274304
393753,220958969164731136
1180185,85569505635341056
786969,216472961723401984
1311257,220958969433162496
2359833,216455369805857536
3146265,76562306917532416
7193,72110589656171281
35865,216190868237845264
265241,216472068336648976
527385,72110589656172304
37913,216190593359938321
42009,216173293231670032
74777,72057864638694160
271385,216454493330473744
50201,216174100685521681
99353,216173018354811664
164889,220676600801268496
295961,504684852302316304
558105,216190593359939344
1082393,220676601069699856
2130969,216173001442394896
14361,72110606836040449
22553,72111551728845571
268313,216507115269784321
43033,216190885417714432
75801,72075456824738560
272409,216472085516518144
534553,72110606836041472
51225,216191692871566081
100377,216190610540856064
165913,220694192987312896
296985,504702444488360704
1083417,220694193255744256
2131993,216190593628439296
788505,216507115269785344
45081,216190610539807489
53273,216191555432612611
282649,216472961689846531
544793,72111483009369859
561177,216225640293074689
790553,216507046550308609
57369,216174117865390849
172057,220676617981137664
303129,504684869482185472
565273,216190610539808512
1089561,220676618249569024
2138137,216173018622264064
335897,216454390252307200
1212441,229683662885491456
3178521,220676464167682816
1441817,229965069142725376
3276825,85568406627095296
3407897,220957870424916736
873,220697276808430336
65897,220695086343652096
66153,76582097291051776
10345,76615288779440896
34921,220730468265362176
67689,76615151342584576
20585,76617273054331651
69737,76615082623107841
41065,220695292483207936
82025,76582097274274561
98409,220695155046351616
196713,85587097505764096
327785,220976561303585536
589929,76615082623108864
1114217,85587097774195456
937,216176085062124304
1449,216173954691236656
8617,216173963281171216
16809,216176084995015441
1705,72060965638636336
8873,72060974228570896
33449,216176153714492176
262825,216457559971726096
9385,72058912610714416
33961,216174092096635696
66729,72058775173858096
41129,216174100686570256
82089,72060905477636881
98473,216173963249713936
327849,216455369506947856
1833,216176153714492176
2857,216193745900536576
4905,216193677181059841
17193,216180483041526529
33577,504406529866203904
131881,220679684622390016
262953,504687936123437824
525097,216193677181060864
1049385,220679684890821376
2097961,216176085263516416
9513,216174100686570256
66857,216173963249713936
10537,216191692872614656
67881,216191555435758336
20777,216193677147505411
69929,216191486716281601
24873,216176162270872321
41257,504404476838281984
74025,216173980429583104
98601,504404339401425664
196905,220677494157611776
327977,504685745658659584
590121,216191486716282624
1114409,220677494426043136
2162985,216173894798738176
9769,72061111633969936
34345,216176291119891216
67113,72060974197113616
10793,72078703820014336
35369,216193883305935616
68137,72078566383158016
70185,72078497663681281
74281,72060991376982784
270889,216457637247582976
82473,72065303524147969
197161,76564505105011456
590377,72078497663682304
1114665,76564505373442816
2163241,72060905746137856
68649,72076504782078736
25641,72061111617192721
42025,216174375547699984
74793,72058929775903504
271401,216455575646503696
50217,216176291103114001
82985,72060974180336401
328745,216455438209647376
14377,72111689152070401
22569,72113742146437891
38953,216226868637991681
71721,72111551715214081
26665,72078703803237121
43049,216191967733744384
75817,72076521961947904
272425,216473167832548096
534569,72111689152071424
51241,216193883289158401
84009,72078566366380801
559145,216226868637992704
329769,216473030395691776
591913,72111551715215104
28713,72078566364283651
45097,216191692855837441
53289,216193745850204931
282665,216475152107438851
544809,72113673426962179
102441,216191555418981121
331817,216472961676215041
593961,72111482995738369
90153,72060991360205569
286761,216457637230805761
172073,220677700297167616
303145,504685951798215424
565289,216191692855838464
1089577,220677700565598976
2138153,216174100938294016
335913,216455455389516544
213033,76564505088234241
606249,72078497646905089
1130537,76564505356665601
2179113,72060905729360641
229417,220677562860311296
360489,504685814361359104
622633,216191555418982144
1146921,220677563128742656
2195497,216173963501437696
458793,220958969117545216
1245225,85569505588155136
852009,216472961676216064
1376297,220958969385976576
2424873,216455369758671616
3211305,76562306870346496
1481,220694046991975216
2505,220729231364064016
4553,220729162644587281
8649,220694055581909776
65993,220693986863481616
131529,229701177527243536
524745,220729162644588304
1049033,229701177795674896
3273,76614180693607216
9417,76579004911452976
33993,220694184397374256
10441,76614189283541776
35017,220729368769463056
41161,220694192987308816
2889,220730330875691776
4937,220730262156215041
9033,220695155093537536
17225,220697276807381761
66377,220695086375109376
131913,229702277038871296
525129,220730262156216064
1049417,229702277307302656
3401,220729368769463056
9545,220694192987308816
35145,508959744921174784
67913,220729239921492736
133449,229736430585254656
1050953,229736430853686016
12617,220729239920444161
20809,220730262122660611
69961,220729171202016001
135497,229736361865777921
1053001,229736362134209281
41289,508924569139020544
139593,229701254803100416
532809,220729239920445184
1057097,229701255071531776
196937,229701186084672256
590153,220729171202017024
1114441,229701186353103616
655689,229736361865778944
1573193,229736362134210304
3146057,229701178299056896
10825,76615288795169536
35401,220730468281090816
21065,76617273070060291
41545,220695292498936576
11337,76614464144671504
35913,220729643630592784
68681,76614189267813136
134217,85621379931575056
265289,221010843729396496
1051721,85621380200006416
13385,76614189266764561
37961,220729368752685841
42057,220694467848438544
140361,85586204149420816
271433,220975667947242256
533577,76614189266765584
1057865,85586204417852176
99401,220694192971580176
164937,229701383635342096
558153,220729368752686864
1082441,229701383903773456
14409,76684558010942209
38985,220799737496863489
26697,76615288778392321
75849,76614206447682304
534601,76684558010943232
2107465,76614189535265536
51273,220730468264313601
297033,509241219881108224
559177,220799737496864512
2132041,220729369021186816
198729,85621251083604736
329801,221010714881426176
1116233,85621251352036096
395337,230017905545188096
1312841,230017905813619456
3147849,85621243297989376
28745,76615151339438851
143433,85621251082556161
274505,221010714880377601
1060937,85621251350987521
53321,220730330825360131
86089,76615082621010691
151625,85622273284772611
282697,221011737082594051
1069129,85622273553203971
102473,220729239904715521
168009,229736430568477441
1085513,229736430836908801
200777,85621182364128001
331849,221010646161949441
1118281,85621182632559361
397385,230017836825711361
1314889,230017837094142721
3149897,85621174578512641
57417,220695292482159361
106569,220694210151449344
303177,509206044098953984
2138185,220694193239032576
401481,229982729763033856
663625,85621251082557184
794697,221010714880378624
1318985,229982730031465216
1581129,85621251350988544
3153993,85586067515835136
229449,229701254787371776
622665,220729239904716544
1146953,229701255055803136
688201,229736430568478464
1605705,229736430836909824
3178569,229701247001756416
458825,229982661044605696
720969,85621182364129024
852041,221010646161950464
1376329,229982661313037056
1638473,85621182632560384
3211337,85585998797406976
917577,230017836825712384
1835081,230017837094143744
3407945,229982653258990336
3670089,85621174578513664
1929,216173954757296944
9097,216173963347231504
17289,216176085061075729
66441,216173894628803344
5513,216190447364604721
17801,216173954690188081
132489,220676454805934896
263561,504684706306982704
525705,216190447364605744
1049993,220676455074366256
2098569,216172855447061296
6537,216225631736693521
35209,504420960955269904
67977,216190455955587856
526729,216225631736694544
12681,216190455954539281
20873,216191478156755731
70025,216190387236111121
528777,216225563017217809
24969,216173963280122641
74121,216172880949412624
139657,220676463395869456
270729,504684714896917264
532873,216190455954540304
1057161,220676463664300816
2105737,216172864036995856
82313,216173894561694481
98697,504403239921255184
295305,1081145458610406160
197001,220676394677441296
328073,504684646178489104
590217,216190387236112144
1114505,220676394945872656
2163081,216172795318567696
1180041,229683585609634576
3146121,220676386891825936
3721,72076496239330096
18057,72060965637587761
67209,72058775205315376
263817,216455429666898736
10889,72076504829264656
35465,216191684315185936
21129,72078489104155411
25225,72060974227522321
270985,216455438256833296
49801,216176153713443601
82569,72060905509094161
279177,216457559970677521
98953,216173963281171216
328329,216455369538405136
7305,72110581066236721
11401,72075680161989424
35977,216190859647910704
68745,72075405285131056
265353,216472059746714416
527497,72110581066237744
13449,72075405284082481
38025,216190584770003761
25737,72058912609665841
74889,72057830278955824
140425,76561412725412656
533641,72075405284083504
1057929,76561412993844016
2106505,72057813366539056
50313,216174092095587121
165001,220676592211333936
296073,504684843712381744
558217,216190584770004784
1082505,220676592479765296
2131081,216172992852460336
328841,216454338712699696
14473,72110589656171281
39049,216225769142092561
43145,216190868237845264
272521,216472068336648976
534665,72110589656172304
100489,216190593360986896
559241,216225769142093584
45193,216190593359938321
57481,216174100685521681
106633,216173018354811664
172169,220676600801268496
303241,504684852302316304
565385,216190593359939344
1089673,220676601069699856
2138249,216173001442394896
3849,216191684315185936
18185,216176153713443601
34569,504404468280853264
67337,216173963281171216
6921,216226731248321281
19209,216193745899488001
35593,504422060466897664
68361,216191555467215616
527113,216226731248322304
13065,216191555466167041
70409,216191486747738881
529161,216226662528845569
74505,216173980461040384
140041,220677562907497216
271113,504685814408545024
533257,216191555466168064
1057545,220677563175928576
2106121,216173963548623616
49929,504406529865155329
148233,220679684621341441
279305,504687936122389249
541449,216193677180012289
1065737,220679684889772801
2114313,216176085262467841
99081,504404339432882944
295689,1081146558122033920
197385,220677494189069056
328457,504685745690116864
590601,216191486747739904
1114889,220677494457500416
2163465,216173894830195456
1180425,229684685121262336
3146505,220677486403453696
7433,216225769142092561
11529,216190868237845264
68873,216190593360986896
527625,216225769142093584
13577,216190593359938321
25865,216174100685521681
42249,504403652203512592
75017,216173018354811664
140553,220676600801268496
271625,504684852302316304
533769,216190593359939344
1058057,220676601069699856
2106633,216173001442394896
99593,504403377326654224
296201,1081145596015805200
22793,216226731214766851
39177,504456145293804289
71945,216225640294122241
26889,216191692871566081
43273,504421244389556992
76041,216190610540856064
141577,220694192987312896
272649,504702444488360704
1059081,220694193255744256
2107657,216190593628439296
100617,504420969512698624
297225,1081163188201849600
559369,504456145293805312
592137,216225640294123264
28937,216191555432612611
45321,504420969511650049
536841,216225640293074689
86281,216191486714184451
545033,216226662495291139
594185,216225571574646529
57609,504404476837233409
106761,504403394506523392
172297,508906976952980224
565513,504420969511651072
1089801,508906977221411584
2138377,504403377594106624
1188105,229683662885491456
3154185,220676464167682816
360713,1081145467167834880
1245449,229683594167063296
3211529,220676395449254656
3277065,229683586113016576
26121,72061111632921361
42505,216174375563428624
271881,216455575662232336
50697,216176291118842641
99849,216174100686570256
14857,72111689167799041
23049,72113742162166531
39433,216226868653720321
27145,72078703818965761
43529,216191967749473024
272905,216473167848276736
535049,72111689167800064
51721,216193883304887041
100873,216191692872614656
559625,216226868653721344
29193,72078566380012291
45577,216191692871566081
53769,216193745865933571
86537,72078497661584131
283145,216475152123167491
545289,72113673442690819
287241,216457637246534401
107017,216174117866439424
172553,220677700312896256
303625,504685951813944064
565769,216191692871567104
1090057,220677700581327616
2138633,216174100954022656
115209,216176162270872321
344585,216457568528106241
15369,72110864517301009
23561,72111680561087251
39945,216226044003222289
72713,72110589640442641
269321,216507244102026001
273417,216472343197778704
535561,72110864517302032
101385,216190868222116624
560137,216226044003223312
330761,216472068320920336
592905,72110589640443664
789513,216507244102027024
29705,72076504778933011
46089,216190868221068049
275465,216472068319871761
537609,72110589639395089
54281,216191684264854291
103433,216190593344209681
562185,216225769125316369
58377,216174375546651409
287753,216455575645455121
107529,216173293215941392
173065,220676875662398224
304137,504685127163446032
566281,216190868221069072
1090569,220676875930829584
2139145,216173276303524624
336905,216454493314745104
402441,220958075761201936
1188873,85568612231811856
795657,216472068319872784
1319945,220958076029633296
2368521,216454476402328336
3154953,76561413514003216
115721,216174100669793041
230409,220676600785539856
361481,504684852286587664
623625,216190593344210704
1147913,220676601053971216
2196489,216173001426666256
1213449,229683791717733136
3179529,220676592999924496
79881,72110606820311809
145417,76614189266768641
538633,72180958383572737
1062921,76614189535200001
2111497,72110589907895041
88073,72111551713116931
284681,216508206174700291
169993,220729368752689921
301065,504737620253737729
563209,216296137869494017
1087497,220729369021121281
2136073,216225769393816321
333833,216507115254055681
59401,216191967732695809
288777,216473167831499521
550921,72111689151022849
108553,216190885401985792
174089,220694467848442624
305161,504702719349490432
1091593,220694468116873984
2140169,216190868489569024
337929,216472085500789504
600073,72110606820312832
403465,220975667947246336
665609,76614189266769664
1189897,85586204417856256
1320969,220975668215677696
2369545,216472068588372736
1583113,76614189535201024
2631689,72110589907896064
3155977,76579005700047616
116745,216191692855837441
575497,216226868636944129
231433,220694192971584256
362505,504702444472632064
1148937,220694193240015616
2197513,216190593612710656
690185,220729368752690944
1214473,229701383903777536
821257,504737620253738752
1607689,220729369021122304
2656265,216225769393817344
3180553,220694185185968896
854025,216507115254056704
290825,216473030392546051
552969,72111551712069379
110601,216190610524078849
176137,220694192970535681
307209,504702444471583489
1093641,220694193238967041
2142217,216190593611662081
798729,216507115253008129
118793,216191555416883971
577545,216226731197990659
348169,216472961674117891
610313,72111482993641219
806921,216508137455224579
626697,216225640277346049
856073,216507046534579969
122889,216174117849662209
188425,220677700296119041
319497,504685951797166849
581641,216191692854789889
1105929,220677700564550401
2154505,216174100937245441
237577,220676617965409024
368649,504684869466456832
630793,216190610524079872
1155081,220676618233840384
2203657,216173018606535424
434185,509188451912913664
696329,220694192970536704
2269193,220676601052992256
827401,504702444471584512
1351689,509188452181345024
2400265,504684852554040064
1613833,220694193238968064
2662409,216190593611663104
1449993,229965137845424896
3285001,85568475329794816
3416073,220957939127616256
1277961,229683662869762816
3244041,220676464151954176
3309577,229683654815716096
1507337,229965069126996736
3342345,85568406611366656
3473417,220957870409188096
3538953,229965061072950016
524529,4557488633414416
524657,76615082671342336
2673,4559756376146176
4721,4559687656669441
66161,4524520466546944
131697,13531702539325696
1049201,13531702807757056
20593,4559687623115011
540785,4559687623115521
589937,4557505781826304
655473,13564687854605056
1572977,13564688123036416
945,72060905710420240
1713,3380257751344
66225,3328720240912
524977,20903724319504
3249,18910792384816
9393,1335786209584
17585,3380190642481
33969,72058912644268336
66737,1198349353264
525489,18773353431856
526513,53957725520656
20657,20903657210131
528561,53889006043921
73905,1232709091600
82097,3328653132049
540849,20903657210641
590001,18721815921424
33585,216176162371535104
66353,72060922758168832
262961,216457568628769024
525105,72078497762247424
34097,216174100720124176
35121,216191692906168576
526641,72111551763448576
20785,72078497695138051
528689,72111483043971841
41265,216174117899993344
74033,72058826747019520
49457,216176162304426241
82225,72060922691059969
278833,216457568561660161
540977,72078497695138561
98609,216173980463137024
557361,216191555467215616
327985,216455386720370944
590129,72076315853849344
786737,216472961724449536
3633,21109815640336
9777,3534809465104
34353,72061111667523856
67121,3397372608784
525873,20972376687376
6705,56156748775681
10801,21126995509504
35377,72078703853568256
68145,20989558653184
21041,25301703721219
70193,20920839176449
41521,72061128847393024
533041,20989556556544
82481,7726699643137
541233,25301703721729
98865,72060991410536704
295473,216457637281136896
557617,72078566414615296
197169,4506928280506624
328241,72342397667770624
1114673,4506928548937984
2163249,3328921633024
655921,4524503284585216
1180209,13514110621716736
786993,72359972671849216
1573425,4524503553016576
2622001,20903925711616
3146289,4506911903908096
527409,54095130919696
74801,1370114490640
22577,56156715221251
75825,18962300535040
534577,54112310788864
542769,56156715221761
559153,72111689168847616
591921,53974873932544
86065,20920805622019
593969,53906154455809
90161,3431698792705
106545,72058964152418560
598065,18824861582080
606257,20920805622529
524753,76613983225774864
525009,4557488699474704
5329,4556457840214321
9425,4521428086948144
34001,76579004945006896
132305,13528472722870576
1049809,13528472991301936
10449,4556612459036944
35025,76614189317095696
133329,13563657094959376
526545,4626826584392464
1050833,13563657363390736
20689,4557488632365331
135377,13563588375482641
528593,4626757864915729
1052881,13563588643914001
532689,4556475020083984
540881,4557488632365841
557265,76614051878142736
590033,4556406301655824
786641,76895458135376656
2621649,4556389389239056
3145937,13528404808761616
525137,76615082737402624
3409,76614189317095696
34129,220694193020862736
525649,76614051878142736
10577,76614206496964864
133457,85621251132887296
264529,221010714930708736
526673,76684420622320384
1050961,85621251401318656
20817,76615082670293251
37201,220729239953998081
135505,85621182413410561
266577,221010646211232001
528721,76684351902843649
1053009,85621182681841921
41297,220694210200731904
532817,76614069058011904
541009,76615082670293761
164177,229701254836654336
1081681,229701255105085696
590161,76614000339583744
393553,229982661093888256
1311057,229982661362319616
2621777,76613983427166976
3146065,85585998846689536
3665,4557694790795536
525905,4557557351842576
10833,4557711970664704
19025,4559756375097601
35409,76615288828723456
133713,13564756606587136
526929,4627926096020224
1051217,13564756875018496
135761,13564687887110401
528977,4627857376543489
1053265,13564688155541761
533073,4557574531711744
148049,13531702538277121
1065553,13531702806708481
557649,76615151389770496
590417,4557505813283584
787025,76896557647004416
2622033,4557488900866816
3146321,13529504320389376
134225,13563794500358416
527441,4626963989791504
1051729,13563794768789776
533585,4556612425483024
558161,76614189283541776
656465,13563657061405456
1573969,13563657329836816
530513,4767564039193345
75857,4556646786269440
141393,13563811680227584
534609,4626981169660672
1058897,13563811948658944
165969,85621388538286336
297041,221010852336107776
559185,76684558027719424
1083473,85621388806717696
657489,13634025805583104
1574993,13634026074014464
3147857,13563657866772736
151633,13564687853555971
544849,4627857342989059
1069137,13564688121987331
659537,13633957086106369
1577041,13633957354537729
3149905,13563589147296001
565329,76614206463410944
598097,4556509347316480
663633,13563674241274624
1581137,13563674509705984
671825,13564687853556481
1589329,13564688121987841
688209,85621251099333376
819281,221010714897154816
1605713,85621251367764736
720977,13563605522846464
1638481,13563605791277824
917585,85902657356567296
1704017,31577987119846144
2752593,13563588610429696
1835089,85902657624998656
1937,72058775405592880
17297,72060905709371665
33681,216173963481448720
263057,216455369738682640
525201,72076298872161040
3473,72075405384745264
9617,72057830378570032
263569,216454338812313904
525713,72075267945792304
35217,216190593460601104
526737,72110452317881104
528785,72110383598404369
41361,216173018454425872
557457,216190456021648144
786833,216471862278882064
3729,18910858445104
9873,1335852269872
18065,3380256702769
34449,72058912710328624
525969,18773419492144
526993,53957791580944
21137,20903723270419
529041,53889072104209
541329,20903723270929
11409,18103337484592
19601,18910791336241
35985,72075680195543344
68753,17828460626224
134289,4521410907083056
265361,72356880294347056
1051793,4521411175514416
2100369,17811548209456
13457,17828459577649
21649,18773352382771
38033,72075405317636401
25745,1335785161009
42129,72058105189368112
140433,4503835900907824
271505,72339305288171824
1057937,4503836169339184
2106513,236542034224
50321,72058912643219761
541841,18773352383281
99473,72057830312509744
165009,76561412758966576
1082513,76561413027397936
2131089,72057813400092976
590993,17691021673264
656529,4521273468130096
1180817,13510880805261616
787601,72356742855394096
1574033,4521273736561456
2622609,17674109256496
3146897,4503682087452976
14481,53012831666449
22673,53957724471571
39057,72110589689725201
530577,123226957021969
75921,17862820364560
542865,53957724472081
297105,216472068370202896
592017,52875393762064
657553,4556457840218896
788625,72391927227482896
1575057,4556458108650256
2623633,52858481345296
536721,52875392713489
561297,72110452250772241
594065,52806674285329
659601,4556389120742161
790673,72391858508006161
1577105,4556389389173521
2625681,52789761868561
106641,72057864672248080
303249,216454493364027664
565393,72075422497506064
598161,17725381411600
819345,216471930931249936
1704081,13528404271829776
3276945,13510812622721296
3670161,4521205554021136
34577,216174100786184464
35601,216191692972228864
527121,72111551829508864
21265,72078497761198339
529169,72111483110032129
41745,216174117966053632
49937,216176162370486529
279313,216457568627720449
541457,72078497761198849
557841,216191555533275904
787217,216472961790509824
7441,72110589689725201
36113,216190868271399184
265489,216472068370202896
38161,216190593393492241
529681,72110452250772241
42257,216173293265223952
75025,72057864672248080
271633,216454493364027664
533777,72075422497506064
50449,216174100719075601
99601,216173018388365584
165137,220676600834822416
296209,504684852335870224
1082641,220676601103253776
2131217,216173001475948816
787729,216471930931249936
14609,72110606869594369
22801,72111551762399491
268561,216507115303338241
530705,72180820994949889
43281,216190885451268352
76049,72075456858292480
272657,216472085550072064
51473,216191692905120001
542993,72111551762400001
100625,216190610574409984
166161,220694193020866816
297233,504702444521914624
1083665,220694193289298176
2132241,216190593661993216
592145,72110469431689984
657681,76614051878146816
1575185,76614052146578176
2623761,72110452519273216
45329,216190610573361409
536849,72110469430641409
53521,216191555466166531
282897,216472961723400451
594193,72110400712213249
659729,76613983158670081
1577233,76613983427101441
2625809,72110383799796481
57617,216174117898944769
172305,220676618014691584
303377,504684869515739392
1089809,220676618283122944
2138385,216173018655817984
336145,216454390285861120
598289,72075319419339520
794897,216471948111119104
573713,216191555466167041
803089,216472961723400961
622865,216190473135457024
688401,220694055581913856
1212689,229683662919045376
819473,504702307082961664
1605905,220694055850345216
2654481,216190456223040256
3178769,220676464201236736
852241,216471879392690944
917777,220975461839147776
1442065,229965069176279296
1704209,85585998309757696
3277073,85568406660649216
1835281,220975462107579136
2883857,216471862480274176
3408145,220957870458470656
3670289,76578799591949056
7697,54095163425041
19985,21109814591761
22033,20972375638291
529937,53957724472081
26129,3534808416529
75281,1370145947920
534033,18927971205904
50705,72061111666475281
542225,20972375638801
296465,216455575695786256
558609,72076504829264656
14865,54112343294209
39441,72111689201352961
530961,124326468649729
27153,21126994460929
76305,18962331992320
51729,72078703852519681
297489,216473167881830656
592401,53974905389824
657937,4557557351846656
789009,72393026739110656
1575441,4557557620278016
2624017,53957992973056
29201,20989555507459
537105,53974904341249
53777,72078566413566211
86545,20920837079299
152081,4524503283536131
283153,72359972670800131
1069585,4524503551967491
2118161,20903924662531
561681,72111551762400001
594449,53906185913089
659985,4557488632369921
791057,72392958019633921
1577489,4557488900801281
2626065,53889273496321
57873,72061128846344449
90641,3431730249985
549393,20989555507969
107025,72058964183875840
303633,216455592875655424
565777,72076522009133824
598545,18824893039360
311825,216457637280088321
573969,72078566413566721
606737,20920837079809
672273,4524503283536641
1196561,13514110620668161
803345,72359972670800641
1589777,4524503551968001
2638353,20903924663041
3162641,4506911902859521
819729,216473030442877696
1704465,13529503783457536
3277329,13511912134349056
3670545,4522305065648896
23569,54095129870611
531473,123364362421009
535569,53287676019472
543761,54095129871121
560145,72110864534078224
592913,53012799161104
658449,4556595245617936
789521,72392064632881936
1575953,4556595514049296
2624529,52995886744336
537617,53012798112529
545809,53957690917651
562193,72110589656171281
599057,17862786810640
820241,216472068336648976
30737,54112309739779
79889,53047158898945
538641,123381542290177
55313,72111689167798531
546833,124326435095299
301073,216507252708737281
563217,72180958400348929
550929,54112309740289
567313,72110881713947392
665617,4556612425487104
796689,72392081812751104
1583121,4556612693918464
2631697,53013066613504
575505,72111689167799041
624657,72110606837089024
690193,76614189283545856
1607697,76614189551977216
2656273,72110589924672256
1706001,13563657329840896
3672081,4556458612032256
552977,53974870786819
569361,72110606836040449
602129,52909719945985
577553,72111551728845571
610321,53906152358659
675857,4557488598815491
806929,72392957986079491
1593361,4557488867246851
2641937,53889239941891
823313,216507115269784321
1708049,13563588610364161
3674129,4556389892555521
368657,216454527691260160
630801,72075456824738560
827409,216472085516518144
3801105,13528404775211776
66273,4524503286677776
525025,4559679066735376
590049,4557488601957136
66401,76582097324605696
525153,76617273104663296
590177,76615082639885056
10849,4559893781545216
68193,4559756344688896
70241,4559687625212161
533089,4559756342592256
197217,13531702507868416
1114721,13531702776299776
655969,13566878287926016
1573473,13566878556357376
68705,4557694743609616
533601,4557694741512976
590945,4557557304656656
26721,4559893764768001
75873,4557711923478784
141409,13564893996257536
534625,4628063485690624
1058913,13564894264688896
84065,4559756327911681
100449,76615288781537536
198753,13564756559401216
591969,4627926048834304
1116257,13564756827832576
28769,4559756325814531
151649,13566878271148291
544865,4630047760581379
1069153,13566878539579651
200801,13564687839924481
594017,4627857329357569
1118305,13564688108355841
548961,4559756325815041
565345,76615288779440896
598113,4557574484525824
663649,13564756557304576
1581153,13564756825735936
213089,13531702491091201
1130593,13531702759522561
671841,13566878271148801
1589345,13566878539580161
622689,76615151342584576
852065,76896557599818496
2687073,4557488853680896
3211361,13529504273203456
3670113,13564680053261056
66465,72060905578299664
9633,72058912644268336
34209,216174092130189616
66977,72058775207412016
41377,216174100720124176
82337,72060905511190801
98721,216173963283267856
328097,216455369540501776
590241,72076298673980176
3745,21101225705776
34465,72061103077589296
525985,20963786752816
10913,21109815640336
68257,20972378784016
527009,56148158841616
70305,20903659307281
529057,56079439364881
41633,72061111667523856
74401,3397372608784
533153,20972376687376
82593,7709519773969
98977,72060974230667536
197281,4506911100637456
328353,72342380487901456
1114785,4506911369068816
2163361,3311741763856
68769,18910760927536
527521,54086540985136
25761,3517596041521
74913,1335754752304
533665,18910758830896
83105,3380159185201
99489,72058912612811056
591009,18773321974576
534689,54095130919696
592033,53957694063376
86177,20903625752851
544929,56079405810451
594081,53888974586641
606369,20903625753361
10017,72061111667523856
34593,216176291153445136
67361,72060974230667536
11041,72078703853568256
35617,216193883339489536
68385,72078566416711936
527137,72113742196769536
70433,72078497697235201
529185,72113673477292801
74529,72060991410536704
271137,216457637281136896
533281,72078566414615296
82721,72065303557701889
557857,216193745900536576
197409,76564505138565376
1114913,76564505406996736
2163489,72060905779691776
787233,216475152157770496
99617,216174100688666896
534817,72111689168847616
100641,216191692874711296
559393,216226868654768896
592161,72111551731991296
86305,72078497663680771
545057,72113673443738371
594209,72111483012514561
57633,216176299709825281
106785,216174117868536064
565537,216191692872614656
114977,216176162272968961
344353,216457568530202881
606497,72078497663681281
622881,216191555435758336
852257,216472961692992256
69153,21109784183056
527905,56285564240656
75297,3534778007824
534049,21109782086416
99873,72061111636066576
591393,20972345230096
14881,56294154174721
72225,56156717318401
76321,21126964052224
100897,72078703822110976
559649,72113879602168576
537121,56156715221761
86561,25301672263939
545313,60477452321539
107041,72061128815935744
303649,216457774686535936
565793,72078703820014336
598561,20989525099264
606753,25301672264449
360993,216457637249679616
623137,72078566383158016
721441,4524503253127936
1245729,13514110590259456
852513,72359972640391936
1638945,4524503521559296
2687521,20903894254336
3211809,4506911872450816
23585,56285547462931
72737,54095116239121
535585,54369992049424
85025,21109767405841
543777,56285547463441
29729,21109765308691
537633,54095114142481
87073,20972328452371
545825,56148108509971
594977,53957677286161
91169,3534761230609
549921,21109765309201
599073,18927924019984
115745,72061111619289361
607265,20972328452881
361505,216455575648600336
623649,72076504782078736
79905,54112296108289
538657,124463858320129
55329,72113879585390851
546849,126516852687619
104481,72111689154167041
596001,124326421463809
92193,21126947275009
567329,72111964029977344
665633,4557694741517056
796705,72393164128781056
1583137,4557695009948416
2631713,54095382643456
116769,72078703805333761
575521,72113879585391361
362529,216473167834644736
821281,216508343614702336
722977,4557557304660736
854049,72393026691924736
1640481,4557557573092096
2689057,53957945787136
61473,72078703803236611
94241,20989508321539
569377,72111689152070401
602145,53974857155329
118817,72078566366380291
577569,72113742146437891
217121,4524503236350211
348193,72359972623614211
1134625,4524503504781571
2183201,20903877476611
675873,4559679016407811
806945,72395148403671811
1593377,4559679284839171
2641953,56079657534211
626721,72111551715214081
725025,4557488585184001
856097,72392957972448001
1642529,4557488853615361
2691105,53889226310401
122913,72061128799158529
319521,216457774669758721
581665,72078703803237121
614433,20989508322049
368673,216455592828469504
630817,72076521961947904
827425,216473167832548096
376865,216457637232902401
639009,72078566366380801
737313,4524503236350721
1261601,13514110573482241
868385,72359972623614721
1654817,4524503504782081
2703393,20903877477121
3227681,4506911855673601
884769,216473030395691776
1769505,13529503736271616
3342369,13511912087163136
3735585,4522305018462976
3521,76614180727161136
9665,76579004945006896
34241,220694184430928176
525761,76614043288208176
10689,76614189317095696
35265,220729368803016976
41409,220694193020862736
532929,76614051878142736
557505,220729231364064016
590273,76613983159714576
655809,85621173823476496
786881,221010637621297936
1573313,85621174091907856
3777,4557686200860976
9921,4522510418706736
526017,4557548761908016
10945,4557694790795536
21185,4559679065686291
533185,4557557351842576
541377,4559679065686801
590529,4557488633414416
656065,13564679297176336
1573569,13564679565607696
11457,4556870123520304
68801,4556595246661936
134337,13563785910423856
527553,4626955399856944
1051841,13563786178855216
13505,4556595245613361
140481,13528610128269616
1057985,13528610396700976
558273,76614180693607216
591041,4556457807708976
656577,13563648471470896
1574081,13563648739902256
141505,13563794500358416
534721,4626963989791504
1059009,13563794768789776
565441,76614189283541776
663745,13563657061405456
1581249,13563657329836816
721089,13563588342977296
1638593,13563588611408656
3670209,13563580557361936
11073,76615288828723456
35649,220730468314644736
21313,76617273103614211
41793,220695292532490496
533313,76615151389770496
541505,76617273103614721
557889,220730330875691776
590657,76615082671342336
656193,85622273335104256
787265,221011737132925696
1573697,85622273603535616
533825,76614189283541776
558401,220729368769463056
43329,220729652237304064
141633,85621388538286336
272705,221010852336107776
534849,76684558027719424
1059137,85621388806717696
100673,220729377360445696
166209,229736568024207616
559425,220799737513640704
1083713,229736568292638976
45377,220729377359397121
172353,229701392242053376
1089857,229701392510484736
663873,85621251099333376
794945,221010714897154816
1581377,85621251367764736
622913,220729239921492736
688449,229736430585254656
1605953,229736430853686016
721217,85621182380905216
852289,221010646178726656
1638721,85621182649336576
917825,230017836842488576
1835329,230017837110919936
3670337,85621174595289856
534081,4557694757241616
27201,4559893780496641
141889,13564894011986176
535105,4628063501419264
1059393,13564894280417536
29249,4559756341543171
86593,4559687623115011
152129,13566878286876931
545345,4630047776310019
1069633,13566878555308291
549441,4559756341543681
565825,76615288795169536
664129,13564756573033216
1581633,13564756841464576
606785,4559687623115521
672321,13566878286877441
1589825,13566878555308801
721473,13564687854605056
1638977,13564688123036416
3670593,13564680068989696
531521,4767692871435025
44097,76615013900484880
142401,13564069361488144
535617,4627238850921232
1059905,13564069629919504
199745,13563794484629776
592961,4626963974062864
1117249,13563794753061136
658497,13634154637824784
1576001,13634154906256144
3148865,13563786699014416
29761,4557694740463891
144449,13563794483581201
537665,4626963973014289
1061953,13563794752012561
549953,4557694740464401
566337,76614464144671504
599105,4556612409754384
795713,76895664243475216
2630721,4556595497337616
3155009,13528610916860176
623681,76614189267813136
689217,85621379931575056
820289,221010843729396496
1606721,85621380200006416
721985,13563657045676816
1639489,13563657314108176
3671105,13563649260061456
30785,4628063484641539
145473,13634163227758849
1062977,13634163496190209
546881,4768654944109315
563265,76825286909362945
596033,4767564023464705
661569,13774754687226625
1579073,13774754955657985
157761,13564893995208961
550977,4628063484642049
1075265,13564894263640321
174145,85621663399416064
305217,221011127197237504
567361,76684832888849152
1091649,85621663667847424
206913,13563811664498944
600129,4626981153932032
1124417,13563811932930304
403521,85902863498219776
1189953,31578193261498624
2238529,13563794752082176
796737,76966032987652864
1321025,85902863766651136
2631745,4626964241515264
231489,85621388522557696
362561,221010852320379136
624705,76684558011990784
1148993,85621388790989056
428097,230018042984141056
690241,85691748675752704
821313,221081212473574144
1345601,230018043252572416
1607745,85691748944184064
3180609,85621380736942336
723009,13634025789854464
1640513,13634026058285824
3213377,13563657851044096
3672129,13634018004239104
61505,76615288778391811
159809,13564756556255491
553025,4627926045688579
1077313,13564756824686851
176193,85621388521509121
307265,221010852319330561
569409,76684558010942209
1093697,85621388789940481
667713,13634025788805889
1585217,13634026057237249
3158081,13563657849995521
217153,13564687837827331
610369,4627857327260419
1134657,13564688106258691
675905,13635047991022339
1593409,13635048259453699
3166273,13564680052211971
725057,13633957070377729
1642561,13633957338809089
3215425,13563589131567361
3674177,13633949284762369
581697,76615288778392321
680001,13564756556256001
1597505,13564756824687361
630849,76614206447682304
434241,229982867201986816
1351745,229982867470418176
2662465,76614189535265536
3186753,85586204954788096
729153,13563674225545984
1646657,13563674493977344
925761,85902726059266816
1712193,31578055822545664
2760769,13563657313129216
1843265,85902726327698176
737345,13564687837827841
1654849,13564688106259201
3686465,13564680052212481
753729,85621251083604736
884801,221010714881426176
1671233,85621251352036096
950337,230017905545188096
1867841,230017905813619456
3702849,85621243297989376
983105,85902657340838656
1769537,31577987104117504
2818113,13563588594701056
1900609,85902657609270016
3801153,31577979050070784
3932225,85902649555223296
10113,72058912710328624
34689,216174092196249904
41857,216174100786184464
7553,72110581099790641
11649,72075680195543344
36225,216190859681464624
68993,72075405318684976
265601,216472059780268336
13697,72075405317636401
38273,216190584803557681
529793,72110443660837681
25985,72058912643219761
75137,72057830312509744
140673,76561412758966576
1058177,76561413027397936
2106753,72057813400092976
50561,216174092129141041
165249,220676592244887856
296321,504684843745935664
1082753,220676592513319216
2131329,216172992886014256
329089,216454338746253616
591233,72075267879732016
787841,216471922341315376
14721,72110589689725201
39297,216225769175646481
43393,216190868271399184
272769,216472068370202896
100737,216190593394540816
592257,72110452251820816
788865,216507106713404176
45441,216190593393492241
536961,72110452250772241
545153,72111474452988691
561537,216225631736693521
594305,72110383532344081
790913,216507037993927441
57729,216174100719075601
106881,216173018388365584
172417,220676600834822416
303489,504684852335870224
1089921,220676601103253776
2138497,216173001475948816
795009,216471930931249936
622977,216190455955587856
852353,216471862212821776
7809,54086573490481
11905,19185669243184
20097,21101224657201
69249,18910792384816
13953,18910791336241
22145,20963785703731
530049,53949134537521
42625,72059187521126704
75393,1335786209584
140929,4504918232666416
272001,72340387619930416
1058433,4504918501097776
2107009,1318873792816
50817,72061103076540721
83585,3380190642481
542337,20963785704241
99969,72058912644268336
296577,216455567105851696
558721,72076496239330096
591489,18773353431856
14977,54095163425041
23169,56148157792531
27265,21109814591761
543361,56148157793041
559745,72111680611418896
592513,53957725520656
29313,20972375638291
537217,53957724472081
86657,20903657210131
594561,53889006043921
57985,72061111666475281
549505,20972375638801
303745,216455575695786256
565889,72076504829264656
606849,20903657210641
15489,53270496149809
23681,54086539936051
72833,52995619291441
531585,123355772486449
44161,72076229917802800
543873,54086539936561
560257,72110855944143664
658561,4556586655683376
789633,72392056042947376
1576065,4556586924114736
2624641,52987296809776
29825,18910757781811
545921,53949100983091
562305,72110581066236721
595073,52858180338481
550017,18910757782321
304257,216454751028511024
566401,72075680161989424
599169,17828427072304
664705,4521410873529136
1188993,13511018210660656
795777,72356880260793136
1582209,4521411141960496
2630785,17811514655536
3155073,4503819492852016
361601,216454476151652656
623745,72075405285131056
820353,216472059746714416
30849,54095129870611
538753,123364362421009
551041,54095129871121
567425,72110864534078224
600193,53012799161104
665729,4556595245617936
796801,72392064632881936
1583233,4556595514049296
2631809,52995886744336
624769,72110589657219856
821377,216507244118803216
553089,53957690917651
569473,72110589656171281
610433,53888972489491
827521,216472068336648976
528129,72111680611418896
26369,72061111666475281
42753,216174375596982544
272129,216455575695786256
534273,72076504829264656
50945,216176291152396561
100097,216174100720124176
558849,216191684315185936
15105,72111689201352961
23297,72113742195720451
39681,216226868687274241
27393,72078703852519681
43777,216191967783026944
273153,216473167881830656
51969,216193883338440961
543489,72113742195720961
101121,216191692906168576
592641,72111551763448576
789249,216508206225031936
29441,72078566413566211
45825,216191692905120001
537345,72111551762400001
54017,216193745899487491
86785,72078497695138051
283393,216475152156721411
561921,216226731248321281
594689,72111483043971841
791297,216508137505555201
287489,216457637280088321
549633,72078566413566721
107265,216174117899993344
172801,220677700346450176
303873,504685951847497984
1090305,220677700614881536
2138881,216174100987576576
795393,216473030442877696
115457,216176162304426241
574209,216193745899488001
344833,216457568561660161
606977,72078497695138561
803585,216475152156721921
623361,216191555467215616
852737,216472961724449536
44289,216191417993658640
535809,72110864534078224
560385,216226044019999504
593153,72110589657219856
789761,216507244118803216
537857,72110589656171281
562433,216225769142092561
566529,216190868237845264
795905,216472068336648976
623873,216190593360986896
30977,72111689167798531
47361,216226052609933569
276737,216507252708737281
538881,72180958400348929
55553,216226868653719811
104705,216225777733075201
563457,216296137886270209
551169,72111689167799041
600321,72110606837089024
665857,76614189283545856
1583361,76614189551977216
2631937,72110589924672256
575745,216226868653720321
690433,220729368769467136
821505,504737620270514944
1607937,220729369037898496
2656513,216225769410593536
854273,216507115270832896
61697,216191692871565571
553217,72111551728845571
798977,216507115269784321
577793,216226731214766851
610561,72111483010417411
807169,216508137472000771
626945,216225640294122241
856321,216507046551356161
581889,216191692871566081
631041,216190610540856064
696577,220694192987312896
1220865,229683800324444416
827649,504702444488360704
1614081,220694193255744256
2662657,216190593628439296
3186945,220676601606635776
24065,56285563191571
536065,54370007778064
544257,56285563192081
593409,54095130919696
30209,21109781037331
538113,54095129871121
546305,56148124238611
550401,21109781037841
539137,124463874048769
55809,72113879601119491
88577,56156715221251
547329,126516868416259
567809,72111964045705984
600577,54112310788864
666113,4557694757245696
797185,72393164144509696
1583617,4557695025677056
2632193,54095398372096
576001,72113879601120001
608769,56156715221761
625153,72111689168847616
821761,216508343630430976
61953,72078703818965251
569857,72111689167799041
578049,72113742162166531
676353,4559679032136451
807425,72395148419400451
1593857,4559679300567811
2642433,56079673262851
320001,216457774685487361
582145,72078703818965761
827905,216473167848276736
31745,54369991000339
48129,72111414273114385
539649,123639223550737
89089,54095114141971
547841,124455267336979
596993,123364346692369
551937,54369991000849
306177,216472892953592080
601089,53287660290832
666625,4556870106747664
797697,72392339494011664
1584129,4556870375179024
2632705,53270747874064
609281,54095114142481
625665,72110864518349584
822273,216507518979932944
723969,4556595229889296
855041,72392064617153296
1641473,4556595498320656
2690049,52995871015696
1707009,13563786162082576
3673089,4556587444273936
570369,72110864517301009
603137,53012782383889
668673,4556595228840721
799745,72392064616104721
1586177,4556595497272081
2634753,52995869967121
578561,72111680561087251
611329,53957675189011
627713,72110589640442641
824321,216507244102026001
828417,216472343197778704
1713153,13528610379928336
3286017,13511018730819856
3679233,4521411662119696
885761,216472068320920336
63489,72111964028928259
96257,54112294011139
161793,4557694740467971
292865,72393164127731971
1079297,4557695008899331
2127873,54095381594371
309249,216507527569867009
571393,72181233261478657
604161,123381526561537
669697,4626963973018369
1193985,13563794752016641
800769,72462433360282369
1587201,4626964241449729
2635777,123364614144769
3160065,4556596034208001
120833,72111689152069891
317441,216508343613653251
579585,72182049305264899
612353,124326419366659
366593,216507252693008641
628737,72180958384620289
825345,216577612846203649
583681,72111964028928769
616449,54112294011649
681985,4557694740468481
813057,72393164127732481
1599489,4557695008899841
2648065,54095381594881
632833,72110881698218752
698369,76614464144675584
1615873,76614464413106944
2664449,72110864785801984
731137,4556612409758464
862209,72392081797022464
1648641,4556612678189824
2697217,53013050884864
927745,76895664243479296
2762753,4556595497341696
3287041,13528610916864256
1845249,76895664511910656
2893825,72392064884605696
641025,72111689152070401
837633,216508343613653761
755713,76614189267817216
1673217,76614189536248576
2721793,72110589908943616
952321,221010843729400576
1738753,85621380200010496
1869825,221010843997831936
2918401,216507244370526976
3704833,76614181482201856
1771521,13563657314112256
3737601,4556458596303616
3803137,13563649260065536
323585,216473167831499011
618497,53974855058179
684033,4557557301515011
815105,72393026688779011
1601537,4557557569946371
2650113,53957942641411
634881,72110606820311809
700417,76614189266768641
1617921,76614189535200001
2666497,72110589907895041
1716225,13563657313063681
3682305,4556458595255041
643073,72111551713116931
839681,216508206174700291
741377,4557488583086851
872449,72392957970350851
1658881,4557488851518211
2707457,53889224213251
1724417,13564679515280131
3690497,4557480797471491
888833,216507115254055681
1773569,13563588594635521
3739649,4556389876826881
3805185,13563580540588801
843777,216473167831499521
892929,216472085500789504
958465,220975667947246336
1482753,229965275284377856
1744897,85586204417856256
3317761,85568612768747776
1875969,220975668215677696
2924545,216472068588372736
3448833,220958076566569216
3710977,76579005700047616
3809281,13528473477911296
3866625,13528404759483136
318,216176084995085056
65598,72060905477706496
798,216176085061145344
8478,216173963280192256
16670,216176084994036481
65822,216173894561764096
131358,220677485598159616
2097438,216173886239347456
8734,72060974227591936
33310,216176153713513216
66078,72060905509163776
131614,76564496545559296
262686,216457559970747136
2097694,72060897186747136
40990,216174100685591296
131182,85589283642094336
430,216176080700117776
814,216180478746628864
65838,216176084963627776
131374,220679680293942016
2097454,216176080935129856
33838,216176286808216336
34862,216193878994260736
41006,216176291103183616
73774,72060974180406016
98350,216176153666327296
163886,220679748996641536
2129966,216176149637829376
196654,76564496498373376
327726,216457559923561216
2162734,72060897139561216
393262,220961155253875456
1179694,85571691724485376
2228270,76564492469875456
2359342,216457555895063296
3145774,76564493006738176
846,220697272512484096
131406,229702272710423296
131662,85589283657822976
34894,220730463969415936
133198,85622337709355776
20558,76617268758385411
135246,85622268989879041
147534,85589283641045761
163918,229702341413122816
393294,229983747670356736
655438,85622268989880064
2228302,85587084886356736
3145806,85587085423219456
910,216176080766178064
1422,216173950395290416
16782,216176080699069201
131470,220677481303192336
2097550,216173881944380176
1678,72060961342690096
33422,216176149418545936
131726,76564492250592016
262798,216457555675779856
2097806,72060892891779856
33934,216174087800689456
1806,216176149418545936
2830,216193741604590336
4878,216193672885113601
8974,216176153713513216
17166,216180478745580289
33550,504406525570257664
66318,216176084995085056
262926,504687931827491584
525070,216193672885114624
1049358,220679680594875136
20750,216193672851559171
147726,220679680292893441
2113806,216176080934081281
1179918,229684680792814336
2228494,220677481538204416
3145998,220677482075067136
34318,216176286823944976
35342,216193879009989376
41486,216176291118912256
164366,220679749012370176
2130446,216176149653558016
393742,220961155269604096
1180174,85571691740214016
2228750,76564492485604096
2359822,216457555910791936
3146254,76564493022466816
50190,216176286807167761
164878,220677687411290896
2130958,216174088052478736
22542,72113737850491651
38926,216226864342045441
51214,216193878993212161
165902,220695279597335296
559118,216226864342046464
2131982,216191680238523136
53262,216193741554258691
151566,76582084386304771
282638,216475147811492611
544782,72113669131015939
2117646,72078485027492611
57358,216176291102135041
106510,216174100669862656
172046,220677691706258176
2138126,216174092347446016
180238,220679748995592961
2146318,216176149636780801
409614,220961155252826881
1196046,85571691723436801
2244622,76564492468826881
2375694,216457555894014721
3162126,76564493005689601
1212430,229684749495513856
2261006,220677550240903936
3178510,220677550777766656
1441806,229966155752747776
2490382,220958956498137856
3407886,220958957035000576
65718,3311473332496
65846,72060905511260416
66102,7709519843584
196662,4506911067156736
589878,20903625822976
2162742,3311708344576
131670,13531693948416256
524886,4559679065756416
655446,13564679263695616
9366,1318605361456
41238,216174100719145216
9750,3517628616976
10774,21109814661376
526870,56148157862656
528918,56079438385921
41494,72061111666544896
139798,4506979817042176
533014,20972375708416
2105878,3380458230016
197142,4506911098614016
590358,20903657280256
2163222,3311739801856
655894,4524494693675776
1180182,13514102030807296
2228758,4506902776197376
2621974,20895334863616
3146262,4506903313060096
534550,54095129940736
544790,56079404831491
3276822,13511903510999296
133222,13566942695731456
135270,13566873976254721
196710,13531693901230336
589926,4559679018570496
2228326,13531689872732416
1572966,13566874244682496
2621542,4559674990072576
3145830,13531690409595136
527398,56281252565776
74790,3517581431056
75814,21109767475456
534566,56285547533056
559142,72113875290493696
591910,56148110676736
657446,4559743440990976
2623526,56144082178816
544806,60473140646659
593958,56079391200001
659494,4559674721514241
2625574,56075362702081
106534,72061111619358976
204838,4506979769856256
598054,20972328522496
2170918,3380411044096
720934,4524494646489856
1245222,13514101983621376
2293798,4506902729011456
2687014,20895287677696
3211302,4506903265874176
1703974,13531689872601856
2752550,4524490617991936
3670054,4524491154854656
131782,13531689653448976
524998,4559674770789136
655558,13564674968728336
131910,85589283691376896
525126,76617268808717056
655686,85622269006656256
133702,13566942711460096
135750,13566873991983361
2228806,13531689888461056
1573446,13566874260411136
2622022,4559675005801216
3146310,13531690425323776
134214,13564881110380816
656454,13564743671427856
141382,13564885405348096
149574,13566942694682881
165958,85622475148308736
657478,13635112415605504
2230342,13564743939993856
3147846,13564744476856576
544838,4630043464635139
1069126,13566874243633411
2117702,4559674989023491
659526,13635043696128769
2232390,13564675220517121
3149894,13564675757379841
663622,13564747966395136
2244678,13531689871683841
1589318,13566874243633921
2637894,4559674989024001
3162182,13531690408546561
688198,85622337709355776
720966,13564679247966976
917574,85903743966589696
1704006,31579073729868544
3276870,31543889894781184
34182,216174087834243376
3718,21096929759536
9862,3509038682416
34438,72061098781643056
132742,4506966932140336
525958,20959490806576
2098822,3367573328176
526982,56143862895376
529030,56075143418641
656006,4524490398708496
1180294,13514097735840016
2228870,4506898481230096
2622086,20891039896336
3146374,4506899018092816
527494,54082245038896
544902,56075109864211
3276934,13511899216032016
34566,216176286857498896
35590,216193879043543296
527110,72113737900823296
529158,72113669181346561
41734,216176291152466176
164614,220679749045924096
557830,216193741604590336
2130694,216176149687111936
393990,220961155303158016
656134,76582084436636416
1180422,85571691773767936
2228998,76564492519158016
787206,216475147861824256
2360070,216457555944345856
2622214,72078485077824256
3146502,76564493056020736
559366,216226864358822656
545030,72113669147792131
3277062,85569493253959936
527878,56281268294416
535046,56285563261696
559622,72113875306222336
657926,4559743456719616
2624006,56144097907456
545286,60473156375299
659974,4559674737242881
2626054,56075378430721
1704454,13531689888330496
2753030,4524490633720576
3670534,4524491170583296
23558,56281251516691
543750,56281251517201
658438,4557681855640336
2624518,54082496828176
545798,56143812563731
3277830,13511967918731536
30726,56285546483971
55302,72113875289444611
153606,4559743439941891
546822,126512556741379
2119686,56144081129731
550918,56285546484481
600070,54095114212096
665606,4557686150607616
2631686,54086791795456
575494,72113875289445121
673798,4559743439942401
2639878,56144081130241
690182,76615275893568256
821254,216508339318756096
2656262,72111676534756096
1705990,13564743939863296
2754566,4557544685253376
3278854,13529560104775936
3672070,4557545222116096
552966,56148107531011
577542,72113737850491651
610310,56079389102851
1200134,13531689871552771
2248710,4524490616942851
806918,72395144107725571
1593350,4559674988892931
3166214,4524491153805571
1708038,13564675220386561
2756614,4557475965776641
3280902,13529491385299201
3674118,4557476502639361
3284998,13511972213698816
1720326,13531689871553281
2768902,4524490616943361
3686406,4524491153806081
3309574,85569561956659456
3342342,13511903495270656
3538950,85850968213893376
378,220697276808430336
65658,76582097291051776
442,216176085062124304
1210,72060965638636336
8378,72060974228570896
32954,216176153714492176
262330,216457559971726096
826,216180483108635392
1338,216176153714492176
2362,216193745900536576
4410,216193677181059841
16698,216180483041526529
33082,504406529866203904
131386,220679684622390016
262458,504687936123437824
524602,216193677181060864
1048890,220679684890821376
2097466,216176085263516416
8762,72065372275081984
16954,72074091058692865
33338,216180551761003264
262714,216461958018237184
9274,72061111633969936
33850,216176291119891216
66618,72060974197113616
10298,72078703820014336
34874,216193883305935616
67642,72078566383158016
69690,72078497663681281
73786,72060991376982784
270394,216457637247582976
81978,72065303524147969
196666,76564505105011456
589882,72078497663682304
1114170,76564505373442816
2162746,72060905746137856
858,220697276874490624
2394,220730330875691776
4442,220730262156215041
8538,220695155093537536
16730,220697276807381761
65882,220695086375109376
131418,229702277038871296
524634,220730262156216064
1048922,229702277307302656
2650,76617341823091456
4698,76617273103614721
8794,76582166040937216
33370,220697345526858496
66138,76582097322509056
131674,85589287986270976
262746,220978751784092416
524890,76617273103615744
1049178,85589288254702336
10330,76615288795169536
34906,220730468281090816
20570,76617273070060291
41050,220695292498936576
1434,216173954757296944
8602,216173963347231504
16794,216176085061075729
65946,216173894628803344
1690,72060965704696624
8858,72060974294631184
33434,216176153780552464
66202,72060905576203024
262810,216457560037786384
3226,72076496239330096
17562,72060965637587761
66714,72058775205315376
263322,216455429666898736
10394,72076504829264656
34970,216191684315185936
20634,72078489104155411
24730,72060974227522321
270490,216455438256833296
49306,216176153713443601
82074,72060905509094161
278682,216457559970677521
98458,216173963281171216
327834,216455369538405136
1818,216176153780552464
2842,216193745966596864
4890,216193677247120129
17178,216180483107586817
33562,504406529932264192
131866,220679684688450304
262938,504687936189498112
525082,216193677247121152
1049370,220679684956881664
2097946,216176085329576704
3354,216191684315185936
17690,216176153713443601
34074,504404468280853264
66842,216173963281171216
6426,216226731248321281
18714,216193745899488001
35098,504422060466897664
67866,216191555467215616
526618,216226731248322304
12570,216191555466167041
69914,216191486747738881
528666,216226662528845569
74010,216173980461040384
139546,220677562907497216
270618,504685814408545024
532762,216191555466168064
1057050,220677563175928576
2105626,216173963548623616
49434,504406529865155329
147738,220679684621341441
278810,504687936122389249
540954,216193677180012289
1065242,220679684889772801
2113818,216176085262467841
98586,504404339432882944
295194,1081146558122033920
196890,220677494189069056
327962,504685745690116864
590106,216191486747739904
1114394,220677494457500416
2162970,216173894830195456
1179930,229684685121262336
3146010,220677486403453696
3610,72078695262585616
67098,72060974228570896
263706,216457628690154256
6682,72113742195720961
68122,72078566414615296
264730,216475220876198656
526874,72113742195721984
12826,72078566413566721
21018,72082887150666499
37402,216193745899488001
70170,72078497695138561
266778,216475152156721921
528922,72113673476245249
25114,72065372274033409
74266,72060991408440064
139802,76564573854896896
533018,72078566413567744
1057306,76564574123328256
2105882,72060974496023296
49690,216180551759954689
82458,72065303555605249
279066,216461958017188609
164378,220679753340818176
295450,504688004841865984
557594,216193745899489024
1081882,220679753609249536
2130458,216176153981944576
197146,76564505136468736
590362,72078497695139584
1114650,76564505404900096
2163226,72060905777595136
393754,220961159598052096
1180186,85571696068662016
786970,216475152156722944
1311258,220961159866483456
2359834,216457560239178496
3146266,76564497350853376
25626,72061111632921361
42010,216174375563428624
271386,216455575662232336
50202,216176291118842641
99354,216174100686570256
14362,72111689167799041
22554,72113742162166531
38938,216226868653720321
26650,72078703818965761
43034,216191967749473024
272410,216473167848276736
534554,72111689167800064
51226,216193883304887041
100378,216191692872614656
559130,216226868653721344
28698,72078566380012291
45082,216191692871566081
53274,216193745865933571
86042,72078497661584131
282650,216475152123167491
544794,72113673442690819
286746,216457637246534401
106522,216174117866439424
172058,220677700312896256
303130,504685951813944064
565274,216191692871567104
1089562,220677700581327616
2138138,216174100954022656
114714,216176162270872321
344090,216457568528106241
490,220697272513463056
874,220701670559974144
2410,220732525571474176
4458,220732456851997441
65898,220697276776973056
131434,229704471734653696
524650,220732456851998464
1048938,229704472003085056
3178,76617474917794576
33898,220697478621561616
10346,76617479212761856
67690,76617341775905536
133226,85624536733586176
264298,221014000531407616
1050730,85624537002017536
20586,76621666805875459
36970,220732525554696961
69738,76617273056428801
135274,85624468014109441
266346,221013931811930881
1052778,85624468282540801
41066,220697482916528896
73834,76582165993751296
98410,220697345479672576
163946,229704540437353216
557162,220732525554697984
1081450,229704540705784576
196714,85589287939085056
327786,220978751736906496
589930,76617273056429824
1114218,85589288207516416
393322,229985946694587136
655466,85624468014110464
786538,221013931811931904
1310826,229985946963018496
1572970,85624468282541824
3145834,85589284447388416
938,216180478813668112
2474,216193741605569296
4522,216193672886092561
8618,216176153714492176
16810,216180478746559249
33194,504406525571236624
131498,220679680327422736
262570,504687931828470544
524714,216193672886093584
1049002,220679680595854096
2097578,216176080968549136
1706,72065359390180144
17066,72074086763725585
33450,216180547466035984
66218,72065294967767824
262826,216461953723269904
3242,72078690935112496
9386,72061103044035376
66730,72060965607179056
263338,216457624362681136
34986,216193879010968336
41130,216176291119891216
73898,72060974197113616
98474,216176153683034896
327850,216457559940268816
1834,216180547466035984
2858,216198139652080384
4906,216198070932603649
9002,216180551761003264
33578,504410923617747712
131882,220684078373933824
262954,504692329874981632
525098,216198070932604672
1049386,220684078642365184
2097962,216180479015060224
3370,216193879010968336
9514,216176291119891216
34090,504406662976635664
66858,216176153683034896
6442,216228925944103681
10538,216193883305935616
35114,504424255162680064
67882,216193745869079296
526634,216228925944104704
20778,216198070899049219
69930,216193677149602561
528682,216228857224627969
41258,504406667271602944
82218,216180483010069249
98602,504406529834746624
295210,1081148752817816320
196906,220679684590932736
327978,504687936091980544
590122,216193677149603584
1114410,220679684859364096
2162986,216176085232059136
1179946,229686879817044736
3146026,220679681099236096
34346,216180684871435024
35370,216198277057479424
21034,72091678916215555
41514,216180689166402304
74282,72065372243624704
49706,216189343525503745
82474,72074091027235585
279082,216470749782737665
98858,216180551729545984
328234,216461957986779904
7210,72113875290424081
35882,216194153872098064
68650,72078695215399696
265258,216475353970901776
527402,72113875290425104
37930,216193878994191121
42026,216176565981020944
271402,216457766079824656
50218,216180684854657809
164906,220679886435521296
295978,504688137936569104
558122,216193878994192144
1082410,220679886703952656
2130986,216176287076647696
328746,216457628642968336
14378,72113879585391361
22570,72118135897981699
71722,72113742148535041
268330,216510400904037121
43050,216194158167065344
272426,216475358265869056
534570,72113879585392384
51242,216198277040702209
165930,220697478621565696
297002,504705730122613504
1083434,220697478889997056
2132010,216193879262692096
329770,216475220829012736
591914,72113742148536064
788522,216510400904038144
45098,216193883289158401
77866,72078566366380801
53290,216198139601748739
86058,72082887103480579
282666,216479545858982659
544810,72118067178505987
102442,216193745852302081
561194,216228925927327489
331818,216475152109536001
593962,72113673429059329
790570,216510332184561409
57386,216180689149625089
90154,72065372226847489
172074,220679890730488576
303146,504688142231536384
565290,216193883289159424
1089578,220679890998919936
2138154,216176291371614976
204842,76564573807710976
598058,72078566366381824
1122346,76564574076142336
2170922,72060974448837376
114730,216180551712768769
344106,216461957970002689
229418,220679753293632256
360490,504688004794680064
622634,216193745852303104
1146922,220679753562063616
2195498,216176153934758656
1212458,229686948519744256
3178538,220679749801935616
458794,220961159550866176
1245226,85571696021476096
852010,216475152109537024
1376298,220961159819297536
2424874,216457560191992576
3211306,76564497303667456
1441834,229968354776978176
3276842,85571692261348096
3407914,220961156059169536
970,220697272579523344
1482,220695142208635696
2506,220730326580724496
4554,220730257861247761
16842,220697272512414481
131530,229702272743904016
524746,220730257861248784
1049034,229702273012335376
1738,76582153156035376
2762,76617337528124176
4810,76617268808647441
33482,220697341231891216
131786,85589283691303696
262858,220978747489125136
525002,76617268808648464
1049290,85589283959735056
3274,76615275910267696
33994,220695279614034736
35018,220730463986123536
20682,76617268775093011
1866,220697341231891216
9034,220697345526858496
17226,220701670558925569
33610,508927717383602944
66378,220697276808430336
262986,509209123640836864
2097994,220697272780915456
3402,220730463986123536
10570,220730468281090816
18762,220732525570425601
35146,508960840137835264
133450,229737525801915136
1050954,229737526070346496
135498,229737457082438401
1053002,229737457350869761
147786,229704471733605121
541002,220732456850949889
1065290,229704472002036481
655690,229737457082439424
1573194,229737457350870784
3146058,229702273515717376
3658,76617474933523216
34378,220697478637290256
10826,76617479228490496
133706,85624536749314816
264778,221014000547136256
1051210,85624537017746176
21066,76621666821604099
37450,220732525570425601
135754,85624468029838081
266826,221013931827659521
1053258,85624468298269441
41546,220697482932257536
164426,229704540453081856
557642,220732525570426624
1081930,229704540721513216
393802,229985946710315776
655946,85624468029839104
787018,221013931827660544
1311306,229985946978747136
1573450,85624468298270464
3146314,85589284463117056
19530,76617474916746001
35914,220730738847253264
134218,85622475148235536
265290,221011938946056976
1051722,85622475416666896
21578,76617337477792531
37962,220730463969346321
50250,220697478620513041
164938,229702478852002576
558154,220730463969347344
1082442,229702479120433936
22602,76687706221970179
38986,220800832713523969
26698,76617479211713281
43082,220730743142220544
75850,76615288779440896
141386,85622479443202816
272458,221011943241024256
1058890,85622479711634176
149578,85624536732537601
280650,221014000530359041
1067082,85624537000968961
100426,220730468265362176
297034,509242315097768704
559178,220800832713524992
2132042,220730464237847296
395338,230019000761848576
1312842,230019001030279936
3147850,85622338514649856
28746,76617341772759811
45130,220730468264313601
86090,76617273054331651
544842,76687637502494467
2117706,76617269026816771
168010,229737525785137921
1085514,229737526053569281
397386,230018932042371841
1314890,230018932310803201
3149898,85622269795173121
57418,220697482915480321
106570,220695292483207936
172106,229702483146969856
565322,220730468264314624
1089610,229702483415401216
180298,229704540436304641
573514,220732525553649409
1097802,229704540704736001
409674,229985946693538561
671818,85624468013061889
802890,221013931810883329
1327178,229985946961969921
1589322,85624468281493249
3162186,85589284446339841
688202,229737525785138944
1605706,229737526053570304
3178570,229702342218416896
917578,230018932042372864
1835082,230018932310804224
3407946,229983748475650816
3670090,85622269795174144
2954,216193741671629584
5002,216193672952152849
9098,216176153780552464
17290,216180478812619537
33674,504406525637296912
66442,216176085062124304
131978,220679680393483024
263050,504687931894530832
525194,216193672952153872
1049482,220679680661914384
2098058,216176081034609424
5514,216191542581265201
66954,216173954691236656
132490,220677550022595376
263562,504685801523643184
525706,216191542581266224
1049994,220677550291026736
2098570,216173950663721776
6538,216226726953354001
10634,216191684315185936
18826,216193741604520721
35210,504422056171930384
526730,216226726953355024
528778,216226658233878289
24970,216176153713443601
41354,504404468280853264
74122,216173963281171216
49546,504406525570188049
82314,216176084995015441
147850,220679680326374161
278922,504687931827421969
541066,216193672885045009
1065354,220679680594805521
2113930,216176080967500561
295306,1081146553827066640
1180042,229684680826295056
3146122,220677482108486416
5770,72078553528664881
18058,72065359389131569
67210,72060965638636336
132746,76564560969995056
525962,72078553528665904
1050250,76564561238426416
2098826,72060961611121456
6794,72113737900753681
10890,72078695262585616
264842,216475216581231376
526986,72113737900754704
21130,72082882855699219
37514,216193741604520721
266890,216475147861754641
529034,72113669181277969
74378,72060974228570896
270986,216457628690154256
49802,216180547464987409
279178,216461953722221329
98954,216176153714492176
164490,220679749045850896
295562,504688000546898704
557706,216193741604521744
1081994,220679749314282256
2130570,216176149686977296
328330,216457559971726096
393866,220961155303084816
1180298,85571691773694736
787082,216475147861755664
1311370,220961155571516176
2359946,216457555944211216
3146378,76564493055886096
7306,72111676282897201
19594,72078690934063921
35978,216191954864571184
265354,216473154963374896
527498,72111676282898224
21642,72078553495110451
38026,216191679986664241
25738,72061103042986801
42122,216174366973494064
74890,72058912610714416
271498,216455567072297776
279690,216457624361632561
99466,216174092096635696
165002,220677687427994416
296074,504685938929042224
558218,216191679986665264
1082506,220677687696425776
2131082,216174088069120816
22666,72113737867199251
39050,216226864358753041
51338,216193879009919761
559242,216226864358754064
53386,216193741570966291
282762,216475147828200211
544906,72113669147723539
57482,216176291118842641
106634,216174100686570256
5898,216193741604520721
18186,216180547464987409
67338,216176153714492176
132874,220679749045850896
263946,504688000546898704
526090,216193741604521744
1050378,220679749314282256
2098954,216176149686977296
19210,216198139651031809
68362,216193745900536576
133898,220697341231895296
264970,504705592732943104
1051402,220697341500326656
2099978,216193741873021696
13066,216193745899488001
37642,504424117756232449
70410,216193677181059841
135946,220697272512418561
267018,504705524013466369
1053450,220697272780849921
2102026,216193673153544961
25354,216180551759954689
140042,220679753340818176
271114,504688004841865984
533258,216193745899489024
1057546,220679753609249536
2106122,216176153981944576
49930,504410923616699137
82698,216180483041526529
148234,220684078372885249
279306,504692329873933057
541450,216198070931556097
1065738,220684078641316609
2114314,216180479014011649
99082,504406529866203904
164618,508910125197562624
557834,504424117756233472
1082122,508910125465993984
2130698,504406525838689024
197386,220679684622390016
328458,504687936123437824
590602,216193677181060864
1114890,220679684890821376
2163466,216176085263516416
393994,509191531454796544
656138,220697272512419584
2229002,220679680594875136
787210,504705524013467392
1311498,509191531723227904
2360074,504687932095922944
1573642,220697272780850944
2622218,216193673153545984
7434,216226864358753041
19722,216193879009919761
527626,216226864358754064
21770,216193741570966291
25866,216176291118842641
75018,216174100686570256
50442,504406662975587089
296202,1081146691232465680
14602,216226868653720321
39178,504457240510464769
26890,216193883304887041
76042,216191692872614656
534794,216226868653721344
51466,504424255161631489
542986,216228925943056129
297226,1081164283418510080
559370,504457240510465792
28938,216193745865933571
53514,504424117722678019
86282,216193677147505411
151818,220697272478864131
282890,504705523979911939
1069322,220697272747295491
2117898,216193673119990531
57610,504406667270554369
90378,216176162270872321
106762,504404476838281984
303370,1081146695527432960
311562,1081148752816767745
1196298,229686879815996161
3162378,220679681098187521
3277066,229684681329677056
7690,72113875306152721
36362,216194153887826704
265738,216475353986630416
527882,72113875306153744
38410,216193879009919761
42506,216176565996749584
75274,72061111633969936
271882,216457766095553296
50698,216180684870386449
99850,216176291119891216
165386,220679886451249936
296458,504688137952297744
558602,216193879009920784
1082890,220679886719681296
2131466,216176287092376336
14858,72113879601120001
23050,72118135913710339
268810,216510400919765761
43530,216194158182793984
76298,72078703820014336
272906,216475358281597696
535050,72113879601121024
51722,216198277056430849
100874,216193883305935616
166410,220697478637294336
297482,504705730138342144
1083914,220697478905725696
2132490,216193879278420736
789002,216510400919766784
45578,216193883304887041
53770,216198139617477379
283146,216479545874711299
545290,72118067194234627
561674,216228925943056129
791050,216510332200290049
57866,216180689165353729
172554,220679890746217216
303626,504688142247265024
565770,216193883304888064
1090058,220679891014648576
2138634,216176291387343616
336394,216457637247582976
1212938,229686948535472896
3179018,220679749817664256
1442314,229968354792706816
3277322,85571692277076736
3408394,220961156074898176
39946,216227139219882769
269322,216508339318686481
44042,216192508898575120
52234,216194153871049489
281610,216475353969853201
543754,72113875289376529
560138,216227139219883792
789514,216508339318687504
29706,72078695212253971
283658,216475216530899731
545802,72113737850423059
562186,216226864341976849
58378,216176565979972369
91146,72061111617192721
287754,216457766078776081
107530,216174375547699984
336906,216455575646503696
115722,216176291103114001
181258,220679886434472721
312330,504688137935520529
574474,216193878993143569
1098762,220679886702904081
2147338,216176287075599121
1213450,229684886934393616
3179530,220677688216584976
47114,216227143514850049
79882,72111689152070401
276490,216508343613653761
88074,72113742146437891
153610,76617337477796611
546826,72184106594600707
1071114,76617337746227971
2119690,72113738118923011
104458,216226868637991681
169994,220730463969350401
301066,504738715470398209
563210,216297233086154497
1087498,220730464237781761
2136074,216226864610476801
59402,216194158166016769
92170,72078703803237121
288778,216475358264820481
550922,72113879584343809
108554,216191967733744384
567306,216227143514851072
337930,216473167832548096
600074,72111689152071424
796682,216508343613654784
116746,216193883289158401
182282,220697478620517121
313354,504705730121564929
1099786,220697478888948481
2148362,216193879261643521
804874,216510400902989569
624650,216226868637992704
690186,220730463969351424
1214474,229702479120438016
821258,504738715470399232
1607690,220730464237782784
2656266,216226864610477824
3180554,220695280402629376
94218,72078566364283651
290826,216475220825867011
552970,72113742145390339
110602,216191692855837441
569354,216226868636944129
118794,216193745850204931
184330,220697341181563651
315402,504705592682611459
1101834,220697341449995011
2150410,216193741822690051
348170,216475152107438851
610314,72113673426962179
413706,220978747438797571
675850,76617268758320899
1200138,85589283909407491
1331210,220978747707228931
2379786,216475148079923971
1593354,76617269026752259
2641930,72113669399447299
3166218,76582085191598851
188426,220679890729440001
319498,504688142230487809
581642,216193883288110849
1105930,220679890997871361
2154506,216176291370566401
352266,216457637230805761
237578,220677700297167616
368650,504685951798215424
630794,216191692855838464
1155082,220677700565598976
2203658,216174100938294016
1220618,229684891229360896
3186698,220677692511552256
1228810,229686948518695681
3194890,220679749800887041
1458186,229968354775929601
3293194,85571692260299521
3424266,220961156058120961
3309578,229684750032376576
3538954,229966156289610496
65778,4524503286677776
524530,4559679066735376
65906,76582097324605696
524658,76617273104663296
66162,4528901333188864
524914,4564077113246464
10354,4559893781545216
67698,4559756344688896
69746,4559687625212161
532594,4559756342592256
196722,13531702507868416
1114226,13531702776299776
655474,13566878287926016
1572978,13566878556357376
65970,72060905578299664
66226,7709586882832
3250,21101225705776
33970,72061103077589296
525490,20963786752816
10418,21109815640336
67762,20972378784016
526514,56148158841616
69810,20903659307281
528562,56079439364881
41138,72061111667523856
73906,3397372608784
532658,20972376687376
82098,7709519773969
98482,72060974230667536
196786,4506911100637456
327858,72342380487901456
1114290,4506911369068816
2162866,3311741763856
66354,72065303624810752
9522,72061111667523856
34098,216176291153445136
66866,72060974230667536
10546,72078703853568256
35122,216193883339489536
67890,72078566416711936
526642,72113742196769536
69938,72078497697235201
528690,72113673477292801
74034,72060991410536704
270642,216457637281136896
532786,72078566414615296
82226,72065303557701889
557362,216193745900536576
196914,76564505138565376
1114418,76564505406996736
2162994,72060905779691776
786738,216475152157770496
9778,7915676107024
67122,7778239250704
10802,25507862151424
68146,25370425295104
526898,60546205352704
21042,34089206808835
70194,25301705818369
528946,60477485875969
25138,16574330175745
41522,72065509714034944
74290,7795419119872
533042,25370423198464
541234,34089206809345
98866,72065372277178624
197170,4511309147148544
328242,72346778534412544
1114674,4511309415579904
2163250,7709788274944
68658,21109784183056
527410,56285564240656
74802,3534778007824
533554,21109782086416
99378,72061111636066576
590898,20972345230096
14386,56294154174721
71730,56156717318401
75826,21126964052224
100402,72078703822110976
559154,72113879602168576
536626,56156715221761
86066,25301672263939
544818,60477452321539
106546,72061128815935744
303154,216457774686535936
565298,72078703820014336
598066,20989525099264
606258,25301672264449
360498,216457637249679616
622642,72078566383158016
720946,4524503253127936
1245234,13514110590259456
852018,72359972640391936
1638450,4524503521559296
2687026,20903894254336
3211314,4506911872450816
525010,4559679132795664
3282,4557686200860976
9426,4522510418706736
525522,4557548761908016
10450,4557694790795536
20690,4559679065686291
532690,4557557351842576
540882,4559679065686801
590034,4557488633414416
655570,13564679297176336
1573074,13564679565607696
525138,76617273170723584
10578,76615288828723456
35154,220730468314644736
20818,76617273103614211
41298,220695292532490496
532818,76615151389770496
541010,76617273103614721
557394,220730330875691776
590162,76615082671342336
655698,85622273335104256
786770,221011737132925696
1573202,85622273603535616
3666,4559885224116496
9810,4524709441962256
525906,4559747785163536
35410,76617479262044416
68178,4559756376146176
133714,13566947039908096
526930,4630116529341184
1051218,13566947308339456
12882,4559756375097601
21074,4564077112197379
70226,4559687656669441
135762,13566878320431361
528978,4630047809864449
1053266,13566878588862721
41554,76582303479890176
139858,13531771257753856
1057362,13531771526185216
541266,4564077112197889
557650,76617341823091456
197202,13531702539325696
1114706,13531702807757056
787026,76898748080325376
2622034,4559679334187776
3146322,13531694753710336
533586,4557694757241616
26706,4559893780496641
141394,13564894011986176
534610,4628063501419264
1058898,13564894280417536
28754,4559756341543171
86098,4559687623115011
151634,13566878286876931
544850,4630047776310019
1069138,13566878555308291
548946,4559756341543681
565330,76615288795169536
663634,13564756573033216
1581138,13564756841464576
606290,4559687623115521
671826,13566878286877441
1589330,13566878555308801
720978,13564687854605056
1638482,13564688123036416
3670098,13564680068989696
1938,72060965838913840
9106,72060974428848400
33682,216176153914769680
66450,72060905710420240
263058,216457560172003600
525202,72078489305482000
9618,72058912710328624
34194,216174092196249904
41362,216174100786184464
3730,21101291766064
34450,72061103143649584
67218,3380257751344
525970,20963852813104
10898,21109881700624
526994,56148224901904
529042,56079505425169
41618,72061111733584144
533138,20972442747664
590482,20903724319504
7314,54086573490481
11410,19185669243184
19602,21101224657201
68754,18910792384816
13458,18910791336241
21650,20963785703731
529554,53949134537521
42130,72059187521126704
74898,1335786209584
140434,4504918232666416
271506,72340387619930416
1057938,4504918501097776
2106514,1318873792816
50322,72061103076540721
83090,3380190642481
541842,20963785704241
99474,72058912644268336
296082,216455567105851696
558226,72076496239330096
590994,18773353431856
14482,54095163425041
22674,56148157792531
26770,21109814591761
542866,56148157793041
559250,72111680611418896
592018,53957725520656
28818,20972375638291
536722,53957724472081
86162,20903657210131
594066,53889006043921
57490,72061111666475281
549010,20972375638801
303250,216455575695786256
565394,72076504829264656
606354,20903657210641
10002,72061111733584144
34578,216176291219505424
11026,72078703919628544
35602,216193883405549824
527122,72113742262829824
529170,72113673543353089
271122,216457637347197184
533266,72078566480675584
99090,216176162371535104
557842,216193745966596864
328466,216457568628769024
590610,72078497762247424
787218,216475152223830784
527634,72111680611418896
25874,72061111666475281
42258,216174375596982544
271634,216455575695786256
533778,72076504829264656
50450,216176291152396561
99602,216174100720124176
558354,216191684315185936
14610,72111689201352961
22802,72113742195720451
39186,216226868687274241
26898,72078703852519681
43282,216191967783026944
272658,216473167881830656
51474,216193883338440961
542994,72113742195720961
100626,216191692906168576
592146,72111551763448576
788754,216508206225031936
28946,72078566413566211
45330,216191692905120001
536850,72111551762400001
53522,216193745899487491
86290,72078497695138051
282898,216475152156721411
561426,216226731248321281
594194,72111483043971841
790802,216508137505555201
286994,216457637280088321
549138,72078566413566721
106770,216174117899993344
172306,220677700346450176
303378,504685951847497984
1089810,220677700614881536
2138386,216174100987576576
794898,216473030442877696
114962,216176162304426241
573714,216193745899488001
344338,216457568561660161
606482,72078497695138561
803090,216475152156721921
622866,216191555467215616
852242,216472961724449536
7698,56285596746001
11794,21384692498704
69138,21109815640336
13842,21109814591761
529938,56148157793041
26130,7915675058449
42514,72061386544382224
75282,3534809465104
140818,4507117255921936
271890,72342586643185936
1058322,4507117524353296
2106898,3517897048336
99858,72061111667523856
296466,216457766129107216
558610,72078695262585616
591378,20972376687376
23058,60546204303619
39442,72113879634673921
72210,56156748775681
530962,126516901970689
27154,25507861102849
43538,72078978730426624
76306,21126995509504
141842,4524709441966336
272914,72360178829230336
1059346,4524709710397696
2107922,21110083092736
543250,60546204304129
100882,72078703853568256
297490,216475358315151616
657938,4559747785167616
789010,72395217172431616
1575442,4559748053598976
2624018,56148426294016
29202,25370422149379
45586,72078703852519681
86546,25301703721219
561682,72113742195720961
659986,4559679065690881
791058,72395148452954881
1577490,4559679334122241
2626066,56079706817281
57874,72065509712986369
549394,25370422149889
107026,72061128847393024
172562,76564711293849856
1090066,76564711562281216
2138642,72061111934976256
598546,20989556556544
664082,4524572003013376
1188370,13514179340144896
795154,72360041390277376
1581586,4524572271444736
2630162,20972644139776
3154450,4506980622336256
606738,25301703721729
360978,216457637281136896
623122,72078566414615296
819730,216475220876198656
721426,4524503284585216
1245714,13514110621716736
852498,72359972671849216
1638930,4524503553016576
2687506,20903925711616
3211794,4506911903908096
1704466,13531694216778496
3277330,13514102567670016
3670546,4524495498969856
23570,56285563191571
535570,54370007778064
543762,56285563192081
592914,54095130919696
29714,21109781037331
537618,54095129871121
545810,56148124238611
549906,21109781037841
538642,124463874048769
55314,72113879601119491
88082,56156715221251
546834,126516868416259
567314,72111964045705984
600082,54112310788864
665618,4557694757245696
796690,72393164144509696
1583122,4557695025677056
2631698,54095398372096
575506,72113879601120001
608274,56156715221761
624658,72111689168847616
821266,216508343630430976
61458,72078703818965251
569362,72111689167799041
577554,72113742162166531
675858,4559679032136451
806930,72395148419400451
1593362,4559679300567811
2641938,56079673262851
319506,216457774685487361
581650,72078703818965761
827410,216473167848276736
524770,76617268809696016
525026,4564072818279184
3298,4559880896643376
525538,4559743457690416
590050,4559679035278096
655586,13566873992958736
1573090,13566874261390096
525154,76621666856207104
35170,220732663010427136
557410,220732525571474176
590178,76617273073206016
655714,85624468030886656
786786,221013931828708096
1573218,85624468299318016
21090,4572868877746435
541282,4572868877746945
590434,4564077081789184
655970,13571272039469824
1573474,13571272307901184
68706,4559885176930576
134242,13567080134611216
527458,4630249624044304
1051746,13567080403042576
74850,4524709394776336
533602,4559885174833936
558178,76617474917794576
590946,4559747737977616
656482,13566942695658256
1573986,13566942964089616
530530,4770849673446145
141410,13567084429578496
534626,4630253919011584
1058914,13567084698009856
100450,76617479214858496
165986,85624674172539136
297058,221014137970360576
559202,76687843661972224
1083490,85624674440970496
198754,13566946992722176
591970,4630116482155264
1116258,13566947261153536
657506,13637311439835904
1575010,13637311708267264
3147874,13566943501025536
77922,4559756327911681
86114,4564077065011459
151650,13571272022692099
544866,4634441512125187
1069154,13571272291123459
200802,13566878273245441
594018,4630047762678529
1118306,13566878541676801
659554,13637242720359169
1577058,13637242988790529
3149922,13566874781548801
106594,76582303432704256
565346,76617479212761856
204898,13531771210567936
1122402,13531771478999296
663650,13566946990625536
1581154,13566947259056896
606306,4564077065011969
671842,13571272022692609
1589346,13571272291123969
622690,76617341775905536
688226,85624536733586176
819298,221014000531407616
1605730,85624537002017536
852066,76898748033139456
2687074,4559679287001856
3211362,13531694706524416
917602,85905942990820096
1704034,31581272754098944
2752610,13566874244682496
1835106,85905943259251456
3490,72078690968666416
9634,72061103077589296
66978,72060965640732976
263586,216457624396235056
525730,72078553529713456
35234,216193879044522256
526754,72113737901802256
528802,72113669182325521
41378,216176291153445136
74146,72060974230667536
98722,216176153716588816
557474,216193741605569296
328098,216457559973822736
590242,72078489107301136
786850,216475147862803216
3746,25494977249584
9890,7907086172464
18082,16561445273905
34466,72065496829133104
67234,7769649316144
525986,25357538296624
527010,60541910385424
21154,34084911841555
529058,60473190908689
74402,7778239250704
82594,16497022861585
541346,34084911842065
590498,25293115884304
7330,56281269272881
68770,21101194248496
529570,56143830319921
533666,21101192151856
99490,72061103046132016
296098,216457761801634096
558242,72078690935112496
591010,20963755295536
75938,21109784183056
534690,56285564240656
559266,72113875307201296
592034,56148127384336
544930,60473157354259
594082,56079407907601
106658,72061111636066576
598178,20972345230096
34594,216180684904988944
35618,216198277091033344
527138,72118135948313344
21282,72091678949769475
529186,72118067228836609
41762,216180689199956224
74530,72065372277178624
49954,216189343559057665
82722,72074091060789505
279330,216470749816291585
541474,72091678949769985
99106,216180551763099904
557858,216198139652080384
328482,216461958020333824
590626,72082887153812224
787234,216479545909314304
527650,72113875307201296
75042,72061111636066576
99618,216176291121987856
558370,216193879010968336
39202,216229063383056641
76066,72078703822110976
534818,72113879602168576
100642,216193883308032256
592162,72113742165312256
788770,216510400920814336
545058,72118067195282179
561442,216228925944103681
594210,72113673445835521
790818,216510332201337601
565538,216193883305935616
336162,216457637249679616
598306,72078566383158016
622882,216193745869079296
852258,216475152126313216
527906,60679315784464
75298,7915644649744
23074,69337969852675
76322,25507830694144
535074,60683610751744
543266,69337969853185
559650,72118273353712384
592418,60546173895424
86562,34089175351555
594466,60477454418689
90658,16574298718465
107042,72065509682577664
598562,25370391741184
606754,34089175352065
23586,60679299006739
72738,56285549560081
531490,126649996673809
76834,21384645312784
535586,56560425370384
543778,60679299007249
560162,72114150168331024
658466,4559880879870736
789538,72395350267134736
1575970,4559881148302096
2624546,56281520997136
78882,21109767405841
537634,56285547463441
545826,60541860053779
562210,72113875290424081
594978,56148110607121
91170,7915627872529
107554,72061386497196304
205858,4507117208736016
336930,72342586596000016
1123362,4507117477167376
2171938,3517849862416
361506,216457766081921296
623650,72078695215399696
820258,216475353970901776
30754,60683593974019
538658,126654291641089
55330,72118273336934659
88098,60546157117699
546850,130910604231427
104482,72113879587488001
301090,216510538342990081
563234,72184244034601729
596002,126516854784769
92194,25507813916929
550946,60683593974529
108578,72078978683240704
567330,72114154463298304
206882,4524709394780416
337954,72360178782044416
1124386,4524709663211776
2172962,21110035906816
665634,4559885174838016
796706,72395354562102016
1583138,4559885443269376
2631714,56285815964416
575522,72118273336935169
608290,60546157118209
362530,216475358267965696
690210,76617474917798656
1607714,76617475186230016
2656290,72113875558925056
722978,4559747737981696
854050,72395217125245696
1640482,4559748006413056
2689058,56148379108096
1706018,13566942964093696
3672098,4559744246285056
94242,25370374963459
552994,60546155021059
110626,72078703805333761
569378,72113879585391361
577570,72118135897981699
675874,4564072767951619
806946,72399542155215619
1593378,4564073036382979
2641954,60473409078019
626722,72113742148535041
823330,216510400904037121
725026,4559679018504961
856098,72395148405768961
1642530,4559679286936321
2691106,56079659631361
1708066,13566874244616961
3674146,4559675526808321
122914,72065509665800449
614434,25370374963969
237602,76564711246663936
1155106,76564711515095296
2203682,72061111887790336
827426,216475358265869056
729122,4524571955827456
1253410,13514179292958976
860194,72360041343091456
1646626,4524572224258816
2695202,20972596953856
3219490,4506980575150336
884770,216475220829012736
1769506,13531694169592576
3342370,13514102520484096
3735586,4524495451783936
3801122,13531690409464576
525250,76617268875756304
3522,76615275943821616
34242,220695279647588656
525762,76615138504868656
35266,220730464019677456
20930,76617268808646931
541122,76617268808647441
557506,220730326580724496
655810,85622269040136976
786882,221011732837958416
1573314,85622269308568336
5826,4559743490195761
9922,4524700852027696
34498,76582290594988336
132802,13531758372852016
1050306,13531758641283376
10946,4559885224116496
35522,76617474967077136
133826,13566942744940816
527042,4630112234373904
1051330,13566943013372176
21186,4564072817230099
135874,13566874025464081
529090,4630043514897169
1053378,13566874293895441
533186,4559747785163536
541378,4564072817230609
557762,76617337528124176
590530,4559679066735376
787138,76898743785358096
2622146,4559675039220496
3146434,13531690458743056
19650,4559880895594801
134338,13564881127084336
527554,4628050616517424
1051842,13564881395515696
21698,4559743456641331
533698,4557686167307056
541890,4559743456641841
558274,76615275910267696
656578,13564743688131376
1574082,13564743956562736
151746,13566873991909651
544962,4630043481342739
1069250,13566874260341011
671938,13566873991910161
1589442,13566874260341521
3670210,13564675774022416
3906,76617474967077136
34626,220697478670844176
526146,76617337528124176
11074,76617479262044416
133954,85624536782868736
265026,221014000580690176
527170,76687706272301824
1051458,85624537051300096
21314,76621666855158019
37698,220732525603979521
136002,85624468063392001
267074,221013931861213441
529218,76687637552825089
1053506,85624468331823361
41794,220697482965811456
533314,76617341823091456
541506,76621666855158529
164674,229704540486635776
1082178,229704540755067136
590658,76617273104663296
394050,229985946743869696
1311554,229985947012301056
2622274,76617269077148416
3146562,85589284496670976
558402,220730463986123536
51522,220732663009378561
166210,229737663240868096
559426,220800832730301184
1083714,229737663509299456
53570,220732525570425091
151874,85624468029837571
282946,221013931827659011
545090,76687637519270659
1069378,85624468298268931
565570,220730468281090816
573762,220732525570425601
672066,85624468029838081
803138,221013931827659521
1589570,85624468298269441
688450,229737525801915136
1605954,229737526070346496
917826,230018932059149056
1835330,230018932327580416
3670338,85622269811950336
134722,13567080150339856
527938,4630249639772944
1052226,13567080418771216
534082,4559885190562576
558658,76617474933523216
656962,13566942711386896
1574466,13566942979818256
531010,4770849689174785
76354,4559893781545216
141890,13567084445307136
535106,4630253934740224
1059394,13567084713738496
166466,85624674188267776
297538,221014137986089216
559682,76687843677700864
1083970,85624674456699136
657986,13637311455564544
1575490,13637311723995904
3148354,13566943516754176
152130,13571272038420739
545346,4634441527853827
1069634,13571272306852099
660034,13637242736087809
1577538,13637243004519169
3150402,13566874797277441
565826,76617479228490496
598594,4559756342592256
664130,13566947006354176
1581634,13566947274785536
672322,13571272038421249
1589826,13571272306852609
688706,85624536749314816
819778,221014000547136256
1606210,85624537017746176
721474,13566878287926016
1638978,13566878556357376
918082,85905943006548736
1704514,31581272769827584
2753090,13566874260411136
1835586,85905943274980096
23618,4630249622995219
531522,4768788088095505
150594,13567080133562641
543810,4630249622995729
1068098,13567080401994001
658498,13635249854485264
1576002,13635250122916624
3148866,13564881915674896
29762,4559885173784851
54338,76617474916745491
152642,13566942694609171
545858,4630112184042259
1070146,13566942963040531
549954,4559885173785361
599106,4557694741512976
664642,13564885405274896
1582146,13564885673706256
574530,76617474916746001
672834,13566942694609681
1590338,13566942963041041
689218,85622475148235536
820290,221011938946056976
1606722,85622475416666896
3671106,13564744476721936
30786,4630253917962499
538690,4768792383062785
55362,76687843660923139
153666,13637311438786819
1071170,13637311707218179
563266,76826382126023425
661570,13775849903887105
1579074,13775850172318465
92226,4559893764768001
157762,13567084428529921
550978,4630253917963009
1075266,13567084696961281
206914,13564893996257536
600130,4628063485690624
1124418,13564894264688896
665666,13635254149452544
1583170,13635254417883904
3156034,13564886210642176
182338,85624674171490561
313410,221014137969312001
575554,76687843660923649
1099842,85624674439921921
673858,13637311438787329
1591362,13637311707218689
3164226,13566943499976961
428098,230019138200801536
690242,85692843892413184
821314,221082307690234624
1345602,230019138469232896
1607746,85692844160844544
3180610,85622475953602816
3672130,13635113220899584
61506,76617479211712771
94274,4559756325814531
159810,13566946989576451
553026,4630116479009539
1077314,13566947258007811
184386,85624536732537091
315458,221014000530358531
577602,76687706221970179
1101890,85624537000968451
217154,13566878271148291
610370,4630047760581379
1134658,13566878539579651
413762,85905942989771011
1200194,31581272753049859
2248770,13566874243633411
806978,76969112479204099
1331266,85905943258202371
2641986,4630043733066499
3674178,13635044501422849
581698,76617479211713281
614466,4559756325815041
680002,13566946989576961
1597506,13566947258008321
630850,76615288779440896
696386,85622479443202816
827458,221011943241024256
1613890,85622479711634176
729154,13564756557304576
1646658,13564756825735936
3678274,13564748771689216
704578,85624536732537601
835650,221014000530359041
1622082,85624537000968961
737346,13566878271148801
1654850,13566878539580161
933954,85905942989771521
1720386,31581272753050369
2768962,13566874243633921
1851458,85905943258202881
950338,230019000761848576
1867842,230019001030279936
3702850,85622338514649856
3735618,13564680053261056
3801154,31579074266731264
3932226,85903744771883776
3970,72078691034726704
10114,72061103143649584
264066,216457624462295344
526210,72078553595773744
35714,216193879110582544
527234,72113737967862544
529282,72113669248385809
41858,216176291219505424
557954,216193741671629584
787330,216475147928863504
7554,72111676316451121
19842,72078690967617841
36226,216191954898125104
265602,216473154996928816
21890,72078553528664371
38274,216191680020218161
529794,72111538877498161
25986,72061103076540721
42370,216174367007047984
75138,72058912644268336
271746,216455567105851696
533890,72076496239330096
279938,216457624395186481
542082,72078553528664881
99714,216174092130189616
165250,220677687461548336
296322,504685938962596144
1082754,220677687729979696
2131330,216174088102674736
787842,216473017557975856
22914,72113737900753171
39298,216226864392306961
534914,72111680611418896
51586,216193879043473681
543106,72113737900753681
788866,216508201930064656
53634,216193741604520211
283010,216475147861754131
561538,216226726953354001
790914,216508133210587921
57730,216176291152396561
106882,216174100720124176
565634,216191684315185936
573826,216193741604520721
803202,216475147861754641
11906,21376102564144
20098,25494976201009
36482,72078965845524784
69250,21101225705776
134786,4524696557064496
265858,72360165944328496
1052290,4524696825495856
2100866,21097198190896
13954,21101224657201
22146,25357537247539
38530,72078690967617841
26242,7907085123889
42626,72061377954447664
140930,4507108665987376
272002,72342578053251376
1058434,4507108934418736
2107010,3509307113776
50818,72065496828084529
542338,25357537248049
99970,72061103077589296
165506,76564698408948016
1083010,76564698677379376
2131586,72061099050074416
591490,20963786752816
657026,4524559118111536
1181314,13514166455243056
788098,72360028505375536
1574530,4524559386542896
2623106,20959759237936
3147394,4506967737434416
14978,56285596746001
23170,60541909336339
39554,72113875339706641
531074,126512607003409
76418,21109815640336
543362,60541909336849
297602,216475354020184336
592514,56148158841616
658050,4559743490200336
789122,72395212877464336
1575554,4559743758631696
2624130,56144131326736
537218,56148157793041
561794,72113737900753681
594562,56079439364881
660098,4559674770723601
791170,72395144157987601
1577602,4559675039154961
2626178,56075411850001
107138,72061111667523856
303746,216457766129107216
565890,72078695262585616
598658,20972376687376
819842,216475216581231376
1704578,13531689921811216
3277442,13514098272702736
3670658,4524491204002576
531586,124450989146929
535682,54361417843504
560258,72111951160804144
593026,54086540985136
658562,4557681872343856
789634,72393151259607856
1576066,4557682140775216
2624642,54082513470256
29826,21101191102771
537730,54086539936561
54402,72078690934063411
562306,72111676282897201
91266,3517596041521
550018,21101191103281
599170,18910758830896
312450,216457761800585521
574594,72078690934063921
820354,216473154963374896
30850,56285563191571
55426,72113875306152211
546946,126512573448979
551042,56285563192081
600194,54095130919696
575618,72113875306152721
821378,216508339335463696
553090,56148124238611
577666,72113737867199251
610434,56079405810451
675970,4559674737169171
807042,72395144124433171
1593474,4559675005600531
2642050,56075378295571
7938,72113875339706641
36610,216194153921380624
265986,216475354020184336
38658,216193879043473681
530178,72113737900753681
42754,216176566030303504
75522,72061111667523856
272130,216457766129107216
534274,72078695262585616
50946,216180684903940369
100098,216176291153445136
165634,220679886484803856
296706,504688137985851664
1083138,220679886753235216
2131714,216176287125930256
788226,216475216581231376
15106,72113879634673921
23298,72118135947264259
269058,216510400953319681
531202,72184106644931329
43778,216194158216347904
76546,72078703853568256
273154,216475358315151616
51970,216198277089984769
543490,72118135947264769
101122,216193883339489536
166658,220697478670848256
297730,504705730171896064
1084162,220697478939279616
2132738,216193879311974656
592642,72113742196769536
658178,76617337528128256
1575682,76617337796559616
2624258,72113738169254656
45826,216193883338440961
537346,72113742195720961
54018,216198139651031299
283394,216479545908265219
594690,72113673477292801
660226,76617268808651521
1577730,76617269077082881
2626306,72113669449777921
58114,216180689198907649
172802,220679890779771136
303874,504688142280818944
1090306,220679891048202496
2138882,216176291420897536
336642,216457637281136896
598786,72078566414615296
795394,216475220876198656
574210,216198139651031809
803586,216479545908265729
623362,216193745900536576
688898,220697341231895296
1213186,229686948569026816
819970,504705592732943104
1606402,220697341500326656
2654978,216193741873021696
3179266,220679749851218176
852738,216475152157770496
918274,220978747489129216
1442562,229968354826260736
1704706,85589283959739136
3277570,85571692310630656
1835778,220978747757560576
2884354,216475148130255616
3408642,220961156108452096
3670786,76582085241930496
23810,72113875306152211
544002,72113875306152721
560386,216227139236659984
789762,216508339335463696
54530,216193879009919251
546050,72113737867199251
562434,216226864358753041
574722,216193879009919761
30978,72113879601119491
284930,216510400919765251
547074,72184106611376899
563458,216297233102930689
551170,72113879601120001
567554,216227143531627264
600322,72111689168847616
796930,216508343630430976
805122,216510400919765761
624898,216226868654768896
690434,220730463986127616
821506,504738715487175424
1607938,220730464254558976
2656514,216226864627254016
61698,216193883304886531
553218,72113742162166531
569602,216226868653720321
610562,72113673443738371
676098,76617268775097091
1593602,76617269043528451
2642178,72113669416223491
123138,216176299709825281
581890,216193883304887041
631042,216191692872614656
24066,60679314735379
531970,126650012402449
536066,56560441099024
544258,60679314735889
560642,72114150184059664
593410,56285564240656
658946,4559880895599376
790018,72395350282863376
1576450,4559881164030736
2625026,56281536725776
538114,56285563192081
546306,60541875782419
562690,72113875306152721
599554,21109782086416
820738,216475353986630416
31234,60683609702659
80386,56294154174721
539138,126654307369729
55810,72118273352663299
547330,130910619960067
301570,216510538358718721
563714,72184244050330369
551426,60683609703169
567810,72114154479026944
666114,4559885190566656
797186,72395354577830656
1583618,4559885458998016
2632194,56285831693056
576002,72118273352663809
625154,72113879602168576
690690,76617474933527296
1608194,76617475201958656
2656770,72113875574653696
1706498,13566942979822336
3672578,4559744262013696
553474,60546170749699
569858,72113879601120001
602626,56156715221761
578050,72118135913710339
610818,60477452321539
676354,4564072783680259
807426,72399542170944259
1593858,4564073052111619
2642434,60473424806659
823810,216510400919765761
1708546,13566874260345601
3674626,4559675542536961
369154,216457774686535936
631298,72078703820014336
827906,216475358281597696
3801602,13531690425193216
31746,56560424321299
56322,72114150167281939
89090,56285547462931
154626,4559880878821651
285698,72395350266085651
1072130,4559881147253011
2120706,56281519948051
551938,56560424321809
568322,72112505194808080
601090,54369992049424
576514,72114150167282449
609282,56285547463441
674818,4559880878822161
805890,72395350266086161
1592322,4559881147253521
2640898,56281519948561
822274,216508614196593424
1707010,13564881378743056
3673090,4557682660934416
95234,21109765308691
603138,54095114142481
316418,216475353969852691
611330,56148108509971
676866,4559743439868691
807938,72395212827132691
1594370,4559743708300051
2642946,56144080995091
824322,216508339318686481
615426,21109765309201
836610,216475353969853201
63490,72114154462249219
161794,4559885173788931
292866,72395354561052931
1079298,4559885442220291
2127874,56285814915331
604162,124463858320129
120834,72113879585390851
186370,76617474916749571
1103874,76617475185180931
2152450,72113875557875971
612354,126516852687619
677890,4630112184046339
1202178,13566942963044611
808962,72465581571310339
1595394,4630112452477699
2643970,126512825172739
3168258,4559744245235971
825346,216578708062864129
583682,72114154462249729
681986,4559885173789441
813058,72395354561053441
1599490,4559885442220801
2648066,56285814915841
632834,72111964029977344
829442,216508618491560704
731138,4557694741517056
862210,72393164128781056
1648642,4557695009948416
2697218,54095382643456
1714178,13564885673710336
3680258,4557686955901696
641026,72113879585391361
706562,76617474916750081
1624066,76617475185181441
2672642,72113875557876481
1722370,13566942963045121
3688450,4559744245236481
886786,216508343614702336
952322,221011938946061056
1738754,85622475416670976
1869826,221011939214492416
2918402,216508339587187456
3704834,76615276698862336
3803138,13564744476726016
126978,72078703803236611
323586,216475358264819971
684034,4559747734835971
815106,72395217122099971
1601538,4559748003267331
2650114,56148375962371
634882,72111689152070401
831490,216508343613653761
643074,72113742146437891
708610,76617337477796611
1626114,76617337746227971
2674690,72113738118923011
741378,4559679016407811
872450,72395148403671811
1658882,4559679284839171
2707458,56079657534211
937986,76898743735030531
2772994,4559674988892931
3297282,13531690408415491
1855490,76898744003461891
2904066,72395144376156931
3805186,13564675757249281
385026,216457774669758721
647170,72078703803237121
843778,216475358264820481
892930,216473167832548096
3817474,13531690408416001
65852,216173894563860736
66108,72060905511260416
131420,229701177527316736
524636,220729162644656896
655452,85621173789995776
9372,72057813131661616
33948,216172992617582896
41116,216173001207517456
9500,216173001207517456
10524,216190593393561856
526620,216225631736763136
528668,216225563017286401
41244,504403377359229184
139548,220676463395942656
532764,216190455954608896
2105628,216172864037130496
196892,220676394677514496
590108,216190387236180736
2162972,216172795318702336
655644,220693978272576256
1179932,229683585609707776
2228508,220676386355097856
2621724,216190378913764096
3146012,220676386891960576
41500,216174100719145216
534556,72110589656240896
559132,216225769142162176
172060,220676600801341696
565276,216190593360007936
2138140,216173001442529536
3276828,85568398037299456
655468,85622268990927616
66348,216176084997181696
131884,220679680327495936
525100,216193672886162176
2097964,216176080968683776
559148,216226864343094016
544812,72113669132063491
106540,216174100671959296
3276844,85569493238231296
131532,229701173232349456
524748,220729158349689616
655564,85621169495028496
131916,229702272743977216
525132,220730257861317376
133452,229736426290360576
135500,229736357570883841
2228556,229701173467361536
1573196,229736357839311616
2621772,220729158584701696
3146060,229701174004224256
655948,85622269006656256
134220,85621375636680976
164940,229701379340448016
558156,220729364457788176
656460,85621238197728016
141388,85621379931648256
559180,220799733201965824
1083468,229736563980964096
2132044,220729364726354176
395340,230017901250294016
657484,85691606941905664
2230348,85621238466294016
3147852,85621239003156736
151628,85622268989878531
168012,229736426273583361
397388,230017832530817281
659532,85691538222428929
2232396,85621169746817281
3149900,85621170283680001
172108,229701383635415296
565324,220729368752755456
663628,85621242492695296
671820,85622268989879041
2261068,229701242170061056
1605708,229736426542011136
2654284,220729227287401216
3178572,229701242706923776
720972,85621173774267136
2490444,229982648427294976
1704012,103635568256168704
3276876,103600384421081344
1835084,230017832799245056
2883660,221010633544635136
3407948,229982648964157696
3468,216190580508660016
9612,216172992617582896
34188,504403364474327344
132492,220676450511040816
525708,216190443069707056
2098572,216172851152228656
526732,216225627441795856
528780,216225558722319121
655756,220693973977608976
1180044,229683581314740496
2228620,220676382060130576
2621836,216190374618796816
3146124,220676382596993296
34444,216174087834243376
527500,72110576771339056
165004,220676587916439856
558220,216190580475106096
2131084,216172988557627696
559244,216225764847194896
3276940,85568393742332176
527116,216226726953423616
21260,216193672885113091
529164,216226658233946881
148236,220679680326447361
541452,216193672885113601
2114316,216176080967635201
656140,220695073489236736
1180428,229684680826368256
2229004,220677481571758336
2622220,216191474130424576
3146508,220677482108621056
527628,216225764847194896
534796,216225769142162176
559372,504456140998906624
657676,220729227035620096
2623756,216225627676807936
545036,216226658200392451
659724,220729158316143361
2625804,216225558957331201
1704204,229701173467230976
2752780,220693974212621056
3670284,220693974749483776
559628,216226864358822656
545292,72113669147792131
3277324,85569493253959936
560140,216226039708324624
658444,76614176381940496
789516,216507239807128336
2624524,72110577023128336
562188,216225764830417681
689164,220694180085707536
1213452,229683787422839056
2262028,220676588168229136
2655244,216190580726895376
3179532,220676588705091856
3277836,85568462445031696
55308,216226864342044931
169996,220729364457795841
563212,216296133574595329
2136076,216225765098983681
567308,216226044003291904
600076,72110589640512256
665612,76614180676907776
796684,216507244102095616
2631692,72110581318095616
575500,216226864342045441
624652,216225769126433536
1214476,229701379608883456
2263052,220694180354273536
821260,504737615958840064
1607692,220729364726223616
3180556,220694180891136256
919564,221010701995553536
1705996,85621238466163456
2754572,76614039211553536
3278860,85586054631076096
2885644,216507102636741376
3672076,76614039748416256
569356,216225769125384961
577548,216226726903091971
675852,76615069735138051
806924,216508133160325891
2641932,72111470376325891
692236,220729227018842881
2658316,216225627660030721
921612,221010633276076801
1708044,85621169746686721
2756620,76613970492076801
3280908,85585985911599361
2887692,216507033917264641
3674124,76613971028939521
237580,220676600785613056
630796,216190593344279296
2203660,216173001426800896
696332,220694184380674816
1220620,229683791717806336
2269196,220676592463196416
2662412,216190585021862656
3186700,220676593000059136
3285004,85568466739998976
3293196,85569493237182721
1736716,229701242169930496
2785292,220694042915320576
3702796,220694043452183296
3342348,85568398021570816
1966092,229982648427164416
3014668,220975449172554496
3932172,220975449709417216
66164,4524503286747136
131700,13531693949464576
196724,13529503484686336
66228,3311540441104
9396,1318606409776
66740,1181169553456
82100,3311473332241
196788,4504712077455376
2162868,1112718643216
66356,72060905578369024
41268,216174100720193536
82228,72060905511260161
98612,216173963283337216
196916,76562306115383296
327988,216455369540571136
2162996,72058706756571136
9780,3517629665296
67124,3380192808976
10804,21109815709696
68148,20972378853376
70196,20903659376641
41524,72061111667593216
74292,3397372678144
139828,4506979818090496
2105908,3380459278336
82484,7709519843329
98868,72060974230736896
328244,72342380487970816
590388,20903659376896
1114676,4506911369138176
1180212,13514102031855616
2228788,4506902777245696
3146292,4506903314108416
86068,20903625822211
213044,4506911067156481
2179124,3311708344321
1245236,13511911567077376
2293812,4504712312467456
3211316,4504712849330176
3276852,13511903512047616
3284,4556586689302576
9428,4521410907148336
132308,13528464133009456
10452,4556595279237136
133332,13563648505098256
135380,13563579785621521
139476,13528472722944016
196820,13528404004515856
655572,13563579785621776
2228436,13528395682099216
3145940,13528396218961936
10580,76614189317165056
35156,220729368803086336
133460,85621242543026176
135508,85621173823549441
41300,220694193020932096
139604,85586066760871936
164180,229701246246793216
196948,85585998042443776
393556,229982652504027136
655700,85621173823549696
2228564,85585989720027136
3146068,85585990256889856
10836,4557694790864896
133716,13564748016726016
21076,4559679065755651
135764,13564679297249281
139860,13529572234571776
148052,13531693948416001
197204,13529503516143616
655956,13564679297249536
2228820,13529495193726976
3146324,13529495730589696
134228,13563785910497296
140372,13528610128343056
1058900,13563794768859136
2107476,4556595514249216
165972,85621379948425216
198740,13563657062526976
2230356,13563648740110336
3147860,13563649276973056
143444,13563657061478401
151636,13564679263694851
200788,13563588343050241
2232404,13563580020633601
3149908,13563580557496321
172116,85586204166270976
663636,13563657061478656
2236500,13528472957956096
3154004,13528473494818816
720980,13563588343050496
2293844,13528404239527936
3211348,13528404776390656
2752596,13563580020633856
3276884,31542794694897664
3670100,13563580557496576
9620,72057813198770224
34196,216172992684691504
41364,216173001274626064
9876,1318672470064
7316,52987061932081
11412,18086157684784
68756,17811280826416
134292,4521402317221936
527508,52987061932336
2100372,17802958409776
13460,17811279777841
25748,1318605361201
42132,72058088009568304
74900,236274651184
271508,72339288108372016
533652,17811279778096
1057940,4503818989539376
99476,72057813132709936
165012,76561404169105456
296084,216454467594293296
2131092,72057804810293296
197780,4503681283207216
2163860,81924395056
1180820,13510872215400496
2229396,4503672960790576
3146900,4503673497653296
14484,52995651866641
141460,4521410907156496
534676,52995651866896
2107540,17811548344336
172180,76561412759040016
303252,216454476184227856
2138260,72057813400227856
1187988,13510880805335056
2236564,4503681550725136
3154068,4503682087587856
1245332,13510812086906896
2293908,4503612832296976
3211412,4503613369159696
41748,216174100786253824
42260,216173276085424144
140564,76561412759040016
271636,216454476184227856
2106644,72057813400227856
99604,216173001208565776
165140,220676592244961296
2131220,216172992886149136
14612,72110589689794561
39188,216225769175715841
43284,216190868271468544
141588,76579004945084416
272660,216472068370272256
534804,72110589689794816
2107668,72075405586272256
100628,216190593394610176
166164,220694184431005696
559380,216225769175716096
2132244,216190585072193536
45332,216190593393561601
57620,216174100719144961
106772,216173018388434944
303380,504684852335939584
565524,216190593393561856
1089812,220676601103323136
401684,220957938372653056
1188116,85568474843262976
2236692,76561275588653056
2367764,216454339013840896
3154196,76561276125515776
229652,220676463396990976
2195732,216172864038178816
1212692,229683654329184256
2261268,220676455074574336
3178772,220676455611437056
459028,220957869654224896
1245460,85568406124834816
2294036,76561206870224896
2425108,216454270295412736
3211540,76561207407087616
1442068,229965060586418176
2490644,220957861331808256
3408148,220957861868670976
26132,3517628616721
140820,4504918232739856
2106900,1318873927696
14868,54095163494401
23060,56148157861891
27156,21109814661121
141844,4522510418784256
535060,54095163494656
2107924,18911059972096
29204,20972375707651
86548,20903657279491
152084,4524494693675011
545300,56079438385411
2118164,20895334862851
57876,72061111666544641
156180,4506979817041921
2122260,3380458229761
172564,76562512270667776
303636,216455575695855616
2138644,72058912911855616
1188372,13511980316962816
2236948,4504781062352896
3154452,4504781599215616
213524,4506911098613761
2179604,3311739801601
1196564,13514102030807041
2245140,4506902776197121
3162644,4506903313059841
1245716,13511911598534656
2294292,4504712343924736
3211796,4504712880787456
1188884,13511018210734096
2237460,4503818956124176
3154964,4503819492986896
3277844,13510872718848016
30740,54095129939971
145428,4556595245690881
2111508,52995886878721
665620,4556595245691136
1189908,13528610396778496
2238484,4521411142168576
2631700,52995886878976
3155988,4521411679031296
3278868,13528464904892416
3280916,13528396185415681
434196,220958075778052096
1220628,85568612248662016
2269204,76561412994052096
2400276,216454476419239936
3186708,76561413530914816
3293204,13511903510999041
3309588,85568466756775936
3538964,85849873014009856
3801108,13528396185415936
131812,13531689654497296
131940,85589283692425216
133732,13566942712508416
135780,13566873993031681
197220,13531693918007296
655972,13566873993031936
2228836,13531689889509376
3146340,13531690426372096
134244,13564881111429136
75876,4557694743678976
141412,13564885406396416
149604,13566942695731201
165988,85622475149357056
198756,13564747969540096
2230372,13564743941042176
3147876,13564744477904896
86116,4559679018569731
1069156,13566874244681731
2117732,4559674990071811
200804,13564679250063361
2232420,13564675221565441
3149924,13564675758428161
204900,13529572187385856
213092,13531693901230081
671844,13566873976254721
2244708,13531689872732161
3162212,13531690409594881
720996,13564679250063616
2293860,13529495146541056
3211364,13529495683403776
2752612,13564675221565696
3276900,31543889895829504
3670116,13564675758428416
34212,216174087835291696
3748,21096930807856
9892,3509039730736
34468,72061098782691376
67236,3371602874416
132772,4506966933188656
2098852,3367574376496
74404,3380192808976
197284,4506902510776336
2163364,3303151964176
1180324,13514097736888336
2228900,4506898482278416
3146404,4506899019141136
74916,1318574952496
3276964,13511899217080336
34596,216176286858547216
35620,216193879044591616
41764,216176291153514496
74532,72060974230736896
99108,216176153716658176
164644,220679749046972416
2130724,216176149688160256
197412,76564496548704256
328484,216457559973892096
2163492,72060897189892096
394020,220961155304206336
1180452,85571691774816256
2229028,76564492520206336
2360100,216457555945394176
3146532,76564493057069056
106788,216174100688736256
3277092,85569493255008256
75300,3517598208016
76324,21109784252416
107044,72061111636135936
205348,4506979786633216
2171428,3380427821056
1245732,13514102000398336
2294308,4506902745788416
3211812,4506903282651136
23588,56281252565011
91172,3517581430801
205860,4504918185553936
2171940,1318826741776
3277860,13511967919779856
30756,56285547532291
79908,54095116308481
55332,72113875290492931
88100,56148110675971
153636,4559743440990211
2119716,56144082178051
92196,21109767475201
206884,4522510371598336
600100,54095116308736
2172964,18911012786176
3278884,13529560105824256
94244,20972328521731
217124,4524494646489091
610340,56079391199491
2183204,20895287676931
675876,4559674721513731
1200164,13531689872601091
2248740,4524490617991171
2641956,56075362701571
3166244,4524491154853891
3280932,13529491386347521
122916,72061111619358721
221220,4506979769856001
2187300,3380411043841
237604,76562512223481856
368676,216455575648669696
2203684,72058912864669696
1253412,13511980269776896
2301988,4504781015166976
3219492,4504781552029696
3285028,13511972214747136
1261604,13514101983621121
2310180,4506902729011201
3227684,4506903265873921
3309604,85569561957707776
3538980,85850968214941696
3801124,13529491386347776
3524,76614176432263216
34244,220694180136030256
132548,85586053875970096
35268,220729364508119056
133572,85621238248058896
135620,85621169528582161
164292,229701241951825936
393668,229982648209059856
655812,85621169528582416
2228676,85585985425059856
3146180,85585985961922576
3780,4557681905963056
132804,13529559349669936
133828,13564743721758736
21188,4559674770788371
135876,13564675002282001
148164,13531689653448721
656068,13564675002282256
2228932,13529490898759696
3146436,13529491435622416
1051844,13563781883957296
2100420,4556582629347376
136388,13563644176576561
140484,13528601538408496
165060,85586191281369136
656580,13563644176576816
2229444,13528460073054256
3146948,13528460609916976
141508,13563785910497296
166084,85621375653457936
2230468,13563644445143056
3147972,13563644982005776
151748,13564674968727571
2232516,13563575725666321
3150020,13563576262529041
2752708,13563575725666576
3276996,31542790399930384
3670212,13563576262529296
35652,220730464019746816
133956,85622337759686656
21316,76617268808716291
136004,85622269040209921
148292,85589283691376641
164676,229702341463453696
394052,229983747720687616
656196,85622269040210176
2229060,85587084936687616
3146564,85587085473550336
134468,85621375653457936
165188,229701379357224976
141636,85621379948425216
1083716,229736563997741056
2132292,220729364743131136
395588,230017901267070976
2230596,85621238483070976
3148100,85621239019933696
151876,85622269006655491
168260,229736426290360321
397636,230017832547594241
2232644,85621169763594241
3150148,85621170300456961
172356,229701383652192256
688452,229736426290360576
2261316,229701242186838016
3178820,229701242723700736
917828,230017832547594496
2490692,229982648444071936
2752836,85621169763594496
3277124,103600384437858304
3408196,229982648980934656
3670340,85621170300457216
134724,13564881127157776
141892,13564885422125056
150084,13566942711459841
166468,85622475165085696
2230852,13564743956770816
3148356,13564744493633536
1069636,13566874260410371
2118212,4559675005800451
2232900,13564675237294081
3150404,13564675774156801
672324,13566873991983361
2245188,13531689888460801
3162692,13531690425323521
2753092,13564675237294336
3277380,31543889911558144
3670596,13564675774157056
138308,13634150342930449
142404,13564060771627024
150596,13564881110380561
166980,85621650514587664
199748,13563785894768656
396356,85902850613391376
658500,13634150342930704
1182788,31578180376670224
144452,13563785893720081
152644,13564743671427091
169028,85621375636680721
2233412,13563644428365841
3150916,13563644965228561
205892,13528610112614416
664644,13563785893720336
2237508,13528601790197776
3155012,13528602327060496
427076,229982854317158416
689220,85621375636680976
2262084,85586191533158416
3179588,85586192070021136
2753604,13563644428366096
3277892,31542859102629904
3671108,13563644965228816
145476,13634154637897729
153668,13635112415604739
170052,85691744380858369
661572,13774750392332545
2234436,13634013172543489
3151940,13634013709406209
157764,13564885405347841
174148,85621654809554944
1124420,13563794753130496
2172996,4556595498520576
403524,85902854908358656
665668,13634154637897984
1189956,31578184671637504
182340,85622475148308481
2246724,13564743939993601
3164228,13564744476856321
231492,85621379932696576
690244,85691744380858624
1214532,103635774414598144
1345604,230018038957674496
2394180,221010839703064576
2295876,13563648724381696
3213380,13563649261244416
2492484,85902713443004416
2754628,13634013172543744
3409988,85902713979867136
3672132,13634013709406464
159812,13564747966394371
176196,85621379931648001
208964,13563657045749761
2240580,13563648723333121
3158084,13563649260195841
184388,85622337709355011
217156,13564679247966211
413764,85903743966588931
675908,13635043696128259
1200196,31579073729867779
430148,230017901250293761
2265156,85621238466293761
3182660,85621239003156481
2297924,13563580004904961
3215428,13563580541767681
2494532,85902644723527681
2756676,13633944453067009
3412036,85902645260390401
3674180,13633944989929729
237636,85586204150542336
434244,229982858612125696
696388,85621379931648256
2269252,85586195828125696
3186756,85586196364988416
729156,13563657045750016
2302020,13528472942227456
3219524,13528473479090176
2760772,13563648723333376
3285060,31542863397597184
3678276,13563649260196096
2768964,13564675220517121
3293252,31543889894780929
3686468,13564675757379841
950340,230017901250294016
2523204,229982717146771456
2785348,85621238466294016
3309636,103600453140557824
3440708,229982717683634176
3702852,85621239003156736
2818116,13563580004905216
3342404,31542794679169024
3735620,13563580541767936
3014724,85902644723527936
3539012,103881859397791744
3932228,85902645260390656
34692,216174087901351984
7556,72110576804892721
36228,216190855386566704
134532,76578992060182576
265604,216472055485370416
527748,72110576804892976
2100612,72075392701370416
38276,216190580508659761
42372,216173267495489584
75140,72057813132709936
140676,76561404169105456
271748,216454467594293296
2106756,72057804810293296
50564,216174087834243121
99716,216172992618631216
296324,504684839451037744
558468,216190580508660016
1082756,220676588218421296
394628,220957925487751216
1181060,85568461958361136
2229636,76561262703751216
2360708,216454326128939056
3147140,76561263240613936
39300,216225764880748561
166276,220694180136038416
559492,216225764880748816
2132356,216190580777226256
106884,216173001208565776
172420,220676592244961296
2138500,216172992886149136
1212804,229683650034216976
2261380,220676450779607056
3178884,220676451316469776
1442180,229965056291450896
2490756,220957857036840976
3408260,220957857573703696
7812,54082278592561
20100,21096929759281
134788,4522497533882416
528004,54082278592816
2100868,18898175070256
22148,20959490805811
26244,3509038682161
75396,1318606409776
140932,4504909642805296
2107012,1310283993136
50820,72061098781642801
149124,4506966932140081
2115204,3367573327921
165508,76562499385765936
296580,216455562810953776
2131588,72058900026953776
1181316,13511967432060976
2229892,4504768177451056
3147396,4504768714313776
23172,56143862894611
152196,4524490398707731
545412,56075143418131
2118276,20891039895571
1196676,13514097735839761
2245252,4506898481229841
3162756,4506899018092561
23684,54082245038131
138372,4556582360789041
2104452,52983001976881
658564,4556582360789296
1182852,13528597511876656
2231428,4521398257266736
2624644,52983001977136
3148932,4521398794129456
205956,4503818688606256
2172036,219329794096
1188996,13511009620799536
2237572,4503810366189616
3155076,4503810903052336
427140,220958062893150256
1213572,85568599363760176
2262148,76561400109150256
2393220,216454463534338096
3179652,76561400646012976
3278980,13528460609925136
3281028,13528391890448401
3285124,13510872718848016
3293316,13511899216031761
3309700,85568462461808656
3342468,13510804000419856
3539076,85849868719042576
3801220,13528391890448656
50948,216176286857498641
165636,220677687461621776
2131716,216174088102809616
23300,72113737900822531
39684,216226864392376321
51972,216193879043543041
166660,220695279647666176
559876,216226864392376576
2132740,216191680288854016
54020,216193741604589571
152324,76582084436635651
283396,216475147861823491
545540,72113669181346051
2118404,72078485077823491
58116,216176291152465921
107268,216174100720193536
172804,220677691756589056
2138884,216174092397776896
180996,220679749045923841
2147076,216176149687111681
410372,220961155303157761
1196804,85571691773767681
2245380,76564492519157761
2376452,216457555944345601
3162884,76564493056020481
1213188,229684749545844736
2261764,220677550291234816
3179268,220677550828097536
1442564,229966155803078656
2491140,220958956548468736
3408644,220958957085331456
1213700,229683787439616016
2262276,220676588185006096
3179780,220676588721868816
3278084,85568462461808656
55556,216226864358821891
170244,220729364474572801
2136324,216225765115760641
690436,220729364474573056
1214724,229701379625660416
2263300,220694180371050496
2656516,216225765115760896
3180804,220694180907913216
3279108,85586054647853056
3281156,85585985928376321
237828,220676600802390016
2203908,216173001443577856
1220868,229683791734583296
2269444,220676592479973376
3186948,220676593016836096
3285252,85568466756775936
3293444,85569493253959681
3342596,85568398038347776
3801348,85585985928376576
24068,56281268293651
3278340,13511967935508496
31236,56285563260931
55812,72113875306221571
154116,4559743456718851
2120196,56144097906691
3279364,13529560121552896
676356,4559674737242371
1200644,13531689888329731
2249220,4524490633719811
2642436,56075378430211
3166724,4524491170582531
3281412,13529491402076161
3285508,13511972230475776
3310084,85569561973436416
3342852,13511903512047616
3539460,85850968230670336
3801604,13529491402076416
154628,4557681855639571
2120708,54082496827411
1186820,13563781867188241
2235396,4556582612578321
3152900,4556583149441041
1707012,13563781867188496
2755588,4556582612578576
3673092,4556583149441296
3281924,13528460593147921
1254404,13511018195005456
2302980,4503818940395536
3220484,4503819477258256
3294212,13511967918731281
1475588,229965262399549456
2524164,220958063144939536
3441668,220958063681802256
3343364,13510872703119376
3539972,85849937421742096
3802116,13528460593148176
96260,54095114211331
161796,4557686150606851
2127876,54086791794691
210948,4556595229962241
2177028,52995871150081
1193988,13563786162155521
2242564,4556586907545601
3160068,4556587444408321
186372,76615275893567491
317444,216508339318755331
2152452,72111676534755331
1202180,13564743939862531
2250756,4557544685252611
3168260,4557545222115331
432132,221010839434506241
1218564,85621375905116161
2267140,76614176650506241
2398212,216507240075694081
3184644,76614177187368961
731140,4556595229962496
1255428,13528610381049856
2304004,4521411126439936
2697220,52995871150336
3221508,4521411663302656
1714180,13563786162155776
2762756,4556586907545856
3680260,4556587444408576
3295236,13529560104775681
952324,221010839434506496
1476612,229982854585593856
2525188,220975655330983936
1738756,85621375905116416
2787332,76614176650506496
2918404,216507240075694336
3442692,220975655867846656
3704836,76614177187369216
3344388,13528464889163776
3540996,85867529607786496
3289092,13528464888115201
1724420,13564675220386051
2772996,4557475965776131
3690500,4557476502638851
3313668,85586054631075841
3346436,13528396169687041
3543044,85867460888309761
3301380,13511972213698561
499716,220958075762323456
1286148,85568612232933376
2334724,76561412978323456
2465796,216454476403511296
3252228,76561413515186176
1482756,229965266694516736
2531332,220958067439906816
3448836,220958067976769536
3547140,85849941716709376
3809284,13528464888115456
3325956,85569561956659201
3358724,13511903495270401
3555332,85850968213893121
3817476,13529491385299201
3375108,85568466741047296
3833860,85586054631076096
3604484,85849872998281216
3866628,13528396169687296
4063236,85867460888310016
65912,220695086377206016
524664,220730262157263616
66168,76582097324605696
524920,76617273104663296
589944,76615082639885056
952,216176085196341520
65976,216173894630899984
66232,72060905578299664
9400,72058912644268336
33976,216174092130189616
66744,72058775207412016
41144,216174100720124176
82104,72060905511190801
98488,216173963283267856
327864,216455369540501776
590008,72076298673980176
9016,216176162371535104
525112,216193677248168704
9528,216174100720124176
66872,216173963283267856
10552,216191692906168576
67896,216191555469312256
526648,216226731249369856
20792,216193677181059331
69944,216191486749835521
528696,216226662529893121
24888,216176162304426241
41272,504404476871835904
74040,216173980463137024
532792,216191555467215616
540984,216193677181059841
98616,504404339434979584
196920,220677494191165696
327992,504685745692213504
1114424,220677494459597056
2163000,216173894832292096
9784,72061111667523856
34360,216176291153445136
67128,72060974230667536
10808,72078703853568256
35384,216193883339489536
68152,72078566416711936
526904,72113742196769536
70200,72078497697235201
528952,72113673477292801
74296,72060991410536704
270904,216457637281136896
533048,72078566414615296
82488,72065303557701889
557624,216193745900536576
197176,76564505138565376
1114680,76564505406996736
2163256,72060905779691776
787000,216475152157770496
99384,216174100688666896
534584,72111689168847616
100408,216191692874711296
559160,216226868654768896
591928,72111551731991296
86072,72078497663680771
544824,72113673443738371
593976,72111483012514561
57400,216176299709825281
106552,216174117868536064
565304,216191692872614656
114744,216176162272968961
344120,216457568530202881
606264,72078497663681281
622648,216191555435758336
852024,216472961692992256
524760,220729162711696144
3288,76614180727161136
9432,76579004945006896
34008,220694184430928176
525528,76614043288208176
10456,76614189317095696
35032,220729368803016976
41176,220694193020862736
532696,76614051878142736
557272,220729231364064016
590040,76613983159714576
655576,85621173823476496
786648,221010637621297936
1573080,85621174091907856
525144,220730262223323904
3416,220729368803016976
9560,220694193020862736
525656,220729231364064016
35160,508959744954728704
67928,220729239955046656
133464,229736430618808576
526680,220799600108241664
1050968,229736430887239936
12632,220729239953998081
20824,220730262156214531
69976,220729171235569921
135512,229736361899331841
528728,220799531388764929
1053016,229736362167763201
41304,508924569172574464
139608,229701254836654336
1057112,229701255105085696
541016,220730262156215041
557400,508959607515775744
196952,229701186118226176
1114456,229701186386657536
786776,509241013773009664
2621784,220729162913088256
3146072,229701178332610816
10840,76615288828723456
35416,220730468314644736
21080,76617273103614211
41560,220695292532490496
533080,76615151389770496
541272,76617273103614721
557656,220730330875691776
590424,76615082671342336
655960,85622273335104256
787032,221011737132925696
1573464,85622273603535616
533592,76614189283541776
558168,220729368769463056
43096,220729652237304064
141400,85621388538286336
272472,221010852336107776
534616,76684558027719424
1058904,85621388806717696
100440,220729377360445696
165976,229736568024207616
559192,220799737513640704
1083480,229736568292638976
45144,220729377359397121
172120,229701392242053376
1089624,229701392510484736
663640,85621251099333376
794712,221010714897154816
1581144,85621251367764736
622680,220729239921492736
688216,229736430585254656
1605720,229736430853686016
720984,85621182380905216
852056,221010646178726656
1638488,85621182649336576
917592,230017836842488576
1835096,230017837110919936
3670104,85621174595289856
1944,216173954891514160
9112,216173963481448720
17304,216176085195292945
66456,216173894763020560
525208,216191478358082320
3480,216190584870666544
34200,504403368836333872
66968,216172863836651824
525720,216190447431713584
10648,216190593460601104
526744,216225631803802384
528792,216225563084325649
41368,504403377426268432
532888,216190456021648144
590232,216190387303219984
9880,72058912710328624
34456,216174092196249904
41624,216174100786184464
7320,72110581099790641
11416,72075680195543344
35992,216190859681464624
68760,72075405318684976
265368,216472059780268336
13464,72075405317636401
38040,216190584803557681
529560,72110443660837681
25752,72058912643219761
74904,72057830312509744
140440,76561412758966576
1057944,76561413027397936
2106520,72057813400092976
50328,216174092129141041
165016,220676592244887856
296088,504684843745935664
1082520,220676592513319216
2131096,216172992886014256
328856,216454338746253616
591000,72075267879732016
787608,216471922341315376
14488,72110589689725201
39064,216225769175646481
43160,216190868271399184
272536,216472068370202896
100504,216190593394540816
592024,72110452251820816
788632,216507106713404176
45208,216190593393492241
536728,72110452250772241
544920,72111474452988691
561304,216225631736693521
594072,72110383532344081
790680,216507037993927441
57496,216174100719075601
106648,216173018388365584
172184,220676600834822416
303256,504684852335870224
1089688,220676601103253776
2138264,216173001475948816
794776,216471930931249936
622744,216190455955587856
852120,216471862212821776
10008,216174100786184464
11032,216191692972228864
527128,216226731315430144
21272,216193677247119619
529176,216226662595953409
25368,216176162370486529
41752,504404476937896192
533272,216191555533275904
82712,216176093652058369
541464,216193677247120129
590616,216191486814847744
7448,216225769175646481
11544,216190868271399184
68888,216190593394540816
13592,216190593393492241
529688,216225631736693521
25880,216174100719075601
42264,504403652237066512
75032,216173018388365584
140568,220676600834822416
271640,504684852335870224
1058072,220676601103253776
2106648,216173001475948816
99608,504403377360208144
296216,1081145596049359120
558360,504420960955269904
591128,216190455955587856
22808,216226731248320771
39192,504456145327358209
71960,216225640327676161
530712,216296000480871169
26904,216191692905120001
43288,504421244423110912
76056,216190610574409984
141592,220694193020866816
272664,504702444521914624
1059096,220694193289298176
2107672,216190593661993216
543000,216226731248321281
100632,504420969546252544
297240,1081163188235403520
657688,220729231364068096
788760,504737482865115904
1575192,220729231632499456
2623768,216225632005194496
28952,216191555466166531
45336,504420969545203969
86296,216191486747738371
561432,504456007888405249
659736,220729162644591361
790808,504737414145639169
1577240,220729162913022721
2625816,216225563285717761
57624,504404476870787329
549144,216191555466167041
106776,504403394540077312
172312,508906976986534144
1089816,508906977254965504
2138392,504403377627660544
598296,216190473135457024
663832,220694055581913856
1188120,229683662919045376
794904,504702307082961664
1581336,220694055850345216
2629912,216190456223040256
3154200,220676464201236736
606488,216191486747738881
360728,1081145467201388800
622872,504420832107299584
819480,1081163050796450560
721176,220693986863485696
1245464,229683594200617216
852248,504702238364533504
1638680,220693987131917056
2687256,216190387504612096
3211544,220676395482808576
1704216,229701177795678976
3277080,229683586146570496
3670296,220693979077870336
527896,72111680611418896
26136,72061111666475281
42520,216174375596982544
271896,216455575695786256
534040,72076504829264656
50712,216176291152396561
99864,216174100720124176
558616,216191684315185936
14872,72111689201352961
23064,72113742195720451
39448,216226868687274241
27160,72078703852519681
43544,216191967783026944
272920,216473167881830656
51736,216193883338440961
543256,72113742195720961
100888,216191692906168576
592408,72111551763448576
789016,216508206225031936
29208,72078566413566211
45592,216191692905120001
537112,72111551762400001
53784,216193745899487491
86552,72078497695138051
283160,216475152156721411
561688,216226731248321281
594456,72111483043971841
791064,216508137505555201
287256,216457637280088321
549400,72078566413566721
107032,216174117899993344
172568,220677700346450176
303640,504685951847497984
1090072,220677700614881536
2138648,216174100987576576
795160,216473030442877696
115224,216176162304426241
573976,216193745899488001
344600,216457568561660161
606744,72078497695138561
803352,216475152156721921
623128,216191555467215616
852504,216472961724449536
44056,216191417993658640
535576,72110864534078224
560152,216226044019999504
592920,72110589657219856
789528,216507244118803216
537624,72110589656171281
562200,216225769142092561
566296,216190868237845264
795672,216472068336648976
623640,216190593360986896
30744,72111689167798531
47128,216226052609933569
276504,216507252708737281
538648,72180958400348929
55320,216226868653719811
104472,216225777733075201
563224,216296137886270209
550936,72111689167799041
600088,72110606837089024
665624,76614189283545856
1583128,76614189551977216
2631704,72110589924672256
575512,216226868653720321
690200,220729368769467136
821272,504737620270514944
1607704,220729369037898496
2656280,216225769410593536
854040,216507115270832896
61464,216191692871565571
552984,72111551728845571
798744,216507115269784321
577560,216226731214766851
610328,72111483010417411
806936,216508137472000771
626712,216225640294122241
856088,216507046551356161
581656,216191692871566081
630808,216190610540856064
696344,220694192987312896
1220632,229683800324444416
827416,504702444488360704
1613848,220694193255744256
2662424,216190593628439296
3186712,220676601606635776
524776,220730257862296336
525032,76617268809696016
2920,220732525605028096
4968,220732456885551361
66408,220697276810526976
131944,229704471768207616
1049448,229704472036638976
20840,220732456851996931
541032,220732456851997441
590184,220730262125806336
655720,229737457083486976
1573224,229737457351918336
35432,220732663010427136
557672,220732525571474176
590440,76617273073206016
655976,85624468030886656
787048,221013931828708096
1573480,85624468299318016
558184,220730463970394896
75880,76615288781537536
51304,220732662993649921
100456,220730468267458816
165992,229737663225139456
559208,220800832714572544
1083496,229737663493570816
53352,220732525554696451
86120,76617273056428291
151656,85624468014108931
282728,221013931811930371
544872,76687637503542019
1069160,85624468282540291
106600,220695292485304576
565352,220730468265362176
598120,76615151342584576
573544,220732525554696961
606312,76617273056428801
671848,85624468014109441
802920,221013931811930881
1589352,85624468282540801
622696,220730330828505856
688232,229737525786186496
1605736,229737526054617856
721000,85622273287918336
852072,221011737085739776
1638504,85622273556349696
917608,230018932043420416
1835112,230018932311851776
3670120,85622269796221696
1960,216176149486633264
66472,216176085064220944
525224,216193672953201424
3496,216191680021266736
9640,216174092130189616
17832,216176149419524401
34216,504404463986934064
66984,216173954693333296
525736,216191542582313776
526760,216226726954402576
20904,216193672886092051
528808,216226658234925841
74152,216173963283267856
82344,216176084997112081
541096,216193672886092561
590248,216191478159901456
3752,72078690968666416
9896,72061103077589296
67240,72060965640732976
263848,216457624396235056
525992,72078553529713456
35496,216193879044522256
527016,72113737901802256
529064,72113669182325521
41640,216176291153445136
74408,72060974230667536
98984,216176153716588816
557736,216193741605569296
328360,216457559973822736
590504,72078489107301136
787112,216475147862803216
527528,72111676283945776
74920,72058912612811056
50344,216176286824923441
99496,216174092098732336
558248,216191679987712816
559272,216226864359801616
544936,72113669148771091
106664,216174100688666896
3880,216193879044522256
10024,216176291153445136
34600,504406663010189584
67368,216176153716588816
526120,216193741605569296
6952,216228925977657601
11048,216193883339489536
35624,504424255196233984
68392,216193745902633216
21288,216198070932603139
70440,216193677183156481
41768,504406667305156864
533288,216193745900536576
82728,216180483043623169
541480,216198070932603649
99112,504406529868300544
295720,1081148752851370240
557864,504424117757281024
197416,220679684624486656
328488,504687936125534464
1114920,220679684892918016
2163496,216176085265613056
656168,220697272513467136
1180456,229686879850598656
787240,504705524014514944
1573672,220697272781898496
2622248,216193673154593536
3146536,220679681132790016
527656,216226864359801616
75048,216174100688666896
22824,216228925944103171
76072,216191692874711296
534824,216226868654768896
543016,216228925944103681
559400,504457240511513344
592168,216226731217912576
86312,216193677149602051
594216,216226662498435841
90408,216176162272968961
106792,504404476840378624
598312,216191555435758336
606504,216193677149602561
527912,72113875307201296
75304,72061111636066576
99880,216176291121987856
558632,216193879010968336
39464,216229063383056641
76328,72078703822110976
535080,72113879602168576
100904,216193883308032256
592424,72113742165312256
789032,216510400920814336
545320,72118067195282179
561704,216228925944103681
594472,72113673445835521
791080,216510332201337601
565800,216193883305935616
336424,216457637249679616
598568,72078566383158016
623144,216193745869079296
852520,216475152126313216
23592,72113875290423571
543784,72113875290424081
560168,216227139220931344
592936,72111680564232976
789544,216508339319735056
54312,216193878994190611
545832,72113737851470611
562216,216226864343024401
91176,72061111619289361
107560,216174375549796624
336936,216455575648600336
599080,72076504782078736
115752,216176291105210641
574504,216193878994191121
623656,216191684268000016
30760,72113879585390851
79912,72111689154167041
88104,72113742148534531
284712,216510400904036611
546856,72184106595648259
104488,216226868640088321
563240,216297233087202049
92200,72078703805333761
550952,72113879585391361
108584,216191967735841024
567336,216227143515898624
337960,216473167834644736
796712,216508343614702336
116776,216193883291255041
608296,72113742148535041
804904,216510400904037121
690216,220730463970398976
821288,504738715471446784
1607720,220730464238830336
2656296,216226864611525376
854056,216508206177846016
61480,216193883289157891
94248,72078566366380291
553000,72113742146437891
110632,216191692857934081
569384,216226868637991681
602152,72111551715214081
118824,216193745852301571
348200,216475152109535491
675880,76617268759368451
1593384,76617269027799811
2641960,72113669400494851
626728,216226731201135361
856104,216508137458369281
581672,216193883289158401
352296,216457637232902401
614440,72078566366380801
237608,220677700299264256
368680,504685951800312064
1155112,220677700567695616
2203688,216174100940390656
860200,216473030395691776
639016,216193745852302081
868392,216475152109536001
525256,220730257928356624
5576,220729227069096241
9672,220694184430928176
34248,508924556287672624
132552,229701241951752496
1050056,229701242220183856
10696,220729368803016976
35272,508959740659761424
133576,229736426323841296
526792,220799595813274384
1051080,229736426592272656
20936,220730257861247251
135624,229736357604364561
528840,220799527093797649
1053128,229736357872795921
532936,220729231364064016
541128,220730257861247761
557512,508959603220808464
590280,220729162645635856
786888,509241009478042384
2621896,220729158618120976
3146184,229701174037643536
3784,76615275943821616
34504,220695279647588656
526024,76615138504868656
35528,220730464019677456
21192,76617268808646931
541384,76617268808647441
557768,220730326580724496
656072,85622269040136976
787144,221011732837958416
1573576,85622269308568336
36040,220729639352402224
134344,85621375653384496
265416,221010839451205936
527560,76684545142817584
1051848,85621375921815856
38088,220729364474495281
533704,76614180693607216
165064,229701379357151536
1082568,229701379625582896
656584,85621238214431536
787656,221010702012252976
1574088,85621238482862896
166088,229736563729240336
559304,220799733218673424
1083592,229736563997671696
565448,220729368769463056
688328,229736426290287376
1605832,229736426558718736
917704,230017832547521296
1835208,230017832815952656
3670216,85621170300322576
3912,220730464019677456
526152,220730326580724496
11080,220730468314644736
19272,220732525603979521
35656,508960840171389184
133960,229737525835469056
527176,220800695324902144
1051464,229737526103900416
136008,229737457115992321
529224,220800626605425409
1053512,229737457384423681
533320,220730330875691776
148296,229704471767159041
1065800,229704472035590401
557896,508960702732436224
590664,220730262157263616
787272,509242108989670144
2622280,220730258129748736
3146568,229702273549271296
134472,229736563729240336
527688,220799733218673424
1051976,229736563997671696
533832,220729368769463056
558408,508959740626207504
656712,229736426290287376
1574216,229736426558718736
530760,220940333268075265
76104,220729377360445696
141640,229736568024207616
534856,220799737513640704
1059144,229736568292638976
166216,517966939880952064
297288,1085701967906341120
559432,509030109370385152
1083720,517966940149383424
657736,229806795034465024
1575240,229806795302896384
3148104,229736427095654656
151880,229737457082437891
545096,220800626571870979
1069384,229737457350869251
659784,229806726314988289
1577288,229806726583419649
3150152,229736358376177921
565576,508959744921174784
598344,220729239921492736
663880,229736430585254656
1581384,229736430853686016
672072,229737457082438401
1589576,229737457350869761
688456,517966802441999104
819528,1085701830467388160
1605960,517966802710430464
721224,229736361866826496
1638728,229736362135257856
917832,518248208699233024
1704264,247750756348728064
2752840,229736357839311616
1835336,518248208967664384
558664,220730463986123536
51784,220732663009378561
166472,229737663240868096
559688,220800832730301184
1083976,229737663509299456
53832,220732525570425091
152136,85624468029837571
283208,221013931827659011
545352,76687637519270659
1069640,85624468298268931
565832,220730468281090816
574024,220732525570425601
672328,85624468029838081
803400,221013931827659521
1589832,85624468298269441
688712,229737525801915136
1606216,229737526070346496
918088,230018932059149056
1835592,230018932327580416
3670600,85622269811950336
531528,76825282614395665
44104,220730193386406160
166984,229736838590370064
560200,220800008079803152
1084488,229736838858801424
396360,230018038689173776
658504,85691744380785424
789576,221081208178606864
1313864,230018038957605136
1576008,85691744649216784
3148872,85621376441975056
54344,220730463969345811
169032,229736563712463121
562248,220799733201896209
1086536,229736563980894481
566344,220729643630592784
599112,76614189267813136
664648,85621379931575056
795720,221010843729396496
1582152,85621380200006416
574536,220730463969346321
623688,220729368753734416
820296,509241215586140944
2655304,220729364726219536
3179592,229701380145742096
918600,230017901250220816
1836104,230017901518652176
3671112,85621239003022096
538696,76825286909362945
55368,220800832713523459
546888,76826244687069955
170056,229806932456640769
1087560,229806932725072129
661576,85832344430187265
792648,221221808228008705
1579080,85832344698618625
108616,220729652221575424
174152,229736842885337344
567368,220800012374770432
1091656,229736843153768704
206920,85621388522557696
337992,221010852320379136
600136,76684558011990784
1124424,85621388790989056
403528,230018042984141056
665672,85691748675752704
796744,221081212473574144
1321032,230018043252572416
1583176,85691748944184064
3156040,85621380736942336
182344,229737663224090881
575560,220800832713523969
1099848,229737663492522241
231496,229736568008478976
624712,220799737497912064
1149000,229736568276910336
428104,518248414840885504
1214536,247750962490380544
2263112,229736563980964096
821320,509311584330318592
1345608,518248415109316864
2656328,220799733470397184
919624,230088269994398464
1837128,230088270262829824
3409992,230017902055588096
3672136,85691607747199744
61512,220730468264313091
110664,220729377343668481
176200,229736568007430401
569416,220799737496863489
1093704,229736568275861761
184392,229737525785137411
577608,220800695274570499
1101896,229737526053568771
413768,230018932042371331
675912,85692637733982979
806984,221082101531804419
1331272,230018932310802691
1593416,85692638002414339
3166280,85622269795172611
692296,229806795017687809
1609800,229806795286119169
3182664,229736427078877441
921672,230088201274921729
1839176,230088201543353089
3412040,230017833336111361
3674184,85691539027723009
581704,220730468264313601
237640,229701392226324736
1155144,229701392494756096
827464,509241219881108224
2662472,220729369021186816
3186760,229701384440709376
729160,85621251083604736
860232,221010714881426176
1646664,85621251352036096
925768,230017905545188096
1843272,230017905813619456
3678280,85621243297989376
704584,229737525785137921
1622088,229737526053569281
933960,230018932042371841
1851464,230018932310803201
3686472,85622269795173121
753736,229736430569526016
1671240,229736430837957376
950344,518248277401932544
1736776,247750825051427584
2785352,229736426542011136
1867848,518248277670363904
983112,230017836826759936
1900616,230017837095191296
3735624,85621174579561216
1966152,248032231308661504
3014728,230017832799245056
3801160,103635568793031424
3976,216191680087327024
10120,216174092196249904
18312,216176149485584689
34696,504404464052994352
526216,216191542648374064
527240,216226727020462864
21384,216193672952152339
529288,216226658300986129
541576,216193672952152849
11656,216190859681464624
19848,216191680020218161
36232,504421231538209072
69000,216190584804606256
134536,220694180135964976
265608,504702431637012784
1052040,220694180404396336
2100616,216190580777091376
13704,216190584803557681
21896,216191542581264691
38280,504420956660302129
25992,216174092129141041
42376,504403643647131952
140680,220676592244887856
271752,504684843745935664
1058184,220676592513319216
2106760,216172992886014256
50568,504404463985885489
542088,216191542581265201
99720,504403368770273584
165256,508906964101632304
1082760,508906964370063664
2131336,504403364742758704
591240,216190447365653296
656776,220694042697012016
1181064,229683650034143536
787848,504702294198059824
1574280,220694042965443376
2622856,216190443338138416
3147144,220676451316334896
14728,216225769175646481
22920,216226726953353491
39304,504456141032390929
530824,216295996185903889
76168,216190593394540816
543112,216226726953354001
297352,1081163183940436240
592264,216225631737742096
657800,220729227069100816
788872,504737478570148624
1575304,220729227337532176
2623880,216225627710227216
536968,216225631736693521
561544,504456003593437969
594312,216225563018265361
659848,220729158349624081
790920,504737409850671889
1577352,220729158618055441
2625928,216225558990750481
106888,504403377360208144
303496,1081145596049359120
565640,504420960955269904
598408,216190455955587856
819592,1081163046501483280
1704328,229701173500711696
3277192,229683581851603216
3670408,220693974782903056
7816,72111676316451121
20104,72078690967617841
36488,216191954898125104
265864,216473154996928816
22152,72078553528664371
38536,216191680020218161
530056,72111538877498161
26248,72061103076540721
42632,216174367007047984
75400,72058912644268336
272008,216455567105851696
534152,72076496239330096
280200,216457624395186481
542344,72078553528664881
99976,216174092130189616
165512,220677687461548336
296584,504685938962596144
1083016,220677687729979696
2131592,216174088102674736
788104,216473017557975856
23176,72113737900753171
39560,216226864392306961
535176,72111680611418896
51848,216193879043473681
543368,72113737900753681
789128,216508201930064656
53896,216193741604520211
283272,216475147861754131
561800,216226726953354001
791176,216508133210587921
57992,216176291152396561
107144,216174100720124176
565896,216191684315185936
574088,216193741604520721
803464,216475147861754641
23688,72111676282896691
40072,216226039725031729
269448,216507239823835441
531592,72180945515447089
44168,216191409403724080
535688,72110855944143664
543880,72111676282897201
593032,72110581067285296
658568,76614176398644016
1576072,76614176667075376
2624648,72110577039770416
537736,72110581066236721
54408,216191679986663731
545928,72111538843943731
791688,216507102384882481
107656,216173276052848944
566408,216190859647910704
337032,216454476151652656
599176,72075405285131056
795784,216472059746714416
574600,216191679986664241
623752,216190584771052336
689288,220694180102411056
1213576,229683787439542576
820360,504702431603458864
1606792,220694180370842416
2655368,216190580743537456
3179656,220676588721733936
55432,216226864358752531
563336,216296133591302929
567432,216226044019999504
600200,72110589657219856
796808,216507244118803216
575624,216226864358753041
624776,216225769143141136
690312,220729364474499856
821384,504737615975547664
1607816,220729364742931216
2656392,216225765115626256
569480,216225769142092561
577672,216226726919799571
807048,216508133177033491
630920,216190593360986896
7944,216226864392306961
20232,216193879043473681
22280,216193741604520211
530184,216226726953354001
26376,216176291152396561
75528,216174100720124176
534280,216191684315185936
50952,504406663009141009
542472,216193741604520721
296712,1081146691266019600
558856,504422056171930384
15112,216226868687274241
39688,504457240544018689
531208,216297095697531649
27400,216193883338440961
76552,216191692906168576
51976,504424255195185409
297736,1081164283452064000
592648,216226731249369856
658184,220730326580728576
789256,504738578081776384
1575688,220730326849159936
2624264,216226727221854976
29448,216193745899487491
537352,216226731248321281
54024,504424117756231939
86792,216193677181059331
152328,220697272512418051
283400,504705524013465859
1069832,220697272780849411
2118408,216193673153544451
561928,504457103105065729
594696,216226662529893121
660232,220730257861251841
791304,504738509362299649
1577736,220730258129683201
2626312,216226658502378241
58120,504406667304108289
90888,216176162304426241
549640,216193745899488001
107272,504404476871835904
303880,1081146695560986880
566024,504422060466897664
598792,216191555467215616
312072,1081148752850321665
574216,504424117756232449
606984,216193677181059841
672520,220697272512418561
1196808,229686879849550081
803592,504705524013466369
1590024,220697272780849921
2638600,216193673153544961
3162888,220679681131741441
819976,1081164146013111040
1704712,229702273012339456
3277576,229684681363230976
3670792,220695074294530816
23816,216226864358752531
531720,216296133591302929
535816,216226044019999504
544008,216226864358753041
560392,504456415876743952
593160,216225769143141136
658696,220729364474499856
789768,504737615975547664
1576200,220729364742931216
2624776,216225765115626256
537864,216225769142092561
546056,216226726919799571
562440,504456140998837009
599304,216190593360986896
820488,1081163183906882320
30984,216226868653719811
80136,216225777733075201
538888,216296137886270209
55560,504457240510464259
547080,216297095663977219
301320,1081198368278970625
563464,504526509743014657
551176,216226868653720321
567560,504456420171711232
665864,220729368769467136
796936,504737620270514944
1583368,220729369037898496
2631944,216225769410593536
575752,504457240510464769
624904,504456145294852864
690440,508959740626211584
1607944,508959740894642944
2656520,504456141267337984
1706248,229736426558722816
3672328,220729227840914176
553224,216226731214766851
569608,504456145293804289
602376,216225640294122241
577800,504457103071511299
610568,216226662496338691
676104,220730257827697411
807176,504738509328745219
1593608,220730258096128771
2642184,216226658468823811
823560,1081198230840017665
1708296,229736357839246081
3674376,220729159121437441
368904,1081145604606787840
631048,504420969512698624
827656,1081163188201849600
3801352,229701174004093696
24072,72113875306152211
544264,72113875306152721
560648,216227139236659984
790024,216508339335463696
54792,216193879009919251
546312,72113737867199251
562696,216226864358753041
574984,216193879009919761
31240,72113879601119491
285192,216510400919765251
547336,72184106611376899
563720,216297233102930689
551432,72113879601120001
567816,216227143531627264
600584,72111689168847616
797192,216508343630430976
805384,216510400919765761
625160,216226868654768896
690696,220730463986127616
821768,504738715487175424
1608200,220730464254558976
2656776,216226864627254016
61960,216193883304886531
553480,72113742162166531
569864,216226868653720321
610824,72113673443738371
676360,76617268775097091
1593864,76617269043528451
2642440,72113669416223491
123400,216176299709825281
582152,216193883304887041
631304,216191692872614656
48136,216226593759035665
56328,216227139219882259
285704,216508339318685971
547848,72182045010297619
564232,216296408452432657
793608,216577608551236369
109576,216191417977930000
601096,72110864518349584
797704,216507518979932944
576520,216227139219882769
805896,216508339318686481
625672,216226044004270864
691208,220729639335629584
822280,504737890836677392
1608712,220729639604060944
2657288,216226039976755984
855048,216507244103074576
920584,221010839434433296
1707016,85621375905043216
1838088,221010839702864656
2886664,216507240075559696
3673096,76614177187234576
553992,72111680561087251
570376,216226044003222289
603144,72110589640442641
799752,216507244102026001
807944,216508201879733011
627720,216225769126363921
693256,220729364457722641
824328,504737615958770449
1610760,220729364726154001
2659336,216225765098849041
631816,216190868222116624
861192,216472068320920336
1737736,229701379608810256
3310600,229683787959701776
3703816,220694180891001616
63496,216227143514849539
96264,72111689152069891
292872,216508343613653251
555016,72182049305264899
112648,216226052594204929
571400,216296412747399937
342024,216507252693008641
604168,72180958384620289
800776,216577612846203649
120840,216226868637991171
186376,220730463969349891
317448,504738715470397699
1103880,220730464237781251
2152456,216226864610476291
808968,216578570623910659
628744,216296137870541569
694280,220799733201900289
1218568,229736563980898561
825352,504807984702948097
1611784,220799733470331649
2660360,216296133843026689
3184648,220729365263089921
583688,216227143514850049
616456,72111689152070401
813064,216508343613653761
698376,220729643630596864
829448,504737895131644672
1615880,220729643899028224
2664456,216226044271723264
731144,76614189267817216
1648648,76614189536248576
2697224,72110589908943616
927752,221010843729400576
1714184,85621380200010496
1845256,221010843997831936
2893832,216507244370526976
3680264,76614181482201856
641032,216226868637991681
706568,220730463969350401
837640,504738715470398209
1624072,220730464237781761
2672648,216226864610476801
755720,220729368753738496
886792,504737620254786304
1673224,220729369022169856
2721800,216225769394864896
952328,509241215586145024
2787336,220729364726223616
3311624,229701380145746176
1869832,509241215854576384
2918408,504737616227271424
1968136,230017901518656256
3803144,85621239003026176
3934216,221010702800847616
126984,216191692855836931
618504,72111551713116931
815112,216508206174700291
700424,220729368752689921
831496,504737620253737729
1617928,220729369021121281
2666504,216225769393816321
864264,216507115254055681
643080,216226731199038211
708616,220730326530396931
839688,504738578031444739
1626120,220730326798828291
2674696,216226727171523331
872456,216508137456272131
937992,221011732787630851
1724424,85622269258240771
1855496,221011733056062211
2904072,216508133428757251
3690504,76615070540432131
1740808,229736426541945601
3706888,220729227824136961
1970184,230017832799179521
3805192,85621170283549441
3936264,221010634081370881
647176,216191692855837441
761864,220694192971584256
1286152,229683800308715776
892936,504702444472632064
1679368,220694193240015616
2727944,216190593612710656
3252232,220676601590907136
1744904,229701383903777536
3317768,229683792254669056
3710984,220694185185968896
3833864,229701242706793216
4063240,229982648964027136
66288,4524503353786384
3312,4557686201909296
9456,4522510419755056
66800,4522372982898736
10480,4557694791843856
67824,4557557354987536
20720,4559679066734611
69872,4557488635510801
82160,4524503286677521
196848,13529503518167056
590064,4557488635511056
1114352,13529503786598416
66416,76582097391714304
10608,76615288829771776
35184,220730468315693056
67952,76615151392915456
20848,76617273104662531
70000,76615082673438721
41328,220695292533538816
82288,76582097324605441
98672,220695155096682496
196976,85587097556094976
328048,220976561353916416
590192,76615082673438976
1114480,85587097824526336
3696,4559885225164816
9840,4524709443010576
67184,4524572006154256
35440,76617479263092736
133744,13566947040956416
1051248,13566947309387776
12912,4559756376145921
21104,4564077113245699
135792,13566878321479681
1053296,13566878589911041
41584,76582303480938496
74352,4524589186023424
139888,13531771258802176
533104,4559756376146176
1057392,13531771527233536
82544,4528901333188609
98928,76582166044082176
328304,76863572301316096
2163312,4524503555178496
655984,13566878321479936
1573488,13566878589911296
3146352,13531694754758656
68720,4557694760386576
26736,4559893781544961
75888,4557711940255744
141424,13564894013034496
1058928,13564894281465856
84080,4559756344688641
100464,76615288798314496
198768,13564756576178176
1116272,13564756844609536
28784,4559756342591491
151664,13566878287925251
1069168,13566878556356611
200816,13564687856701441
1118320,13564688125132801
213104,13531702507868161
606320,4559687625212161
1130608,13531702776299521
721008,13564687856701696
1638512,13564688125133056
3211376,13529504289980416
1968,72060965839962160
9136,72060974429896720
33712,216176153915818000
263088,216457560173051920
9648,72058912711376944
34224,216174092197298224
66992,72058775274520624
41392,216174100787232784
82352,72060905578299409
98736,216173963350376464
328112,216455369607610384
3760,21101292814384
34480,72061103144697904
10928,21109882748944
68272,20972445892624
70320,20903726415889
41648,72061111734632464
74416,3397439717392
82608,7709586882577
98992,72060974297776144
197296,4506911167746064
328368,72342380555010064
590512,20903726416144
1114800,4506911436177424
2163376,3311808872464
7344,54086574538801
11440,19185670291504
19632,21101225705521
527536,54086574539056
13488,18910792384561
21680,20963786752051
70832,18773355528241
42160,72059187522175024
140464,4504918233714736
271536,72340387620978736
533680,18910792384816
1057968,4504918502146096
2106544,1318874841136
50352,72061103077589041
296112,216455567106900016
197808,4504780796858416
328880,72340250184122416
591024,18773355528496
1115312,4504781065289776
2163888,1181437984816
14512,54095164473361
22704,56148158840851
71856,53957727617041
26800,21109815640081
75952,18927974350864
534704,54095164473616
84144,20972378783761
100528,72076504832409616
592048,53957727617296
28848,20972376686611
544944,56079439364371
594096,53889008140561
57520,72061111667523601
90288,3397372608529
106672,72058929826234384
303280,216455575696834576
114864,72060974230667281
213168,4506911100637201
344240,72342380487901201
606384,20903659307281
1130672,4506911369068561
2179248,3311741763601
360624,216455438259978256
1245360,13511911600558096
3211440,4504712882749456
10032,72061111734632464
34608,216176291220553744
67376,72060974297776144
11056,72078703920676864
35632,216193883406598144
68400,72078566483820544
70448,72078497764343809
74544,72060991477645312
271152,216457637348245504
82736,72065303624810497
197424,76564505205673984
590640,72078497764344064
1114928,76564505474105344
2163504,72060905846800384
68912,72076504832409616
25904,72061111667523601
42288,216174375598030864
75056,72058929826234384
271664,216455575696834576
50480,216176291153444881
83248,72060974230667281
329008,216455438259978256
14640,72111689202401281
22832,72113742196768771
39216,216226868688322561
71984,72111551765544961
26928,72078703853568001
43312,216191967784075264
76080,72076522012278784
272688,216473167882878976
534832,72111689202401536
51504,216193883339489281
84272,72078566416711681
559408,216226868688322816
330032,216473030446022656
592176,72111551765545216
28976,72078566414614531
45360,216191692906168321
53552,216193745900535811
282928,216475152157769731
545072,72113673477292291
102704,216191555469312001
332080,216472961726545921
594224,72111483046068481
90416,72060991410536449
287024,216457637281136641
172336,220677700347498496
303408,504685951848546304
565552,216191692906168576
1089840,220677700615929856
2138416,216174100988624896
336176,216455455439847424
213296,76564505138565121
606512,72078497697235201
1130800,76564505406996481
2179376,72060905779691521
229680,220677562910642176
360752,504685814411689984
622896,216191555469312256
1147184,220677563179073536
2195760,216173963551768576
459056,220958969167876096
1245488,85569505638486016
852272,216472961726546176
1376560,220958969436307456
2425136,216455369809002496
3211568,76562306920677376
7728,56285597794321
11824,21384693547024
527920,56285597794576
13872,21109815640081
71216,20972378783761
26160,7915676106769
42544,72061386545430544
140848,4507117256970256
271920,72342586644234256
534064,21109815640336
1058352,4507117525401616
2106928,3517898096656
83504,7778239250449
296496,216457766130155536
198192,4506979820113936
329264,72342449207377936
591408,20972378784016
1115696,4506980088545296
2164272,3380461240336
23088,60546205351939
39472,72113879635722241
27184,25507862151169
43568,72078978731474944
141872,4524709443014656
272944,72360178830278656
1059376,4524709711446016
2107952,21110084141056
84528,25370425294849
297520,216475358316199936
559664,72113879635722496
199216,4524572006158336
330288,72360041393422336
1116720,4524572274589696
2165296,20972647284736
29232,25370423197699
45616,72078703853568001
78384,20989558652929
537136,56156748775681
545328,60477485875459
102960,72078566416711681
201264,4524503286681601
332336,72359972673945601
1118768,4524503555112961
2167344,20903927808001
57904,72065509714034689
90672,7795419119617
172592,76564711294898176
565808,72078703853568256
1090096,76564711563329536
2138672,72061111936024576
205360,4506996999983104
336432,72342466387247104
598576,20989558653184
1122864,4506997268414464
2171440,3397641109504
1188400,13514179341193216
3154480,4506980623384576
115248,72065372277178369
213552,4511309147148289
344624,72346778534412289
606768,25301705818369
1131056,4511309415579649
2179632,7709788274689
229936,76564573858041856
623152,72078566416711936
1147440,76564574126473216
2196016,72060974499168256
459312,76845980115275776
721456,4524503286681856
2294320,4506911369138176
852528,72359972673945856
1376816,76845980383707136
2425392,72342380756402176
1638960,4524503555113216
2687536,20903927808256
3277360,13514102568718336
23600,56285564239891
72752,54095133016081
85040,21109784182801
592944,54095133016336
29744,21109782085651
87088,20972345229331
91184,3534778007569
115760,72061111636066321
361520,216455575665377296
79920,54112312885249
55344,72113879602167811
104496,72111689170944001
92208,21126964051969
550960,56294154174721
600112,54112312885504
116784,72078703822110721
608304,56156717318401
362544,216473167851421696
624688,72111689170944256
61488,72078703820013571
94256,20989525098499
553008,56156715221251
118832,72078566383157251
217136,4524503253127171
348208,72359972640391171
1134640,4524503521558531
2183216,20903894253571
122928,72061128815935489
319536,216457774686535681
368688,216455592845246464
376880,216457637249679361
1261616,13514110590259201
3227696,4506911872450561
3342384,13511912103940096
3536,76614180794269744
9680,76579005012115504
34256,220694184498036784
10704,76614189384204304
35280,220729368870125584
41424,220694193087971344
3792,4557686267969584
9936,4522510485815344
10960,4557694857904144
21200,4559679132794899
7376,4626955433410609
19664,4557686200860721
36048,76614455605067824
265424,76895655703871536
527568,4626955433410864
2100432,4556586957733936
21712,4557548761907251
38096,76614180727160881
70864,4556457841262641
136400,13563648505024561
1053904,13563648773455921
25808,4522510418706481
42192,76579279822913584
74960,4521428087996464
271568,76860479921717296
2106576,4521411175579696
99536,76579004946055216
165072,85586195609817136
296144,220975659407638576
558288,76614180727161136
1082576,85586195878248496
197840,13528472723918896
591056,4556457841262896
1115344,13528472992350256
656592,13563648505024816
1574096,13563648773456176
3146960,13528464938303536
14544,4626964023345169
26832,4557694790795281
43216,76614464195002384
75984,4556612460085264
272592,76895664293806096
534736,4626964023345424
2107600,4556595547668496
100560,76614189318144016
166096,85621379981905936
297168,221010843779727376
1083600,85621380250337296
198864,13563657096007696
1116368,13563657364439056
3147984,13563649310392336
28880,4557557351841811
45264,76614189317095441
143568,13563657094959121
1061072,13563657363390481
86224,4557488633413651
151760,13564679297175571
1069264,13564679565606931
200912,13563588376530961
1118416,13563588644962321
3150032,13563580590915601
172240,85586204199751696
303312,220975667997573136
565456,76614189317095696
1089744,85586204468183056
663760,13563657094959376
1581264,13563657363390736
3154128,13528473528238096
721104,13563588376531216
1638608,13563588644962576
3211472,13528404809809936
3670224,13563580590915856
11088,76615288895832064
35664,220730468381753344
21328,76617273170722819
41808,220695292599599104
11600,76614464195002384
36176,220729643680923664
68944,76614189318144016
134480,85621379981905936
265552,221010843779727376
1051984,85621380250337296
13648,76614189317095441
38224,220729368803016721
42320,220694467898769424
140624,85586204199751696
271696,220975667997573136
533840,76614189317095696
1058128,85586204468183056
99664,220694193021911056
165200,229701383685672976
558416,220729368803016976
1082704,229701383954104336
14672,76684558061273089
39248,220799737547194369
26960,76615288828723201
76112,76614206498013184
534864,76684558061273344
2107728,76614189585596416
51536,220730468314644481
297296,509241219931439104
559440,220799737547194624
2132304,220729369071517696
198992,85621251133935616
330064,221010714931757056
1116496,85621251402366976
395600,230017905595518976
1313104,230017905863950336
3148112,85621243348320256
29008,76615151389769731
143696,85621251132887041
274768,221010714930708481
1061200,85621251401318401
53584,220730330875691011
86352,76615082671341571
151888,85622273335103491
282960,221011737132924931
1069392,85622273603534851
102736,220729239955046401
168272,229736430618808321
1085776,229736430887239681
201040,85621182414458881
332112,221010646212280321
1118544,85621182682890241
397648,230017836876042241
1315152,230017837144473601
3150160,85621174628843521
57680,220695292532490241
106832,220694210201780224
303440,509206044149284864
2138448,220694193289363456
401744,229982729813364736
663888,85621251132887296
794960,221010714930708736
1319248,229982730081796096
1581392,85621251401318656
3154256,85586067566166016
229712,229701254837702656
622928,220729239955046656
1147216,229701255106134016
688464,229736430618808576
1605968,229736430887239936
3178832,229701247052087296
459088,229982661094936576
721232,85621182414459136
852304,221010646212280576
1376592,229982661363367936
1638736,85621182682890496
3211600,85585998847737856
917840,230017836876042496
1835344,230017837144473856
3408208,229982653309321216
3670352,85621174628843776
11856,4557969668702224
20048,4559885224116241
69200,4557694791843856
134736,13564885455605776
1052240,13564885724037136
13904,4557694790795281
22096,4559747785162771
26192,4524709441962001
140880,13529709673451536
534096,4557694790795536
1058384,13529709941882896
14928,4628063534972929
23120,4630116529340419
43600,76615563706630144
76368,4557711971713024
272976,76896763805433856
535120,4628063534973184
2107984,4557695059296256
51792,76617479262044161
84560,4559756376145921
150096,13566947039907841
1067600,13566947308339201
100944,76615288829771776
166480,85622479493533696
297552,221011943291355136
1083984,85622479761965056
199248,13564756607635456
1116752,13564756876066816
3148368,13564748822020096
45648,76615288828723201
143952,13564756606586881
1061456,13564756875018241
53840,76617341823090691
283216,76898748080324611
545360,4630047809863939
2118224,4559679334187011
201296,13564687888158721
1118800,13564688156590081
3150416,13564680102543361
57936,76582303479889921
156240,13531771257753601
549456,4559756375097601
1073744,13531771526184961
172624,85587303711379456
303696,220976767509200896
565840,76615288828723456
1090128,85587303979810816
664144,13564756606587136
1581648,13564756875018496
3154512,13529573039865856
213584,13531702539325441
606800,4559687656669441
1131088,13531702807756801
672336,13566878320431361
1589840,13566878588862721
3162704,13531694753710081
721488,13564687888158976
1638992,13564688156590336
3211856,13529504321437696
3670608,13564680102543616
44112,76615013917261840
142416,13564069378265104
1059920,13564069646696464
199760,13563794501406736
1117264,13563794769838096
3148880,13563786715791376
29776,4557694757240851
144464,13563794500358161
1061968,13563794768789521
664656,13563794500358416
1582160,13563794768789776
3155024,13528610933637136
30800,4628063501418499
145488,13634163244535809
538704,4767701478146305
1062992,13634163512967169
157776,13564894011985921
1075280,13564894280417281
174160,85621663416193024
305232,221011127214014464
1091664,85621663684624384
206928,13563811681275904
1124432,13563811949707264
403536,85902863514996736
665680,13634163244536064
1189968,31578193278275584
2238544,13563794768859136
1321040,85902863783428096
1583184,13634163512967424
231504,85621388539334656
362576,221010852337156096
1149008,85621388807766016
428112,230018043000918016
1345616,230018043269349376
3180624,85621380753719296
3213392,13563657867821056
61520,76615288795168771
159824,13564756573032451
1077328,13564756841463811
176208,85621388538286081
307280,221010852336107521
1093712,85621388806717441
3158096,13563657866772481
217168,13564687854604291
1134672,13564688123035651
3166288,13564680068988931
3215440,13563589148344321
434256,229982867218763776
696400,85621388538286336
827472,221010852336107776
1351760,229982867487195136
1613904,85621388806717696
3186768,85586204971565056
3678288,13563657866772736
3735632,13563589148344576
3984,72076496440655920
18320,72060965838913585
67472,72058775406641200
264080,216455429868224560
11152,72076505030590480
35728,216191684516511760
21392,72078489305481235
25488,72060974428848145
271248,216455438458159120
50064,216176153914769425
82832,72060905710419985
279440,216457560172003345
99216,216173963482497040
328592,216455369739730960
7568,72110581166899249
11664,72075680262651952
36240,216190859748573232
69008,72075405385793584
265616,216472059847376944
527760,72110581166899504
13712,72075405384745009
38288,216190584870666289
26000,72058912710328369
75152,72057830379618352
140688,76561412826075184
533904,72075405384745264
1058192,76561413094506544
2106768,72057813467201584
50576,216174092196249649
165264,220676592311996464
296336,504684843813044272
558480,216190584870666544
1082768,220676592580427824
2131344,216172992953122864
329104,216454338813362224
14736,72110589756833809
39312,216225769242755089
43408,216190868338507792
272784,216472068437311504
534928,72110589756834064
100752,216190593461649424
559504,216225769242755344
45456,216190593460600849
57744,216174100786184209
106896,216173018455474192
172432,220676600901931024
303504,504684852402978832
565648,216190593460601104
1089936,220676601170362384
2138512,216173001543057424
7824,54086640599089
11920,19185736351792
20112,21101291765809
69264,18910859493424
528016,54086640599344
13968,18910858444849
22160,20963852812339
42640,72059187588235312
75408,1335853318192
140944,4504918299775024
272016,72340387687039024
534160,18910858445104
1058448,4504918568206384
2107024,1318940901424
50832,72061103143649329
83600,3380257751089
99984,72058912711376944
296592,216455567172960304
14992,54095230533649
23184,56148224901139
27280,21109881700369
535184,54095230533904
29328,20972442746899
86672,20903724318739
545424,56079505424659
58000,72061111733583889
303760,216455575762894864
40080,72110855977697329
138384,4556586689237041
269456,72392056076501041
531600,123355806040369
1055888,4556586957668401
2104464,52987330363441
27792,19185669242929
76944,18103338532912
142480,4521685784989744
273552,72357155172253744
1059984,4521686053421104
2108560,18086426116144
85136,18910792384561
543888,54086573490481
101520,72075680196591664
298128,216472334658175024
560272,72110855977697584
199824,4521410908131376
330896,72356880295395376
1117328,4521411176562736
2165904,17811549257776
658576,4556586689237296
1182864,13528601840324656
789648,72392056076501296
1576080,4556586957668656
2624656,52987330363696
3148944,4521403122516016
46224,72075680195543089
78992,17828460625969
144528,4521410907082801
275600,72356880294346801
1062032,4521411175514161
2110608,17811548209201
54416,72076496239329331
87184,18773353431091
545936,53949134537011
103568,72075405318684721
300176,216472059780268081
562320,72110581099790641
595088,52858213892401
58512,72059187521126449
91280,1335786209329
156816,4504918232666161
287888,72340387619930161
550032,18910791336241
1074320,4504918501097521
2122896,1318873792561
107664,72058105190416432
173200,76561687636873264
566416,72075680195543344
1090704,76561687905304624
2139280,72058088277999664
205968,4503835901956144
337040,72339305289220144
599184,17828460626224
1123472,4503836170387504
2172048,236543082544
402576,76842887735676976
664720,4521410907083056
2237584,4503818989539376
795792,72356880294347056
1320080,76842888004108336
2368656,72339288376803376
1582224,4521411175514416
2630800,17811548209456
115856,72058912644268081
312464,216455567105851441
230544,76561412760014896
623760,72075405318684976
1148048,76561413028446256
2196624,72057813401141296
427152,220958067221598256
1213584,85568603692208176
820368,216472059780268336
1344656,220958067490029616
2393232,216454467862724656
3179664,76561404974399536
1246352,13510880806309936
3212432,4503682088501296
3277968,13510872752263216
47248,72110864567631889
80016,53012832714769
145552,4556595279171601
276624,72392064666435601
538768,123364395974929
1063056,4556595547602961
2111632,52995920298001
55440,72111680611418131
88208,53957725519891
104592,72110589690773521
301200,216507244152356881
551056,54095163425041
305296,216472343248109584
567440,72110864567632144
600208,53012832715024
665744,4556595279171856
1190032,13528610430259216
796816,72392064666435856
1583248,4556595547603216
2631824,52995920298256
3156112,4521411712450576
362640,216472068371251216
624784,72110589690773776
821392,216507244152357136
61584,72076504829263891
553104,53957724471571
307344,216472068370202641
569488,72110589689725201
610448,53889006043411
319632,216455575695786001
368784,216454493365075984
434320,220958075811532816
1220752,85568612282142736
827536,216472068370202896
1351824,220958076079964176
2400400,216454476452659216
3186832,76561413564334096
3285136,13510881342197776
3342480,13510812623769616
26384,72061111733583889
42768,216174375664091152
272144,216455575762894864
50960,216176291219505169
100112,216174100787232784
15120,72111689268461569
23312,72113742262829059
39696,216226868754382849
27408,72078703919628289
43792,216191967850135552
273168,216473167948939264
535312,72111689268461824
51984,216193883405549569
101136,216191692973277184
559888,216226868754383104
29456,72078566480674819
45840,216191692972228609
54032,216193745966596099
86800,72078497762246659
283408,216475152223830019
545552,72113673543352579
287504,216457637347196929
107280,216174117967101952
172816,220677700413558784
303888,504685951914606592
566032,216191692972228864
1090320,220677700681990144
2138896,216174101054685184
115472,216176162371534849
344848,216457568628768769
15632,72110864567631889
23824,72111680611418131
40208,216226044053553169
72976,72110589690773521
269584,216507244152356881
273680,216472343248109584
535824,72110864567632144
101648,216190868272447504
560400,216226044053553424
331024,216472068371251216
593168,72110589690773776
789776,216507244152357136
29968,72076504829263891
46352,216190868271398929
275728,216472068370202641
537872,72110589689725201
54544,216191684315185171
103696,216190593394540561
562448,216225769175646481
58640,216174375596982289
288016,216455575695786001
107792,216173293266272272
173328,220676875712729104
304400,504685127213776912
566544,216190868271399184
1090832,220676875981160464
2139408,216173276353855504
337168,216454493365075984
402704,220958075811532816
1189136,85568612282142736
795920,216472068370202896
1320208,220958076079964176
2368784,216454476452659216
3155216,76561413564334096
115984,216174100720123921
230672,220676600835870736
361744,504684852336918544
623888,216190593394540816
1148176,220676601104302096
2196752,216173001476997136
1213712,229683791768064016
3179792,220676593050255376
80144,72110606870642689
145680,76614189317099521
538896,72180958433902849
1063184,76614189585530881
2111760,72110589958225921
88336,72111551763447811
284944,216508206225031171
170256,220729368803020801
301328,504737620304068609
563472,216296137919824129
1087760,220729369071452161
2136336,216225769444147201
334096,216507115304386561
59664,216191967783026689
289040,216473167881830401
551184,72111689201352961
108816,216190885452316672
174352,220694467898773504
305424,504702719399821312
1091856,220694468167204864
2140432,216190868539899904
338192,216472085551120384
600336,72110606870642944
403728,220975667997577216
665872,76614189317099776
1190160,85586204468187136
1321232,220975668266008576
2369808,216472068638703616
1583376,76614189585531136
2631952,72110589958226176
3156240,76579005750378496
117008,216191692906168321
575760,216226868687274241
231696,220694193021915136
362768,504702444522962944
1149200,220694193290346496
2197776,216190593663041536
690448,220729368803021056
1214736,229701383954108416
821520,504737620304068864
1607952,220729369071452416
2656528,216225769444147456
3180816,220694185236299776
854288,216507115304386816
291088,216473030442876931
553232,72111551762399491
110864,216190610574409729
176400,220694193020866561
307472,504702444521914369
1093904,220694193289297921
2142480,216190593661992961
798992,216507115303338241
119056,216191555467214851
577808,216226731248320771
348432,216472961724448771
610576,72111483043971331
807184,216508137505554691
626960,216225640327676161
856336,216507046584910081
123152,216174117899993089
188688,220677700346449921
319760,504685951847497729
581904,216191692905120001
1106192,220677700614881281
2154768,216174100987576321
237840,220676618015739904
368912,504684869516787712
631056,216190610574409984
1155344,220676618284171264
2203920,216173018656866304
434448,509188451963244544
696592,220694193020866816
2269456,220676601103323136
827664,504702444521914624
1351952,509188452231675904
2400528,504684852604370944
1614096,220694193289298176
2662672,216190593661993216
1450256,229965137895755776
3285264,85568475380125696
3416336,220957939177947136
1278224,229683662920093696
3244304,220676464202285056
3309840,229683654866046976
1507600,229965069177327616
3342608,85568406661697536
3473680,220957870459518976
3539216,229965061123280896
15888,54370041331729
73232,54095164473361
28176,21384692498449
44560,72077329462984720
536080,54370041331984
85520,21109815640081
544272,56285596746001
593424,54095164473616
538128,54095163425041
54800,72078695262584851
87568,20972376686611
546320,56148157792531
58896,72061386544381969
91664,3534809464849
157200,4507117255921681
288272,72342586643185681
550416,21109814591761
1074704,4507117524353041
2123280,3517897048081
304656,216455850573692944
1189392,13512117755842576
3155472,4504919038033936
116240,72061111667523601
312848,216457766129106961
362000,216455575696834576
47632,72111964079259649
80400,54112344342529
145936,4557694790799361
277008,72393164178063361
539152,124463907602689
1063440,4557695059230721
2112016,54095431925761
154128,4559747785166851
285200,72395217172430851
547344,126516901970179
1071632,4559748053598211
2120208,56148426293251
104976,72111689202401281
301584,216508343663984641
59920,72078978730426369
92688,21126995509249
158224,4524709441966081
289296,72360178829230081
1075728,4524709710397441
2124304,21110083092481
305680,216473442759737344
567824,72111964079259904
600592,54112344342784
666128,4557694790799616
1190416,13529709941886976
797200,72393164178063616
1583632,4557695059230976
2632208,54095431926016
3156496,4522511224078336
117264,72078703853568001
313872,216475358315151361
576016,72113879634673921
608784,56156748775681
363024,216473167882878976
625168,72111689202401536
821776,216508343663984896
94736,20989556555779
160272,4524572003012611
291344,72360041390276611
1077776,4524572271443971
2126352,20972644139011
307728,216473167881830401
569872,72111689201352961
119312,72078566414614531
315920,216475220876197891
578064,72113742195720451
217616,4524503284584451
348688,72359972671848451
1135120,4524503553015811
2183696,20903925710851
676368,4559679065690371
1200656,13531694216777731
807440,72395148452954371
1593872,4559679334121731
2642448,56079706816771
3166736,4524495498969091
123408,72061128847392769
188944,76564711293849601
582160,72078703852519681
1106448,76564711562280961
2155024,72061111934976001
1204752,13514179340144641
3170832,4506980622336001
369168,216455592876703744
434704,220959175323160576
1221136,85569711793770496
827920,216473167881830656
1352208,220959175591591936
2400784,216455575964286976
3187216,76562513075961856
3285520,13511980853825536
377360,216457637281136641
1262096,13514110621716481
3228176,4506911903907841
3293712,13514102567669761
3342864,13511912135397376
31760,54370007777299
48144,72111414289891345
89104,54095130918931
306192,216472892970369040
568336,72111414289891600
554000,54095129870611
3286032,13511018747596816
63504,72111964045705219
96272,54112310788099
161808,4557694757244931
292880,72393164144508931
555024,124463874048259
1079312,4557695025676291
2127888,54095398371331
309264,216507527586643969
1194000,13563794768793601
3160080,4556596050984961
120848,72111689168846851
317456,216508343630430211
366608,216507252709785601
829456,216507527586644224
1714192,13563794768793856
3287056,13528610933641216
3680272,4556596050985216
886800,216507252709785856
323600,216473167848275971
585744,72111689167798531
831504,216507252708737281
1482768,229965275301154816
3317776,85568612785524736
3448848,220958076583346176
3552,76615275944869936
34272,220695279648636976
35296,220730464020725776
20960,76617268809695251
5856,4559743491244081
9952,4524700853076016
34528,76582290596036656
67296,4524563416219696
132832,13531758373900336
526048,4559743491244336
1050336,13531758642331696
10976,4559885225164816
35552,76617474968125456
68320,4559747788308496
133856,13566942745989136
1051360,13566943014420496
21216,4564072818278419
70368,4559679068831761
135904,13566874026512401
1053408,13566874294943761
74464,4524572006154256
197344,13531693951488016
590560,4559679068832016
1114848,13531694219919376
656096,13566874026512656
1573600,13566874294944016
3146464,13531690459791376
19680,4559880896643121
68832,4557686170452016
134368,13564881128132656
1051872,13564881396564016
21728,4559743457689651
74976,4522510388297776
76000,4557694760386576
86240,4559679035277331
151776,13566873992957971
1069280,13566874261389331
3936,76617474968125456
34656,220697478671892496
11104,76617479263092736
68448,76617341826236416
133984,85624536783917056
265056,221014000581738496
1051488,85624537052348416
21344,76621666856206339
37728,220732525605027841
70496,76617273106759681
136032,85624468064440321
267104,221013931862261761
1053536,85624468332871681
41824,220697482966859776
74592,76582166044082176
99168,220697345530003456
164704,229704540487684096
557920,220732525605028096
1082208,229704540756115456
197472,85589287989415936
328544,220978751787237376
590688,76617273106759936
1114976,85589288257847296
394080,229985946744918016
656224,85624468064440576
787296,221013931862262016
1311584,229985947013349376
1573728,85624468332871936
3146592,85589284497719296
76128,76615288798314496
51552,220732663010426881
100704,220730468284235776
166240,229737663241916416
1083744,229737663510347776
53600,220732525571473411
86368,76617273073205251
151904,85624468030885891
282976,221013931828707331
1069408,85624468299317251
106848,220695292502081536
69216,4559885193707536
134752,13567080151388176
1052256,13567080419819536
75360,4524709411553296
141920,13567084446355456
1059424,13567084714786816
100960,76617479231635456
166496,85624674189316096
297568,221014137987137536
1084000,85624674457747456
199264,13566947009499136
1116768,13566947277930496
3148384,13566943517802496
78432,4559756344688641
86624,4564077081788419
152160,13571272039469059
1069664,13571272307900419
201312,13566878290022401
1118816,13566878558453761
3150432,13566874798325761
107104,76582303449481216
205408,13531771227344896
598624,4559756344688896
1122912,13531771495776256
721504,13566878290022656
1639008,13566878558454016
3211872,13531694723301376
3670624,13566874798326016
23648,4630249624043539
76896,4557969621516304
85088,4559885176930321
150624,13567080134610961
1068128,13567080403042321
199776,13564885408419856
1117280,13564885676851216
3148896,13564881916723216
29792,4559885174833171
78944,4557694743609361
54368,76617474917793811
87136,4559747737976851
152672,13566942695657491
1070176,13566942964088851
91232,4524709394776081
205920,13529709626265616
599136,4557694743609616
1123424,13529709894696976
30816,4630253919010819
79968,4628063487787009
55392,76687843661971459
88160,4630116482154499
153696,13637311439835139
546912,4770849673445635
1071200,13637311708266499
157792,13567084429578241
1075296,13567084698009601
108640,76615563659444224
338016,76896763758247936
600160,4628063487787264
2173024,4557695012110336
3156064,13564886211690496
116832,76617479214858241
182368,85624674172538881
313440,221014137970360321
1099872,85624674440970241
215136,13566946992721921
1132640,13566947261153281
3164256,13566943501025281
231520,85622479446347776
362592,221011943244169216
1149024,85622479714779136
428128,230019138201849856
1345632,230019138470281216
3180640,85622475954651136
3213408,13564748774834176
61536,76617479212761091
159840,13566946990624771
1077344,13566947259056131
110688,76615288781537281
208992,13564756559400961
1126496,13564756827832321
118880,76617341775904771
184416,85624536733585411
315488,221014000531406851
1101920,85624537002016771
348256,76898748033138691
610400,4630047762678019
2183264,4559679287001091
413792,85905942990819331
675936,13637242720358659
1200224,31581272754098179
2248800,13566874244681731
1331296,85905943259250691
1593440,13637242988790019
3215456,13564680055357441
122976,76582303432704001
221280,13531771210567681
614496,4559756327911681
1138784,13531771478999041
237664,85587303664193536
368736,220976767462014976
630880,76615288781537536
1155168,85587303932624896
729184,13564756559401216
1646688,13564756827832576
3219552,13529572992679936
737376,13566878273245441
1654880,13566878541676801
3227744,13531694706524161
3686496,13566874781548801
3735648,13564680055357696
4000,72078691035775024
10144,72061103144697904
67488,72060965707841584
264096,216457624463343664
35744,216193879111630864
41888,216176291220553744
74656,72060974297776144
99232,216176153783697424
328608,216457560040931344
7584,72111676317499441
19872,72078690968666161
36256,216191954899173424
69024,72076496242475056
265632,216473154997977136
527776,72111676317499696
21920,72078553529712691
38304,216191680021266481
26016,72061103077589041
42400,216174367008096304
271776,216455567106900016
83360,72060965640732721
279968,216457624396234801
165280,220677687462596656
296352,504685938963644464
558496,216191680021266736
1082784,220677687731028016
2131360,216174088103723056
329120,216455429670043696
22944,72113737901801491
39328,216226864393355281
76192,72076504832409616
51616,216193879044522001
100768,216191684318330896
559520,216226864393355536
53664,216193741605568531
86432,72078489107300371
283040,216475147862802451
545184,72113669182325011
57760,216176291153444881
90528,72060974230667281
336288,216455438259978256
115104,216176153716588561
344480,216457559973822481
11936,21376103612464
20128,25494977249329
36512,72078965846573104
134816,4524696558112816
265888,72360165945376816
1052320,4524696826544176
2100896,21097199239216
13984,21101225705521
22176,25357538295859
38560,72078690968666161
71328,20963788849201
530080,56143863873841
26272,7907086172209
42656,72061377955495984
140960,4507108667035696
272032,72342578054299696
534176,21101225705776
1058464,4507108935467056
2107040,3509308162096
50848,72065496829132849
83616,7769649315889
165536,76564698409996336
558752,72078690968666416
1083040,76564698678427696
2131616,72061099051122736
198304,4506971230179376
329376,72342440617443376
591520,20963788849456
1115808,4506971498610736
2164384,3371871305776
1181344,13514166456291376
3147424,4506967738482736
15008,56285597794321
23200,60541910384659
39584,72113875340754961
72352,56148160938001
535200,56285597794576
101024,72078695265730576
297632,216475354021232656
559776,72113875340755216
592544,56148160938256
78496,20972378783761
86688,25293115883539
545440,60473190908179
594592,56079441461521
90784,7778239250449
303776,216457766130155536
205472,4506979820113936
336544,72342449207377936
598688,20972378784016
1122976,4506980088545296
2171552,3380461240336
361120,216457628693299216
1245856,13514102033879056
3211936,4506903316070416
3277472,13514098273751056
72864,54086543081521
76960,19185638834224
85152,21101194248241
543904,56281269272881
593056,54086543081776
29856,21101192151091
79008,18910760927281
54432,72078690935111731
87200,20963755294771
545952,56143830319411
107680,72059187490717744
205984,4504918202257456
337056,72340387589521456
599200,18910760927536
1123488,4504918470688816
2172064,1318843383856
115872,72061103046131761
312480,216457761801633841
361632,216455567075442736
30880,56285564239891
80032,54095133016081
55456,72113875307200531
88224,56148127383571
92320,21109784182801
600224,54095133016336
94368,20972345229331
610464,56079407907091
123040,72061111636066321
368800,216455575665377296
7968,72113875340754961
36640,216194153922428944
69408,72078695265730576
266016,216475354021232656
528160,72113875340755216
38688,216193879044522001
42784,216176566031351824
272160,216457766130155536
50976,216180684904988689
165664,220679886485852176
296736,504688137986899984
558880,216193879044522256
1083168,220679886754283536
2131744,216176287126978576
329504,216457628693299216
15136,72113879635722241
23328,72118135948312579
72480,72113742198865921
269088,216510400954368001
43808,216194158217396224
273184,216475358316199936
535328,72113879635722496
52000,216198277091033089
166688,220697478671896576
297760,504705730172944384
1084192,220697478940327936
2132768,216193879313022976
330528,216475220879343616
592672,72113742198866176
789280,216510400954368256
45856,216193883339489281
78624,72078566416711681
54048,216198139652079619
86816,72082887153811459
283424,216479545909313539
545568,72118067228836099
103200,216193745902632961
561952,216228925977657601
332576,216475152159866881
594720,72113673479389441
791328,216510332234891521
58144,216180689199955969
90912,72065372277178369
172832,220679890780819456
303904,504688142281867264
566048,216193883339489536
1090336,220679891049250816
2138912,216176291421945856
205600,76564573858041856
598816,72078566416711936
1123104,76564574126473216
2171680,72060974499168256
115488,216180551763099649
344864,216461958020333569
230176,220679753343963136
361248,504688004845010944
623392,216193745902633216
1147680,220679753612394496
2196256,216176153985089536
1213216,229686948570075136
3179296,220679749852266496
459552,220961159601197056
1245984,85571696071806976
852768,216475152159867136
1377056,220961159869628416
2425632,216457560242323456
3212064,76564497353998336
1442592,229968354827309056
3277600,85571692311678976
3408672,220961156109500416
23840,72113875307200531
54560,216193879010967571
91424,72061111636066321
107808,216174375566573584
337184,216455575665377296
116000,216176291121987601
31008,72113879602167811
80160,72111689170944001
88352,72113742165311491
284960,216510400920813571
104736,216226868656865281
92448,72078703822110721
108832,216191967752617984
338208,216473167851421696
600352,72111689170944256
117024,216193883308032001
575776,216229063383056641
624928,216226868656865536
61728,216193883305934851
94496,72078566383157251
110880,216191692874711041
119072,216193745869078531
577824,216228925944103171
348448,216475152126312451
610592,72113673445835011
807200,216510332201337091
352544,216457637249679361
237856,220677700316041216
368928,504685951817089024
631072,216191692874711296
1155360,220677700584472576
2203936,216174100957167616
24096,60679315783699
73248,56285566337041
77344,21384662089744
593440,56285566337296
79392,21109784182801
91680,7915644649489
108064,72061386513973264
206368,4507117225512976
337440,72342586612776976
599584,21109784183056
1123872,4507117493944336
2172448,3517866639376
362016,216457766098698256
31264,60683610750979
55840,72118273353711619
88608,60546173894659
104992,72113879604264961
301600,216510538359767041
92704,25507830693889
109088,72078978700017664
207392,4524709411557376
338464,72360178798821376
1124896,4524709679988736
2173472,21110052683776
363040,216475358284742656
625184,72113879604265216
821792,216510538359767296
94752,25370391740419
111136,72078703822110721
602656,56156717318401
610848,60477454418179
123424,72065509682577409
238112,76564711263440896
631328,72078703822110976
1155616,76564711531872256
2204192,72061111904567296
1253920,13514179309735936
3220000,4506980591927296
3342880,13514102537261056
31776,56560425369619
80928,54369994145809
56352,72114150168330259
154656,4559880879869971
285728,72395350267133971
547872,126649996673299
1072160,4559881148301331
2120736,56281520996371
93216,21384645312529
109600,72077329415798800
601120,54369994146064
609312,56285549560081
554016,56285547462931
603168,54095116239121
119840,72078695215398931
316448,216475353970901011
578592,72113875290423571
611360,56148110606611
123936,72061386497196049
222240,4507117208735761
353312,72342586595999761
615456,21109767405841
1139744,4507117477167121
2188320,3517849862161
369696,216455850526507024
1254432,13512117708656656
3220512,4504918990848016
377888,216457766081921041
63520,72114154463297539
161824,4559885174837251
292896,72395354562101251
555040,126654291640579
1079328,4559885443268611
2127904,56285815963651
112672,72111964032073729
210976,4557694743613441
342048,72393164130877441
604192,124463860416769
1128480,4557695012044801
2177056,54095384739841
186400,76617474917797891
579616,72184244034601219
1103904,76617475186229251
2152480,72113875558924291
219168,4559747737980931
350240,72395217125244931
612384,126516854784259
1136672,4559748006412291
2185248,56148379107331
1202208,13566942964092931
3168288,4559744246284291
366624,216508343616798721
124960,72078978683240449
223264,4524709394780161
354336,72360178782044161
1140768,4524709663211521
2189344,21110035906561
370720,216473442712551424
632864,72111964032073984
731168,4557694743613696
1255456,13529709894701056
862240,72393164130877696
1648672,4557695012045056
2697248,54095384740096
3221536,4522511176892416
378912,216475358267965441
641056,72113879587488001
837664,216510538342990081
886816,216508343616798976
323616,216475358265868291
585760,72113879585390851
225312,4524571955826691
356384,72360041343090691
1142816,4524572224258051
2191392,20972596953091
372768,216473167834644481
634912,72111689154167041
380960,216475220829011971
643104,72113742148534531
839712,216510400904036611
741408,4559679018504451
1265696,13531694169591811
872480,72395148405768451
1658912,4559679286935811
2707488,56079659630851
3231776,4524495451783171
1724448,13566874244616451
3297312,13531690409463811
3690528,4559675526807811
253984,76564711246663681
647200,72078703805333761
1171488,76564711515095041
2220064,72061111887790081
1269792,13514179292958721
3235872,4506980575150081
499744,220959175275974656
1286176,85569711746584576
892960,216473167834644736
1417248,220959175544406016
2465824,216455575917101056
3252256,76562513028775936
3350560,13511980806639616
3358752,13514102520483841
4032,76615276010930224
34752,220695279714697264
35776,220730464086786064
21440,76617268875755539
7616,76684545176371249
11712,76614455605067824
19904,76615275943821361
69056,76614180728209456
527808,76684545176371504
2100672,76614176700694576
13760,76614180727160881
21952,76615138504867891
136640,85621238247985201
267712,221010702045806641
1054144,85621238516416561
42432,220694459308834864
75200,76579004946055216
140736,85586195609817136
271808,220975659407638576
533952,76614180727161136
1058240,85586195878248496
50624,220695279647588401
99776,220694184431976496
296384,509206031264383024
2131392,220694180404461616
394688,229982716928462896
656832,85621238247985456
787904,221010702045806896
1312192,229982717196894256
1574336,85621238516416816
3147200,85586054681264176
39360,220799733252227089
43456,220729643680923664
76224,76614189318144016
141760,85621379981905936
272832,221010843779727376
1059264,85621380250337296
51648,220730464019677201
100800,220729368804065296
297408,509241215636471824
559552,220799733252227344
2132416,220729364776550416
395712,230017901300551696
1313216,230017901568983056
3148224,85621239053352976
45504,220729368803016721
53696,220730326580723731
152000,85622269040136211
283072,221011732837957651
1069504,85622269308567571
168384,229736426323841041
1085888,229736426592272401
397760,230017832581074961
1315264,230017832849506321
3150272,85621170333876241
106944,220694193021911056
172480,229701383685672976
565696,220729368803016976
1089984,229701383954104336
688576,229736426323841296
1606080,229736426592272656
3178944,229701242757120016
917952,230017832581075216
1835456,230017832849506576
3408320,229982649014353936
3670464,85621170333876496
7872,4628050650071089
11968,4557961078767664
36544,76615550821728304
69312,4557686201909296
265920,76896750920532016
528064,4628050650071344
2100928,4557682174394416
14016,4557686200860721
38592,76615275943821361
136896,13564743721685041
1054400,13564743990116401
26304,4524700852027441
75456,4522510419755056
140992,13529701083516976
534208,4557686200860976
1058496,13529701351948336
50880,76582290594988081
149184,13531758372851761
542400,4559743490195761
1066688,13531758641283121
165568,85587290826477616
296640,220976754624299056
558784,76615275943821616
1083072,85587291094908976
657088,13564743721685296
1574592,13564743990116656
3147456,13529560154964016
23232,4630112234373139
27328,4559885224116241
76480,4557694791843856
142016,13564885455605776
1059520,13564885724037136
51904,76617474967076881
150208,13566942744940561
1067712,13566943013371921
166592,85622475198566416
297664,221011938996387856
1084096,85622475466997776
3148480,13564744527052816
29376,4559747785162771
53952,76617337528123411
86720,4559679066734611
283328,76898743785357331
545472,4630043514896659
2118336,4559675039219731
3150528,13564675807576081
672448,13566874025464081
1589952,13566874293895441
3162816,13531690458742801
3670720,13564675807576336
23744,4628050616516659
138432,13634150359633969
531648,4767688593244465
1055936,13634150628065329
44224,76615005327327280
76992,4556870124568624
142528,13564060788330544
1060032,13564061056761904
150720,13564881127084081
1068224,13564881395515441
167104,85621650531291184
298176,221011114329112624
1084608,85621650799722544
199872,13563785911472176
1117376,13563786179903536
396480,85902850630094896
658624,13634150359634224
1182912,31578180393373744
2231488,13563781883957296
1313984,85902850898526256
1576128,13634150628065584
29888,4557686167306291
79040,4556595246661681
144576,13563785910423601
1062080,13563786178854961
54464,76615275910266931
152768,13564743688130611
1070272,13564743956561971
169152,85621375653384241
300224,221010839451205681
1086656,85621375921815601
3151040,13563644981870641
206016,13528610129317936
599232,4556595246661936
1123520,13528610397749296
664768,13563785910423856
1582272,13563786178855216
3155136,13528602343702576
427200,229982854333861936
689344,85621375653384496
820416,221010839451205936
1344704,229982854602293296
1606848,85621375921815856
3179712,85586192086663216
3671232,13563644981870896
207040,13563794501406736
1124544,13563794769838096
3156160,13563786715791376
428224,230018038705950736
1345728,230018038974382096
3180736,85621376458752016
3166400,13564675774021651
20288,76617474967076881
36672,220730738897584144
134976,85622475198566416
266048,221011938996387856
1052480,85622475466997776
22336,76617337528123411
38720,220730464019677201
51008,220697478670843921
165696,229702478902333456
558912,220730464019677456
1083200,229702479170764816
23360,76687706272301059
39744,220800832763854849
27456,76617479262044161
43840,220730743192551424
76608,76615288829771776
142144,85622479493533696
273216,221011943291355136
1059648,85622479761965056
150336,85624536782868481
281408,221014000580689921
1067840,85624537051299841
101184,220730468315693056
297792,509242315148099584
559936,220800832763855104
2132800,220730464288178176
396096,230019000812179456
1313600,230019001080610816
3148608,85622338564980736
29504,76617341823090691
45888,220730468314644481
86848,76617273104662531
545600,76687637552824579
2118464,76617269077147651
168768,229737525835468801
1086272,229737526103900161
398144,230018932092702721
1315648,230018932361134081
3150656,85622269845504001
58176,220697482965811201
107328,220695292533538816
172864,229702483197300736
566080,220730468314644736
1090368,229702483465732096
181056,229704540486635521
574272,220732525603979521
1098560,229704540755066881
410432,229985946743869441
672576,85624468063392001
803648,221013931861213441
1327936,229985947012300801
1590080,85624468331823361
3162944,85589284496670721
688960,229737525835469056
1606464,229737526103900416
3179328,229702342268747776
918336,230018932092702976
1835840,230018932361134336
3408704,229983748525981696
3670848,85622269845504256
44352,220730193403183120
167232,229736838607147024
1084736,229736838875578384
396608,230018038705950736
1314112,230018038974382096
3149120,85621376458752016
54592,220730463986122771
169280,229736563729240081
1086784,229736563997671441
689472,229736563729240336
1606976,229736563997671696
3179840,229701380162519056
55616,220800832730300419
170304,229806932473417729
563520,220940470707028225
1087808,229806932741849089
108864,220729652238352384
174400,229736842902114304
1091904,229736843170545664
207168,85621388539334656
338240,221010852337156096
1124672,85621388807766016
403776,230018043000918016
1321280,230018043269349376
3156288,85621380753719296
182592,229737663240867841
1100096,229737663509299201
231744,229736568025255936
1149248,229736568293687296
428352,518248414857662464
690496,229806932473417984
1214784,247750962507157504
2263360,229736563997741056
1345856,518248415126093824
1608000,229806932741849344
3410240,230017902072365056
61760,220730468281090051
110912,220729377360445441
176448,229736568024207361
1093952,229736568292638721
184640,229737525801914371
1102144,229737526070345731
414016,230018932059148291
1331520,230018932327579651
3166528,85622269811949571
3182912,229736427095654401
3412288,230017833352888321
237888,229701392243101696
631104,220729377360445696
1155392,229701392511533056
696640,229736568024207616
1614144,229736568292638976
3187008,229701384457486336
3703104,229736427095654656
3932480,230017833352888576
24128,4630249639772179
151104,13567080150339601
1068608,13567080418770961
3149376,13564881932451856
30272,4559885190561811
54848,76617474933522451
153152,13566942711386131
1070656,13566942979817491
31296,4630253934739459
55872,76687843677700099
154176,13637311455563779
547392,4770849689174275
1071680,13637311723995139
92736,4559893781544961
158272,13567084445306881
1075776,13567084713738241
207424,13564894013034496
1124928,13564894281465856
3156544,13564886227419136
182848,85624674188267521
313920,221014137986088961
1100352,85624674456698881
3164736,13566943516753921
428608,230019138217578496
1346112,230019138486009856
3181120,85622475970379776
62016,76617479228489731
94784,4559756342591491
160320,13566947006353411
1077824,13566947274784771
184896,85624536749314051
315968,221014000547135491
1102400,85624537017745411
217664,13566878287925251
1135168,13566878556356611
414272,85905943006547971
676416,13637242736087299
1200704,31581272769826819
2249280,13566874260410371
1331776,85905943274979331
1593920,13637243004518659
3686976,13566874797277441
154688,13635249854484499
547904,4768788088094995
1072192,13635250122915859
662592,13774887831212305
1580096,13774888099643665
3152960,13634151148224529
109632,76615013901533200
175168,85622204565295120
306240,221011668363116560
1092672,85622204833726480
207936,13564069362536464
1125440,13564069630967824
3157056,13564061576921104
3165248,13564881915674641
429120,230018313567080464
1346624,230018313835511824
3181632,85621651319881744
3214400,13563786700062736
3279936,31578180913532944
3411008,85902851418685456
3673152,13634151148224784
95296,4557694741512211
160832,13564885405274131
1078336,13564885673705491
209984,13563794484629521
1127488,13563794753060881
3159104,13563786699014161
185408,85622475148234771
316480,221011938946056211
1102912,85622475416666131
3167296,13564744476721171
431168,230018038689173521
1348672,230018038957604881
3183680,85621376441974801
730176,13563794484629776
1647680,13563794753061136
3220544,13528610917908496
3679296,13563786699014416
951360,230018038689173776
1868864,230018038957605136
3441728,229982855122452496
3703872,85621376441975056
96320,4628063485689859
161856,13635254149451779
555072,4768792383062275
1079360,13635254417883139
211008,13634163228807169
604224,4767701462417665
1128512,13634163497238529
669760,13774892126179585
1587264,13774892394610945
3160128,13634155443191809
186432,85692843892412419
317504,221082307690233859
579648,76826382126022915
1103936,85692844160843779
677952,13775849903886595
1595456,13775850172317955
3168320,13635113220898819
432192,230088407433351169
694336,85832481869140225
825408,221221945666961665
1349696,230088407701782529
1611840,85832482137571585
3184704,85691745186152449
3676224,13774751197626625
223296,13564893996257281
1140800,13564894264688641
3172416,13564886210641921
239680,85621663400464384
370752,221011127198285824
1157184,85621663668895744
436288,230018317862047744
1353792,230018318130479104
3188800,85621655614849024
469056,85902863499268096
731200,13634163228807424
1255488,31578193262546944
2304064,13563794753130496
1386560,85902863767699456
1648704,13634163497238784
3287104,31578185208500224
3418176,85902855713652736
3680320,13634155443192064
444480,230019138200801281
1361984,230019138469232641
3196992,85622475953602561
493632,230018042985189376
1411136,230018043253620736
3246144,85621380737990656
952384,230088407433351424
1476672,248032437467090944
2525248,230018038957674496
3311680,103635774951460864
1869888,230088407701782784
3704896,85691745186152704
127040,76615288779440131
192576,85622479443202051
323648,221011943241023491
1110080,85622479711633411
225344,13564756557303811
1142848,13564756825735171
3174464,13564748771688451
241728,85621388522557441
372800,221010852320378881
1159232,85621388790988801
438336,230018042984140801
1355840,230018043252572161
3190848,85621380736942081
3223616,13563657851043841
446528,230019000761847811
1364032,230019001030279171
3199040,85622338514649091
3231808,13564680053260291
3297344,31579074266730499
3428416,85903744771883011
3690560,13635044501422339
3444800,230017902055587841
499776,229982867203035136
761920,85621388522557696
892992,221010852320379136
1417280,229982867471466496
1679424,85621388790989056
3252288,85586204955836416
958528,230018042984141056
1876032,230018043252572416
3448896,229982859417419776
3711040,85621380736942336
3743808,13563657851044096
3964992,230017902055588096
8064,72111676383559729
20352,72078691034726449
36736,216191954965233712
266112,216473155064037424
528256,72111676383559984
22400,72078553595772979
38784,216191680087326769
26496,72061103143649329
42880,216174367074156592
75648,72058912711376944
272256,216455567172960304
280448,216457624462295089
100224,216174092197298224
165760,220677687528656944
296832,504685939029704752
558976,216191680087327024
1083264,220677687797088304
2131840,216174088169783344
23424,72113737967861779
39808,216226864459415569
52096,216193879110582289
560000,216226864459415824
54144,216193741671628819
283520,216475147928862739
545664,72113669248385299
58240,216176291219505169
107392,216174100787232784
15744,72110855977697329
73088,72110581100838961
138624,76614176432197681
531840,72180945549001009
1056128,76614176700629041
2104704,72110577073324081
77184,72075680196591664
273792,216472334658175024
535936,72110855977697584
52608,216191954898124849
281984,216473154996928561
544128,72111676316451121
101760,216190859682512944
167296,220694455013871664
298368,504702706514919472
1084800,220694455282303024
2133376,216190855654998064
331136,216472059781316656
593280,72110581100839216
396672,220975655112675376
658816,76614176432197936
1183104,85586191583285296
1314176,220975655381106736
2362752,216472055753801776
1576320,76614176700629296
2624896,72110577073324336
3149184,76578992865476656
30080,72076496239329331
46464,216190859681464369
79232,72075405318684721
275840,216472059780268081
537984,72110581099790641
284032,216473017557975091
546176,72111538877497651
103808,216190584804606001
169344,220694180135964721
300416,504702431637012529
1086848,220694180404396081
2135424,216190580777091121
791936,216507102418436401
58752,216174367007047729
91520,72058912644268081
288128,216455567105851441
173440,220676867122794544
304512,504685118623842352
566656,216190859681464624
1090944,220676867391225904
2139520,216173267763920944
206208,76561412760014896
599424,72075405318684976
1123712,76561413028446256
2172288,72057813401141296
402816,220958067221598256
1189248,85568603692208176
796032,216472059780268336
1320320,220958067490029616
2368896,216454467862724656
3155328,76561404974399536
116096,216174092130189361
181632,220677687461548081
312704,504685938962595889
574848,216191680020218161
1099136,220677687729979441
2147712,216174088102674481
230784,220676592245936176
361856,504684843746983984
624000,216190584804606256
1148288,220676592514367536
2196864,216172992887062576
427392,509188439078342704
689536,220694180135964976
2262400,220676588218421296
820608,504702431637012784
1344896,509188439346774064
2393472,504684839719469104
1607040,220694180404396336
2655616,216190580777091376
1443200,229965125010853936
3278208,85568462495223856
3409280,220957926293045296
31104,72111680611418131
47488,216226044053553169
80256,72110589690773521
276864,216507244152356881
285056,216508201930063891
104832,216225769176694801
170368,220729364508053521
301440,504737616009101329
563584,216296133624856849
1087872,220729364776484881
2136448,216225765149179921
108928,216190868272447504
567680,216226044053553424
338304,216472068371251216
600448,72110589690773776
797056,216507244152357136
575872,216226864392306961
625024,216225769176695056
690560,220729364508053776
1214848,229701379659141136
821632,504737616009101584
1608064,220729364776485136
2656640,216225765149180176
3180928,220694180941332496
61824,216191684315185171
110976,216190593394540561
569728,216225769175646481
577920,216226726953353491
807296,216508133210587411
123264,216174100720123921
237952,220676600835870736
369024,504684852336918544
631168,216190593394540816
1155456,220676601104302096
2204032,216173001476997136
1220992,229683791768064016
3187072,220676593050255376
3309952,229683650571079696
3539328,229965056828313616
16000,54361451397169
40576,72111951194357809
73344,54086574538801
138880,4557681905897521
269952,72393151293161521
532096,124451022700849
1056384,4557682174328881
2104960,54082547023921
28288,21376102563889
44672,72077320873050160
77440,19185670291504
536192,54361451397424
52864,72078965845524529
85632,21101225705521
151168,4524696557064241
282240,72360165944328241
1068672,4524696825495601
2117248,21097198190641
298624,216473429874835504
560768,72111951194358064
593536,54086574539056
659072,4557681905897776
1183360,13529697056985136
790144,72393151293161776
1576576,4557682174329136
2625152,54082547024176
3149440,4522498339176496
79488,18910792384561
538240,54086573490481
87680,20963786752051
153216,4524559118110771
284288,72360028505374771
1070720,4524559386542131
2119296,20959759237171
300672,216473154996928561
562816,72111676316451121
59008,72061377954447409
157312,4507108665987121
288384,72342578053251121
550528,21101224657201
1074816,4507108934418481
2123392,3509307113521
108160,72059187522175024
304768,216455841983758384
206464,4504918233714736
337536,72340387620978736
599680,18910792384816
1123968,4504918502146096
2172544,1318874841136
1189504,13512109165908016
3155584,4504910448099376
116352,72061103077589041
181888,76564698408947761
575104,72078690967617841
1099392,76564698677379121
2147968,72061099050074161
1197696,13514166455242801
3163776,4506967737434161
362112,216455567106900016
427648,220959162438258736
1214080,85569698908868656
820864,216473154996928816
1345152,220959162706690096
2393728,216455563079385136
3180160,76562500191060016
3278464,13511967968923696
80512,54095164473361
88704,56148158840851
154240,4559743490199571
285312,72395212877463571
547456,126512607002899
1071744,4559743758630931
2120320,56144131325971
301696,216508339369017361
92800,21109815640081
551552,56285596746001
600704,54095164473616
313984,216475354020184081
576128,72113875339706641
821888,216508339369017616
62080,72078695262584851
94848,20972376686611
553600,56148157792531
316032,216475216581230611
578176,72113737900753171
610944,56079439364371
676480,4559674770723091
1200768,13531689921810451
807552,72395144157987091
1593984,4559675039154451
2642560,56075411849491
3166848,4524491204001811
123520,72061111667523601
320128,216457766129106961
369280,216455575696834576
3293824,13514098272702481
31872,54361417842739
48256,72111405699956785
81024,53270497198129
56448,72111951160803379
89216,54086540984371
154752,4557681872343091
285824,72393151259607091
547968,124450989146419
1072256,4557682140774451
2120832,54082513469491
302208,216507514701742129
1186944,13563781883891761
3153024,4556583166083121
109696,72076229918851120
306304,216472884380434480
568448,72111405699957040
601216,53270497198384
822400,216507514701742384
1707136,13563781883892016
3280000,13528598048739376
3673216,4556583166083376
95360,18910758830131
554112,54086539936051
603264,52995619291441
316544,216473154963374131
578688,72111676282896691
824448,216507239823835441
369792,216454751029559344
1254528,13511018211708976
3220608,4503819493900336
3286144,13511010157662256
1475712,229965262416252976
3310720,85568599900622896
3441792,220958063698444336
96384,54095130918931
317568,216508339335462931
40704,216227139270213649
270080,216508339369017361
44800,216192508948906000
52992,216194153921380369
282368,216475354020184081
544512,72113875339706641
560896,216227139270213904
790272,216508339369017616
30464,72078695262584851
284416,216475216581230611
546560,72113737900753171
562944,216226864392306961
59136,216176566030303249
91904,72061111667523601
288512,216457766129106961
108288,216174375598030864
337664,216455575696834576
116480,216176291153444881
182016,220679886484803601
313088,504688137985851409
575232,216193879043473681
1099520,220679886753234961
2148096,216176287125930001
1214208,229684886984724496
3180288,220677688266915856
47872,216227143565180929
80640,72111689202401281
277248,216508343663984641
88832,72113742196768771
154368,76617337528127491
547584,72184106644930819
1071872,76617337796558851
2120448,72113738169253891
105216,216226868688322561
170752,220730464019681281
301824,504738715520729089
563968,216297233136484609
1088256,220730464288112641
2136832,216226864660807681
60160,216194158216347649
92928,72078703853568001
289536,216475358315151361
551680,72113879634673921
109312,216191967784075264
568064,216227143565181184
338688,216473167882878976
600832,72111689202401536
797440,216508343663984896
117504,216193883339489281
183040,220697478670848001
314112,504705730171895809
1100544,220697478939279361
2149120,216193879311974401
805632,216510400953319681
625408,216226868688322816
690944,220730464019681536
1215232,229702479170768896
822016,504738715520729344
1608448,220730464288112896
2657024,216226864660807936
3181312,220695280452960256
94976,72078566414614531
291584,216475220876197891
553728,72113742195720451
111360,216191692906168321
570112,216226868687274241
119552,216193745900535811
185088,220697341231894531
316160,504705592732942339
1102592,220697341500325891
2151168,216193741873020931
348928,216475152157769731
611072,72113673477292291
414464,220978747489128451
676608,76617268808651011
1200896,85589283959738371
1331968,220978747757559811
2380544,216475148130254851
1594112,76617269077082371
2642688,72113669449777411
3166976,76582085241929731
189184,220679890779770881
320256,504688142280818689
582400,216193883338440961
1106688,220679891048202241
2155264,216176291420897281
353024,216457637281136641
238336,220677700347498496
369408,504685951848546304
631552,216191692906168576
1155840,220677700615929856
2204416,216174100988624896
1221376,229684891279691776
3187456,220677692561883136
1229568,229686948569026561
3195648,220679749851217921
1458944,229968354826260481
3293952,85571692310630401
3425024,220961156108451841
3310336,229684750082707456
3539712,229966156339941376
48384,216226593775812625
56576,216227139236659219
285952,216508339335462931
109824,216191417994706960
568576,216226593775812880
578816,216226864358752531
3310848,229683787976478736
63744,216227143531626499
96512,72111689168846851
293120,216508343630430211
112896,216226052610981889
342272,216507252709785601
121088,216226868654768131
186624,220730463986126851
317696,504738715487174659
579840,216297233102930179
1104128,220730464254558211
2152704,216226864627253251
1218816,229736563997675521
3184896,220729365279866881
633088,216226052610982144
862464,216507252709785856
1739008,229736563997675776
3311872,229701380162523136
3705088,220729365279867136
127232,216191692872613891
585984,216226868653719811
635136,216225777733075201
1286400,229683800325492736
3252480,220676601607684096
3318016,229683792271446016
32256,56560441098259
56832,72114150184058899
89600,56285564239891
155136,4559880895598611
286208,72395350282862611
548352,126650012401939
1072640,4559881164029971
2121216,56281536725011
95744,21109782085651
554496,56285563191571
316928,216475353986629651
579072,72113875306152211
64000,72114154479026179
162304,4559885190565891
293376,72395354577829891
555520,126654307369219
1079808,4559885458997251
2128384,56285831692291
121344,72113879602167811
186880,76617474933526531
580096,72184244050329859
1104384,76617475201957891
2152960,72113875574652931
1202688,13566942979821571
3168768,4559744262012931
616960,56294154174721
838144,216510538358718721
127488,72078703820013571
324096,216475358281596931
586240,72113879601119491
619008,56156715221251
840192,216510400919765251
1724928,13566874260345091
3297792,13531690425192451
3691008,4559675542536451
385536,216457774686535681
64512,72112505194807315
97280,54369992048659
113664,72111414274162705
310272,216508068735746065
318464,216508614196592659
1203200,13564881378742291
3169280,4557682660933651
3283968,13563782404050961
371712,216472892954640400
633856,72111414274162960
830464,216508068735746320
3804160,13563782404051216
619520,54095114141971
840704,216508339318685971
3351552,13511018731868176
3572736,229965262936412176
129024,72111964029976579
325632,216508618491559939
227328,4557694741516291
358400,72393164128780291
620544,124463858319619
1144832,4557695009947651
2193408,54095382642691
1210368,13564885673709571
3176448,4557686955900931
374784,216507527570915329
1259520,13563794753064961
3225600,4556596035256321
3291136,13563786699018241
382976,216508343614701571
448512,221011938946060291
1234944,85622475416670211
841728,216578708062863619
1366016,221011939214491651
2414592,216508339587186691
3201024,76615276698861571
3299328,13564744476725251
1480704,230018038957608961
3315712,85621376441978881
3446784,221010840239800321
894976,216507527570915584
1779712,13563794753065216
3352576,13528610917912576
3745792,4556596035256576
3811328,13563786699018496
2000896,230018038957609216
3573760,229982855122456576
3835904,85621376441979136
3966976,221010840239800576
389120,216473167832547331
651264,72111689152069891
847872,216508343613653251
897024,216507252693008641
3821568,13564675757248771
1548288,229965275285426176
3383296,85568612769796096
3514368,220958076567617536
3579904,229965267231379456
